fill_id,order_id,timestamp,expected_price,executed_price,quantity,latency_ms,fee,status,slippage_pct,risk_state
FIL-000001,ORD-000001,2026-08-26 09:00:00.238,140.08,140.09,0.636,20,0.0356,SUCCESS,0.0072,NORMAL
FIL-000002,ORD-000002,2026-08-26 09:00:00.347,59939.28,59949.11,0.325,7,7.7934,SUCCESS,0.0164,NORMAL
FIL-000003,ORD-000003,2026-08-26 09:00:00.504,140.23,140.27,1.783,5,0.1,SUCCESS,0.0253,NORMAL
FIL-000004,ORD-000004,2026-08-26 09:00:00.760,59959.15,59958.85,0.116,7,2.7821,SUCCESS,0.0005,NORMAL
FIL-000005,ORD-000005,2026-08-26 09:00:00.896,60008.52,59991.54,2.397,11,57.5199,SUCCESS,0.0283,NORMAL
FIL-000006,ORD-000006,2026-08-26 09:00:01.013,60054.99,60067.3,0.925,6,22.2249,SUCCESS,0.0205,NORMAL
FIL-000007,ORD-000007,2026-08-26 09:00:01.204,59939.53,59928.62,1.008,12,24.1632,SUCCESS,0.0182,NORMAL
FIL-000008,ORD-000008,2026-08-26 09:00:01.312,2997.81,2997.15,0.21,13,0.2518,SUCCESS,0.022,NORMAL
FIL-000009,ORD-000009,2026-08-26 09:00:01.478,2998.67,2999.04,1.012,16,1.214,SUCCESS,0.0122,NORMAL
FIL-000010,ORD-000010,2026-08-26 09:00:01.707,139.91,139.87,1.708,6,0.0956,SUCCESS,0.0289,NORMAL
FIL-000011,ORD-000011,2026-08-26 09:00:01.798,139.93,140.0,1.85,6,0.1036,SUCCESS,0.047,NORMAL
FIL-000012,ORD-000012,2026-08-26 09:00:01.904,2998.1,2997.8,1.752,33,2.1009,SUCCESS,0.0099,NORMAL
FIL-000013,ORD-000013,2026-08-26 09:00:01.962,140.11,140.09,0.65,9,0.0364,SUCCESS,0.0144,NORMAL
FIL-000014,ORD-000014,2026-08-26 09:00:02.236,3008.03,3007.01,2.363,7,2.8422,SUCCESS,0.0339,NORMAL
FIL-000015,ORD-000015,2026-08-26 09:00:02.450,140.09,140.07,2.223,6,0.1246,SUCCESS,0.0134,NORMAL
FIL-000016,ORD-000016,2026-08-26 09:00:02.567,2997.27,2997.92,1.447,8,1.7352,SUCCESS,0.0217,NORMAL
FIL-000017,ORD-000017,2026-08-26 09:00:02.652,139.93,139.89,0.626,8,0.035,SUCCESS,0.0311,NORMAL
FIL-000018,ORD-000018,2026-08-26 09:00:02.862,139.83,139.81,0.363,24,0.0203,SUCCESS,0.0127,NORMAL
FIL-000019,ORD-000019,2026-08-26 09:00:03.031,59953.38,59940.07,1.53,5,36.6833,SUCCESS,0.0222,NORMAL
FIL-000020,ORD-000020,2026-08-26 09:00:03.265,140.07,140.03,0.128,20,0.0072,SUCCESS,0.0278,NORMAL
FIL-000021,ORD-000021,2026-08-26 09:00:03.355,59943.66,59941.38,0.804,28,19.2771,SUCCESS,0.0038,NORMAL
FIL-000022,ORD-000022,2026-08-26 09:00:03.533,2995.78,2996.74,0.732,5,0.8774,SUCCESS,0.032,NORMAL
FIL-000023,ORD-000023,2026-08-26 09:00:03.738,59939.61,59947.94,1.633,20,39.158,SUCCESS,0.0139,NORMAL
FIL-000024,ORD-000024,2026-08-26 09:00:04.024,60056.1,60065.65,2.388,12,57.3747,SUCCESS,0.0159,NORMAL
FIL-000025,ORD-000025,2026-08-26 09:00:04.166,140.06,140.06,0.368,22,0.0206,SUCCESS,0.0029,NORMAL
FIL-000026,ORD-000026,2026-08-26 09:00:04.237,3004.79,3005.29,2.373,13,2.8526,SUCCESS,0.0168,NORMAL
FIL-000027,ORD-000027,2026-08-26 09:00:04.319,139.62,139.58,1.378,5,0.0769,SUCCESS,0.0264,NORMAL
FIL-000028,ORD-000028,2026-08-26 09:00:04.524,59908.88,59890.43,1.366,13,32.7241,SUCCESS,0.0308,NORMAL
FIL-000029,ORD-000029,2026-08-26 09:00:04.756,2999.64,3000.15,1.756,11,2.1073,SUCCESS,0.0171,NORMAL
FIL-000030,ORD-000030,2026-08-26 09:00:04.938,2997.33,2996.58,1.151,5,1.3796,SUCCESS,0.0249,NORMAL
FIL-000031,ORD-000031,2026-08-26 09:00:05.129,2997.87,2997.87,0.15,36,0.1799,SUCCESS,0.0,NORMAL
FIL-000032,ORD-000032,2026-08-26 09:00:05.196,60036.09,60056.02,0.241,29,5.7894,SUCCESS,0.0332,NORMAL
FIL-000033,ORD-000033,2026-08-26 09:00:05.300,59962.21,59950.04,1.706,31,40.9099,SUCCESS,0.0203,NORMAL
FIL-000034,ORD-000034,2026-08-26 09:00:05.412,140.2,140.22,1.483,32,0.0832,SUCCESS,0.0135,NORMAL
FIL-000035,ORD-000035,2026-08-26 09:00:05.570,2997.59,2997.49,1.135,8,1.3609,SUCCESS,0.0034,NORMAL
FIL-000036,ORD-000036,2026-08-26 09:00:05.785,3003.52,3003.39,1.668,28,2.0039,SUCCESS,0.0042,NORMAL
FIL-000037,ORD-000037,2026-08-26 09:00:05.898,60006.31,60009.49,2.168,11,52.0402,SUCCESS,0.0053,NORMAL
FIL-000038,ORD-000038,2026-08-26 09:00:06.066,59982.27,59984.79,0.54,9,12.9567,SUCCESS,0.0042,NORMAL
FIL-000039,ORD-000039,2026-08-26 09:00:06.128,59996.32,60007.18,1.421,13,34.1081,SUCCESS,0.0181,NORMAL
FIL-000040,ORD-000040,2026-08-26 09:00:06.220,139.88,139.93,2.137,47,0.1196,SUCCESS,0.0381,NORMAL
FIL-000041,ORD-000041,2026-08-26 09:00:06.312,2993.94,2993.66,2.266,9,2.7135,SUCCESS,0.0095,NORMAL
FIL-000042,ORD-000042,2026-08-26 09:00:06.478,3000.61,3000.65,1.982,13,2.3789,SUCCESS,0.0013,NORMAL
FIL-000043,ORD-000043,2026-08-26 09:00:06.697,2999.12,2998.64,1.98,6,2.3749,SUCCESS,0.016,NORMAL
FIL-000044,ORD-000044,2026-08-26 09:00:06.895,140.04,140.03,2.425,8,0.1358,SUCCESS,0.0099,NORMAL
FIL-000045,ORD-000045,2026-08-26 09:00:07.073,140.17,140.21,1.502,8,0.0842,SUCCESS,0.025,NORMAL
FIL-000046,ORD-000046,2026-08-26 09:00:07.140,139.9,139.95,2.143,17,0.12,SUCCESS,0.0377,NORMAL
FIL-000047,ORD-000047,2026-08-26 09:00:07.417,140.09,140.17,0.388,6,0.0218,SUCCESS,0.0538,NORMAL
FIL-000048,ORD-000048,2026-08-26 09:00:07.635,139.94,139.98,0.297,7,0.0166,SUCCESS,0.0285,NORMAL
FIL-000049,ORD-000049,2026-08-26 09:00:07.746,140.0,140.0,1.819,18,0.1019,SUCCESS,0.0001,NORMAL
FIL-000050,ORD-000050,2026-08-26 09:00:08.033,2999.73,2999.65,1.197,8,1.4362,SUCCESS,0.0027,NORMAL
FIL-000051,ORD-000051,2026-08-26 09:00:08.101,59942.25,59953.94,2.491,19,59.7381,SUCCESS,0.0195,NORMAL
FIL-000052,ORD-000052,2026-08-26 09:00:08.168,140.1,140.11,0.938,6,0.0526,SUCCESS,0.0068,NORMAL
FIL-000053,ORD-000053,2026-08-26 09:00:08.295,59947.0,59944.84,1.404,36,33.665,SUCCESS,0.0036,NORMAL
FIL-000054,ORD-000054,2026-08-26 09:00:08.371,139.96,139.99,2.336,17,0.1308,SUCCESS,0.0211,NORMAL
FIL-000055,ORD-000055,2026-08-26 09:00:08.490,60007.65,59985.99,1.428,14,34.264,SUCCESS,0.0361,NORMAL
FIL-000056,ORD-000056,2026-08-26 09:00:08.607,2999.33,2999.51,1.622,32,1.9461,SUCCESS,0.0059,NORMAL
FIL-000057,ORD-000057,2026-08-26 09:00:08.819,140.03,139.99,0.222,9,0.0124,SUCCESS,0.0256,NORMAL
FIL-000058,ORD-000058,2026-08-26 09:00:09.119,3003.6,3003.38,0.414,32,0.4974,SUCCESS,0.0073,NORMAL
FIL-000059,ORD-000059,2026-08-26 09:00:09.171,3001.05,3001.56,1.126,17,1.3519,SUCCESS,0.0169,NORMAL
FIL-000060,ORD-000060,2026-08-26 09:00:09.230,60019.58,60035.73,0.458,5,10.9985,SUCCESS,0.0269,NORMAL
FIL-000061,ORD-000061,2026-08-26 09:00:09.518,3001.18,3001.31,0.975,5,1.1705,SUCCESS,0.0043,NORMAL
FIL-000062,ORD-000062,2026-08-26 09:00:09.767,60004.49,59995.91,0.347,19,8.3274,SUCCESS,0.0143,NORMAL
FIL-000063,ORD-000063,2026-08-26 09:00:09.877,139.82,139.79,2.322,19,0.1298,SUCCESS,0.0231,NORMAL
FIL-000064,ORD-000064,2026-08-26 09:00:10.012,59960.93,59968.49,1.868,21,44.8085,SUCCESS,0.0126,NORMAL
FIL-000065,ORD-000065,2026-08-26 09:00:10.285,3003.19,3003.74,0.359,17,0.4313,SUCCESS,0.0183,NORMAL
FIL-000066,ORD-000066,2026-08-26 09:00:10.413,59941.95,59934.22,1.205,10,28.8883,SUCCESS,0.0129,NORMAL
FIL-000067,ORD-000067,2026-08-26 09:00:10.684,59952.62,59956.4,0.888,48,21.2965,SUCCESS,0.0063,NORMAL
FIL-000068,ORD-000068,2026-08-26 09:00:10.949,60046.71,60043.59,1.731,16,41.5742,SUCCESS,0.0052,NORMAL
FIL-000069,ORD-000069,2026-08-26 09:00:11.044,139.99,139.94,2.429,15,0.136,SUCCESS,0.0391,NORMAL
FIL-000070,ORD-000070,2026-08-26 09:00:11.295,139.79,139.78,0.93,20,0.052,SUCCESS,0.0093,NORMAL
FIL-000071,ORD-000071,2026-08-26 09:00:11.492,2996.49,2995.9,1.024,38,1.2271,SUCCESS,0.0196,NORMAL
FIL-000072,ORD-000072,2026-08-26 09:00:11.748,59986.55,59971.67,1.348,45,32.3367,SUCCESS,0.0248,NORMAL
FIL-000073,ORD-000073,2026-08-26 09:00:11.882,139.89,139.92,1.694,27,0.0948,SUCCESS,0.0203,NORMAL
FIL-000074,ORD-000074,2026-08-26 09:00:12.061,139.86,139.86,2.26,14,0.1264,SUCCESS,0.0003,NORMAL
FIL-000075,ORD-000075,2026-08-26 09:00:12.160,3000.22,2999.69,1.431,15,1.717,SUCCESS,0.0177,NORMAL
FIL-000076,ORD-000076,2026-08-26 09:00:12.287,3000.39,3000.2,1.577,60,1.8925,SUCCESS,0.0062,NORMAL
FIL-000077,ORD-000077,2026-08-26 09:00:12.492,3000.47,3000.86,1.986,30,2.3839,SUCCESS,0.0129,NORMAL
FIL-000078,ORD-000078,2026-08-26 09:00:12.663,140.11,140.07,0.613,19,0.0343,SUCCESS,0.0313,NORMAL
FIL-000079,ORD-000079,2026-08-26 09:00:12.871,139.82,139.83,1.693,24,0.0947,SUCCESS,0.0088,NORMAL
FIL-000080,ORD-000080,2026-08-26 09:00:12.978,3001.21,3001.66,1.715,34,2.0591,SUCCESS,0.0151,NORMAL
FIL-000081,ORD-000081,2026-08-26 09:00:13.245,60036.9,60089.19,1.24,24,29.8042,SUCCESS,0.0871,NORMAL
FIL-000082,ORD-000082,2026-08-26 09:00:13.473,60073.84,60055.94,0.567,24,13.6207,SUCCESS,0.0298,NORMAL
FIL-000083,ORD-000083,2026-08-26 09:00:13.751,2998.75,2997.99,1.75,10,2.0986,SUCCESS,0.0252,NORMAL
FIL-000084,ORD-000084,2026-08-26 09:00:13.919,60003.9,59999.64,1.77,5,42.4797,SUCCESS,0.0071,NORMAL
FIL-000085,ORD-000085,2026-08-26 09:00:14.087,60144.89,60161.31,0.42,9,10.1071,SUCCESS,0.0273,NORMAL
FIL-000086,ORD-000086,2026-08-26 09:00:14.321,139.93,139.91,1.57,5,0.0879,SUCCESS,0.0116,NORMAL
FIL-000087,ORD-000087,2026-08-26 09:00:14.561,139.92,139.88,2.253,6,0.1261,SUCCESS,0.0318,NORMAL
FIL-000088,ORD-000088,2026-08-26 09:00:14.807,3004.38,3004.0,1.63,7,1.9586,SUCCESS,0.0126,NORMAL
FIL-000089,ORD-000089,2026-08-26 09:00:14.930,139.89,139.87,0.286,5,0.016,SUCCESS,0.0143,NORMAL
FIL-000090,ORD-000090,2026-08-26 09:00:15.018,60137.33,60109.13,0.293,17,7.0448,SUCCESS,0.0469,NORMAL
FIL-000091,ORD-000091,2026-08-26 09:00:15.172,59872.5,59864.3,0.254,24,6.0822,SUCCESS,0.0137,NORMAL
FIL-000092,ORD-000092,2026-08-26 09:00:15.453,2998.37,2997.67,1.108,5,1.3286,SUCCESS,0.0234,NORMAL
FIL-000093,ORD-000093,2026-08-26 09:00:15.504,140.08,140.12,1.013,11,0.0568,SUCCESS,0.0273,NORMAL
FIL-000094,ORD-000094,2026-08-26 09:00:15.661,2998.7,2998.59,2.388,8,2.8643,SUCCESS,0.0036,NORMAL
FIL-000095,ORD-000095,2026-08-26 09:00:15.810,140.26,140.29,1.266,17,0.071,SUCCESS,0.0181,NORMAL
FIL-000096,ORD-000096,2026-08-26 09:00:16.019,3000.83,2999.54,2.307,16,2.768,SUCCESS,0.043,NORMAL
FIL-000097,ORD-000097,2026-08-26 09:00:16.090,139.8,139.8,1.691,10,0.0946,SUCCESS,0.0003,NORMAL
FIL-000098,ORD-000098,2026-08-26 09:00:16.237,139.96,139.89,0.221,6,0.0124,SUCCESS,0.0474,NORMAL
FIL-000099,ORD-000099,2026-08-26 09:00:16.358,2990.58,2990.89,2.211,7,2.6451,SUCCESS,0.0105,NORMAL
FIL-000100,ORD-000100,2026-08-26 09:00:16.465,2993.72,2982.5,0.225,419,0.2684,SUCCESS,0.3747,WARNING
FIL-000102,ORD-000102,2026-08-26 09:00:16.635,139.99,140.25,2.375,425,0.1332,SUCCESS,0.1843,EMERGENCY_PAUSE
FIL-000104,ORD-000104,2026-08-26 09:00:16.864,60030.3,60283.87,1.001,224,24.1377,SUCCESS,0.4224,EMERGENCY_PAUSE
FIL-000108,ORD-000108,2026-08-26 09:00:17.511,139.72,139.19,1.216,437,0.0677,SUCCESS,0.3824,EMERGENCY_PAUSE
FIL-000110,ORD-000110,2026-08-26 09:00:17.795,140.09,139.74,1.27,301,0.071,SUCCESS,0.2475,EMERGENCY_PAUSE
FIL-000111,ORD-000111,2026-08-26 09:00:17.847,2999.91,2999.9,0.763,43,0.9156,SUCCESS,0.0003,EMERGENCY_PAUSE
FIL-000112,ORD-000112,2026-08-26 09:00:18.091,140.04,140.04,1.273,9,0.0713,SUCCESS,0.0018,EMERGENCY_PAUSE
FIL-000113,ORD-000113,2026-08-26 09:00:18.164,60044.97,60027.56,2.003,6,48.0941,SUCCESS,0.029,EMERGENCY_PAUSE
FIL-000114,ORD-000114,2026-08-26 09:00:18.308,3004.66,3005.45,1.694,30,2.0365,SUCCESS,0.0263,EMERGENCY_PAUSE
FIL-000115,ORD-000115,2026-08-26 09:00:18.537,3001.59,3000.96,0.894,8,1.0731,SUCCESS,0.021,EMERGENCY_PAUSE
FIL-000116,ORD-000116,2026-08-26 09:00:18.667,2997.57,2997.28,1.831,24,2.1952,SUCCESS,0.0096,EMERGENCY_PAUSE
FIL-000117,ORD-000117,2026-08-26 09:00:18.867,60013.04,60015.08,0.764,10,18.3406,SUCCESS,0.0034,EMERGENCY_PAUSE
FIL-000118,ORD-000118,2026-08-26 09:00:19.009,140.15,140.14,0.811,37,0.0455,SUCCESS,0.0056,EMERGENCY_PAUSE
FIL-000119,ORD-000119,2026-08-26 09:00:19.308,60059.92,60058.84,0.758,21,18.2098,SUCCESS,0.0018,THROTTLE
FIL-000120,ORD-000120,2026-08-26 09:00:19.483,60009.7,59988.04,2.184,32,52.4056,SUCCESS,0.0361,WARNING
FIL-000121,ORD-000121,2026-08-26 09:00:19.580,60007.26,60010.38,1.157,9,27.7728,SUCCESS,0.0052,NORMAL
FIL-000122,ORD-000122,2026-08-26 09:00:19.732,60045.23,60035.32,2.073,5,49.7813,SUCCESS,0.0165,NORMAL
FIL-000123,ORD-000123,2026-08-26 09:00:19.989,2999.91,3001.36,0.464,41,0.5571,SUCCESS,0.0482,NORMAL
FIL-000124,ORD-000124,2026-08-26 09:00:20.145,140.14,140.13,1.439,12,0.0807,SUCCESS,0.0101,NORMAL
FIL-000125,ORD-000125,2026-08-26 09:00:20.271,139.84,139.88,2.28,18,0.1276,SUCCESS,0.0254,NORMAL
FIL-000126,ORD-000126,2026-08-26 09:00:20.510,140.08,140.07,1.563,23,0.0876,SUCCESS,0.0098,NORMAL
FIL-000127,ORD-000127,2026-08-26 09:00:20.621,59952.15,59971.21,0.295,5,7.0766,SUCCESS,0.0318,NORMAL
FIL-000128,ORD-000128,2026-08-26 09:00:20.791,60112.24,60116.15,1.754,31,42.1775,SUCCESS,0.0065,NORMAL
FIL-000129,ORD-000129,2026-08-26 09:00:20.957,2999.34,3000.01,1.787,6,2.1444,SUCCESS,0.0223,NORMAL
FIL-000130,ORD-000130,2026-08-26 09:00:21.176,60087.48,60096.43,1.6,6,38.4617,SUCCESS,0.0149,NORMAL
FIL-000131,ORD-000131,2026-08-26 09:00:21.294,59963.58,59950.87,0.458,5,10.983,SUCCESS,0.0212,NORMAL
FIL-000132,ORD-000132,2026-08-26 09:00:21.555,60058.36,60069.77,1.528,6,36.7146,SUCCESS,0.019,NORMAL
FIL-000133,ORD-000133,2026-08-26 09:00:21.708,139.79,139.79,0.83,25,0.0464,SUCCESS,0.0033,NORMAL
FIL-000134,ORD-000134,2026-08-26 09:00:21.946,3003.78,3003.29,2.235,6,2.6849,SUCCESS,0.0162,NORMAL
FIL-000135,ORD-000135,2026-08-26 09:00:22.216,3004.13,3004.01,1.718,11,2.0644,SUCCESS,0.004,NORMAL
FIL-000136,ORD-000136,2026-08-26 09:00:22.276,140.01,140.03,0.747,12,0.0418,SUCCESS,0.0165,NORMAL
FIL-000137,ORD-000137,2026-08-26 09:00:22.475,59944.37,59932.44,0.768,21,18.4112,SUCCESS,0.0199,NORMAL
FIL-000138,ORD-000138,2026-08-26 09:00:22.607,2999.97,2999.26,1.08,10,1.2957,SUCCESS,0.0238,NORMAL
FIL-000139,ORD-000139,2026-08-26 09:00:22.730,139.95,139.97,1.765,8,0.0988,SUCCESS,0.0114,NORMAL
FIL-000140,ORD-000140,2026-08-26 09:00:22.860,140.13,140.11,1.192,64,0.0668,SUCCESS,0.012,NORMAL
FIL-000141,ORD-000141,2026-08-26 09:00:23.121,2997.38,2995.72,2.176,46,2.6075,SUCCESS,0.0555,NORMAL
FIL-000142,ORD-000142,2026-08-26 09:00:23.364,60018.37,59986.5,0.968,19,23.2268,SUCCESS,0.0531,NORMAL
FIL-000143,ORD-000143,2026-08-26 09:00:23.651,2997.4,2997.17,1.418,15,1.7,SUCCESS,0.0078,NORMAL
FIL-000144,ORD-000144,2026-08-26 09:00:23.862,3002.63,3002.43,0.169,16,0.203,SUCCESS,0.0068,NORMAL
FIL-000145,ORD-000145,2026-08-26 09:00:24.016,139.93,139.97,0.133,12,0.0074,SUCCESS,0.0307,NORMAL
FIL-000146,ORD-000146,2026-08-26 09:00:24.096,59897.38,59907.44,1.207,5,28.9233,SUCCESS,0.0168,NORMAL
FIL-000147,ORD-000147,2026-08-26 09:00:24.215,140.27,140.3,1.321,9,0.0741,SUCCESS,0.0214,NORMAL
FIL-000148,ORD-000148,2026-08-26 09:00:24.363,3002.61,3002.12,1.423,7,1.7088,SUCCESS,0.0164,NORMAL
FIL-000149,ORD-000149,2026-08-26 09:00:24.519,60115.9,60121.01,1.996,37,48.0006,SUCCESS,0.0085,NORMAL
FIL-000150,ORD-000150,2026-08-26 09:00:24.719,2998.85,2998.12,0.817,24,0.9798,SUCCESS,0.0243,NORMAL
FIL-000151,ORD-000151,2026-08-26 09:00:24.854,140.18,140.16,1.262,47,0.0708,SUCCESS,0.0155,NORMAL
FIL-000152,ORD-000152,2026-08-26 09:00:25.082,140.03,140.0,0.553,12,0.031,SUCCESS,0.0219,NORMAL
FIL-000153,ORD-000153,2026-08-26 09:00:25.322,59958.04,59948.93,0.205,5,4.9158,SUCCESS,0.0152,NORMAL
FIL-000154,ORD-000154,2026-08-26 09:00:25.410,3000.61,3000.31,2.07,103,2.4843,SUCCESS,0.0101,NORMAL
FIL-000155,ORD-000155,2026-08-26 09:00:25.485,3000.44,3000.55,0.897,22,1.0766,SUCCESS,0.0037,NORMAL
FIL-000156,ORD-000156,2026-08-26 09:00:25.639,2995.5,2995.87,1.834,6,2.1978,SUCCESS,0.0124,NORMAL
FIL-000157,ORD-000157,2026-08-26 09:00:25.848,140.08,140.12,0.736,8,0.0413,SUCCESS,0.0312,NORMAL
FIL-000158,ORD-000158,2026-08-26 09:00:26.117,140.21,140.19,2.146,10,0.1203,SUCCESS,0.0166,NORMAL
FIL-000159,ORD-000159,2026-08-26 09:00:26.291,139.89,139.87,2.23,13,0.1248,SUCCESS,0.0123,NORMAL
FIL-000160,ORD-000160,2026-08-26 09:00:26.414,140.23,140.3,1.743,27,0.0978,SUCCESS,0.0512,NORMAL
FIL-000161,ORD-000161,2026-08-26 09:00:26.687,60111.33,60117.58,1.621,30,38.9802,SUCCESS,0.0104,NORMAL
FIL-000162,ORD-000162,2026-08-26 09:00:26.820,59977.85,59964.12,0.169,5,4.0536,SUCCESS,0.0229,NORMAL
FIL-000163,ORD-000163,2026-08-26 09:00:26.975,60076.11,60075.33,0.686,19,16.4847,SUCCESS,0.0013,NORMAL
FIL-000164,ORD-000164,2026-08-26 09:00:27.183,139.96,140.0,2.19,5,0.1226,SUCCESS,0.0312,NORMAL
FIL-000165,ORD-000165,2026-08-26 09:00:27.396,139.76,139.8,0.657,10,0.0367,SUCCESS,0.0277,NORMAL
FIL-000166,ORD-000166,2026-08-26 09:00:27.676,2999.29,2998.09,2.031,10,2.4356,SUCCESS,0.04,NORMAL
FIL-000167,ORD-000167,2026-08-26 09:00:27.802,3000.52,3001.41,2.47,11,2.9654,SUCCESS,0.0296,NORMAL
FIL-000168,ORD-000168,2026-08-26 09:00:27.950,140.04,140.01,0.825,40,0.0462,SUCCESS,0.0241,NORMAL
FIL-000169,ORD-000169,2026-08-26 09:00:28.179,3000.13,3000.43,1.48,12,1.7763,SUCCESS,0.0099,NORMAL
FIL-000170,ORD-000170,2026-08-26 09:00:28.373,3001.51,3001.99,0.759,9,0.9114,SUCCESS,0.0161,NORMAL
FIL-000171,ORD-000171,2026-08-26 09:00:28.654,140.1,140.12,2.099,5,0.1176,SUCCESS,0.012,NORMAL
FIL-000172,ORD-000172,2026-08-26 09:00:28.862,3001.76,3002.02,1.628,10,1.9549,SUCCESS,0.0087,NORMAL
FIL-000173,ORD-000173,2026-08-26 09:00:28.991,3003.17,3003.2,1.651,18,1.9833,SUCCESS,0.0011,NORMAL
FIL-000174,ORD-000174,2026-08-26 09:00:29.116,2998.87,2998.89,0.316,5,0.3791,SUCCESS,0.0006,NORMAL
FIL-000175,ORD-000175,2026-08-26 09:00:29.414,2997.32,2996.76,1.395,7,1.6722,SUCCESS,0.0187,NORMAL
FIL-000176,ORD-000176,2026-08-26 09:00:29.587,2999.13,2997.65,2.079,10,2.4928,SUCCESS,0.0493,NORMAL
FIL-000177,ORD-000177,2026-08-26 09:00:29.830,2999.81,2999.2,0.281,5,0.3371,SUCCESS,0.0203,NORMAL
FIL-000178,ORD-000178,2026-08-26 09:00:30.082,60066.27,60061.58,0.978,6,23.4961,SUCCESS,0.0078,NORMAL
FIL-000179,ORD-000179,2026-08-26 09:00:30.323,2999.64,2999.78,0.985,24,1.1819,SUCCESS,0.0047,NORMAL
FIL-000180,ORD-000180,2026-08-26 09:00:30.400,140.07,140.06,2.357,7,0.132,SUCCESS,0.0045,NORMAL
FIL-000181,ORD-000181,2026-08-26 09:00:30.533,139.69,139.69,2.364,16,0.1321,SUCCESS,0.0025,NORMAL
FIL-000182,ORD-000182,2026-08-26 09:00:30.762,139.7,139.73,1.214,21,0.0679,SUCCESS,0.0215,NORMAL
FIL-000183,ORD-000183,2026-08-26 09:00:30.938,3000.63,3000.35,0.189,13,0.2268,SUCCESS,0.0094,NORMAL
FIL-000184,ORD-000184,2026-08-26 09:00:31.082,60010.77,60024.03,1.033,12,24.8019,SUCCESS,0.0221,NORMAL
FIL-000185,ORD-000185,2026-08-26 09:00:31.299,140.02,140.01,2.225,8,0.1246,SUCCESS,0.0063,NORMAL
FIL-000186,ORD-000186,2026-08-26 09:00:31.525,59991.13,59989.39,0.771,9,18.5007,SUCCESS,0.0029,NORMAL
FIL-000187,ORD-000187,2026-08-26 09:00:31.600,2997.06,2997.49,2.153,6,2.5814,SUCCESS,0.0144,NORMAL
FIL-000188,ORD-000188,2026-08-26 09:00:31.751,140.12,140.11,0.961,18,0.0539,SUCCESS,0.0098,NORMAL
FIL-000189,ORD-000189,2026-08-26 09:00:31.824,3004.74,3006.47,2.078,6,2.499,SUCCESS,0.0575,NORMAL
FIL-000190,ORD-000190,2026-08-26 09:00:32.075,140.15,140.16,0.151,21,0.0085,SUCCESS,0.0107,NORMAL
FIL-000191,ORD-000191,2026-08-26 09:00:32.337,2999.73,3000.87,0.592,9,0.7106,SUCCESS,0.0379,NORMAL
FIL-000192,ORD-000192,2026-08-26 09:00:32.585,139.83,139.86,0.659,15,0.0369,SUCCESS,0.018,NORMAL
FIL-000193,ORD-000193,2026-08-26 09:00:32.773,60039.78,60040.26,2.47,6,59.3198,SUCCESS,0.0008,NORMAL
FIL-000194,ORD-000194,2026-08-26 09:00:32.914,2998.42,2998.47,0.416,7,0.4989,SUCCESS,0.0018,NORMAL
FIL-000195,ORD-000195,2026-08-26 09:00:33.071,59942.17,59918.13,0.404,7,9.6828,SUCCESS,0.0401,NORMAL
FIL-000196,ORD-000196,2026-08-26 09:00:33.252,140.11,140.12,1.967,53,0.1102,SUCCESS,0.0052,NORMAL
FIL-000197,ORD-000197,2026-08-26 09:00:33.488,139.88,139.9,1.576,46,0.0882,SUCCESS,0.0147,NORMAL
FIL-000198,ORD-000198,2026-08-26 09:00:33.660,140.03,140.0,0.246,8,0.0138,SUCCESS,0.02,NORMAL
FIL-000199,ORD-000199,2026-08-26 09:00:33.728,2996.77,2995.24,2.283,36,2.7353,SUCCESS,0.0509,NORMAL
FIL-000200,ORD-000200,2026-08-26 09:00:33.940,60091.17,60089.19,0.76,8,18.2671,SUCCESS,0.0033,NORMAL
FIL-000201,ORD-000201,2026-08-26 09:00:34.119,140.07,140.05,0.808,9,0.0453,SUCCESS,0.0156,NORMAL
FIL-000202,ORD-000202,2026-08-26 09:00:34.335,139.61,139.59,2.147,8,0.1199,SUCCESS,0.0152,NORMAL
FIL-000203,ORD-000203,2026-08-26 09:00:34.596,139.88,139.9,1.093,9,0.0612,SUCCESS,0.0128,NORMAL
FIL-000204,ORD-000204,2026-08-26 09:00:34.816,3000.5,3000.41,1.124,12,1.349,SUCCESS,0.003,NORMAL
FIL-000205,ORD-000205,2026-08-26 09:00:34.889,2999.84,2999.78,1.238,9,1.4855,SUCCESS,0.002,NORMAL
FIL-000206,ORD-000206,2026-08-26 09:00:34.972,60051.62,60063.99,0.994,18,23.8814,SUCCESS,0.0206,NORMAL
FIL-000207,ORD-000207,2026-08-26 09:00:35.053,140.21,140.25,0.891,12,0.05,SUCCESS,0.0254,NORMAL
FIL-000208,ORD-000208,2026-08-26 09:00:35.337,2996.6,2996.08,1.115,36,1.3363,SUCCESS,0.0174,NORMAL
FIL-000209,ORD-000209,2026-08-26 09:00:35.534,139.93,139.96,0.944,38,0.0528,SUCCESS,0.0198,NORMAL
FIL-000210,ORD-000210,2026-08-26 09:00:35.673,140.23,140.25,2.133,27,0.1197,SUCCESS,0.0168,NORMAL
FIL-000211,ORD-000211,2026-08-26 09:00:35.832,139.93,139.92,0.643,7,0.036,SUCCESS,0.0036,NORMAL
FIL-000212,ORD-000212,2026-08-26 09:00:35.889,139.97,139.99,1.764,25,0.0988,SUCCESS,0.0158,NORMAL
FIL-000213,ORD-000213,2026-08-26 09:00:35.940,60118.51,60115.74,0.916,10,22.0264,SUCCESS,0.0046,NORMAL
FIL-000214,ORD-000214,2026-08-26 09:00:36.152,60062.87,60081.37,0.44,25,10.5743,SUCCESS,0.0308,NORMAL
FIL-000215,ORD-000215,2026-08-26 09:00:36.289,59945.5,59964.08,1.108,12,26.5761,SUCCESS,0.031,NORMAL
FIL-000216,ORD-000216,2026-08-26 09:00:36.491,59943.4,59933.51,2.359,13,56.5533,SUCCESS,0.0165,NORMAL
FIL-000217,ORD-000217,2026-08-26 09:00:36.561,59992.85,60009.53,0.219,10,5.2568,SUCCESS,0.0278,NORMAL
FIL-000218,ORD-000218,2026-08-26 09:00:36.680,2999.99,2999.4,1.161,16,1.3929,SUCCESS,0.0196,NORMAL
FIL-000219,ORD-000219,2026-08-26 09:00:36.881,60074.64,60086.78,1.728,6,41.532,SUCCESS,0.0202,NORMAL
FIL-000220,ORD-000220,2026-08-26 09:00:36.985,3003.44,2993.53,0.118,370,0.1413,SUCCESS,0.3298,WARNING
FIL-000222,ORD-000222,2026-08-26 09:00:37.231,140.04,140.59,0.273,273,0.0154,SUCCESS,0.3919,EMERGENCY_PAUSE
FIL-000223,ORD-000223,2026-08-26 09:00:37.444,3002.79,3010.11,1.13,188,1.3606,SUCCESS,0.2439,EMERGENCY_PAUSE
FIL-000224,ORD-000224,2026-08-26 09:00:37.706,2997.13,2989.72,2.023,390,2.4193,SUCCESS,0.2474,EMERGENCY_PAUSE
FIL-000225,ORD-000225,2026-08-26 09:00:37.857,140.06,139.75,1.513,284,0.0846,SUCCESS,0.223,EMERGENCY_PAUSE
FIL-000226,ORD-000226,2026-08-26 09:00:37.956,3000.7,2995.51,1.62,610,1.9411,SUCCESS,0.1729,EMERGENCY_PAUSE
FIL-000228,ORD-000228,2026-08-26 09:00:38.299,59947.26,60069.01,1.955,220,46.974,SUCCESS,0.2031,EMERGENCY_PAUSE
FIL-000229,ORD-000229,2026-08-26 09:00:38.597,140.1,139.62,2.468,498,0.1378,SUCCESS,0.3429,EMERGENCY_PAUSE
FIL-000230,ORD-000230,2026-08-26 09:00:38.661,139.86,139.46,0.827,436,0.0461,SUCCESS,0.2827,EMERGENCY_PAUSE
FIL-000231,ORD-000231,2026-08-26 09:00:38.923,3001.54,3002.97,0.237,8,0.2847,SUCCESS,0.0475,EMERGENCY_PAUSE
FIL-000232,ORD-000232,2026-08-26 09:00:39.125,2997.12,2997.13,0.317,33,0.38,SUCCESS,0.0003,EMERGENCY_PAUSE
FIL-000233,ORD-000233,2026-08-26 09:00:39.404,139.74,139.68,2.0,12,0.1117,SUCCESS,0.0399,EMERGENCY_PAUSE
FIL-000234,ORD-000234,2026-08-26 09:00:39.608,60004.83,59967.09,0.552,16,13.2407,SUCCESS,0.0629,EMERGENCY_PAUSE
FIL-000235,ORD-000235,2026-08-26 09:00:39.872,3000.63,3001.37,2.046,19,2.4563,SUCCESS,0.0245,EMERGENCY_PAUSE
FIL-000236,ORD-000236,2026-08-26 09:00:40.034,3000.95,3001.51,0.695,6,0.8344,SUCCESS,0.0188,EMERGENCY_PAUSE
FIL-000237,ORD-000237,2026-08-26 09:00:40.282,3005.95,3007.06,1.03,11,1.2389,SUCCESS,0.0369,EMERGENCY_PAUSE
FIL-000238,ORD-000238,2026-08-26 09:00:40.356,3000.85,3001.21,0.258,36,0.3097,SUCCESS,0.012,EMERGENCY_PAUSE
FIL-000239,ORD-000239,2026-08-26 09:00:40.638,139.85,139.84,1.676,55,0.0937,SUCCESS,0.0075,THROTTLE
FIL-000240,ORD-000240,2026-08-26 09:00:40.777,140.37,140.4,0.439,11,0.0247,SUCCESS,0.0205,WARNING
FIL-000241,ORD-000241,2026-08-26 09:00:40.970,2999.23,2999.19,0.303,24,0.3635,SUCCESS,0.0015,NORMAL
FIL-000242,ORD-000242,2026-08-26 09:00:41.209,3002.26,3001.17,2.09,35,2.509,SUCCESS,0.0364,NORMAL
FIL-000243,ORD-000243,2026-08-26 09:00:41.351,139.83,139.85,0.968,21,0.0541,SUCCESS,0.0159,NORMAL
FIL-000244,ORD-000244,2026-08-26 09:00:41.450,2995.79,2995.93,1.939,12,2.3236,SUCCESS,0.0048,NORMAL
FIL-000245,ORD-000245,2026-08-26 09:00:41.629,59991.26,59993.96,1.991,13,47.7792,SUCCESS,0.0045,NORMAL
FIL-000246,ORD-000246,2026-08-26 09:00:41.831,140.12,140.13,1.583,10,0.0887,SUCCESS,0.0069,NORMAL
FIL-000247,ORD-000247,2026-08-26 09:00:42.088,3005.85,3006.83,1.951,5,2.3465,SUCCESS,0.0325,NORMAL
FIL-000248,ORD-000248,2026-08-26 09:00:42.386,59932.98,59920.81,1.827,43,43.7901,SUCCESS,0.0203,NORMAL
FIL-000249,ORD-000249,2026-08-26 09:00:42.497,2998.89,2998.53,0.662,6,0.794,SUCCESS,0.0121,NORMAL
FIL-000250,ORD-000250,2026-08-26 09:00:42.693,2999.7,2999.3,1.728,15,2.0731,SUCCESS,0.0132,NORMAL
FIL-000251,ORD-000251,2026-08-26 09:00:42.850,2999.74,2999.46,1.307,7,1.5681,SUCCESS,0.0095,NORMAL
FIL-000252,ORD-000252,2026-08-26 09:00:43.064,59999.11,60006.97,0.7,7,16.802,SUCCESS,0.0131,NORMAL
FIL-000253,ORD-000253,2026-08-26 09:00:43.331,2999.6,2999.57,2.13,14,2.5556,SUCCESS,0.0009,NORMAL
FIL-000254,ORD-000254,2026-08-26 09:00:43.512,60077.3,60051.35,1.178,11,28.2962,SUCCESS,0.0432,NORMAL
FIL-000255,ORD-000255,2026-08-26 09:00:43.788,60068.76,60049.84,2.06,7,49.4811,SUCCESS,0.0315,NORMAL
FIL-000256,ORD-000256,2026-08-26 09:00:43.936,3001.17,3001.32,0.998,40,1.1981,SUCCESS,0.0049,NORMAL
FIL-000257,ORD-000257,2026-08-26 09:00:44.168,59909.56,59906.21,0.338,17,8.0993,SUCCESS,0.0056,NORMAL
FIL-000258,ORD-000258,2026-08-26 09:00:44.430,139.94,139.93,0.789,7,0.0442,SUCCESS,0.0086,NORMAL
FIL-000259,ORD-000259,2026-08-26 09:00:44.711,3003.11,3004.17,1.577,5,1.895,SUCCESS,0.0354,NORMAL
FIL-000260,ORD-000260,2026-08-26 09:00:44.947,59963.73,59966.49,1.417,18,33.989,SUCCESS,0.0046,NORMAL
FIL-000261,ORD-000261,2026-08-26 09:00:45.009,139.92,139.89,0.823,17,0.0461,SUCCESS,0.0198,NORMAL
FIL-000262,ORD-000262,2026-08-26 09:00:45.273,59972.96,59969.72,0.251,8,6.021,SUCCESS,0.0054,NORMAL
FIL-000263,ORD-000263,2026-08-26 09:00:45.397,3002.43,3003.0,1.825,26,2.1922,SUCCESS,0.0189,NORMAL
FIL-000264,ORD-000264,2026-08-26 09:00:45.617,3005.24,3005.54,1.1,7,1.3224,SUCCESS,0.0101,NORMAL
FIL-000265,ORD-000265,2026-08-26 09:00:45.806,140.09,140.1,2.388,5,0.1338,SUCCESS,0.0038,NORMAL
FIL-000266,ORD-000266,2026-08-26 09:00:45.951,139.78,139.84,1.626,31,0.091,SUCCESS,0.0453,NORMAL
FIL-000267,ORD-000267,2026-08-26 09:00:46.169,2998.73,2999.66,0.679,8,0.8147,SUCCESS,0.031,NORMAL
FIL-000268,ORD-000268,2026-08-26 09:00:46.230,140.19,140.23,0.898,8,0.0504,SUCCESS,0.0251,NORMAL
FIL-000269,ORD-000269,2026-08-26 09:00:46.398,2995.86,2994.51,1.97,14,2.3597,SUCCESS,0.0451,NORMAL
FIL-000270,ORD-000270,2026-08-26 09:00:46.646,139.74,139.74,0.251,40,0.014,SUCCESS,0.0009,NORMAL
FIL-000271,ORD-000271,2026-08-26 09:00:46.706,2998.67,2999.21,0.579,29,0.6946,SUCCESS,0.018,NORMAL
FIL-000272,ORD-000272,2026-08-26 09:00:46.820,3002.62,3002.34,1.403,24,1.6849,SUCCESS,0.0094,NORMAL
FIL-000273,ORD-000273,2026-08-26 09:00:47.037,59984.18,59989.52,0.215,8,5.1591,SUCCESS,0.0089,NORMAL
FIL-000274,ORD-000274,2026-08-26 09:00:47.277,3006.17,3005.47,2.235,8,2.6869,SUCCESS,0.0234,NORMAL
FIL-000275,ORD-000275,2026-08-26 09:00:47.421,3000.21,3000.02,1.761,54,2.1132,SUCCESS,0.0063,NORMAL
FIL-000276,ORD-000276,2026-08-26 09:00:47.625,139.81,139.79,0.289,8,0.0162,SUCCESS,0.012,NORMAL
FIL-000277,ORD-000277,2026-08-26 09:00:47.753,60005.75,59999.99,1.686,8,40.464,SUCCESS,0.0096,NORMAL
FIL-000278,ORD-000278,2026-08-26 09:00:47.989,3005.72,3004.99,1.173,26,1.4099,SUCCESS,0.0244,NORMAL
FIL-000279,ORD-000279,2026-08-26 09:00:48.058,3000.47,2999.58,2.375,16,2.8496,SUCCESS,0.0297,NORMAL
FIL-000280,ORD-000280,2026-08-26 09:00:48.351,139.85,139.82,1.731,34,0.0968,SUCCESS,0.0202,NORMAL
FIL-000281,ORD-000281,2026-08-26 09:00:48.433,59895.54,59904.88,1.152,13,27.6042,SUCCESS,0.0156,NORMAL
FIL-000282,ORD-000282,2026-08-26 09:00:48.628,59985.12,59993.52,1.019,16,24.4534,SUCCESS,0.014,NORMAL
FIL-000283,ORD-000283,2026-08-26 09:00:48.873,59969.31,59980.16,0.993,9,23.8241,SUCCESS,0.0181,NORMAL
FIL-000284,ORD-000284,2026-08-26 09:00:48.986,60086.49,60091.12,1.659,9,39.8765,SUCCESS,0.0077,NORMAL
FIL-000285,ORD-000285,2026-08-26 09:00:49.179,59949.03,59986.56,1.029,18,24.6905,SUCCESS,0.0626,NORMAL
FIL-000286,ORD-000286,2026-08-26 09:00:49.385,59999.72,59991.56,0.615,7,14.7579,SUCCESS,0.0136,NORMAL
FIL-000287,ORD-000287,2026-08-26 09:00:49.479,2997.97,2997.6,0.278,13,0.3333,SUCCESS,0.0124,NORMAL
FIL-000288,ORD-000288,2026-08-26 09:00:49.610,139.75,139.71,2.422,22,0.1354,SUCCESS,0.0297,NORMAL
FIL-000289,ORD-000289,2026-08-26 09:00:49.736,139.99,139.93,0.797,18,0.0446,SUCCESS,0.0454,NORMAL
FIL-000290,ORD-000290,2026-08-26 09:00:49.837,59912.51,59913.71,0.391,25,9.3705,SUCCESS,0.002,NORMAL
FIL-000291,ORD-000291,2026-08-26 09:00:49.981,60043.94,60061.65,1.43,8,34.3553,SUCCESS,0.0295,NORMAL
FIL-000292,ORD-000292,2026-08-26 09:00:50.214,2995.01,2996.0,0.842,6,1.0091,SUCCESS,0.0329,NORMAL
FIL-000293,ORD-000293,2026-08-26 09:00:50.282,139.98,139.95,2.076,7,0.1162,SUCCESS,0.0224,NORMAL
FIL-000294,ORD-000294,2026-08-26 09:00:50.420,60057.86,60050.41,1.732,20,41.6029,SUCCESS,0.0124,NORMAL
FIL-000295,ORD-000295,2026-08-26 09:00:50.692,60039.59,60058.56,1.307,19,31.3986,SUCCESS,0.0316,NORMAL
FIL-000296,ORD-000296,2026-08-26 09:00:50.981,59978.78,59992.4,0.489,13,11.7345,SUCCESS,0.0227,NORMAL
FIL-000297,ORD-000297,2026-08-26 09:00:51.247,140.07,140.09,2.248,7,0.126,SUCCESS,0.0142,NORMAL
FIL-000298,ORD-000298,2026-08-26 09:00:51.457,60043.11,60035.48,0.759,5,18.2268,SUCCESS,0.0127,NORMAL
FIL-000299,ORD-000299,2026-08-26 09:00:51.546,2997.06,2997.99,2.36,35,2.8301,SUCCESS,0.0311,NORMAL
FIL-000300,ORD-000300,2026-08-26 09:00:51.603,60061.73,60056.68,2.081,27,49.9912,SUCCESS,0.0084,NORMAL
FIL-000301,ORD-000301,2026-08-26 09:00:51.706,60062.31,60062.49,0.735,5,17.6584,SUCCESS,0.0003,NORMAL
FIL-000302,ORD-000302,2026-08-26 09:00:51.895,139.79,139.76,2.234,6,0.1249,SUCCESS,0.02,NORMAL
FIL-000303,ORD-000303,2026-08-26 09:00:52.021,3000.37,3000.36,1.744,9,2.0931,SUCCESS,0.0004,NORMAL
FIL-000304,ORD-000304,2026-08-26 09:00:52.189,2999.52,2999.9,1.097,9,1.3164,SUCCESS,0.0127,NORMAL
FIL-000305,ORD-000305,2026-08-26 09:00:52.426,60080.81,60072.46,1.824,9,43.8289,SUCCESS,0.0139,NORMAL
FIL-000306,ORD-000306,2026-08-26 09:00:52.557,3002.3,3001.83,1.448,16,1.7387,SUCCESS,0.0157,NORMAL
FIL-000307,ORD-000307,2026-08-26 09:00:52.619,59998.94,59980.16,0.438,38,10.5085,SUCCESS,0.0313,NORMAL
FIL-000308,ORD-000308,2026-08-26 09:00:52.899,3003.37,3003.26,2.41,11,2.8951,SUCCESS,0.0037,NORMAL
FIL-000309,ORD-000309,2026-08-26 09:00:52.989,60131.92,60130.3,0.556,29,13.373,SUCCESS,0.0027,NORMAL
FIL-000310,ORD-000310,2026-08-26 09:00:53.280,2994.65,2993.9,0.156,21,0.1868,SUCCESS,0.0252,NORMAL
FIL-000311,ORD-000311,2026-08-26 09:00:53.342,2998.44,2998.31,0.947,10,1.1358,SUCCESS,0.0044,NORMAL
FIL-000312,ORD-000312,2026-08-26 09:00:53.465,2996.68,2996.35,1.714,8,2.0543,SUCCESS,0.011,NORMAL
FIL-000313,ORD-000313,2026-08-26 09:00:53.701,140.01,140.03,2.218,10,0.1242,SUCCESS,0.0147,NORMAL
FIL-000314,ORD-000314,2026-08-26 09:00:53.800,2996.49,2995.78,1.469,40,1.7603,SUCCESS,0.0237,NORMAL
FIL-000315,ORD-000315,2026-08-26 09:00:53.921,3002.65,3002.48,1.935,39,2.3239,SUCCESS,0.0057,NORMAL
FIL-000316,ORD-000316,2026-08-26 09:00:54.057,140.33,140.33,0.996,7,0.0559,SUCCESS,0.0033,NORMAL
FIL-000317,ORD-000317,2026-08-26 09:00:54.235,140.01,139.98,1.322,16,0.074,SUCCESS,0.0198,NORMAL
FIL-000318,ORD-000318,2026-08-26 09:00:54.417,59911.79,59918.68,2.03,7,48.654,SUCCESS,0.0115,NORMAL
FIL-000319,ORD-000319,2026-08-26 09:00:54.623,2998.43,2998.46,0.887,23,1.0639,SUCCESS,0.0011,NORMAL
FIL-000320,ORD-000320,2026-08-26 09:00:54.824,2998.81,2999.01,2.122,46,2.5456,SUCCESS,0.0066,NORMAL
FIL-000321,ORD-000321,2026-08-26 09:00:54.968,3003.96,3003.92,2.058,19,2.4728,SUCCESS,0.0014,NORMAL
FIL-000322,ORD-000322,2026-08-26 09:00:55.203,3001.33,3001.41,2.012,8,2.4155,SUCCESS,0.0025,NORMAL
FIL-000323,ORD-000323,2026-08-26 09:00:55.501,140.04,140.07,1.673,15,0.0937,SUCCESS,0.0203,NORMAL
FIL-000324,ORD-000324,2026-08-26 09:00:55.712,139.89,139.91,0.509,30,0.0285,SUCCESS,0.0133,NORMAL
FIL-000325,ORD-000325,2026-08-26 09:00:56.004,139.9,139.9,0.176,31,0.0098,SUCCESS,0.0022,NORMAL
FIL-000326,ORD-000326,2026-08-26 09:00:56.159,140.09,140.13,1.105,14,0.0619,SUCCESS,0.0317,NORMAL
FIL-000327,ORD-000327,2026-08-26 09:00:56.432,139.99,140.0,2.309,10,0.1293,SUCCESS,0.006,NORMAL
FIL-000328,ORD-000328,2026-08-26 09:00:56.651,140.13,140.14,1.446,13,0.0811,SUCCESS,0.009,NORMAL
FIL-000329,ORD-000329,2026-08-26 09:00:56.788,2998.15,2997.72,2.289,27,2.7447,SUCCESS,0.0145,NORMAL
FIL-000330,ORD-000330,2026-08-26 09:00:57.043,139.5,139.49,1.734,15,0.0968,SUCCESS,0.0074,NORMAL
FIL-000331,ORD-000331,2026-08-26 09:00:57.235,139.92,139.88,0.692,18,0.0387,SUCCESS,0.0309,NORMAL
FIL-000332,ORD-000332,2026-08-26 09:00:57.465,2995.38,2995.96,1.951,30,2.338,SUCCESS,0.0193,NORMAL
FIL-000333,ORD-000333,2026-08-26 09:00:57.718,60029.44,60010.11,2.341,27,56.1935,SUCCESS,0.0322,NORMAL
FIL-000334,ORD-000334,2026-08-26 09:00:57.997,140.05,140.02,1.404,26,0.0786,SUCCESS,0.0243,NORMAL
FIL-000335,ORD-000335,2026-08-26 09:00:58.120,3002.9,3001.9,0.797,16,0.957,SUCCESS,0.0334,NORMAL
FIL-000336,ORD-000336,2026-08-26 09:00:58.292,139.92,139.95,0.715,30,0.04,SUCCESS,0.0196,NORMAL
FIL-000337,ORD-000337,2026-08-26 09:00:58.411,59995.97,60003.71,1.449,9,34.7782,SUCCESS,0.0129,NORMAL
FIL-000338,ORD-000338,2026-08-26 09:00:58.632,59964.63,59976.56,0.682,25,16.3616,SUCCESS,0.0199,NORMAL
FIL-000339,ORD-000339,2026-08-26 09:00:58.865,140.01,140.06,1.092,5,0.0612,SUCCESS,0.0356,NORMAL
FIL-000343,ORD-000343,2026-08-26 09:00:59.890,59924.98,60103.92,2.348,558,56.4496,SUCCESS,0.2986,EMERGENCY_PAUSE
FIL-000344,ORD-000344,2026-08-26 09:01:00.104,3001.1,3006.57,2.459,374,2.9573,SUCCESS,0.1822,EMERGENCY_PAUSE
FIL-000345,ORD-000345,2026-08-26 09:01:00.238,139.93,139.51,0.755,1004,0.0421,SUCCESS,0.3013,EMERGENCY_PAUSE
FIL-000346,ORD-000346,2026-08-26 09:01:00.460,60066.53,59973.91,0.909,852,21.8065,SUCCESS,0.1542,EMERGENCY_PAUSE
FIL-000347,ORD-000347,2026-08-26 09:01:00.612,59919.5,60082.24,1.126,207,27.061,SUCCESS,0.2716,EMERGENCY_PAUSE
FIL-000348,ORD-000348,2026-08-26 09:01:00.722,140.03,140.38,0.695,197,0.039,SUCCESS,0.2471,EMERGENCY_PAUSE
FIL-000349,ORD-000349,2026-08-26 09:01:00.949,3000.93,2989.92,0.127,269,0.1519,SUCCESS,0.3669,EMERGENCY_PAUSE
FIL-000350,ORD-000350,2026-08-26 09:01:01.226,59984.22,60102.93,1.747,398,41.9999,SUCCESS,0.1979,EMERGENCY_PAUSE
FIL-000351,ORD-000351,2026-08-26 09:01:01.370,140.01,140.01,2.358,10,0.1321,SUCCESS,0.0004,EMERGENCY_PAUSE
FIL-000352,ORD-000352,2026-08-26 09:01:01.611,140.03,140.03,0.468,29,0.0262,SUCCESS,0.0012,EMERGENCY_PAUSE
FIL-000353,ORD-000353,2026-08-26 09:01:01.798,140.04,140.03,1.23,22,0.0689,SUCCESS,0.0074,EMERGENCY_PAUSE
FIL-000354,ORD-000354,2026-08-26 09:01:02.049,139.73,139.73,1.53,22,0.0855,SUCCESS,0.0011,EMERGENCY_PAUSE
FIL-000355,ORD-000355,2026-08-26 09:01:02.127,60106.86,60098.08,2.301,8,55.3143,SUCCESS,0.0146,EMERGENCY_PAUSE
FIL-000356,ORD-000356,2026-08-26 09:01:02.310,59995.34,60001.58,0.887,24,21.2886,SUCCESS,0.0104,EMERGENCY_PAUSE
FIL-000357,ORD-000357,2026-08-26 09:01:02.590,3002.43,3003.4,1.273,6,1.5293,SUCCESS,0.0324,EMERGENCY_PAUSE
FIL-000358,ORD-000358,2026-08-26 09:01:02.756,140.17,140.14,1.332,8,0.0747,SUCCESS,0.023,EMERGENCY_PAUSE
FIL-000359,ORD-000359,2026-08-26 09:01:02.811,140.0,140.02,0.84,11,0.047,SUCCESS,0.0145,THROTTLE
FIL-000360,ORD-000360,2026-08-26 09:01:02.872,3004.68,3004.41,1.488,8,1.7882,SUCCESS,0.0091,WARNING
FIL-000361,ORD-000361,2026-08-26 09:01:03.150,3000.43,3000.3,0.245,31,0.294,SUCCESS,0.0042,NORMAL
FIL-000362,ORD-000362,2026-08-26 09:01:03.396,59953.85,59944.86,1.946,5,46.6611,SUCCESS,0.015,NORMAL
FIL-000363,ORD-000363,2026-08-26 09:01:03.680,140.19,140.16,1.176,28,0.0659,SUCCESS,0.0201,NORMAL
FIL-000364,ORD-000364,2026-08-26 09:01:03.764,2999.61,2999.1,2.199,7,2.638,SUCCESS,0.0169,NORMAL
FIL-000365,ORD-000365,2026-08-26 09:01:03.846,140.05,140.02,1.043,22,0.0584,SUCCESS,0.0192,NORMAL
FIL-000366,ORD-000366,2026-08-26 09:01:04.014,140.1,140.12,2.448,16,0.1372,SUCCESS,0.0139,NORMAL
FIL-000367,ORD-000367,2026-08-26 09:01:04.152,140.09,140.08,0.694,24,0.0389,SUCCESS,0.0106,NORMAL
FIL-000368,ORD-000368,2026-08-26 09:01:04.210,59991.01,59988.91,1.937,6,46.4794,SUCCESS,0.0035,NORMAL
FIL-000369,ORD-000369,2026-08-26 09:01:04.321,140.24,140.23,2.234,7,0.1253,SUCCESS,0.0048,NORMAL
FIL-000370,ORD-000370,2026-08-26 09:01:04.551,60005.14,60021.22,1.535,15,36.853,SUCCESS,0.0268,NORMAL
FIL-000371,ORD-000371,2026-08-26 09:01:04.656,59966.84,59969.54,0.662,9,15.8799,SUCCESS,0.0045,NORMAL
FIL-000372,ORD-000372,2026-08-26 09:01:04.893,60004.48,60005.08,2.058,5,49.3962,SUCCESS,0.001,NORMAL
FIL-000373,ORD-000373,2026-08-26 09:01:05.003,139.65,139.61,2.064,15,0.1153,SUCCESS,0.0305,NORMAL
FIL-000374,ORD-000374,2026-08-26 09:01:05.123,2997.02,2997.3,1.093,28,1.3104,SUCCESS,0.0093,NORMAL
FIL-000375,ORD-000375,2026-08-26 09:01:05.421,60003.14,60037.94,1.289,8,30.9556,SUCCESS,0.058,NORMAL
FIL-000376,ORD-000376,2026-08-26 09:01:05.509,2999.63,2999.46,1.099,19,1.3186,SUCCESS,0.0056,NORMAL
FIL-000377,ORD-000377,2026-08-26 09:01:05.616,2999.78,2999.56,0.678,9,0.8135,SUCCESS,0.0075,NORMAL
FIL-000378,ORD-000378,2026-08-26 09:01:05.913,3000.41,3000.71,1.45,10,1.7404,SUCCESS,0.01,NORMAL
FIL-000379,ORD-000379,2026-08-26 09:01:05.983,2999.46,3000.35,0.893,15,1.0717,SUCCESS,0.0298,NORMAL
FIL-000380,ORD-000380,2026-08-26 09:01:06.101,3001.57,3000.43,0.557,7,0.6685,SUCCESS,0.038,NORMAL
FIL-000381,ORD-000381,2026-08-26 09:01:06.336,3003.07,3004.46,1.928,5,2.317,SUCCESS,0.0462,NORMAL
FIL-000382,ORD-000382,2026-08-26 09:01:06.630,140.06,140.1,0.899,29,0.0504,SUCCESS,0.0279,NORMAL
FIL-000383,ORD-000383,2026-08-26 09:01:06.873,60044.11,60051.5,0.382,9,9.1759,SUCCESS,0.0123,NORMAL
FIL-000384,ORD-000384,2026-08-26 09:01:06.984,3003.15,3004.7,1.052,25,1.2644,SUCCESS,0.0515,NORMAL
FIL-000385,ORD-000385,2026-08-26 09:01:07.125,139.89,139.89,1.381,13,0.0773,SUCCESS,0.0026,NORMAL
FIL-000386,ORD-000386,2026-08-26 09:01:07.380,3000.31,3000.22,1.218,5,1.4617,SUCCESS,0.003,NORMAL
FIL-000387,ORD-000387,2026-08-26 09:01:07.510,139.92,139.91,0.588,29,0.0329,SUCCESS,0.0106,NORMAL
FIL-000388,ORD-000388,2026-08-26 09:01:07.626,2998.71,2998.99,0.45,23,0.5398,SUCCESS,0.0095,NORMAL
FIL-000389,ORD-000389,2026-08-26 09:01:07.821,140.29,140.28,0.652,14,0.0366,SUCCESS,0.0087,NORMAL
FIL-000390,ORD-000390,2026-08-26 09:01:08.066,60039.2,60032.72,0.91,72,21.8519,SUCCESS,0.0108,NORMAL
FIL-000391,ORD-000391,2026-08-26 09:01:08.151,3000.06,3000.06,0.945,7,1.134,SUCCESS,0.0,NORMAL
FIL-000392,ORD-000392,2026-08-26 09:01:08.446,140.02,140.01,2.477,5,0.1387,SUCCESS,0.0049,NORMAL
FIL-000393,ORD-000393,2026-08-26 09:01:08.508,59905.87,59923.06,2.063,29,49.4485,SUCCESS,0.0287,NORMAL
FIL-000394,ORD-000394,2026-08-26 09:01:08.596,60046.38,60037.67,0.263,11,6.316,SUCCESS,0.0145,NORMAL
FIL-000395,ORD-000395,2026-08-26 09:01:08.816,59918.13,59930.83,1.583,57,37.9482,SUCCESS,0.0212,NORMAL
FIL-000396,ORD-000396,2026-08-26 09:01:08.971,140.27,140.23,1.377,20,0.0772,SUCCESS,0.0316,NORMAL
FIL-000397,ORD-000397,2026-08-26 09:01:09.025,60003.69,60017.31,2.446,32,58.7209,SUCCESS,0.0227,NORMAL
FIL-000398,ORD-000398,2026-08-26 09:01:09.099,139.91,139.85,0.357,15,0.02,SUCCESS,0.0395,NORMAL
FIL-000399,ORD-000399,2026-08-26 09:01:09.239,140.2,140.23,0.706,20,0.0396,SUCCESS,0.018,NORMAL
FIL-000400,ORD-000400,2026-08-26 09:01:09.351,2997.64,2997.61,1.202,33,1.4413,SUCCESS,0.001,NORMAL
FIL-000401,ORD-000401,2026-08-26 09:01:09.620,139.92,139.94,0.293,47,0.0164,SUCCESS,0.0165,NORMAL
FIL-000402,ORD-000402,2026-08-26 09:01:09.684,139.97,140.0,1.426,13,0.0799,SUCCESS,0.0209,NORMAL
FIL-000403,ORD-000403,2026-08-26 09:01:09.899,139.96,140.01,2.129,12,0.1192,SUCCESS,0.0347,NORMAL
FIL-000404,ORD-000404,2026-08-26 09:01:10.179,3001.01,3001.09,0.651,15,0.7815,SUCCESS,0.0028,NORMAL
FIL-000405,ORD-000405,2026-08-26 09:01:10.300,139.83,139.79,1.743,46,0.0975,SUCCESS,0.0261,NORMAL
FIL-000406,ORD-000406,2026-08-26 09:01:10.403,139.84,139.84,0.138,9,0.0077,SUCCESS,0.0006,NORMAL
FIL-000407,ORD-000407,2026-08-26 09:01:10.472,140.06,140.09,1.056,47,0.0592,SUCCESS,0.0211,NORMAL
FIL-000408,ORD-000408,2026-08-26 09:01:10.695,2999.48,2999.82,2.139,5,2.5666,SUCCESS,0.0115,NORMAL
FIL-000409,ORD-000409,2026-08-26 09:01:10.921,139.81,139.8,1.997,9,0.1117,SUCCESS,0.0048,NORMAL
FIL-000410,ORD-000410,2026-08-26 09:01:11.082,140.18,140.24,0.229,8,0.0128,SUCCESS,0.04,NORMAL
FIL-000411,ORD-000411,2026-08-26 09:01:11.233,60057.02,60073.18,2.392,7,57.478,SUCCESS,0.0269,NORMAL
FIL-000412,ORD-000412,2026-08-26 09:01:11.341,3003.97,3004.5,1.181,12,1.4193,SUCCESS,0.0176,NORMAL
FIL-000413,ORD-000413,2026-08-26 09:01:11.412,3000.99,3000.87,1.686,15,2.0238,SUCCESS,0.0039,NORMAL
FIL-000414,ORD-000414,2026-08-26 09:01:11.501,140.04,140.03,0.297,6,0.0166,SUCCESS,0.0086,NORMAL
FIL-000415,ORD-000415,2026-08-26 09:01:11.552,3000.19,3000.41,0.356,14,0.4273,SUCCESS,0.0074,NORMAL
FIL-000416,ORD-000416,2026-08-26 09:01:11.649,2996.6,2996.25,0.418,37,0.501,SUCCESS,0.0116,NORMAL
FIL-000417,ORD-000417,2026-08-26 09:01:11.721,2993.71,2993.33,0.348,5,0.4167,SUCCESS,0.0128,NORMAL
FIL-000418,ORD-000418,2026-08-26 09:01:11.774,3001.66,3002.56,2.173,29,2.6098,SUCCESS,0.03,NORMAL
FIL-000419,ORD-000419,2026-08-26 09:01:12.055,2991.01,2990.79,2.263,13,2.7073,SUCCESS,0.0074,NORMAL
FIL-000420,ORD-000420,2026-08-26 09:01:12.173,60030.2,60049.53,0.745,5,17.8948,SUCCESS,0.0322,NORMAL
FIL-000421,ORD-000421,2026-08-26 09:01:12.346,2997.18,2997.64,1.111,7,1.3322,SUCCESS,0.0155,NORMAL
FIL-000422,ORD-000422,2026-08-26 09:01:12.548,59954.96,59951.24,1.6,12,38.3688,SUCCESS,0.0062,NORMAL
FIL-000423,ORD-000423,2026-08-26 09:01:12.699,140.04,140.05,0.116,19,0.0065,SUCCESS,0.0094,NORMAL
FIL-000424,ORD-000424,2026-08-26 09:01:12.957,3005.71,3005.29,0.903,16,1.0855,SUCCESS,0.014,NORMAL
FIL-000425,ORD-000425,2026-08-26 09:01:13.129,140.16,140.18,1.769,5,0.0992,SUCCESS,0.014,NORMAL
FIL-000426,ORD-000426,2026-08-26 09:01:13.356,3001.65,3002.33,0.799,18,0.9595,SUCCESS,0.0228,NORMAL
FIL-000427,ORD-000427,2026-08-26 09:01:13.477,139.83,139.82,0.882,11,0.0493,SUCCESS,0.0054,NORMAL
FIL-000428,ORD-000428,2026-08-26 09:01:13.666,3000.59,3000.33,1.521,17,1.8254,SUCCESS,0.0087,NORMAL
FIL-000429,ORD-000429,2026-08-26 09:01:13.828,60025.73,60035.81,1.8,29,43.2258,SUCCESS,0.0168,NORMAL
FIL-000430,ORD-000430,2026-08-26 09:01:14.005,3004.61,3004.76,1.082,21,1.3005,SUCCESS,0.0051,NORMAL
FIL-000431,ORD-000431,2026-08-26 09:01:14.257,60051.84,60033.28,1.817,9,43.6322,SUCCESS,0.0309,NORMAL
FIL-000432,ORD-000432,2026-08-26 09:01:14.443,3002.01,3002.13,1.497,22,1.7977,SUCCESS,0.004,NORMAL
FIL-000433,ORD-000433,2026-08-26 09:01:14.722,140.18,140.16,0.963,25,0.054,SUCCESS,0.0124,NORMAL
FIL-000434,ORD-000434,2026-08-26 09:01:14.814,139.87,139.89,1.695,5,0.0948,SUCCESS,0.0119,NORMAL
FIL-000435,ORD-000435,2026-08-26 09:01:15.111,139.81,139.82,1.652,11,0.0924,SUCCESS,0.0077,NORMAL
FIL-000436,ORD-000436,2026-08-26 09:01:15.352,3004.36,3004.28,0.633,12,0.7607,SUCCESS,0.0028,NORMAL
FIL-000437,ORD-000437,2026-08-26 09:01:15.552,139.82,139.84,1.954,8,0.1093,SUCCESS,0.0134,NORMAL
FIL-000438,ORD-000438,2026-08-26 09:01:15.708,139.91,139.92,0.351,18,0.0196,SUCCESS,0.0038,NORMAL
FIL-000439,ORD-000439,2026-08-26 09:01:15.845,60141.16,60147.9,0.936,10,22.5194,SUCCESS,0.0112,NORMAL
FIL-000440,ORD-000440,2026-08-26 09:01:16.079,3003.68,3004.21,0.334,12,0.4014,SUCCESS,0.0178,NORMAL
FIL-000441,ORD-000441,2026-08-26 09:01:16.158,139.76,139.68,2.044,15,0.1142,SUCCESS,0.0566,NORMAL
FIL-000442,ORD-000442,2026-08-26 09:01:16.397,60037.51,60024.36,0.494,22,11.8608,SUCCESS,0.0219,NORMAL
FIL-000443,ORD-000443,2026-08-26 09:01:16.565,60057.21,60060.15,1.123,42,26.979,SUCCESS,0.0049,NORMAL
FIL-000444,ORD-000444,2026-08-26 09:01:16.716,60017.53,60014.47,1.678,36,40.2817,SUCCESS,0.0051,NORMAL
FIL-000445,ORD-000445,2026-08-26 09:01:16.820,59989.16,59993.6,0.111,12,2.6637,SUCCESS,0.0074,NORMAL
FIL-000446,ORD-000446,2026-08-26 09:01:16.896,59934.95,59926.8,0.25,9,5.9927,SUCCESS,0.0136,NORMAL
FIL-000447,ORD-000447,2026-08-26 09:01:17.117,140.2,140.26,0.373,9,0.0209,SUCCESS,0.0403,NORMAL
FIL-000448,ORD-000448,2026-08-26 09:01:17.256,3002.02,3001.73,1.509,8,1.8118,SUCCESS,0.0096,NORMAL
FIL-000449,ORD-000449,2026-08-26 09:01:17.382,2999.03,2998.75,1.794,7,2.1519,SUCCESS,0.0094,NORMAL
FIL-000450,ORD-000450,2026-08-26 09:01:17.461,140.09,140.09,0.673,13,0.0377,SUCCESS,0.002,NORMAL
FIL-000451,ORD-000451,2026-08-26 09:01:17.546,60013.19,59990.45,1.104,15,26.4918,SUCCESS,0.0379,NORMAL
FIL-000452,ORD-000452,2026-08-26 09:01:17.831,139.98,139.96,1.39,14,0.0778,SUCCESS,0.0125,NORMAL
FIL-000453,ORD-000453,2026-08-26 09:01:17.961,139.95,140.0,0.437,41,0.0245,SUCCESS,0.0341,NORMAL
FIL-000454,ORD-000454,2026-08-26 09:01:18.060,3001.45,3001.57,1.263,30,1.5164,SUCCESS,0.004,NORMAL
FIL-000455,ORD-000455,2026-08-26 09:01:18.223,2997.71,2996.72,1.804,16,2.1624,SUCCESS,0.033,NORMAL
FIL-000456,ORD-000456,2026-08-26 09:01:18.347,2999.4,2999.85,1.927,32,2.3123,SUCCESS,0.0149,NORMAL
FIL-000457,ORD-000457,2026-08-26 09:01:18.541,59952.43,59936.78,1.974,23,47.3261,SUCCESS,0.0261,NORMAL
FIL-000458,ORD-000458,2026-08-26 09:01:18.789,139.91,139.91,0.374,11,0.0209,SUCCESS,0.0035,NORMAL
FIL-000459,ORD-000459,2026-08-26 09:01:18.951,140.03,139.95,1.924,16,0.1077,SUCCESS,0.0545,NORMAL
FIL-000460,ORD-000460,2026-08-26 09:01:19.009,139.84,140.4,1.903,225,0.1069,SUCCESS,0.399,WARNING
FIL-000461,ORD-000461,2026-08-26 09:01:19.119,3001.6,2993.14,2.485,241,2.9752,SUCCESS,0.2817,THROTTLE
FIL-000462,ORD-000462,2026-08-26 09:01:19.377,60018.83,59851.68,1.579,205,37.8023,SUCCESS,0.2785,EMERGENCY_PAUSE
FIL-000463,ORD-000463,2026-08-26 09:01:19.501,60008.63,60206.12,0.504,413,12.1376,SUCCESS,0.3291,EMERGENCY_PAUSE
FIL-000466,ORD-000466,2026-08-26 09:01:20.131,2996.19,3005.08,1.486,351,1.7862,SUCCESS,0.2968,EMERGENCY_PAUSE
FIL-000467,ORD-000467,2026-08-26 09:01:20.358,2997.29,2985.88,1.067,319,1.2744,SUCCESS,0.3807,EMERGENCY_PAUSE
FIL-000468,ORD-000468,2026-08-26 09:01:20.595,3004.62,3000.09,1.958,496,2.3497,SUCCESS,0.1507,EMERGENCY_PAUSE
FIL-000469,ORD-000469,2026-08-26 09:01:20.771,3001.41,2993.33,2.424,260,2.9023,SUCCESS,0.2693,EMERGENCY_PAUSE
FIL-000470,ORD-000470,2026-08-26 09:01:20.908,3004.59,2994.87,1.459,200,1.7478,SUCCESS,0.3234,EMERGENCY_PAUSE
FIL-000471,ORD-000471,2026-08-26 09:01:20.962,139.93,139.94,2.108,8,0.118,SUCCESS,0.0103,EMERGENCY_PAUSE
FIL-000472,ORD-000472,2026-08-26 09:01:21.063,59970.81,59974.41,2.399,13,57.5514,SUCCESS,0.006,EMERGENCY_PAUSE
FIL-000473,ORD-000473,2026-08-26 09:01:21.337,140.04,140.07,2.199,30,0.1232,SUCCESS,0.0211,EMERGENCY_PAUSE
FIL-000474,ORD-000474,2026-08-26 09:01:21.618,3001.69,3003.26,0.992,9,1.1917,SUCCESS,0.0524,EMERGENCY_PAUSE
FIL-000475,ORD-000475,2026-08-26 09:01:21.861,140.18,140.2,1.842,66,0.1033,SUCCESS,0.0142,EMERGENCY_PAUSE
FIL-000476,ORD-000476,2026-08-26 09:01:22.033,60035.7,60006.34,0.103,20,2.4723,SUCCESS,0.0489,EMERGENCY_PAUSE
FIL-000477,ORD-000477,2026-08-26 09:01:22.085,59963.7,59969.04,1.168,14,28.0175,SUCCESS,0.0089,EMERGENCY_PAUSE
FIL-000478,ORD-000478,2026-08-26 09:01:22.168,139.85,139.82,1.114,14,0.0623,SUCCESS,0.0226,EMERGENCY_PAUSE
FIL-000479,ORD-000479,2026-08-26 09:01:22.244,2999.97,3000.21,2.034,21,2.441,SUCCESS,0.0081,THROTTLE
FIL-000480,ORD-000480,2026-08-26 09:01:22.486,3003.64,3003.21,1.956,24,2.3497,SUCCESS,0.0143,WARNING
FIL-000481,ORD-000481,2026-08-26 09:01:22.578,59940.45,59942.67,1.565,63,37.5241,SUCCESS,0.0037,NORMAL
FIL-000482,ORD-000482,2026-08-26 09:01:22.733,2999.92,2999.15,0.463,27,0.5554,SUCCESS,0.0256,NORMAL
FIL-000483,ORD-000483,2026-08-26 09:01:22.975,140.31,140.28,0.341,6,0.0191,SUCCESS,0.0179,NORMAL
FIL-000484,ORD-000484,2026-08-26 09:01:23.088,59962.35,59952.04,1.999,25,47.9377,SUCCESS,0.0172,NORMAL
FIL-000485,ORD-000485,2026-08-26 09:01:23.210,3002.42,3003.29,1.831,5,2.1996,SUCCESS,0.0291,NORMAL
FIL-000486,ORD-000486,2026-08-26 09:01:23.392,139.86,139.87,0.824,10,0.0461,SUCCESS,0.0078,NORMAL
FIL-000487,ORD-000487,2026-08-26 09:01:23.671,139.75,139.78,0.231,11,0.0129,SUCCESS,0.0202,NORMAL
FIL-000488,ORD-000488,2026-08-26 09:01:23.739,60123.33,60115.75,1.631,13,39.2195,SUCCESS,0.0126,NORMAL
FIL-000489,ORD-000489,2026-08-26 09:01:24.009,140.01,140.05,0.417,63,0.0234,SUCCESS,0.0268,NORMAL
FIL-000490,ORD-000490,2026-08-26 09:01:24.303,139.94,139.91,1.931,37,0.1081,SUCCESS,0.0193,NORMAL
FIL-000491,ORD-000491,2026-08-26 09:01:24.589,60010.91,60015.71,0.618,10,14.8359,SUCCESS,0.008,NORMAL
FIL-000492,ORD-000492,2026-08-26 09:01:24.745,60028.11,60014.9,1.303,9,31.2798,SUCCESS,0.022,NORMAL
FIL-000493,ORD-000493,2026-08-26 09:01:24.866,2999.18,2999.03,1.579,7,1.8942,SUCCESS,0.0051,NORMAL
FIL-000494,ORD-000494,2026-08-26 09:01:24.955,59931.82,59910.06,2.438,49,58.4243,SUCCESS,0.0363,NORMAL
FIL-000495,ORD-000495,2026-08-26 09:01:25.179,140.14,140.11,2.103,6,0.1179,SUCCESS,0.0195,NORMAL
FIL-000496,ORD-000496,2026-08-26 09:01:25.290,140.36,140.37,2.388,22,0.1341,SUCCESS,0.004,NORMAL
FIL-000497,ORD-000497,2026-08-26 09:01:25.495,60006.62,60016.34,1.188,11,28.5198,SUCCESS,0.0162,NORMAL
FIL-000498,ORD-000498,2026-08-26 09:01:25.548,59971.7,59965.82,0.522,5,12.5209,SUCCESS,0.0098,NORMAL
FIL-000499,ORD-000499,2026-08-26 09:01:25.731,140.02,140.05,2.387,45,0.1337,SUCCESS,0.0206,NORMAL
FIL-000500,ORD-000500,2026-08-26 09:01:25.849,139.74,139.74,1.975,13,0.1104,SUCCESS,0.0029,NORMAL
FIL-000501,ORD-000501,2026-08-26 09:01:25.968,139.88,139.89,2.037,17,0.114,SUCCESS,0.0071,NORMAL
FIL-000502,ORD-000502,2026-08-26 09:01:26.145,140.09,140.11,1.606,17,0.09,SUCCESS,0.0156,NORMAL
FIL-000503,ORD-000503,2026-08-26 09:01:26.235,2999.06,2997.87,0.501,5,0.6008,SUCCESS,0.0398,NORMAL
FIL-000504,ORD-000504,2026-08-26 09:01:26.474,2998.61,2998.66,0.377,6,0.4522,SUCCESS,0.0018,NORMAL
FIL-000505,ORD-000505,2026-08-26 09:01:26.644,139.92,139.93,0.687,19,0.0385,SUCCESS,0.004,NORMAL
FIL-000506,ORD-000506,2026-08-26 09:01:26.703,2999.75,2999.61,2.405,73,2.8856,SUCCESS,0.0046,NORMAL
FIL-000507,ORD-000507,2026-08-26 09:01:26.834,140.05,140.0,2.298,9,0.1287,SUCCESS,0.0338,NORMAL
FIL-000508,ORD-000508,2026-08-26 09:01:26.897,3001.8,3003.48,1.716,11,2.0616,SUCCESS,0.0558,NORMAL
FIL-000509,ORD-000509,2026-08-26 09:01:26.964,59923.98,59927.28,2.39,10,57.2905,SUCCESS,0.0055,NORMAL
FIL-000510,ORD-000510,2026-08-26 09:01:27.130,3003.32,3003.21,0.307,20,0.3688,SUCCESS,0.0037,NORMAL
FIL-000511,ORD-000511,2026-08-26 09:01:27.339,59959.41,59934.35,0.829,5,19.8742,SUCCESS,0.0418,NORMAL
FIL-000512,ORD-000512,2026-08-26 09:01:27.587,60045.78,60042.24,2.495,6,59.9222,SUCCESS,0.0059,NORMAL
FIL-000513,ORD-000513,2026-08-26 09:01:27.775,59917.26,59925.47,0.157,5,3.7633,SUCCESS,0.0137,NORMAL
FIL-000514,ORD-000514,2026-08-26 09:01:28.042,2997.32,2997.6,1.678,14,2.012,SUCCESS,0.0094,NORMAL
FIL-000515,ORD-000515,2026-08-26 09:01:28.217,140.16,140.15,0.672,6,0.0377,SUCCESS,0.0068,NORMAL
FIL-000516,ORD-000516,2026-08-26 09:01:28.496,59934.41,59939.92,2.311,9,55.4085,SUCCESS,0.0092,NORMAL
FIL-000517,ORD-000517,2026-08-26 09:01:28.567,139.97,139.91,2.439,10,0.1365,SUCCESS,0.0442,NORMAL
FIL-000518,ORD-000518,2026-08-26 09:01:28.768,139.89,139.94,1.046,23,0.0586,SUCCESS,0.0355,NORMAL
FIL-000519,ORD-000519,2026-08-26 09:01:28.884,139.92,139.96,0.668,18,0.0374,SUCCESS,0.0308,NORMAL
FIL-000520,ORD-000520,2026-08-26 09:01:29.003,2994.9,2994.84,0.863,27,1.0338,SUCCESS,0.0019,NORMAL
FIL-000521,ORD-000521,2026-08-26 09:01:29.080,60135.45,60136.71,1.948,17,46.8585,SUCCESS,0.0021,NORMAL
FIL-000522,ORD-000522,2026-08-26 09:01:29.267,60022.59,60038.2,1.076,16,25.8404,SUCCESS,0.026,NORMAL
FIL-000523,ORD-000523,2026-08-26 09:01:29.340,3000.4,3000.55,2.146,6,2.5757,SUCCESS,0.0051,NORMAL
FIL-000524,ORD-000524,2026-08-26 09:01:29.603,59999.32,59972.68,0.197,18,4.7258,SUCCESS,0.0444,NORMAL
FIL-000525,ORD-000525,2026-08-26 09:01:29.784,2999.2,2999.61,0.954,5,1.1447,SUCCESS,0.0137,NORMAL
FIL-000526,ORD-000526,2026-08-26 09:01:29.937,59945.85,59924.27,0.175,9,4.1947,SUCCESS,0.036,NORMAL
FIL-000527,ORD-000527,2026-08-26 09:01:30.018,3003.9,3003.99,2.005,17,2.4092,SUCCESS,0.0031,NORMAL
FIL-000528,ORD-000528,2026-08-26 09:01:30.278,59978.92,59979.7,0.414,6,9.9326,SUCCESS,0.0013,NORMAL
FIL-000529,ORD-000529,2026-08-26 09:01:30.478,3003.26,3002.53,0.302,8,0.3627,SUCCESS,0.0244,NORMAL
FIL-000530,ORD-000530,2026-08-26 09:01:30.641,3002.12,3003.21,2.266,10,2.7221,SUCCESS,0.0362,NORMAL
FIL-000531,ORD-000531,2026-08-26 09:01:30.701,59986.64,59989.64,0.896,16,21.5003,SUCCESS,0.005,NORMAL
FIL-000532,ORD-000532,2026-08-26 09:01:30.852,3002.23,3003.27,2.072,14,2.4891,SUCCESS,0.0345,NORMAL
FIL-000533,ORD-000533,2026-08-26 09:01:31.134,2998.37,2999.23,0.949,51,1.1385,SUCCESS,0.0286,NORMAL
FIL-000534,ORD-000534,2026-08-26 09:01:31.342,60081.33,60053.69,0.183,21,4.3959,SUCCESS,0.046,NORMAL
FIL-000535,ORD-000535,2026-08-26 09:01:31.514,140.09,140.13,2.219,6,0.1244,SUCCESS,0.0315,NORMAL
FIL-000536,ORD-000536,2026-08-26 09:01:31.790,60039.41,60042.89,0.579,8,13.9059,SUCCESS,0.0058,NORMAL
FIL-000537,ORD-000537,2026-08-26 09:01:31.937,139.86,139.9,2.008,11,0.1124,SUCCESS,0.0293,NORMAL
FIL-000538,ORD-000538,2026-08-26 09:01:32.131,140.07,140.05,0.926,8,0.0519,SUCCESS,0.013,NORMAL
FIL-000539,ORD-000539,2026-08-26 09:01:32.237,139.96,139.95,0.865,31,0.0484,SUCCESS,0.0045,NORMAL
FIL-000540,ORD-000540,2026-08-26 09:01:32.483,59913.58,59896.62,1.371,25,32.8473,SUCCESS,0.0283,NORMAL
FIL-000541,ORD-000541,2026-08-26 09:01:32.601,139.99,140.01,1.676,21,0.0939,SUCCESS,0.0157,NORMAL
FIL-000542,ORD-000542,2026-08-26 09:01:32.855,140.18,140.19,1.482,20,0.0831,SUCCESS,0.0072,NORMAL
FIL-000543,ORD-000543,2026-08-26 09:01:32.965,3001.69,3000.68,0.517,7,0.6205,SUCCESS,0.0335,NORMAL
FIL-000544,ORD-000544,2026-08-26 09:01:33.022,140.04,140.03,2.294,38,0.1285,SUCCESS,0.0106,NORMAL
FIL-000545,ORD-000545,2026-08-26 09:01:33.120,140.05,140.05,1.451,25,0.0813,SUCCESS,0.003,NORMAL
FIL-000546,ORD-000546,2026-08-26 09:01:33.324,2999.79,2999.2,0.235,27,0.2819,SUCCESS,0.0198,NORMAL
FIL-000547,ORD-000547,2026-08-26 09:01:33.425,60024.53,60050.94,2.303,15,55.3189,SUCCESS,0.044,NORMAL
FIL-000548,ORD-000548,2026-08-26 09:01:33.557,59880.06,59873.11,2.126,14,50.9161,SUCCESS,0.0116,NORMAL
FIL-000549,ORD-000549,2026-08-26 09:01:33.635,60051.2,60061.77,0.44,17,10.5709,SUCCESS,0.0176,NORMAL
FIL-000550,ORD-000550,2026-08-26 09:01:33.786,139.9,139.87,2.361,12,0.1321,SUCCESS,0.0196,NORMAL
FIL-000551,ORD-000551,2026-08-26 09:01:34.023,139.98,139.99,2.442,24,0.1367,SUCCESS,0.007,NORMAL
FIL-000552,ORD-000552,2026-08-26 09:01:34.250,3000.48,2999.94,2.425,20,2.9099,SUCCESS,0.018,NORMAL
FIL-000553,ORD-000553,2026-08-26 09:01:34.378,139.82,139.79,0.521,10,0.0291,SUCCESS,0.0189,NORMAL
FIL-000554,ORD-000554,2026-08-26 09:01:34.670,140.03,139.98,2.377,5,0.1331,SUCCESS,0.0391,NORMAL
FIL-000555,ORD-000555,2026-08-26 09:01:34.766,139.88,139.85,1.462,43,0.0818,SUCCESS,0.023,NORMAL
FIL-000556,ORD-000556,2026-08-26 09:01:34.960,139.79,139.77,0.63,6,0.0352,SUCCESS,0.0121,NORMAL
FIL-000557,ORD-000557,2026-08-26 09:01:35.091,60037.34,60035.84,0.671,72,16.1136,SUCCESS,0.0025,NORMAL
FIL-000558,ORD-000558,2026-08-26 09:01:35.226,59956.97,59976.1,1.85,20,44.3823,SUCCESS,0.0319,NORMAL
FIL-000559,ORD-000559,2026-08-26 09:01:35.341,3000.97,3001.83,0.263,10,0.3158,SUCCESS,0.0287,NORMAL
FIL-000560,ORD-000560,2026-08-26 09:01:35.433,60106.88,60109.89,1.107,5,26.6167,SUCCESS,0.005,NORMAL
FIL-000561,ORD-000561,2026-08-26 09:01:35.695,2995.12,2994.06,1.001,23,1.1988,SUCCESS,0.0353,NORMAL
FIL-000562,ORD-000562,2026-08-26 09:01:35.820,3000.84,3001.04,2.13,12,2.5569,SUCCESS,0.0067,NORMAL
FIL-000563,ORD-000563,2026-08-26 09:01:36.097,59960.15,59951.94,0.92,15,22.0623,SUCCESS,0.0137,NORMAL
FIL-000564,ORD-000564,2026-08-26 09:01:36.170,3005.88,3007.31,2.255,16,2.7126,SUCCESS,0.0477,NORMAL
FIL-000565,ORD-000565,2026-08-26 09:01:36.375,3002.77,3002.11,1.669,8,2.0042,SUCCESS,0.0219,NORMAL
FIL-000566,ORD-000566,2026-08-26 09:01:36.529,3000.28,3001.37,2.439,5,2.9281,SUCCESS,0.0362,NORMAL
FIL-000567,ORD-000567,2026-08-26 09:01:36.679,139.97,139.97,0.33,23,0.0185,SUCCESS,0.0009,NORMAL
FIL-000568,ORD-000568,2026-08-26 09:01:36.804,140.12,140.09,1.126,13,0.0631,SUCCESS,0.0236,NORMAL
FIL-000569,ORD-000569,2026-08-26 09:01:36.928,139.83,139.82,0.51,9,0.0285,SUCCESS,0.0061,NORMAL
FIL-000570,ORD-000570,2026-08-26 09:01:37.103,59943.41,59939.03,1.054,7,25.2703,SUCCESS,0.0073,NORMAL
FIL-000571,ORD-000571,2026-08-26 09:01:37.379,140.2,140.17,0.544,81,0.0305,SUCCESS,0.0226,NORMAL
FIL-000572,ORD-000572,2026-08-26 09:01:37.496,3000.27,2999.62,1.155,11,1.3858,SUCCESS,0.0215,NORMAL
FIL-000573,ORD-000573,2026-08-26 09:01:37.570,60067.25,60054.28,1.772,6,42.5665,SUCCESS,0.0216,NORMAL
FIL-000574,ORD-000574,2026-08-26 09:01:37.678,60062.83,60060.49,1.915,10,46.0063,SUCCESS,0.0039,NORMAL
FIL-000575,ORD-000575,2026-08-26 09:01:37.865,140.27,140.33,1.105,7,0.062,SUCCESS,0.0409,NORMAL
FIL-000576,ORD-000576,2026-08-26 09:01:38.016,139.79,139.77,0.817,5,0.0457,SUCCESS,0.0135,NORMAL
FIL-000577,ORD-000577,2026-08-26 09:01:38.239,140.03,140.07,2.021,9,0.1132,SUCCESS,0.0254,NORMAL
FIL-000578,ORD-000578,2026-08-26 09:01:38.331,140.15,140.16,0.515,27,0.0289,SUCCESS,0.0061,NORMAL
FIL-000579,ORD-000579,2026-08-26 09:01:38.492,60036.82,60037.24,2.472,12,59.3648,SUCCESS,0.0007,NORMAL
FIL-000582,ORD-000582,2026-08-26 09:01:38.945,139.59,139.14,1.498,506,0.0834,SUCCESS,0.32,EMERGENCY_PAUSE
FIL-000583,ORD-000583,2026-08-26 09:01:39.162,59996.35,60244.73,2.207,542,53.184,SUCCESS,0.414,EMERGENCY_PAUSE
FIL-000584,ORD-000584,2026-08-26 09:01:39.221,3000.76,2994.96,1.561,216,1.8701,SUCCESS,0.1932,EMERGENCY_PAUSE
FIL-000585,ORD-000585,2026-08-26 09:01:39.357,2996.41,2987.64,0.745,527,0.8903,SUCCESS,0.2926,EMERGENCY_PAUSE
FIL-000586,ORD-000586,2026-08-26 09:01:39.441,3000.76,2989.99,0.336,197,0.4019,SUCCESS,0.3589,EMERGENCY_PAUSE
FIL-000588,ORD-000588,2026-08-26 09:01:39.694,59935.43,59689.57,2.07,250,49.423,SUCCESS,0.4102,EMERGENCY_PAUSE
FIL-000589,ORD-000589,2026-08-26 09:01:39.788,59940.46,59710.17,1.358,771,32.4346,SUCCESS,0.3842,EMERGENCY_PAUSE
FIL-000590,ORD-000590,2026-08-26 09:01:39.908,59955.57,60127.58,2.303,536,55.3895,SUCCESS,0.2869,EMERGENCY_PAUSE
FIL-000591,ORD-000591,2026-08-26 09:01:39.965,2996.93,2996.92,0.397,12,0.4759,SUCCESS,0.0005,EMERGENCY_PAUSE
FIL-000592,ORD-000592,2026-08-26 09:01:40.136,59993.16,59970.06,2.405,5,57.6912,SUCCESS,0.0385,EMERGENCY_PAUSE
FIL-000593,ORD-000593,2026-08-26 09:01:40.398,140.11,140.09,0.721,10,0.0404,SUCCESS,0.0149,EMERGENCY_PAUSE
FIL-000594,ORD-000594,2026-08-26 09:01:40.594,140.02,140.05,0.491,14,0.0275,SUCCESS,0.0213,EMERGENCY_PAUSE
FIL-000595,ORD-000595,2026-08-26 09:01:40.748,59974.26,59981.58,0.746,20,17.8985,SUCCESS,0.0122,EMERGENCY_PAUSE
FIL-000596,ORD-000596,2026-08-26 09:01:40.919,140.09,140.12,1.737,14,0.0974,SUCCESS,0.0193,EMERGENCY_PAUSE
FIL-000597,ORD-000597,2026-08-26 09:01:41.175,60003.86,60007.58,0.706,16,16.9461,SUCCESS,0.0062,EMERGENCY_PAUSE
FIL-000598,ORD-000598,2026-08-26 09:01:41.289,2998.75,2998.61,0.937,6,1.1239,SUCCESS,0.0047,EMERGENCY_PAUSE
FIL-000599,ORD-000599,2026-08-26 09:01:41.488,59945.38,59927.16,1.597,27,38.2815,SUCCESS,0.0304,THROTTLE
FIL-000600,ORD-000600,2026-08-26 09:01:41.633,60165.81,60177.0,2.124,6,51.1264,SUCCESS,0.0186,WARNING
FIL-000601,ORD-000601,2026-08-26 09:01:41.753,140.09,140.07,0.253,5,0.0142,SUCCESS,0.0176,NORMAL
FIL-000602,ORD-000602,2026-08-26 09:01:42.031,140.24,140.22,1.807,6,0.1014,SUCCESS,0.0114,NORMAL
FIL-000603,ORD-000603,2026-08-26 09:01:42.095,139.58,139.58,0.677,7,0.0378,SUCCESS,0.001,NORMAL
FIL-000604,ORD-000604,2026-08-26 09:01:42.312,140.27,140.24,1.831,11,0.1027,SUCCESS,0.0224,NORMAL
FIL-000605,ORD-000605,2026-08-26 09:01:42.371,3005.87,3004.73,1.032,5,1.2404,SUCCESS,0.0379,NORMAL
FIL-000606,ORD-000606,2026-08-26 09:01:42.584,140.02,140.02,1.747,12,0.0978,SUCCESS,0.0029,NORMAL
FIL-000607,ORD-000607,2026-08-26 09:01:42.858,2997.3,2996.3,2.118,7,2.5385,SUCCESS,0.0332,NORMAL
FIL-000608,ORD-000608,2026-08-26 09:01:43.093,139.9,139.92,1.878,13,0.1051,SUCCESS,0.0165,NORMAL
FIL-000609,ORD-000609,2026-08-26 09:01:43.199,139.97,139.97,1.671,30,0.0936,SUCCESS,0.0028,NORMAL
FIL-000610,ORD-000610,2026-08-26 09:01:43.333,3001.83,3002.66,1.991,12,2.3913,SUCCESS,0.0277,NORMAL
FIL-000611,ORD-000611,2026-08-26 09:01:43.396,2999.47,2999.19,0.383,14,0.4595,SUCCESS,0.0095,NORMAL
FIL-000612,ORD-000612,2026-08-26 09:01:43.620,140.01,140.01,0.388,17,0.0217,SUCCESS,0.0015,NORMAL
FIL-000613,ORD-000613,2026-08-26 09:01:43.721,3003.15,3002.35,0.462,22,0.5548,SUCCESS,0.0266,NORMAL
FIL-000614,ORD-000614,2026-08-26 09:01:43.807,3000.3,2998.87,2.468,23,2.9605,SUCCESS,0.0475,NORMAL
FIL-000615,ORD-000615,2026-08-26 09:01:43.902,3003.54,3004.3,1.614,24,1.9396,SUCCESS,0.0253,NORMAL
FIL-000616,ORD-000616,2026-08-26 09:01:43.995,2999.72,3000.31,1.927,14,2.3126,SUCCESS,0.0197,NORMAL
FIL-000617,ORD-000617,2026-08-26 09:01:44.202,139.89,139.93,0.311,23,0.0174,SUCCESS,0.0267,NORMAL
FIL-000618,ORD-000618,2026-08-26 09:01:44.261,2998.42,2998.32,1.02,33,1.2233,SUCCESS,0.0033,NORMAL
FIL-000619,ORD-000619,2026-08-26 09:01:44.504,139.95,139.97,2.241,7,0.1255,SUCCESS,0.016,NORMAL
FIL-000620,ORD-000620,2026-08-26 09:01:44.611,140.12,140.19,1.861,6,0.1044,SUCCESS,0.0513,NORMAL
FIL-000621,ORD-000621,2026-08-26 09:01:44.739,139.84,139.82,1.308,6,0.0732,SUCCESS,0.0138,NORMAL
FIL-000622,ORD-000622,2026-08-26 09:01:44.975,60020.47,60025.51,0.798,13,19.1601,SUCCESS,0.0084,NORMAL
FIL-000623,ORD-000623,2026-08-26 09:01:45.255,140.05,140.0,0.421,54,0.0236,SUCCESS,0.033,NORMAL
FIL-000624,ORD-000624,2026-08-26 09:01:45.512,3004.0,3003.81,2.277,7,2.7359,SUCCESS,0.0063,NORMAL
FIL-000625,ORD-000625,2026-08-26 09:01:45.749,3003.26,3003.58,0.415,7,0.4986,SUCCESS,0.0107,NORMAL
FIL-000626,ORD-000626,2026-08-26 09:01:45.895,59989.99,60002.95,2.001,13,48.0264,SUCCESS,0.0216,NORMAL
FIL-000627,ORD-000627,2026-08-26 09:01:45.957,140.04,140.03,1.525,5,0.0854,SUCCESS,0.0061,NORMAL
FIL-000628,ORD-000628,2026-08-26 09:01:46.113,140.09,140.11,1.755,28,0.0984,SUCCESS,0.0134,NORMAL
FIL-000629,ORD-000629,2026-08-26 09:01:46.215,3003.65,3003.53,1.784,19,2.1433,SUCCESS,0.0039,NORMAL
FIL-000630,ORD-000630,2026-08-26 09:01:46.334,139.74,139.79,1.69,25,0.0945,SUCCESS,0.0324,NORMAL
FIL-000631,ORD-000631,2026-08-26 09:01:46.542,139.92,139.92,1.328,13,0.0743,SUCCESS,0.0,NORMAL
FIL-000632,ORD-000632,2026-08-26 09:01:46.643,60053.55,60037.46,0.577,7,13.8566,SUCCESS,0.0268,NORMAL
FIL-000633,ORD-000633,2026-08-26 09:01:46.833,3001.94,3001.98,0.485,6,0.5824,SUCCESS,0.0013,NORMAL
FIL-000634,ORD-000634,2026-08-26 09:01:46.886,2999.07,3000.34,0.663,10,0.7957,SUCCESS,0.0423,NORMAL
FIL-000635,ORD-000635,2026-08-26 09:01:46.974,139.96,139.99,1.706,17,0.0955,SUCCESS,0.0204,NORMAL
FIL-000636,ORD-000636,2026-08-26 09:01:47.083,60080.64,60091.51,0.714,27,17.1621,SUCCESS,0.0181,NORMAL
FIL-000637,ORD-000637,2026-08-26 09:01:47.356,2999.63,2999.11,2.052,17,2.4617,SUCCESS,0.0174,NORMAL
FIL-000638,ORD-000638,2026-08-26 09:01:47.435,59946.6,59946.18,1.122,9,26.9038,SUCCESS,0.0007,NORMAL
FIL-000639,ORD-000639,2026-08-26 09:01:47.569,60018.07,60019.27,1.653,7,39.6847,SUCCESS,0.002,NORMAL
FIL-000640,ORD-000640,2026-08-26 09:01:47.714,3001.27,3000.45,1.859,26,2.2311,SUCCESS,0.0274,NORMAL
FIL-000641,ORD-000641,2026-08-26 09:01:47.977,2996.26,2997.12,1.196,19,1.4338,SUCCESS,0.0287,NORMAL
FIL-000642,ORD-000642,2026-08-26 09:01:48.055,3000.08,2999.47,2.013,7,2.4152,SUCCESS,0.0203,NORMAL
FIL-000643,ORD-000643,2026-08-26 09:01:48.338,60016.77,60031.47,0.349,29,8.3804,SUCCESS,0.0245,NORMAL
FIL-000644,ORD-000644,2026-08-26 09:01:48.485,140.08,140.05,0.535,18,0.03,SUCCESS,0.0182,NORMAL
FIL-000645,ORD-000645,2026-08-26 09:01:48.763,2999.58,2999.86,1.845,18,2.2139,SUCCESS,0.0093,NORMAL
FIL-000646,ORD-000646,2026-08-26 09:01:48.824,60003.01,59983.75,1.087,12,26.0809,SUCCESS,0.0321,NORMAL
FIL-000647,ORD-000647,2026-08-26 09:01:49.008,59986.78,59977.72,2.184,14,52.3965,SUCCESS,0.0151,NORMAL
FIL-000648,ORD-000648,2026-08-26 09:01:49.191,140.0,140.0,0.912,6,0.0511,SUCCESS,0.0007,NORMAL
FIL-000649,ORD-000649,2026-08-26 09:01:49.410,140.0,140.01,1.257,21,0.0704,SUCCESS,0.0056,NORMAL
FIL-000650,ORD-000650,2026-08-26 09:01:49.616,140.05,140.02,2.241,28,0.1255,SUCCESS,0.0203,NORMAL
FIL-000651,ORD-000651,2026-08-26 09:01:49.884,59990.43,60007.11,2.137,21,51.2941,SUCCESS,0.0278,NORMAL
FIL-000652,ORD-000652,2026-08-26 09:01:50.182,2998.72,2999.24,0.678,8,0.8134,SUCCESS,0.0173,NORMAL
FIL-000653,ORD-000653,2026-08-26 09:01:50.441,3005.81,3006.64,1.009,6,1.2135,SUCCESS,0.0277,NORMAL
FIL-000654,ORD-000654,2026-08-26 09:01:50.710,59988.22,59994.88,1.175,15,28.1976,SUCCESS,0.0111,NORMAL
FIL-000655,ORD-000655,2026-08-26 09:01:50.764,2996.5,2995.94,1.889,21,2.2637,SUCCESS,0.0186,NORMAL
FIL-000656,ORD-000656,2026-08-26 09:01:50.837,60047.94,60043.2,0.1,15,2.4017,SUCCESS,0.0079,NORMAL
FIL-000657,ORD-000657,2026-08-26 09:01:51.003,139.97,139.95,1.671,23,0.0935,SUCCESS,0.0117,NORMAL
FIL-000658,ORD-000658,2026-08-26 09:01:51.137,2998.3,2997.96,2.126,69,2.5495,SUCCESS,0.0114,NORMAL
FIL-000659,ORD-000659,2026-08-26 09:01:51.211,140.15,140.13,1.186,5,0.0665,SUCCESS,0.017,NORMAL
FIL-000660,ORD-000660,2026-08-26 09:01:51.465,140.17,140.21,1.621,6,0.0909,SUCCESS,0.0295,NORMAL
FIL-000661,ORD-000661,2026-08-26 09:01:51.550,3001.2,3000.51,0.494,30,0.5929,SUCCESS,0.0231,NORMAL
FIL-000662,ORD-000662,2026-08-26 09:01:51.838,140.37,140.37,0.55,11,0.0309,SUCCESS,0.0031,NORMAL
FIL-000663,ORD-000663,2026-08-26 09:01:51.915,2994.81,2995.64,1.82,22,2.1808,SUCCESS,0.0277,NORMAL
FIL-000664,ORD-000664,2026-08-26 09:01:52.162,3000.99,3002.26,1.513,12,1.817,SUCCESS,0.0422,NORMAL
FIL-000665,ORD-000665,2026-08-26 09:01:52.339,3003.64,3003.33,0.423,15,0.5082,SUCCESS,0.0103,NORMAL
FIL-000666,ORD-000666,2026-08-26 09:01:52.625,60052.97,60056.03,1.504,13,36.1297,SUCCESS,0.0051,NORMAL
FIL-000667,ORD-000667,2026-08-26 09:01:52.701,139.89,139.92,2.057,13,0.1151,SUCCESS,0.0185,NORMAL
FIL-000668,ORD-000668,2026-08-26 09:01:52.985,3000.13,2999.8,2.451,16,2.941,SUCCESS,0.0109,NORMAL
FIL-000669,ORD-000669,2026-08-26 09:01:53.150,140.25,140.26,2.429,17,0.1363,SUCCESS,0.0079,NORMAL
FIL-000670,ORD-000670,2026-08-26 09:01:53.276,59994.94,59996.26,1.896,10,45.5012,SUCCESS,0.0022,NORMAL
FIL-000671,ORD-000671,2026-08-26 09:01:53.377,139.98,139.97,1.618,6,0.0906,SUCCESS,0.0056,NORMAL
FIL-000672,ORD-000672,2026-08-26 09:01:53.608,59869.94,59857.91,0.418,7,10.0082,SUCCESS,0.0201,NORMAL
FIL-000673,ORD-000673,2026-08-26 09:01:53.687,140.12,140.13,0.874,7,0.049,SUCCESS,0.0059,NORMAL
FIL-000674,ORD-000674,2026-08-26 09:01:53.909,2999.72,2999.61,1.804,5,2.1645,SUCCESS,0.0038,NORMAL
FIL-000675,ORD-000675,2026-08-26 09:01:53.986,139.88,139.85,0.131,24,0.0073,SUCCESS,0.0196,NORMAL
FIL-000676,ORD-000676,2026-08-26 09:01:54.228,60157.83,60153.74,0.58,9,13.9557,SUCCESS,0.0068,NORMAL
FIL-000677,ORD-000677,2026-08-26 09:01:54.478,60034.28,60029.66,0.249,6,5.979,SUCCESS,0.0077,NORMAL
FIL-000678,ORD-000678,2026-08-26 09:01:54.554,3001.11,3002.06,2.054,10,2.4665,SUCCESS,0.0315,NORMAL
FIL-000679,ORD-000679,2026-08-26 09:01:54.804,140.01,140.01,0.67,13,0.0375,SUCCESS,0.002,NORMAL
FIL-000680,ORD-000680,2026-08-26 09:01:54.960,139.9,139.86,1.016,11,0.0568,SUCCESS,0.0261,NORMAL
FIL-000681,ORD-000681,2026-08-26 09:01:55.061,139.77,139.73,1.885,33,0.1054,SUCCESS,0.0254,NORMAL
FIL-000682,ORD-000682,2026-08-26 09:01:55.276,140.2,140.2,1.791,9,0.1004,SUCCESS,0.0003,NORMAL
FIL-000683,ORD-000683,2026-08-26 09:01:55.371,3000.74,3001.13,0.806,8,0.9676,SUCCESS,0.0129,NORMAL
FIL-000684,ORD-000684,2026-08-26 09:01:55.517,139.92,139.93,1.333,18,0.0746,SUCCESS,0.0046,NORMAL
FIL-000685,ORD-000685,2026-08-26 09:01:55.783,59940.54,59935.86,0.486,12,11.6515,SUCCESS,0.0078,NORMAL
FIL-000686,ORD-000686,2026-08-26 09:01:55.872,2999.38,2999.6,0.472,11,0.5663,SUCCESS,0.0074,NORMAL
FIL-000687,ORD-000687,2026-08-26 09:01:55.999,3000.53,3001.14,2.124,6,2.5498,SUCCESS,0.0202,NORMAL
FIL-000688,ORD-000688,2026-08-26 09:01:56.293,2999.2,2998.85,1.361,18,1.6326,SUCCESS,0.0118,NORMAL
FIL-000689,ORD-000689,2026-08-26 09:01:56.446,60090.67,60099.14,1.403,15,33.7276,SUCCESS,0.0141,NORMAL
FIL-000690,ORD-000690,2026-08-26 09:01:56.588,60039.54,60038.22,0.897,29,21.5417,SUCCESS,0.0022,NORMAL
FIL-000691,ORD-000691,2026-08-26 09:01:56.781,3001.38,3001.72,1.24,32,1.4889,SUCCESS,0.0112,NORMAL
FIL-000692,ORD-000692,2026-08-26 09:01:56.995,139.91,139.92,0.677,6,0.0379,SUCCESS,0.0093,NORMAL
FIL-000693,ORD-000693,2026-08-26 09:01:57.279,139.98,140.07,0.87,9,0.0487,SUCCESS,0.0636,NORMAL
FIL-000694,ORD-000694,2026-08-26 09:01:57.461,59964.86,59956.94,0.159,5,3.8133,SUCCESS,0.0132,NORMAL
FIL-000695,ORD-000695,2026-08-26 09:01:57.593,2996.62,2995.81,1.664,10,1.994,SUCCESS,0.0271,NORMAL
FIL-000696,ORD-000696,2026-08-26 09:01:57.780,140.19,140.19,2.395,27,0.1343,SUCCESS,0.0029,NORMAL
FIL-000697,ORD-000697,2026-08-26 09:01:57.884,140.26,140.27,1.611,18,0.0904,SUCCESS,0.0089,NORMAL
FIL-000698,ORD-000698,2026-08-26 09:01:58.158,139.84,139.79,2.089,23,0.1168,SUCCESS,0.0378,NORMAL
FIL-000699,ORD-000699,2026-08-26 09:01:58.247,139.95,139.91,1.893,25,0.1059,SUCCESS,0.0264,NORMAL
FIL-000700,ORD-000700,2026-08-26 09:01:58.315,59952.41,59849.29,0.527,398,12.6162,SUCCESS,0.172,WARNING
FIL-000701,ORD-000701,2026-08-26 09:01:58.464,140.19,140.59,1.071,485,0.0602,SUCCESS,0.2853,THROTTLE
FIL-000702,ORD-000702,2026-08-26 09:01:58.693,139.78,140.25,1.914,471,0.1074,SUCCESS,0.3355,EMERGENCY_PAUSE
FIL-000705,ORD-000705,2026-08-26 09:01:59.324,139.95,139.46,2.294,221,0.128,SUCCESS,0.3532,EMERGENCY_PAUSE
FIL-000707,ORD-000707,2026-08-26 09:01:59.658,140.17,139.83,1.896,284,0.106,SUCCESS,0.2414,EMERGENCY_PAUSE
FIL-000708,ORD-000708,2026-08-26 09:01:59.772,60077.73,59961.96,0.542,198,12.9998,SUCCESS,0.1927,EMERGENCY_PAUSE
FIL-000709,ORD-000709,2026-08-26 09:01:59.962,59904.98,60148.01,2.143,462,51.5589,SUCCESS,0.4057,EMERGENCY_PAUSE
FIL-000710,ORD-000710,2026-08-26 09:02:00.096,2997.88,3003.26,1.841,412,2.2116,SUCCESS,0.1795,EMERGENCY_PAUSE
FIL-000711,ORD-000711,2026-08-26 09:02:00.163,2996.6,2996.65,0.784,58,0.9397,SUCCESS,0.0018,EMERGENCY_PAUSE
FIL-000712,ORD-000712,2026-08-26 09:02:00.390,60107.47,60106.99,1.683,6,40.464,SUCCESS,0.0008,EMERGENCY_PAUSE
FIL-000713,ORD-000713,2026-08-26 09:02:00.549,139.94,139.95,0.859,13,0.0481,SUCCESS,0.0097,EMERGENCY_PAUSE
FIL-000714,ORD-000714,2026-08-26 09:02:00.763,59999.87,60010.79,1.809,5,43.4238,SUCCESS,0.0182,EMERGENCY_PAUSE
FIL-000715,ORD-000715,2026-08-26 09:02:01.037,2999.43,2999.35,1.859,7,2.2303,SUCCESS,0.0026,EMERGENCY_PAUSE
FIL-000716,ORD-000716,2026-08-26 09:02:01.114,2994.29,2994.2,1.269,32,1.5199,SUCCESS,0.0029,EMERGENCY_PAUSE
FIL-000717,ORD-000717,2026-08-26 09:02:01.301,60047.82,60049.8,0.436,16,10.4727,SUCCESS,0.0033,EMERGENCY_PAUSE
FIL-000718,ORD-000718,2026-08-26 09:02:01.579,59901.63,59889.83,1.846,9,44.2227,SUCCESS,0.0197,EMERGENCY_PAUSE
FIL-000719,ORD-000719,2026-08-26 09:02:01.683,59934.35,59942.08,1.946,14,46.6589,SUCCESS,0.0129,THROTTLE
FIL-000720,ORD-000720,2026-08-26 09:02:01.931,60088.36,60079.35,1.233,26,29.6311,SUCCESS,0.015,WARNING
FIL-000721,ORD-000721,2026-08-26 09:02:02.200,59885.95,59885.41,1.515,8,36.2906,SUCCESS,0.0009,NORMAL
FIL-000722,ORD-000722,2026-08-26 09:02:02.378,2996.52,2996.74,1.052,45,1.261,SUCCESS,0.0073,NORMAL
FIL-000723,ORD-000723,2026-08-26 09:02:02.470,59887.23,59902.2,1.574,15,37.7144,SUCCESS,0.025,NORMAL
FIL-000724,ORD-000724,2026-08-26 09:02:02.688,139.99,140.01,2.377,16,0.1331,SUCCESS,0.0122,NORMAL
FIL-000725,ORD-000725,2026-08-26 09:02:02.797,59842.2,59839.63,1.928,66,46.1483,SUCCESS,0.0043,NORMAL
FIL-000726,ORD-000726,2026-08-26 09:02:03.079,60011.51,59994.71,0.596,15,14.3027,SUCCESS,0.028,NORMAL
FIL-000727,ORD-000727,2026-08-26 09:02:03.295,2996.01,2995.41,0.211,11,0.2528,SUCCESS,0.0199,NORMAL
FIL-000728,ORD-000728,2026-08-26 09:02:03.558,3000.21,3000.25,2.091,14,2.5094,SUCCESS,0.0014,NORMAL
FIL-000729,ORD-000729,2026-08-26 09:02:03.704,140.03,140.0,1.004,14,0.0562,SUCCESS,0.0194,NORMAL
FIL-000730,ORD-000730,2026-08-26 09:02:03.886,2999.21,2999.68,2.277,23,2.7321,SUCCESS,0.0156,NORMAL
FIL-000731,ORD-000731,2026-08-26 09:02:04.163,3001.56,3001.48,2.002,39,2.4036,SUCCESS,0.0026,NORMAL
FIL-000732,ORD-000732,2026-08-26 09:02:04.232,139.99,140.01,0.497,52,0.0278,SUCCESS,0.0135,NORMAL
FIL-000733,ORD-000733,2026-08-26 09:02:04.465,140.15,140.14,0.969,15,0.0543,SUCCESS,0.009,NORMAL
FIL-000734,ORD-000734,2026-08-26 09:02:04.687,59919.11,59923.24,0.372,7,8.9166,SUCCESS,0.0069,NORMAL
FIL-000735,ORD-000735,2026-08-26 09:02:04.742,2997.91,2996.79,2.1,13,2.5173,SUCCESS,0.0375,NORMAL
FIL-000736,ORD-000736,2026-08-26 09:02:04.923,60168.98,60171.75,0.423,29,10.1811,SUCCESS,0.0046,NORMAL
FIL-000737,ORD-000737,2026-08-26 09:02:05.218,60002.71,60012.13,0.532,26,12.7706,SUCCESS,0.0157,NORMAL
FIL-000738,ORD-000738,2026-08-26 09:02:05.510,3001.54,3002.73,2.071,42,2.4875,SUCCESS,0.0398,NORMAL
FIL-000739,ORD-000739,2026-08-26 09:02:05.603,59994.16,59998.36,2.182,28,52.3666,SUCCESS,0.007,NORMAL
FIL-000740,ORD-000740,2026-08-26 09:02:05.699,60063.94,60060.4,2.069,31,49.706,SUCCESS,0.0059,NORMAL
FIL-000741,ORD-000741,2026-08-26 09:02:05.901,140.07,140.0,2.314,16,0.1296,SUCCESS,0.0488,NORMAL
FIL-000742,ORD-000742,2026-08-26 09:02:06.002,140.28,140.29,0.361,20,0.0203,SUCCESS,0.0052,NORMAL
FIL-000743,ORD-000743,2026-08-26 09:02:06.282,139.88,139.85,0.526,9,0.0294,SUCCESS,0.0181,NORMAL
FIL-000744,ORD-000744,2026-08-26 09:02:06.355,140.17,140.17,1.906,8,0.1069,SUCCESS,0.0006,NORMAL
FIL-000745,ORD-000745,2026-08-26 09:02:06.645,3003.16,3003.77,0.103,9,0.1238,SUCCESS,0.0203,NORMAL
FIL-000746,ORD-000746,2026-08-26 09:02:06.830,140.06,140.03,0.204,6,0.0114,SUCCESS,0.0243,NORMAL
FIL-000747,ORD-000747,2026-08-26 09:02:06.969,3002.7,3003.45,1.945,17,2.3367,SUCCESS,0.0251,NORMAL
FIL-000748,ORD-000748,2026-08-26 09:02:07.251,140.09,140.12,1.938,16,0.1086,SUCCESS,0.019,NORMAL
FIL-000749,ORD-000749,2026-08-26 09:02:07.302,59992.41,59987.85,0.719,5,17.2525,SUCCESS,0.0076,NORMAL
FIL-000750,ORD-000750,2026-08-26 09:02:07.519,139.78,139.81,0.117,5,0.0065,SUCCESS,0.0227,NORMAL
FIL-000751,ORD-000751,2026-08-26 09:02:07.718,59946.45,59944.17,1.123,24,26.9269,SUCCESS,0.0038,NORMAL
FIL-000752,ORD-000752,2026-08-26 09:02:07.838,2999.79,2999.12,0.978,9,1.1733,SUCCESS,0.0222,NORMAL
FIL-000753,ORD-000753,2026-08-26 09:02:08.011,139.99,139.98,1.981,23,0.1109,SUCCESS,0.0063,NORMAL
FIL-000754,ORD-000754,2026-08-26 09:02:08.208,59983.25,59976.23,2.472,5,59.3045,SUCCESS,0.0117,NORMAL
FIL-000755,ORD-000755,2026-08-26 09:02:08.449,2994.88,2994.72,1.682,8,2.0148,SUCCESS,0.0053,NORMAL
FIL-000756,ORD-000756,2026-08-26 09:02:08.629,60046.37,60044.81,0.341,36,8.1901,SUCCESS,0.0026,NORMAL
FIL-000757,ORD-000757,2026-08-26 09:02:08.692,3002.19,3002.01,1.743,9,2.093,SUCCESS,0.0061,NORMAL
FIL-000758,ORD-000758,2026-08-26 09:02:08.779,59901.56,59897.19,0.319,17,7.6429,SUCCESS,0.0073,NORMAL
FIL-000759,ORD-000759,2026-08-26 09:02:08.984,2999.88,2999.42,0.99,10,1.1878,SUCCESS,0.0155,NORMAL
FIL-000760,ORD-000760,2026-08-26 09:02:09.107,59942.73,59932.72,1.675,31,40.1549,SUCCESS,0.0167,NORMAL
FIL-000761,ORD-000761,2026-08-26 09:02:09.269,139.59,139.61,1.637,15,0.0914,SUCCESS,0.0137,NORMAL
FIL-000762,ORD-000762,2026-08-26 09:02:09.368,59967.07,59975.35,1.344,18,32.2427,SUCCESS,0.0138,NORMAL
FIL-000763,ORD-000763,2026-08-26 09:02:09.585,60054.43,60060.14,0.963,25,23.1352,SUCCESS,0.0095,NORMAL
FIL-000764,ORD-000764,2026-08-26 09:02:09.806,60020.19,60042.64,1.059,13,25.4341,SUCCESS,0.0374,NORMAL
FIL-000765,ORD-000765,2026-08-26 09:02:09.873,3000.88,3000.87,1.869,8,2.2435,SUCCESS,0.0002,NORMAL
FIL-000766,ORD-000766,2026-08-26 09:02:10.011,59884.01,59878.38,1.499,6,35.9031,SUCCESS,0.0094,NORMAL
FIL-000767,ORD-000767,2026-08-26 09:02:10.208,2998.73,2999.12,2.331,21,2.7964,SUCCESS,0.013,NORMAL
FIL-000768,ORD-000768,2026-08-26 09:02:10.386,59956.43,59950.25,1.441,8,34.5553,SUCCESS,0.0103,NORMAL
FIL-000769,ORD-000769,2026-08-26 09:02:10.660,2998.72,2998.33,2.396,26,2.8736,SUCCESS,0.0131,NORMAL
FIL-000770,ORD-000770,2026-08-26 09:02:10.907,139.87,139.82,1.452,6,0.0812,SUCCESS,0.0325,NORMAL
FIL-000771,ORD-000771,2026-08-26 09:02:11.107,59913.26,59909.43,1.206,27,28.9003,SUCCESS,0.0064,NORMAL
FIL-000772,ORD-000772,2026-08-26 09:02:11.213,60055.64,60053.66,1.621,31,38.9388,SUCCESS,0.0033,NORMAL
FIL-000773,ORD-000773,2026-08-26 09:02:11.400,140.13,140.14,0.947,10,0.0531,SUCCESS,0.0073,NORMAL
FIL-000774,ORD-000774,2026-08-26 09:02:11.660,59990.07,59960.31,1.717,10,41.1807,SUCCESS,0.0496,NORMAL
FIL-000775,ORD-000775,2026-08-26 09:02:11.765,3004.57,3005.43,0.853,5,1.0255,SUCCESS,0.0285,NORMAL
FIL-000776,ORD-000776,2026-08-26 09:02:11.863,140.06,140.05,2.333,18,0.1307,SUCCESS,0.0063,NORMAL
FIL-000777,ORD-000777,2026-08-26 09:02:11.971,3000.57,3000.99,0.737,9,0.8847,SUCCESS,0.0139,NORMAL
FIL-000778,ORD-000778,2026-08-26 09:02:12.051,60018.2,60020.78,1.969,17,47.2724,SUCCESS,0.0043,NORMAL
FIL-000779,ORD-000779,2026-08-26 09:02:12.111,59985.63,59985.03,1.4,42,33.5916,SUCCESS,0.001,NORMAL
FIL-000780,ORD-000780,2026-08-26 09:02:12.390,2991.2,2990.89,2.465,12,2.949,SUCCESS,0.0103,NORMAL
FIL-000781,ORD-000781,2026-08-26 09:02:12.511,139.91,139.89,2.298,10,0.1286,SUCCESS,0.0144,NORMAL
FIL-000782,ORD-000782,2026-08-26 09:02:12.669,3004.01,3004.12,1.362,27,1.6366,SUCCESS,0.0036,NORMAL
FIL-000783,ORD-000783,2026-08-26 09:02:12.763,3002.17,3002.55,1.747,12,2.0982,SUCCESS,0.0128,NORMAL
FIL-000784,ORD-000784,2026-08-26 09:02:12.816,2999.48,3000.0,1.754,18,2.1048,SUCCESS,0.0173,NORMAL
FIL-000785,ORD-000785,2026-08-26 09:02:13.086,139.79,139.83,0.968,6,0.0541,SUCCESS,0.0264,NORMAL
FIL-000786,ORD-000786,2026-08-26 09:02:13.292,3004.12,3004.91,1.231,9,1.4796,SUCCESS,0.0262,NORMAL
FIL-000787,ORD-000787,2026-08-26 09:02:13.534,2996.13,2994.84,1.106,19,1.3249,SUCCESS,0.0429,NORMAL
FIL-000788,ORD-000788,2026-08-26 09:02:13.617,3000.28,3000.07,0.532,9,0.6384,SUCCESS,0.007,NORMAL
FIL-000789,ORD-000789,2026-08-26 09:02:13.809,139.93,139.94,2.03,6,0.1136,SUCCESS,0.0067,NORMAL
FIL-000790,ORD-000790,2026-08-26 09:02:13.980,2994.47,2994.1,1.873,26,2.2432,SUCCESS,0.0124,NORMAL
FIL-000791,ORD-000791,2026-08-26 09:02:14.191,59992.28,59998.22,2.244,13,53.8544,SUCCESS,0.0099,NORMAL
FIL-000792,ORD-000792,2026-08-26 09:02:14.386,140.1,140.05,1.449,15,0.0812,SUCCESS,0.0382,NORMAL
FIL-000793,ORD-000793,2026-08-26 09:02:14.501,59992.84,59990.02,0.617,44,14.8055,SUCCESS,0.0047,NORMAL
FIL-000794,ORD-000794,2026-08-26 09:02:14.694,3006.35,3006.78,0.966,9,1.1618,SUCCESS,0.0143,NORMAL
FIL-000795,ORD-000795,2026-08-26 09:02:14.917,140.09,140.06,0.943,13,0.0528,SUCCESS,0.0244,NORMAL
FIL-000796,ORD-000796,2026-08-26 09:02:15.217,139.98,140.0,1.392,8,0.078,SUCCESS,0.0138,NORMAL
FIL-000797,ORD-000797,2026-08-26 09:02:15.381,3000.01,2998.78,1.959,10,2.3498,SUCCESS,0.041,NORMAL
FIL-000798,ORD-000798,2026-08-26 09:02:15.653,60053.31,60043.1,2.396,48,57.5453,SUCCESS,0.017,NORMAL
FIL-000799,ORD-000799,2026-08-26 09:02:15.935,60004.4,59995.46,1.071,23,25.7021,SUCCESS,0.0149,NORMAL
FIL-000800,ORD-000800,2026-08-26 09:02:16.059,59869.58,59874.79,0.861,9,20.6209,SUCCESS,0.0087,NORMAL
FIL-000801,ORD-000801,2026-08-26 09:02:16.308,139.98,139.95,2.23,21,0.1248,SUCCESS,0.0229,NORMAL
FIL-000802,ORD-000802,2026-08-26 09:02:16.544,2997.61,2997.33,0.155,42,0.1858,SUCCESS,0.0092,NORMAL
FIL-000803,ORD-000803,2026-08-26 09:02:16.636,59995.25,59986.49,0.292,44,7.0064,SUCCESS,0.0146,NORMAL
FIL-000804,ORD-000804,2026-08-26 09:02:16.699,2999.68,2999.77,1.236,8,1.4831,SUCCESS,0.003,NORMAL
FIL-000805,ORD-000805,2026-08-26 09:02:16.907,59971.49,59969.33,0.349,16,8.3717,SUCCESS,0.0036,NORMAL
FIL-000806,ORD-000806,2026-08-26 09:02:17.020,60029.6,60052.59,0.842,6,20.2257,SUCCESS,0.0383,NORMAL
FIL-000807,ORD-000807,2026-08-26 09:02:17.113,140.06,140.01,1.364,10,0.0764,SUCCESS,0.0328,NORMAL
FIL-000808,ORD-000808,2026-08-26 09:02:17.284,59935.79,59951.97,0.88,10,21.1031,SUCCESS,0.027,NORMAL
FIL-000809,ORD-000809,2026-08-26 09:02:17.472,2999.0,2998.42,2.376,12,2.8497,SUCCESS,0.0193,NORMAL
FIL-000810,ORD-000810,2026-08-26 09:02:17.656,60013.8,60000.36,1.454,5,34.8962,SUCCESS,0.0224,NORMAL
FIL-000811,ORD-000811,2026-08-26 09:02:17.728,139.87,139.8,0.645,6,0.0361,SUCCESS,0.0518,NORMAL
FIL-000812,ORD-000812,2026-08-26 09:02:17.778,2999.81,2999.16,0.829,8,0.9945,SUCCESS,0.0217,NORMAL
FIL-000813,ORD-000813,2026-08-26 09:02:18.064,140.29,140.3,0.12,5,0.0067,SUCCESS,0.0101,NORMAL
FIL-000814,ORD-000814,2026-08-26 09:02:18.266,3002.22,3002.15,2.015,12,2.4197,SUCCESS,0.0024,NORMAL
FIL-000815,ORD-000815,2026-08-26 09:02:18.427,59873.28,59897.65,2.217,5,53.1172,SUCCESS,0.0407,NORMAL
FIL-000816,ORD-000816,2026-08-26 09:02:18.573,2999.7,3000.14,1.035,7,1.2421,SUCCESS,0.0146,NORMAL
FIL-000817,ORD-000817,2026-08-26 09:02:18.827,59968.25,59955.18,1.34,43,32.136,SUCCESS,0.0218,NORMAL
FIL-000818,ORD-000818,2026-08-26 09:02:18.982,140.0,139.98,2.041,8,0.1143,SUCCESS,0.0166,NORMAL
FIL-000819,ORD-000819,2026-08-26 09:02:19.190,60127.47,60137.87,1.629,5,39.1858,SUCCESS,0.0173,NORMAL
FIL-000820,ORD-000820,2026-08-26 09:02:19.245,3000.19,2992.8,0.465,232,0.5567,SUCCESS,0.2462,WARNING
FIL-000822,ORD-000822,2026-08-26 09:02:19.550,3000.38,3012.08,2.495,1126,3.0061,SUCCESS,0.3898,EMERGENCY_PAUSE
FIL-000823,ORD-000823,2026-08-26 09:02:19.739,60028.33,59912.0,0.74,533,17.734,SUCCESS,0.1938,EMERGENCY_PAUSE
FIL-000826,ORD-000826,2026-08-26 09:02:20.283,60089.56,60235.94,0.875,224,21.0826,SUCCESS,0.2436,EMERGENCY_PAUSE
FIL-000827,ORD-000827,2026-08-26 09:02:20.388,140.17,140.46,2.23,388,0.1253,SUCCESS,0.2096,EMERGENCY_PAUSE
FIL-000830,ORD-000830,2026-08-26 09:02:21.097,60043.11,60244.61,2.334,244,56.2444,SUCCESS,0.3356,EMERGENCY_PAUSE
FIL-000831,ORD-000831,2026-08-26 09:02:21.174,59993.55,59995.89,1.387,17,33.2857,SUCCESS,0.0039,EMERGENCY_PAUSE
FIL-000832,ORD-000832,2026-08-26 09:02:21.417,59928.96,59928.6,1.993,27,47.7751,SUCCESS,0.0006,EMERGENCY_PAUSE
FIL-000833,ORD-000833,2026-08-26 09:02:21.652,3000.5,3000.21,1.007,11,1.2085,SUCCESS,0.0096,EMERGENCY_PAUSE
FIL-000834,ORD-000834,2026-08-26 09:02:21.777,59964.81,59963.13,1.15,18,27.583,SUCCESS,0.0028,EMERGENCY_PAUSE
FIL-000835,ORD-000835,2026-08-26 09:02:22.014,139.9,139.88,0.934,11,0.0523,SUCCESS,0.0169,EMERGENCY_PAUSE
FIL-000836,ORD-000836,2026-08-26 09:02:22.105,2994.89,2994.07,2.165,21,2.5929,SUCCESS,0.0273,EMERGENCY_PAUSE
FIL-000837,ORD-000837,2026-08-26 09:02:22.271,60066.46,60077.33,1.4,23,33.6433,SUCCESS,0.0181,EMERGENCY_PAUSE
FIL-000838,ORD-000838,2026-08-26 09:02:22.414,59899.23,59890.72,1.587,10,38.0186,SUCCESS,0.0142,EMERGENCY_PAUSE
FIL-000839,ORD-000839,2026-08-26 09:02:22.673,140.11,140.14,2.421,7,0.1357,SUCCESS,0.0205,THROTTLE
FIL-000840,ORD-000840,2026-08-26 09:02:22.879,3000.4,3000.46,1.424,5,1.7091,SUCCESS,0.0019,WARNING
FIL-000841,ORD-000841,2026-08-26 09:02:23.097,3001.76,3001.14,0.331,41,0.3974,SUCCESS,0.0208,NORMAL
FIL-000842,ORD-000842,2026-08-26 09:02:23.198,60125.01,60150.44,2.196,15,52.8361,SUCCESS,0.0423,NORMAL
FIL-000843,ORD-000843,2026-08-26 09:02:23.347,60000.26,59984.9,1.64,8,39.3501,SUCCESS,0.0256,NORMAL
FIL-000844,ORD-000844,2026-08-26 09:02:23.490,139.95,139.94,0.714,40,0.04,SUCCESS,0.0062,NORMAL
FIL-000845,ORD-000845,2026-08-26 09:02:23.777,60061.31,60062.99,1.674,23,40.2182,SUCCESS,0.0028,NORMAL
FIL-000846,ORD-000846,2026-08-26 09:02:24.067,59785.73,59776.76,1.439,7,34.4075,SUCCESS,0.015,NORMAL
FIL-000847,ORD-000847,2026-08-26 09:02:24.252,3000.79,3000.71,1.581,9,1.8976,SUCCESS,0.0027,NORMAL
FIL-000848,ORD-000848,2026-08-26 09:02:24.434,60032.63,60057.9,0.618,5,14.8463,SUCCESS,0.0421,NORMAL
FIL-000849,ORD-000849,2026-08-26 09:02:24.618,60017.94,60018.18,0.555,24,13.324,SUCCESS,0.0004,NORMAL
FIL-000850,ORD-000850,2026-08-26 09:02:24.810,140.14,140.17,1.44,19,0.0807,SUCCESS,0.0236,NORMAL
FIL-000851,ORD-000851,2026-08-26 09:02:25.039,3003.88,3004.25,1.719,6,2.0657,SUCCESS,0.0122,NORMAL
FIL-000852,ORD-000852,2026-08-26 09:02:25.191,140.14,140.14,0.533,8,0.0299,SUCCESS,0.0001,NORMAL
FIL-000853,ORD-000853,2026-08-26 09:02:25.479,139.98,139.95,1.54,6,0.0862,SUCCESS,0.0238,NORMAL
FIL-000854,ORD-000854,2026-08-26 09:02:25.634,2992.02,2991.67,2.128,5,2.5465,SUCCESS,0.0117,NORMAL
FIL-000855,ORD-000855,2026-08-26 09:02:25.823,139.84,139.79,0.678,8,0.0379,SUCCESS,0.0343,NORMAL
FIL-000856,ORD-000856,2026-08-26 09:02:26.119,60043.23,60028.52,0.71,27,17.0481,SUCCESS,0.0245,NORMAL
FIL-000857,ORD-000857,2026-08-26 09:02:26.241,2997.67,2996.85,0.183,9,0.2194,SUCCESS,0.0273,NORMAL
FIL-000858,ORD-000858,2026-08-26 09:02:26.367,140.09,140.13,0.824,7,0.0462,SUCCESS,0.0257,NORMAL
FIL-000859,ORD-000859,2026-08-26 09:02:26.593,59990.91,60014.43,2.073,24,49.764,SUCCESS,0.0392,NORMAL
FIL-000860,ORD-000860,2026-08-26 09:02:26.710,2995.14,2995.49,0.475,17,0.5691,SUCCESS,0.0117,NORMAL
FIL-000861,ORD-000861,2026-08-26 09:02:26.862,2997.88,2998.47,0.321,19,0.385,SUCCESS,0.0196,NORMAL
FIL-000862,ORD-000862,2026-08-26 09:02:26.956,139.93,139.96,2.003,15,0.1121,SUCCESS,0.023,NORMAL
FIL-000863,ORD-000863,2026-08-26 09:02:27.153,2995.79,2996.67,1.854,9,2.2223,SUCCESS,0.0294,NORMAL
FIL-000864,ORD-000864,2026-08-26 09:02:27.428,3002.71,3004.21,0.903,6,1.0851,SUCCESS,0.0499,NORMAL
FIL-000865,ORD-000865,2026-08-26 09:02:27.669,3009.03,3008.08,1.949,10,2.3451,SUCCESS,0.0316,NORMAL
FIL-000866,ORD-000866,2026-08-26 09:02:27.853,140.15,140.17,0.23,12,0.0129,SUCCESS,0.0146,NORMAL
FIL-000867,ORD-000867,2026-08-26 09:02:27.959,60023.86,60022.96,1.306,20,31.356,SUCCESS,0.0015,NORMAL
FIL-000868,ORD-000868,2026-08-26 09:02:28.201,60046.6,60047.32,2.43,24,58.366,SUCCESS,0.0012,NORMAL
FIL-000869,ORD-000869,2026-08-26 09:02:28.284,139.86,139.9,1.046,9,0.0585,SUCCESS,0.0312,NORMAL
FIL-000870,ORD-000870,2026-08-26 09:02:28.401,3003.11,3003.41,1.416,14,1.7011,SUCCESS,0.0099,NORMAL
FIL-000871,ORD-000871,2026-08-26 09:02:28.485,60034.12,60022.65,0.413,10,9.9157,SUCCESS,0.0191,NORMAL
FIL-000872,ORD-000872,2026-08-26 09:02:28.692,2998.7,2998.82,0.571,20,0.6849,SUCCESS,0.0041,NORMAL
FIL-000873,ORD-000873,2026-08-26 09:02:28.917,140.0,140.01,1.132,26,0.0634,SUCCESS,0.0088,NORMAL
FIL-000874,ORD-000874,2026-08-26 09:02:29.015,140.07,140.11,0.977,8,0.0548,SUCCESS,0.0278,NORMAL
FIL-000875,ORD-000875,2026-08-26 09:02:29.154,3001.43,3000.04,0.832,14,0.9984,SUCCESS,0.0464,NORMAL
FIL-000876,ORD-000876,2026-08-26 09:02:29.263,140.0,139.97,2.318,28,0.1298,SUCCESS,0.0198,NORMAL
FIL-000877,ORD-000877,2026-08-26 09:02:29.502,59962.44,59956.5,0.306,14,7.3387,SUCCESS,0.0099,NORMAL
FIL-000878,ORD-000878,2026-08-26 09:02:29.761,59989.21,59989.45,2.185,29,52.4308,SUCCESS,0.0004,NORMAL
FIL-000879,ORD-000879,2026-08-26 09:02:29.931,2997.71,2998.23,0.832,9,0.9978,SUCCESS,0.0175,NORMAL
FIL-000880,ORD-000880,2026-08-26 09:02:30.114,60042.59,60028.36,0.589,24,14.1427,SUCCESS,0.0237,NORMAL
FIL-000881,ORD-000881,2026-08-26 09:02:30.335,2995.6,2995.26,1.768,15,2.1182,SUCCESS,0.0114,NORMAL
FIL-000882,ORD-000882,2026-08-26 09:02:30.428,59955.61,59949.25,0.204,9,4.8919,SUCCESS,0.0106,NORMAL
FIL-000883,ORD-000883,2026-08-26 09:02:30.597,59912.85,59892.24,0.751,16,17.9916,SUCCESS,0.0344,NORMAL
FIL-000884,ORD-000884,2026-08-26 09:02:30.880,139.89,139.89,1.691,11,0.0946,SUCCESS,0.0007,NORMAL
FIL-000885,ORD-000885,2026-08-26 09:02:31.096,139.75,139.75,2.182,18,0.122,SUCCESS,0.0014,NORMAL
FIL-000886,ORD-000886,2026-08-26 09:02:31.377,2999.81,3000.21,1.803,10,2.1638,SUCCESS,0.0132,NORMAL
FIL-000887,ORD-000887,2026-08-26 09:02:31.555,3001.21,3000.8,0.547,18,0.6566,SUCCESS,0.0137,NORMAL
FIL-000888,ORD-000888,2026-08-26 09:02:31.730,3001.86,3001.91,0.832,11,0.999,SUCCESS,0.0017,NORMAL
FIL-000889,ORD-000889,2026-08-26 09:02:31.857,3001.08,3001.08,0.953,8,1.144,SUCCESS,0.0001,NORMAL
FIL-000890,ORD-000890,2026-08-26 09:02:32.134,59893.9,59887.49,2.209,52,52.9166,SUCCESS,0.0107,NORMAL
FIL-000891,ORD-000891,2026-08-26 09:02:32.219,59948.49,59924.33,1.043,7,25.0004,SUCCESS,0.0403,NORMAL
FIL-000892,ORD-000892,2026-08-26 09:02:32.444,59957.2,59941.07,2.194,19,52.6043,SUCCESS,0.0269,NORMAL
FIL-000893,ORD-000893,2026-08-26 09:02:32.726,59938.24,59934.28,2.429,11,58.2321,SUCCESS,0.0066,NORMAL
FIL-000894,ORD-000894,2026-08-26 09:02:32.924,139.9,139.89,1.666,12,0.0932,SUCCESS,0.0084,NORMAL
FIL-000895,ORD-000895,2026-08-26 09:02:33.108,139.87,139.89,1.792,17,0.1003,SUCCESS,0.0118,NORMAL
FIL-000896,ORD-000896,2026-08-26 09:02:33.396,60017.76,60017.22,0.448,5,10.7551,SUCCESS,0.0009,NORMAL
FIL-000897,ORD-000897,2026-08-26 09:02:33.476,139.97,140.03,2.377,15,0.1331,SUCCESS,0.04,NORMAL
FIL-000898,ORD-000898,2026-08-26 09:02:33.607,60068.86,60053.12,0.171,8,4.1076,SUCCESS,0.0262,NORMAL
FIL-000899,ORD-000899,2026-08-26 09:02:33.820,2996.26,2995.62,2.072,19,2.4828,SUCCESS,0.0215,NORMAL
FIL-000900,ORD-000900,2026-08-26 09:02:33.876,140.12,140.08,0.416,8,0.0233,SUCCESS,0.0304,NORMAL
FIL-000901,ORD-000901,2026-08-26 09:02:33.985,140.03,140.02,1.531,40,0.0857,SUCCESS,0.0057,NORMAL
FIL-000902,ORD-000902,2026-08-26 09:02:34.163,140.05,140.09,1.244,15,0.0697,SUCCESS,0.0309,NORMAL
FIL-000903,ORD-000903,2026-08-26 09:02:34.338,140.15,140.13,2.145,11,0.1202,SUCCESS,0.0109,NORMAL
FIL-000904,ORD-000904,2026-08-26 09:02:34.636,2999.53,3000.17,1.081,8,1.2973,SUCCESS,0.0214,NORMAL
FIL-000905,ORD-000905,2026-08-26 09:02:34.737,59990.27,59988.89,1.711,11,41.0564,SUCCESS,0.0023,NORMAL
FIL-000906,ORD-000906,2026-08-26 09:02:34.944,60031.23,60036.93,1.154,18,27.713,SUCCESS,0.0095,NORMAL
FIL-000907,ORD-000907,2026-08-26 09:02:35.192,2999.18,2998.69,1.126,6,1.3506,SUCCESS,0.0163,NORMAL
FIL-000908,ORD-000908,2026-08-26 09:02:35.388,60005.38,60004.6,2.354,11,56.5003,SUCCESS,0.0013,NORMAL
FIL-000909,ORD-000909,2026-08-26 09:02:35.448,139.79,139.8,2.085,20,0.1166,SUCCESS,0.0103,NORMAL
FIL-000910,ORD-000910,2026-08-26 09:02:35.693,59988.79,59979.31,1.03,16,24.7115,SUCCESS,0.0158,NORMAL
FIL-000911,ORD-000911,2026-08-26 09:02:35.941,140.11,140.13,2.223,20,0.1246,SUCCESS,0.0172,NORMAL
FIL-000912,ORD-000912,2026-08-26 09:02:36.167,3001.4,3001.23,2.306,5,2.7683,SUCCESS,0.0057,NORMAL
FIL-000913,ORD-000913,2026-08-26 09:02:36.345,139.91,139.97,0.317,8,0.0177,SUCCESS,0.0441,NORMAL
FIL-000914,ORD-000914,2026-08-26 09:02:36.429,59987.95,59988.91,1.771,16,42.4961,SUCCESS,0.0016,NORMAL
FIL-000915,ORD-000915,2026-08-26 09:02:36.708,3000.42,2999.87,1.189,41,1.4267,SUCCESS,0.0182,NORMAL
FIL-000916,ORD-000916,2026-08-26 09:02:36.924,140.07,140.09,0.878,25,0.0492,SUCCESS,0.0115,NORMAL
FIL-000917,ORD-000917,2026-08-26 09:02:37.089,140.11,140.16,0.374,7,0.021,SUCCESS,0.0383,NORMAL
FIL-000918,ORD-000918,2026-08-26 09:02:37.388,140.09,140.08,1.844,21,0.1033,SUCCESS,0.0053,NORMAL
FIL-000919,ORD-000919,2026-08-26 09:02:37.671,140.02,140.04,1.944,10,0.1089,SUCCESS,0.0131,NORMAL
FIL-000920,ORD-000920,2026-08-26 09:02:37.734,3002.6,3002.77,1.946,14,2.3374,SUCCESS,0.0057,NORMAL
FIL-000921,ORD-000921,2026-08-26 09:02:37.944,2995.56,2994.6,1.171,32,1.4027,SUCCESS,0.0321,NORMAL
FIL-000922,ORD-000922,2026-08-26 09:02:38.189,60044.47,60054.56,0.108,12,2.5944,SUCCESS,0.0168,NORMAL
FIL-000923,ORD-000923,2026-08-26 09:02:38.240,3002.38,3003.05,1.404,19,1.6865,SUCCESS,0.0223,NORMAL
FIL-000924,ORD-000924,2026-08-26 09:02:38.394,139.71,139.71,1.242,17,0.0694,SUCCESS,0.001,NORMAL
FIL-000925,ORD-000925,2026-08-26 09:02:38.515,3002.88,3002.99,2.217,12,2.6631,SUCCESS,0.0038,NORMAL
FIL-000926,ORD-000926,2026-08-26 09:02:38.574,140.01,140.01,1.668,13,0.0934,SUCCESS,0.0001,NORMAL
FIL-000927,ORD-000927,2026-08-26 09:02:38.859,60092.63,60095.03,0.816,17,19.615,SUCCESS,0.004,NORMAL
FIL-000928,ORD-000928,2026-08-26 09:02:38.981,59976.46,59991.93,0.487,7,11.6864,SUCCESS,0.0258,NORMAL
FIL-000929,ORD-000929,2026-08-26 09:02:39.040,140.06,140.07,0.964,25,0.054,SUCCESS,0.0039,NORMAL
FIL-000930,ORD-000930,2026-08-26 09:02:39.284,60013.8,60006.78,2.069,9,49.6616,SUCCESS,0.0117,NORMAL
FIL-000931,ORD-000931,2026-08-26 09:02:39.404,2997.82,2998.81,1.767,13,2.1196,SUCCESS,0.0329,NORMAL
FIL-000932,ORD-000932,2026-08-26 09:02:39.481,3001.3,3000.71,1.569,10,1.8832,SUCCESS,0.0196,NORMAL
FIL-000933,ORD-000933,2026-08-26 09:02:39.711,140.09,140.11,2.341,9,0.1312,SUCCESS,0.0129,NORMAL
FIL-000934,ORD-000934,2026-08-26 09:02:39.920,2995.61,2995.45,1.361,13,1.6307,SUCCESS,0.0054,NORMAL
FIL-000935,ORD-000935,2026-08-26 09:02:40.097,2997.75,2998.29,1.85,14,2.2187,SUCCESS,0.018,NORMAL
FIL-000936,ORD-000936,2026-08-26 09:02:40.196,3000.34,3001.19,0.797,28,0.9568,SUCCESS,0.0284,NORMAL
FIL-000937,ORD-000937,2026-08-26 09:02:40.463,60034.96,60036.28,0.383,28,9.1976,SUCCESS,0.0022,NORMAL
FIL-000938,ORD-000938,2026-08-26 09:02:40.676,60089.44,60077.72,1.445,16,34.7249,SUCCESS,0.0195,NORMAL
FIL-000939,ORD-000939,2026-08-26 09:02:40.743,59950.41,59956.82,0.711,7,17.0517,SUCCESS,0.0107,NORMAL
FIL-000940,ORD-000940,2026-08-26 09:02:40.978,3001.93,2997.37,1.746,211,2.0934,SUCCESS,0.1518,WARNING
FIL-000941,ORD-000941,2026-08-26 09:02:41.149,140.15,140.71,2.313,360,0.1302,SUCCESS,0.4001,THROTTLE
FIL-000942,ORD-000942,2026-08-26 09:02:41.399,60061.12,60311.94,1.389,223,33.5093,SUCCESS,0.4176,EMERGENCY_PAUSE
FIL-000943,ORD-000943,2026-08-26 09:02:41.502,2998.17,3009.19,0.857,207,1.0316,SUCCESS,0.3675,EMERGENCY_PAUSE
FIL-000944,ORD-000944,2026-08-26 09:02:41.559,139.81,139.45,2.427,242,0.1354,SUCCESS,0.2561,EMERGENCY_PAUSE
FIL-000945,ORD-000945,2026-08-26 09:02:41.830,3006.98,2997.32,1.035,250,1.2409,SUCCESS,0.3213,EMERGENCY_PAUSE
FIL-000946,ORD-000946,2026-08-26 09:02:42.092,3001.0,2995.72,2.205,194,2.6422,SUCCESS,0.176,EMERGENCY_PAUSE
FIL-000948,ORD-000948,2026-08-26 09:02:42.438,2998.61,3004.49,0.916,983,1.1008,SUCCESS,0.1962,EMERGENCY_PAUSE
FIL-000949,ORD-000949,2026-08-26 09:02:42.661,140.13,139.55,2.073,314,0.1157,SUCCESS,0.4115,EMERGENCY_PAUSE
FIL-000951,ORD-000951,2026-08-26 09:02:43.195,60118.27,60128.97,0.347,19,8.3459,SUCCESS,0.0178,EMERGENCY_PAUSE
FIL-000952,ORD-000952,2026-08-26 09:02:43.298,139.99,139.97,1.633,11,0.0914,SUCCESS,0.0159,EMERGENCY_PAUSE
FIL-000953,ORD-000953,2026-08-26 09:02:43.460,3001.28,3002.14,0.866,14,1.0399,SUCCESS,0.0285,EMERGENCY_PAUSE
FIL-000954,ORD-000954,2026-08-26 09:02:43.755,140.05,140.06,0.375,6,0.021,SUCCESS,0.0083,EMERGENCY_PAUSE
FIL-000955,ORD-000955,2026-08-26 09:02:43.841,139.88,139.88,0.864,19,0.0483,SUCCESS,0.0018,EMERGENCY_PAUSE
FIL-000956,ORD-000956,2026-08-26 09:02:44.119,139.92,139.9,0.847,32,0.0474,SUCCESS,0.0157,EMERGENCY_PAUSE
FIL-000957,ORD-000957,2026-08-26 09:02:44.181,2999.81,2999.24,2.268,11,2.7209,SUCCESS,0.019,EMERGENCY_PAUSE
FIL-000958,ORD-000958,2026-08-26 09:02:44.383,59991.26,59988.08,0.53,14,12.7175,SUCCESS,0.0053,EMERGENCY_PAUSE
FIL-000959,ORD-000959,2026-08-26 09:02:44.615,140.19,140.15,2.062,8,0.1156,SUCCESS,0.0299,THROTTLE
FIL-000960,ORD-000960,2026-08-26 09:02:44.698,140.18,140.2,1.218,25,0.0683,SUCCESS,0.0126,WARNING
FIL-000961,ORD-000961,2026-08-26 09:02:44.944,59990.81,59970.11,1.647,9,39.5083,SUCCESS,0.0345,NORMAL
FIL-000962,ORD-000962,2026-08-26 09:02:45.151,2998.98,2997.82,2.167,7,2.5985,SUCCESS,0.0386,NORMAL
FIL-000963,ORD-000963,2026-08-26 09:02:45.402,2997.3,2997.04,1.696,10,2.0332,SUCCESS,0.0087,NORMAL
FIL-000964,ORD-000964,2026-08-26 09:02:45.574,2998.87,2998.01,0.371,14,0.4449,SUCCESS,0.0288,NORMAL
FIL-000965,ORD-000965,2026-08-26 09:02:45.754,2998.48,2998.91,1.479,10,1.7742,SUCCESS,0.0142,NORMAL
FIL-000966,ORD-000966,2026-08-26 09:02:45.970,59976.31,59954.18,0.882,75,21.1518,SUCCESS,0.0369,NORMAL
FIL-000967,ORD-000967,2026-08-26 09:02:46.178,59881.42,59868.01,1.092,7,26.1503,SUCCESS,0.0224,NORMAL
FIL-000968,ORD-000968,2026-08-26 09:02:46.436,59930.73,59942.36,0.918,5,22.0108,SUCCESS,0.0194,NORMAL
FIL-000969,ORD-000969,2026-08-26 09:02:46.625,139.91,139.86,1.99,20,0.1113,SUCCESS,0.0341,NORMAL
FIL-000970,ORD-000970,2026-08-26 09:02:46.857,140.19,140.23,1.874,5,0.1051,SUCCESS,0.0294,NORMAL
FIL-000971,ORD-000971,2026-08-26 09:02:46.931,140.08,140.06,0.881,12,0.0494,SUCCESS,0.0128,NORMAL
FIL-000972,ORD-000972,2026-08-26 09:02:47.156,3001.11,3002.32,1.536,5,1.8446,SUCCESS,0.0403,NORMAL
FIL-000973,ORD-000973,2026-08-26 09:02:47.261,140.05,140.0,0.248,23,0.0139,SUCCESS,0.0391,NORMAL
FIL-000974,ORD-000974,2026-08-26 09:02:47.385,60051.07,60064.58,1.187,13,28.5187,SUCCESS,0.0225,NORMAL
FIL-000975,ORD-000975,2026-08-26 09:02:47.580,3000.93,3000.71,0.86,16,1.0322,SUCCESS,0.0072,NORMAL
FIL-000976,ORD-000976,2026-08-26 09:02:47.864,139.89,139.86,1.823,7,0.102,SUCCESS,0.0206,NORMAL
FIL-000977,ORD-000977,2026-08-26 09:02:48.130,3001.19,3001.77,1.325,33,1.5909,SUCCESS,0.0193,NORMAL
FIL-000978,ORD-000978,2026-08-26 09:02:48.180,60026.48,60003.19,2.423,17,58.1551,SUCCESS,0.0388,NORMAL
FIL-000979,ORD-000979,2026-08-26 09:02:48.340,140.02,139.98,0.175,17,0.0098,SUCCESS,0.0288,NORMAL
FIL-000980,ORD-000980,2026-08-26 09:02:48.501,139.98,139.96,1.074,20,0.0601,SUCCESS,0.0143,NORMAL
FIL-000981,ORD-000981,2026-08-26 09:02:48.649,139.89,139.89,0.552,9,0.0309,SUCCESS,0.003,NORMAL
FIL-000982,ORD-000982,2026-08-26 09:02:48.733,2997.43,2997.32,1.708,11,2.0478,SUCCESS,0.0037,NORMAL
FIL-000983,ORD-000983,2026-08-26 09:02:48.951,60006.94,60023.74,2.224,7,53.3971,SUCCESS,0.028,NORMAL
FIL-000984,ORD-000984,2026-08-26 09:02:49.117,3000.97,3000.98,1.098,10,1.318,SUCCESS,0.0004,NORMAL
FIL-000985,ORD-000985,2026-08-26 09:02:49.376,140.06,140.02,1.118,24,0.0626,SUCCESS,0.0306,NORMAL
FIL-000986,ORD-000986,2026-08-26 09:02:49.573,3002.48,3002.12,1.551,8,1.8625,SUCCESS,0.012,NORMAL
FIL-000987,ORD-000987,2026-08-26 09:02:49.770,3000.82,3001.45,2.324,9,2.7901,SUCCESS,0.0211,NORMAL
FIL-000988,ORD-000988,2026-08-26 09:02:49.848,2997.85,2997.92,1.792,19,2.1489,SUCCESS,0.0022,NORMAL
FIL-000989,ORD-000989,2026-08-26 09:02:50.032,140.05,140.03,1.852,8,0.1037,SUCCESS,0.0173,NORMAL
FIL-000990,ORD-000990,2026-08-26 09:02:50.144,3002.83,3002.21,1.564,23,1.8782,SUCCESS,0.0207,NORMAL
FIL-000991,ORD-000991,2026-08-26 09:02:50.350,2998.21,2998.86,1.491,6,1.7885,SUCCESS,0.0216,NORMAL
FIL-000992,ORD-000992,2026-08-26 09:02:50.631,59937.04,59913.84,1.19,11,28.519,SUCCESS,0.0387,NORMAL
FIL-000993,ORD-000993,2026-08-26 09:02:50.755,3000.75,3000.11,2.016,5,2.4193,SUCCESS,0.0213,NORMAL
FIL-000994,ORD-000994,2026-08-26 09:02:51.005,59931.87,59951.83,0.83,32,19.904,SUCCESS,0.0333,NORMAL
FIL-000995,ORD-000995,2026-08-26 09:02:51.068,139.94,139.91,0.506,32,0.0283,SUCCESS,0.0246,NORMAL
FIL-000996,ORD-000996,2026-08-26 09:02:51.139,139.92,139.89,0.788,15,0.0441,SUCCESS,0.0229,NORMAL
FIL-000997,ORD-000997,2026-08-26 09:02:51.260,60051.41,60064.74,0.418,28,10.0428,SUCCESS,0.0222,NORMAL
FIL-000998,ORD-000998,2026-08-26 09:02:51.461,2999.41,2999.41,0.519,6,0.6227,SUCCESS,0.0001,NORMAL
FIL-000999,ORD-000999,2026-08-26 09:02:51.711,140.0,140.01,0.521,23,0.0292,SUCCESS,0.0073,NORMAL
FIL-001000,ORD-001000,2026-08-26 09:02:51.848,139.76,139.79,2.169,17,0.1213,SUCCESS,0.0228,NORMAL
FIL-001001,ORD-001001,2026-08-26 09:02:52.090,60043.32,60065.3,2.11,22,50.6951,SUCCESS,0.0366,NORMAL
FIL-001002,ORD-001002,2026-08-26 09:02:52.193,3002.91,3001.4,1.63,16,1.9569,SUCCESS,0.0504,NORMAL
FIL-001003,ORD-001003,2026-08-26 09:02:52.256,140.02,139.98,2.067,15,0.1157,SUCCESS,0.0309,NORMAL
FIL-001004,ORD-001004,2026-08-26 09:02:52.498,60100.12,60100.0,1.891,10,45.4596,SUCCESS,0.0002,NORMAL
FIL-001005,ORD-001005,2026-08-26 09:02:52.585,140.08,140.11,1.239,36,0.0694,SUCCESS,0.018,NORMAL
FIL-001006,ORD-001006,2026-08-26 09:02:52.808,139.96,139.93,1.177,14,0.0659,SUCCESS,0.0212,NORMAL
FIL-001007,ORD-001007,2026-08-26 09:02:53.074,3002.18,3003.01,0.949,15,1.1399,SUCCESS,0.0277,NORMAL
FIL-001008,ORD-001008,2026-08-26 09:02:53.291,2999.5,2999.41,0.336,18,0.4031,SUCCESS,0.0031,NORMAL
FIL-001009,ORD-001009,2026-08-26 09:02:53.513,139.84,139.78,0.68,39,0.038,SUCCESS,0.0396,NORMAL
FIL-001010,ORD-001010,2026-08-26 09:02:53.643,140.01,140.03,2.484,19,0.1391,SUCCESS,0.0155,NORMAL
FIL-001011,ORD-001011,2026-08-26 09:02:53.718,140.15,140.2,0.129,8,0.0072,SUCCESS,0.0368,NORMAL
FIL-001012,ORD-001012,2026-08-26 09:02:53.832,140.07,140.08,1.841,15,0.1032,SUCCESS,0.0104,NORMAL
FIL-001013,ORD-001013,2026-08-26 09:02:54.050,60039.77,60044.33,2.352,12,56.4897,SUCCESS,0.0076,NORMAL
FIL-001014,ORD-001014,2026-08-26 09:02:54.133,60063.17,60074.88,2.155,7,51.7845,SUCCESS,0.0195,NORMAL
FIL-001015,ORD-001015,2026-08-26 09:02:54.302,3004.96,3005.77,0.708,26,0.8512,SUCCESS,0.0271,NORMAL
FIL-001016,ORD-001016,2026-08-26 09:02:54.461,139.87,139.97,0.763,11,0.0427,SUCCESS,0.0712,NORMAL
FIL-001017,ORD-001017,2026-08-26 09:02:54.526,140.02,140.0,0.765,8,0.0428,SUCCESS,0.013,NORMAL
FIL-001018,ORD-001018,2026-08-26 09:02:54.643,3000.15,2999.39,2.393,15,2.871,SUCCESS,0.0253,NORMAL
FIL-001019,ORD-001019,2026-08-26 09:02:54.793,59966.05,59961.85,0.582,5,13.9591,SUCCESS,0.007,NORMAL
FIL-001020,ORD-001020,2026-08-26 09:02:55.000,59945.55,59941.35,1.135,16,27.2134,SUCCESS,0.007,NORMAL
FIL-001021,ORD-001021,2026-08-26 09:02:55.068,139.85,139.88,0.348,28,0.0195,SUCCESS,0.0225,NORMAL
FIL-001022,ORD-001022,2026-08-26 09:02:55.285,59984.01,59975.49,1.294,21,31.0433,SUCCESS,0.0142,NORMAL
FIL-001023,ORD-001023,2026-08-26 09:02:55.514,140.14,140.14,0.739,75,0.0414,SUCCESS,0.0026,NORMAL
FIL-001024,ORD-001024,2026-08-26 09:02:55.689,3000.57,3000.22,2.356,12,2.8274,SUCCESS,0.0115,NORMAL
FIL-001025,ORD-001025,2026-08-26 09:02:55.756,2998.15,2997.97,2.049,49,2.4571,SUCCESS,0.0061,NORMAL
FIL-001026,ORD-001026,2026-08-26 09:02:55.929,140.06,140.08,2.063,38,0.1156,SUCCESS,0.0162,NORMAL
FIL-001027,ORD-001027,2026-08-26 09:02:56.224,59981.65,59978.71,0.232,5,5.566,SUCCESS,0.0049,NORMAL
FIL-001028,ORD-001028,2026-08-26 09:02:56.489,139.92,139.93,0.916,12,0.0513,SUCCESS,0.0041,NORMAL
FIL-001029,ORD-001029,2026-08-26 09:02:56.637,2998.23,2998.1,0.194,7,0.2327,SUCCESS,0.0043,NORMAL
FIL-001030,ORD-001030,2026-08-26 09:02:56.863,139.77,139.77,0.356,24,0.0199,SUCCESS,0.0007,NORMAL
FIL-001031,ORD-001031,2026-08-26 09:02:56.948,2996.09,2995.77,1.865,8,2.2348,SUCCESS,0.0108,NORMAL
FIL-001032,ORD-001032,2026-08-26 09:02:57.097,59983.11,59984.07,0.672,10,16.1237,SUCCESS,0.0016,NORMAL
FIL-001033,ORD-001033,2026-08-26 09:02:57.394,59966.63,59958.47,2.048,7,49.118,SUCCESS,0.0136,NORMAL
FIL-001034,ORD-001034,2026-08-26 09:02:57.547,59983.24,59993.2,1.83,10,43.915,SUCCESS,0.0166,NORMAL
FIL-001035,ORD-001035,2026-08-26 09:02:57.770,60004.11,60008.31,1.2,9,28.804,SUCCESS,0.007,NORMAL
FIL-001036,ORD-001036,2026-08-26 09:02:58.008,140.2,140.22,0.273,6,0.0153,SUCCESS,0.0156,NORMAL
FIL-001037,ORD-001037,2026-08-26 09:02:58.069,60005.03,59966.69,2.303,6,55.2413,SUCCESS,0.0639,NORMAL
FIL-001038,ORD-001038,2026-08-26 09:02:58.329,59920.41,59935.75,2.271,13,54.4456,SUCCESS,0.0256,NORMAL
FIL-001039,ORD-001039,2026-08-26 09:02:58.588,59989.16,59985.14,0.253,9,6.0705,SUCCESS,0.0067,NORMAL
FIL-001040,ORD-001040,2026-08-26 09:02:58.843,59934.84,59956.66,0.629,20,15.0851,SUCCESS,0.0364,NORMAL
FIL-001041,ORD-001041,2026-08-26 09:02:58.995,60103.94,60088.13,1.871,23,44.97,SUCCESS,0.0263,NORMAL
FIL-001042,ORD-001042,2026-08-26 09:02:59.259,2999.06,2999.84,0.43,14,0.516,SUCCESS,0.0261,NORMAL
FIL-001043,ORD-001043,2026-08-26 09:02:59.345,59989.27,60005.41,0.39,7,9.3608,SUCCESS,0.0269,NORMAL
FIL-001044,ORD-001044,2026-08-26 09:02:59.631,3005.41,3005.67,1.153,13,1.3862,SUCCESS,0.0085,NORMAL
FIL-001045,ORD-001045,2026-08-26 09:02:59.777,140.18,140.19,1.617,10,0.0907,SUCCESS,0.0088,NORMAL
FIL-001046,ORD-001046,2026-08-26 09:03:00.064,59989.61,60008.27,0.117,9,2.8084,SUCCESS,0.0311,NORMAL
FIL-001047,ORD-001047,2026-08-26 09:03:00.291,60087.76,60085.06,1.954,6,46.9625,SUCCESS,0.0045,NORMAL
FIL-001048,ORD-001048,2026-08-26 09:03:00.402,60021.72,60030.78,1.181,15,28.3585,SUCCESS,0.0151,NORMAL
FIL-001049,ORD-001049,2026-08-26 09:03:00.474,60139.14,60143.23,1.569,8,37.7459,SUCCESS,0.0068,NORMAL
FIL-001050,ORD-001050,2026-08-26 09:03:00.554,139.7,139.66,0.666,18,0.0372,SUCCESS,0.0273,NORMAL
FIL-001051,ORD-001051,2026-08-26 09:03:00.733,140.04,140.06,2.468,7,0.1383,SUCCESS,0.0119,NORMAL
FIL-001052,ORD-001052,2026-08-26 09:03:00.832,59939.49,59936.91,0.763,7,18.2927,SUCCESS,0.0043,NORMAL
FIL-001053,ORD-001053,2026-08-26 09:03:00.927,59973.1,59989.11,1.239,36,29.7306,SUCCESS,0.0267,NORMAL
FIL-001054,ORD-001054,2026-08-26 09:03:01.041,60010.05,60021.39,0.603,6,14.4772,SUCCESS,0.0189,NORMAL
FIL-001055,ORD-001055,2026-08-26 09:03:01.136,3003.35,3003.34,2.32,10,2.7871,SUCCESS,0.0003,NORMAL
FIL-001056,ORD-001056,2026-08-26 09:03:01.370,60012.97,60017.11,2.248,27,53.9674,SUCCESS,0.0069,NORMAL
FIL-001057,ORD-001057,2026-08-26 09:03:01.478,2998.11,2997.52,2.256,18,2.705,SUCCESS,0.0197,NORMAL
FIL-001058,ORD-001058,2026-08-26 09:03:01.579,59953.06,59950.96,1.09,29,26.1386,SUCCESS,0.0035,NORMAL
FIL-001059,ORD-001059,2026-08-26 09:03:01.740,2997.78,2998.01,0.23,5,0.2758,SUCCESS,0.0077,NORMAL
FIL-001060,ORD-001060,2026-08-26 09:03:01.951,60023.77,60183.55,0.427,426,10.2794,SUCCESS,0.2662,WARNING
FIL-001063,ORD-001063,2026-08-26 09:03:02.742,139.84,140.15,1.088,204,0.061,SUCCESS,0.2189,EMERGENCY_PAUSE
FIL-001066,ORD-001066,2026-08-26 09:03:03.432,59966.63,60147.31,1.122,777,26.9941,SUCCESS,0.3013,EMERGENCY_PAUSE
FIL-001067,ORD-001067,2026-08-26 09:03:03.725,139.91,140.35,0.13,337,0.0073,SUCCESS,0.3175,EMERGENCY_PAUSE
FIL-001068,ORD-001068,2026-08-26 09:03:03.816,60101.47,60371.75,0.138,221,3.3325,SUCCESS,0.4497,EMERGENCY_PAUSE
FIL-001069,ORD-001069,2026-08-26 09:03:04.089,139.96,139.74,1.192,346,0.0666,SUCCESS,0.1573,EMERGENCY_PAUSE
FIL-001071,ORD-001071,2026-08-26 09:03:04.458,59909.95,59889.94,0.179,22,4.2881,SUCCESS,0.0334,EMERGENCY_PAUSE
FIL-001072,ORD-001072,2026-08-26 09:03:04.696,2999.2,2999.58,2.214,7,2.6564,SUCCESS,0.0128,EMERGENCY_PAUSE
FIL-001073,ORD-001073,2026-08-26 09:03:04.904,59866.18,59859.95,0.977,16,23.3933,SUCCESS,0.0104,EMERGENCY_PAUSE
FIL-001074,ORD-001074,2026-08-26 09:03:05.097,60047.19,60028.16,1.792,13,43.0282,SUCCESS,0.0317,EMERGENCY_PAUSE
FIL-001075,ORD-001075,2026-08-26 09:03:05.313,140.25,140.28,1.395,26,0.0783,SUCCESS,0.0211,EMERGENCY_PAUSE
FIL-001076,ORD-001076,2026-08-26 09:03:05.592,2999.4,2999.44,0.869,5,1.0426,SUCCESS,0.0014,EMERGENCY_PAUSE
FIL-001077,ORD-001077,2026-08-26 09:03:05.766,3000.69,3000.5,0.929,16,1.115,SUCCESS,0.0063,EMERGENCY_PAUSE
FIL-001078,ORD-001078,2026-08-26 09:03:06.046,139.93,139.93,2.081,10,0.1165,SUCCESS,0.001,EMERGENCY_PAUSE
FIL-001079,ORD-001079,2026-08-26 09:03:06.303,3003.47,3002.97,2.369,21,2.8456,SUCCESS,0.0165,THROTTLE
FIL-001080,ORD-001080,2026-08-26 09:03:06.582,59979.23,59993.45,0.292,8,7.0072,SUCCESS,0.0237,WARNING
FIL-001081,ORD-001081,2026-08-26 09:03:06.660,60104.91,60103.23,0.495,36,11.9004,SUCCESS,0.0028,NORMAL
FIL-001082,ORD-001082,2026-08-26 09:03:06.870,139.99,140.01,1.35,5,0.0756,SUCCESS,0.012,NORMAL
FIL-001083,ORD-001083,2026-08-26 09:03:07.041,60071.74,60069.28,2.336,22,56.1287,SUCCESS,0.0041,NORMAL
FIL-001084,ORD-001084,2026-08-26 09:03:07.107,2996.09,2995.74,0.8,5,0.9586,SUCCESS,0.0118,NORMAL
FIL-001085,ORD-001085,2026-08-26 09:03:07.305,60021.13,60035.48,0.906,37,21.7569,SUCCESS,0.0239,NORMAL
FIL-001086,ORD-001086,2026-08-26 09:03:07.495,2995.31,2994.49,1.372,18,1.6434,SUCCESS,0.0274,NORMAL
FIL-001087,ORD-001087,2026-08-26 09:03:07.588,2998.33,2997.83,1.994,40,2.3911,SUCCESS,0.0166,NORMAL
FIL-001088,ORD-001088,2026-08-26 09:03:07.650,3001.9,3002.73,1.947,8,2.3385,SUCCESS,0.0275,NORMAL
FIL-001089,ORD-001089,2026-08-26 09:03:07.741,60082.35,60075.26,1.585,60,38.0877,SUCCESS,0.0118,NORMAL
FIL-001090,ORD-001090,2026-08-26 09:03:08.022,139.81,139.78,1.799,5,0.1006,SUCCESS,0.0228,NORMAL
FIL-001091,ORD-001091,2026-08-26 09:03:08.219,139.96,139.96,2.485,10,0.1391,SUCCESS,0.0006,NORMAL
FIL-001092,ORD-001092,2026-08-26 09:03:08.277,59924.73,59914.84,1.45,36,34.7506,SUCCESS,0.0165,NORMAL
FIL-001093,ORD-001093,2026-08-26 09:03:08.576,139.83,139.82,1.176,6,0.0658,SUCCESS,0.0089,NORMAL
FIL-001094,ORD-001094,2026-08-26 09:03:08.822,60023.09,60019.31,2.335,13,56.058,SUCCESS,0.0063,NORMAL
FIL-001095,ORD-001095,2026-08-26 09:03:09.011,59896.18,59880.31,2.428,18,58.1558,SUCCESS,0.0265,NORMAL
FIL-001096,ORD-001096,2026-08-26 09:03:09.309,140.1,140.09,2.25,15,0.1261,SUCCESS,0.009,NORMAL
FIL-001097,ORD-001097,2026-08-26 09:03:09.445,140.25,140.26,2.314,11,0.1298,SUCCESS,0.0046,NORMAL
FIL-001098,ORD-001098,2026-08-26 09:03:09.636,140.09,140.1,0.435,19,0.0244,SUCCESS,0.0065,NORMAL
FIL-001099,ORD-001099,2026-08-26 09:03:09.777,59957.48,59953.46,0.629,7,15.0843,SUCCESS,0.0067,NORMAL
FIL-001100,ORD-001100,2026-08-26 09:03:09.883,59880.92,59870.68,1.5,26,35.9224,SUCCESS,0.0171,NORMAL
FIL-001101,ORD-001101,2026-08-26 09:03:10.104,2998.59,2998.85,1.169,14,1.4023,SUCCESS,0.0087,NORMAL
FIL-001102,ORD-001102,2026-08-26 09:03:10.395,59882.97,59872.55,1.552,9,37.1689,SUCCESS,0.0174,NORMAL
FIL-001103,ORD-001103,2026-08-26 09:03:10.543,60113.23,60105.72,1.126,7,27.0716,SUCCESS,0.0125,NORMAL
FIL-001104,ORD-001104,2026-08-26 09:03:10.816,2997.27,2998.33,2.446,32,2.9336,SUCCESS,0.0353,NORMAL
FIL-001105,ORD-001105,2026-08-26 09:03:10.972,139.89,139.96,1.88,17,0.1052,SUCCESS,0.0482,NORMAL
FIL-001106,ORD-001106,2026-08-26 09:03:11.208,3002.13,3001.44,2.255,32,2.7073,SUCCESS,0.0231,NORMAL
FIL-001107,ORD-001107,2026-08-26 09:03:11.335,2997.42,2998.0,0.445,5,0.5336,SUCCESS,0.0193,NORMAL
FIL-001108,ORD-001108,2026-08-26 09:03:11.407,3001.22,3000.84,1.915,6,2.2986,SUCCESS,0.0126,NORMAL
FIL-001109,ORD-001109,2026-08-26 09:03:11.575,60138.69,60130.87,0.52,6,12.5072,SUCCESS,0.013,NORMAL
FIL-001110,ORD-001110,2026-08-26 09:03:11.750,139.91,139.93,0.795,21,0.0445,SUCCESS,0.0114,NORMAL
FIL-001111,ORD-001111,2026-08-26 09:03:11.918,59981.27,59966.33,1.442,14,34.5886,SUCCESS,0.0249,NORMAL
FIL-001112,ORD-001112,2026-08-26 09:03:12.131,60040.93,60057.86,0.82,38,19.699,SUCCESS,0.0282,NORMAL
FIL-001113,ORD-001113,2026-08-26 09:03:12.226,139.87,139.85,0.79,5,0.0442,SUCCESS,0.0126,NORMAL
FIL-001114,ORD-001114,2026-08-26 09:03:12.524,2999.4,3000.03,1.283,12,1.5396,SUCCESS,0.0211,NORMAL
FIL-001115,ORD-001115,2026-08-26 09:03:12.734,59913.88,59897.52,2.184,8,52.3265,SUCCESS,0.0273,NORMAL
FIL-001116,ORD-001116,2026-08-26 09:03:12.971,140.13,140.12,0.996,25,0.0558,SUCCESS,0.0081,NORMAL
FIL-001117,ORD-001117,2026-08-26 09:03:13.102,140.2,140.25,0.24,10,0.0135,SUCCESS,0.0331,NORMAL
FIL-001118,ORD-001118,2026-08-26 09:03:13.314,2998.74,2999.35,0.967,9,1.1601,SUCCESS,0.0204,NORMAL
FIL-001119,ORD-001119,2026-08-26 09:03:13.495,2991.8,2991.83,2.347,27,2.8087,SUCCESS,0.0011,NORMAL
FIL-001120,ORD-001120,2026-08-26 09:03:13.627,59927.91,59928.99,0.501,24,12.0098,SUCCESS,0.0018,NORMAL
FIL-001121,ORD-001121,2026-08-26 09:03:13.813,3003.16,3002.61,0.97,12,1.165,SUCCESS,0.0182,NORMAL
FIL-001122,ORD-001122,2026-08-26 09:03:13.958,139.96,139.94,1.344,6,0.0752,SUCCESS,0.0138,NORMAL
FIL-001123,ORD-001123,2026-08-26 09:03:14.047,3001.05,3000.76,0.346,14,0.4153,SUCCESS,0.0095,NORMAL
FIL-001124,ORD-001124,2026-08-26 09:03:14.273,139.94,139.97,1.441,11,0.0807,SUCCESS,0.0191,NORMAL
FIL-001125,ORD-001125,2026-08-26 09:03:14.356,139.87,139.93,0.38,47,0.0213,SUCCESS,0.0445,NORMAL
FIL-001126,ORD-001126,2026-08-26 09:03:14.519,60023.95,60018.37,0.434,5,10.4192,SUCCESS,0.0093,NORMAL
FIL-001127,ORD-001127,2026-08-26 09:03:14.599,139.96,139.94,1.887,16,0.1056,SUCCESS,0.0136,NORMAL
FIL-001128,ORD-001128,2026-08-26 09:03:14.681,60035.24,60049.83,0.644,5,15.4688,SUCCESS,0.0243,NORMAL
FIL-001129,ORD-001129,2026-08-26 09:03:14.759,59882.99,59893.83,1.931,11,46.262,SUCCESS,0.0181,NORMAL
FIL-001130,ORD-001130,2026-08-26 09:03:14.836,60031.66,60042.11,0.202,16,4.8514,SUCCESS,0.0174,NORMAL
FIL-001131,ORD-001131,2026-08-26 09:03:14.963,59963.43,59970.27,0.204,6,4.8936,SUCCESS,0.0114,NORMAL
FIL-001132,ORD-001132,2026-08-26 09:03:15.065,139.76,139.76,2.308,18,0.129,SUCCESS,0.0011,NORMAL
FIL-001133,ORD-001133,2026-08-26 09:03:15.331,140.04,140.04,0.318,11,0.0178,SUCCESS,0.0025,NORMAL
FIL-001134,ORD-001134,2026-08-26 09:03:15.509,139.94,139.93,0.485,26,0.0271,SUCCESS,0.0081,NORMAL
FIL-001135,ORD-001135,2026-08-26 09:03:15.754,139.94,139.96,2.067,7,0.1157,SUCCESS,0.0131,NORMAL
FIL-001136,ORD-001136,2026-08-26 09:03:15.997,60067.1,60094.19,0.512,8,12.3073,SUCCESS,0.0451,NORMAL
FIL-001137,ORD-001137,2026-08-26 09:03:16.176,140.01,140.03,0.614,43,0.0344,SUCCESS,0.0171,NORMAL
FIL-001138,ORD-001138,2026-08-26 09:03:16.471,139.95,139.93,1.155,37,0.0646,SUCCESS,0.0145,NORMAL
FIL-001139,ORD-001139,2026-08-26 09:03:16.652,60047.56,60071.16,1.118,16,26.8638,SUCCESS,0.0393,NORMAL
FIL-001140,ORD-001140,2026-08-26 09:03:16.730,59960.3,59957.48,0.397,14,9.5212,SUCCESS,0.0047,NORMAL
FIL-001141,ORD-001141,2026-08-26 09:03:16.964,140.26,140.27,0.792,20,0.0444,SUCCESS,0.004,NORMAL
FIL-001142,ORD-001142,2026-08-26 09:03:17.167,60022.44,60042.85,0.781,26,18.7574,SUCCESS,0.034,NORMAL
FIL-001143,ORD-001143,2026-08-26 09:03:17.321,140.01,139.98,0.642,11,0.0359,SUCCESS,0.0246,NORMAL
FIL-001144,ORD-001144,2026-08-26 09:03:17.492,2999.06,2998.79,2.119,8,2.5418,SUCCESS,0.0089,NORMAL
FIL-001145,ORD-001145,2026-08-26 09:03:17.568,140.16,140.13,1.28,13,0.0717,SUCCESS,0.0235,NORMAL
FIL-001146,ORD-001146,2026-08-26 09:03:17.719,2994.41,2994.17,0.386,9,0.4623,SUCCESS,0.0081,NORMAL
FIL-001147,ORD-001147,2026-08-26 09:03:17.862,3001.56,3002.65,0.505,20,0.6065,SUCCESS,0.0362,NORMAL
FIL-001148,ORD-001148,2026-08-26 09:03:17.971,59923.28,59918.85,1.07,24,25.6453,SUCCESS,0.0074,NORMAL
FIL-001149,ORD-001149,2026-08-26 09:03:18.090,3001.44,3001.09,1.497,23,1.7971,SUCCESS,0.0115,NORMAL
FIL-001150,ORD-001150,2026-08-26 09:03:18.264,139.94,139.93,2.38,17,0.1332,SUCCESS,0.0046,NORMAL
FIL-001151,ORD-001151,2026-08-26 09:03:18.439,140.04,140.01,0.393,38,0.022,SUCCESS,0.0189,NORMAL
FIL-001152,ORD-001152,2026-08-26 09:03:18.502,2996.84,2997.41,0.339,8,0.4064,SUCCESS,0.019,NORMAL
FIL-001153,ORD-001153,2026-08-26 09:03:18.725,59881.82,59879.78,1.018,11,24.383,SUCCESS,0.0034,NORMAL
FIL-001154,ORD-001154,2026-08-26 09:03:18.944,2999.28,2999.81,1.924,11,2.3087,SUCCESS,0.0178,NORMAL
FIL-001155,ORD-001155,2026-08-26 09:03:19.119,140.03,140.02,1.689,6,0.0946,SUCCESS,0.0068,NORMAL
FIL-001156,ORD-001156,2026-08-26 09:03:19.173,139.96,139.92,1.397,5,0.0782,SUCCESS,0.031,NORMAL
FIL-001157,ORD-001157,2026-08-26 09:03:19.441,60093.31,60091.81,1.18,7,28.3633,SUCCESS,0.0025,NORMAL
FIL-001158,ORD-001158,2026-08-26 09:03:19.711,2998.18,2997.96,1.436,29,1.722,SUCCESS,0.0072,NORMAL
FIL-001159,ORD-001159,2026-08-26 09:03:19.885,3002.52,3002.87,1.818,5,2.1837,SUCCESS,0.0117,NORMAL
FIL-001160,ORD-001160,2026-08-26 09:03:20.056,59962.8,59955.9,1.473,10,35.326,SUCCESS,0.0115,NORMAL
FIL-001161,ORD-001161,2026-08-26 09:03:20.354,139.95,139.95,1.287,5,0.072,SUCCESS,0.0035,NORMAL
FIL-001162,ORD-001162,2026-08-26 09:03:20.555,3002.71,3001.97,0.247,5,0.2966,SUCCESS,0.0246,NORMAL
FIL-001163,ORD-001163,2026-08-26 09:03:20.611,60095.71,60110.55,1.881,48,45.2272,SUCCESS,0.0247,NORMAL
FIL-001164,ORD-001164,2026-08-26 09:03:20.766,140.04,140.01,2.481,19,0.1389,SUCCESS,0.0195,NORMAL
FIL-001165,ORD-001165,2026-08-26 09:03:20.967,2999.5,2999.58,1.655,10,1.9857,SUCCESS,0.0026,NORMAL
FIL-001166,ORD-001166,2026-08-26 09:03:21.154,60010.2,60021.36,0.507,11,12.1723,SUCCESS,0.0186,NORMAL
FIL-001167,ORD-001167,2026-08-26 09:03:21.434,3001.71,3002.39,1.463,8,1.757,SUCCESS,0.0227,NORMAL
FIL-001168,ORD-001168,2026-08-26 09:03:21.565,2998.05,2997.82,0.153,36,0.1835,SUCCESS,0.0078,NORMAL
FIL-001169,ORD-001169,2026-08-26 09:03:21.791,2997.01,2996.31,1.272,9,1.5245,SUCCESS,0.0235,NORMAL
FIL-001170,ORD-001170,2026-08-26 09:03:21.927,139.9,139.97,1.936,5,0.1084,SUCCESS,0.0481,NORMAL
FIL-001171,ORD-001171,2026-08-26 09:03:22.193,59971.51,59957.42,1.293,9,31.01,SUCCESS,0.0235,NORMAL
FIL-001172,ORD-001172,2026-08-26 09:03:22.345,59863.77,59885.68,2.491,7,59.6701,SUCCESS,0.0366,NORMAL
FIL-001173,ORD-001173,2026-08-26 09:03:22.464,60024.79,60028.75,1.52,22,36.4975,SUCCESS,0.0066,NORMAL
FIL-001174,ORD-001174,2026-08-26 09:03:22.724,59983.82,59975.96,0.284,8,6.8133,SUCCESS,0.0131,NORMAL
FIL-001175,ORD-001175,2026-08-26 09:03:22.876,2994.44,2993.2,0.58,18,0.6944,SUCCESS,0.0414,NORMAL
FIL-001176,ORD-001176,2026-08-26 09:03:23.086,2997.12,2996.63,2.214,7,2.6538,SUCCESS,0.0163,NORMAL
FIL-001177,ORD-001177,2026-08-26 09:03:23.326,140.12,140.13,2.409,31,0.135,SUCCESS,0.0037,NORMAL
FIL-001178,ORD-001178,2026-08-26 09:03:23.572,3001.53,3000.95,1.575,8,1.8906,SUCCESS,0.0193,NORMAL
FIL-001179,ORD-001179,2026-08-26 09:03:23.660,2998.8,2999.41,0.455,18,0.5459,SUCCESS,0.0203,NORMAL
FIL-001180,ORD-001180,2026-08-26 09:03:23.926,140.13,139.56,2.287,614,0.1277,SUCCESS,0.4081,WARNING
FIL-001181,ORD-001181,2026-08-26 09:03:24.005,2996.39,2989.59,1.543,514,1.8452,SUCCESS,0.2269,THROTTLE
FIL-001182,ORD-001182,2026-08-26 09:03:24.163,59986.15,60132.04,1.265,291,30.4268,SUCCESS,0.2432,EMERGENCY_PAUSE
FIL-001183,ORD-001183,2026-08-26 09:03:24.353,139.84,140.06,1.995,201,0.1118,SUCCESS,0.1587,EMERGENCY_PAUSE
FIL-001186,ORD-001186,2026-08-26 09:03:25.046,140.27,140.69,0.39,265,0.0219,SUCCESS,0.3001,EMERGENCY_PAUSE
FIL-001187,ORD-001187,2026-08-26 09:03:25.309,140.31,139.85,1.956,312,0.1094,SUCCESS,0.3299,EMERGENCY_PAUSE
FIL-001189,ORD-001189,2026-08-26 09:03:25.491,3001.84,2996.83,1.38,655,1.6543,SUCCESS,0.1668,EMERGENCY_PAUSE
FIL-001191,ORD-001191,2026-08-26 09:03:25.867,140.02,139.99,2.42,25,0.1355,SUCCESS,0.0185,EMERGENCY_PAUSE
FIL-001192,ORD-001192,2026-08-26 09:03:26.058,60094.18,60103.73,0.675,5,16.228,SUCCESS,0.0159,EMERGENCY_PAUSE
FIL-001193,ORD-001193,2026-08-26 09:03:26.283,2996.84,2996.74,2.268,22,2.7186,SUCCESS,0.0035,EMERGENCY_PAUSE
FIL-001194,ORD-001194,2026-08-26 09:03:26.433,60041.18,60042.44,2.283,6,54.8308,SUCCESS,0.0021,EMERGENCY_PAUSE
FIL-001195,ORD-001195,2026-08-26 09:03:26.536,3002.4,3001.83,0.665,9,0.7985,SUCCESS,0.019,EMERGENCY_PAUSE
FIL-001196,ORD-001196,2026-08-26 09:03:26.690,60048.09,60021.79,1.94,16,46.5769,SUCCESS,0.0438,EMERGENCY_PAUSE
FIL-001197,ORD-001197,2026-08-26 09:03:26.860,60038.14,60010.76,2.357,11,56.5781,SUCCESS,0.0456,EMERGENCY_PAUSE
FIL-001198,ORD-001198,2026-08-26 09:03:27.145,140.12,140.11,1.114,8,0.0624,SUCCESS,0.0053,EMERGENCY_PAUSE
FIL-001199,ORD-001199,2026-08-26 09:03:27.349,59942.98,59958.03,0.944,16,22.6402,SUCCESS,0.0251,THROTTLE
FIL-001200,ORD-001200,2026-08-26 09:03:27.563,139.88,139.85,0.225,5,0.0126,SUCCESS,0.0242,WARNING
FIL-001201,ORD-001201,2026-08-26 09:03:27.773,60011.03,60005.15,1.062,27,25.4902,SUCCESS,0.0098,NORMAL
FIL-001202,ORD-001202,2026-08-26 09:03:28.005,2998.84,2997.87,0.699,36,0.8382,SUCCESS,0.0323,NORMAL
FIL-001203,ORD-001203,2026-08-26 09:03:28.136,139.95,139.99,2.002,5,0.1121,SUCCESS,0.0305,NORMAL
FIL-001204,ORD-001204,2026-08-26 09:03:28.337,2999.14,2999.03,0.516,5,0.619,SUCCESS,0.0036,NORMAL
FIL-001205,ORD-001205,2026-08-26 09:03:28.611,2996.49,2995.05,0.537,14,0.6433,SUCCESS,0.0482,NORMAL
FIL-001206,ORD-001206,2026-08-26 09:03:28.817,2998.66,2998.88,1.44,18,1.7274,SUCCESS,0.0074,NORMAL
FIL-001207,ORD-001207,2026-08-26 09:03:29.046,140.04,140.08,0.576,14,0.0323,SUCCESS,0.0288,NORMAL
FIL-001208,ORD-001208,2026-08-26 09:03:29.118,59959.61,59965.61,0.724,6,17.366,SUCCESS,0.01,NORMAL
FIL-001209,ORD-001209,2026-08-26 09:03:29.279,2995.29,2996.22,1.825,34,2.1872,SUCCESS,0.0312,NORMAL
FIL-001210,ORD-001210,2026-08-26 09:03:29.549,2996.5,2996.37,0.557,20,0.6676,SUCCESS,0.0044,NORMAL
FIL-001211,ORD-001211,2026-08-26 09:03:29.651,3000.39,2999.57,1.135,19,1.3618,SUCCESS,0.0272,NORMAL
FIL-001212,ORD-001212,2026-08-26 09:03:29.808,140.03,140.05,1.725,18,0.0966,SUCCESS,0.013,NORMAL
FIL-001213,ORD-001213,2026-08-26 09:03:29.918,60016.06,60008.26,2.443,9,58.6401,SUCCESS,0.013,NORMAL
FIL-001214,ORD-001214,2026-08-26 09:03:30.085,140.08,140.06,1.742,17,0.0976,SUCCESS,0.0128,NORMAL
FIL-001215,ORD-001215,2026-08-26 09:03:30.236,59991.71,59998.25,2.439,20,58.5343,SUCCESS,0.0109,NORMAL
FIL-001216,ORD-001216,2026-08-26 09:03:30.351,140.17,140.19,1.867,14,0.1047,SUCCESS,0.0149,NORMAL
FIL-001217,ORD-001217,2026-08-26 09:03:30.521,59953.29,59954.73,2.335,6,55.9977,SUCCESS,0.0024,NORMAL
FIL-001218,ORD-001218,2026-08-26 09:03:30.821,2998.02,2998.49,1.014,11,1.2162,SUCCESS,0.0157,NORMAL
FIL-001219,ORD-001219,2026-08-26 09:03:30.916,3002.34,3001.61,0.199,6,0.2389,SUCCESS,0.0244,NORMAL
FIL-001220,ORD-001220,2026-08-26 09:03:30.999,2996.41,2996.57,2.207,5,2.6454,SUCCESS,0.0052,NORMAL
FIL-001221,ORD-001221,2026-08-26 09:03:31.129,60064.2,60056.57,0.725,42,17.4164,SUCCESS,0.0127,NORMAL
FIL-001222,ORD-001222,2026-08-26 09:03:31.271,60042.5,60081.71,0.774,6,18.6013,SUCCESS,0.0653,NORMAL
FIL-001223,ORD-001223,2026-08-26 09:03:31.558,2993.24,2992.42,2.091,16,2.5029,SUCCESS,0.0275,NORMAL
FIL-001224,ORD-001224,2026-08-26 09:03:31.733,2995.53,2995.47,1.868,6,2.2382,SUCCESS,0.0019,NORMAL
FIL-001225,ORD-001225,2026-08-26 09:03:31.792,59956.34,59953.82,0.652,7,15.636,SUCCESS,0.0042,NORMAL
FIL-001226,ORD-001226,2026-08-26 09:03:32.071,2999.61,2999.15,0.378,14,0.4535,SUCCESS,0.0155,NORMAL
FIL-001227,ORD-001227,2026-08-26 09:03:32.238,3004.13,3004.63,1.446,9,1.7379,SUCCESS,0.0168,NORMAL
FIL-001228,ORD-001228,2026-08-26 09:03:32.311,2997.85,2998.53,0.397,18,0.4762,SUCCESS,0.0227,NORMAL
FIL-001229,ORD-001229,2026-08-26 09:03:32.430,59924.81,59905.21,1.321,6,31.6539,SUCCESS,0.0327,NORMAL
FIL-001230,ORD-001230,2026-08-26 09:03:32.626,139.88,139.9,1.362,15,0.0762,SUCCESS,0.0165,NORMAL
FIL-001231,ORD-001231,2026-08-26 09:03:32.700,60060.04,60041.3,1.295,21,31.1014,SUCCESS,0.0312,NORMAL
FIL-001232,ORD-001232,2026-08-26 09:03:32.845,3000.3,3001.25,0.393,20,0.4718,SUCCESS,0.0317,NORMAL
FIL-001233,ORD-001233,2026-08-26 09:03:33.107,139.84,139.87,0.295,5,0.0165,SUCCESS,0.019,NORMAL
FIL-001234,ORD-001234,2026-08-26 09:03:33.158,139.93,139.9,1.526,16,0.0854,SUCCESS,0.0248,NORMAL
FIL-001235,ORD-001235,2026-08-26 09:03:33.395,2999.22,2999.77,0.88,6,1.0559,SUCCESS,0.0183,NORMAL
FIL-001236,ORD-001236,2026-08-26 09:03:33.527,140.37,140.37,1.645,14,0.0924,SUCCESS,0.0028,NORMAL
FIL-001237,ORD-001237,2026-08-26 09:03:33.642,60017.77,60022.63,0.322,14,7.7309,SUCCESS,0.0081,NORMAL
FIL-001238,ORD-001238,2026-08-26 09:03:33.910,60045.44,60054.69,0.314,25,7.5429,SUCCESS,0.0154,NORMAL
FIL-001239,ORD-001239,2026-08-26 09:03:34.204,60005.86,60006.94,1.653,19,39.6766,SUCCESS,0.0018,NORMAL
FIL-001240,ORD-001240,2026-08-26 09:03:34.460,139.89,139.91,1.138,16,0.0637,SUCCESS,0.0116,NORMAL
FIL-001241,ORD-001241,2026-08-26 09:03:34.561,3005.07,3005.72,0.982,10,1.1806,SUCCESS,0.0215,NORMAL
FIL-001242,ORD-001242,2026-08-26 09:03:34.719,2998.14,2996.54,1.451,7,1.7392,SUCCESS,0.0533,NORMAL
FIL-001243,ORD-001243,2026-08-26 09:03:34.878,60024.17,59996.62,1.142,10,27.4065,SUCCESS,0.0459,NORMAL
FIL-001244,ORD-001244,2026-08-26 09:03:35.093,59983.55,59987.69,1.723,22,41.3435,SUCCESS,0.0069,NORMAL
FIL-001245,ORD-001245,2026-08-26 09:03:35.164,139.87,139.92,1.653,18,0.0925,SUCCESS,0.0346,NORMAL
FIL-001246,ORD-001246,2026-08-26 09:03:35.252,3003.98,3003.93,1.246,12,1.4972,SUCCESS,0.0016,NORMAL
FIL-001247,ORD-001247,2026-08-26 09:03:35.314,60034.74,60030.36,0.809,8,19.4258,SUCCESS,0.0073,NORMAL
FIL-001248,ORD-001248,2026-08-26 09:03:35.469,140.04,140.05,1.326,46,0.0743,SUCCESS,0.0096,NORMAL
FIL-001249,ORD-001249,2026-08-26 09:03:35.584,59958.37,59954.35,0.708,9,16.9791,SUCCESS,0.0067,NORMAL
FIL-001250,ORD-001250,2026-08-26 09:03:35.752,139.83,139.84,1.877,17,0.105,SUCCESS,0.0104,NORMAL
FIL-001251,ORD-001251,2026-08-26 09:03:35.982,59936.79,59951.0,1.099,6,26.3545,SUCCESS,0.0237,NORMAL
FIL-001252,ORD-001252,2026-08-26 09:03:36.191,2999.06,2998.18,1.709,10,2.0496,SUCCESS,0.0292,NORMAL
FIL-001253,ORD-001253,2026-08-26 09:03:36.288,2997.57,2996.1,0.549,17,0.6579,SUCCESS,0.0491,NORMAL
FIL-001254,ORD-001254,2026-08-26 09:03:36.339,60004.35,59992.23,1.383,42,33.1877,SUCCESS,0.0202,NORMAL
FIL-001255,ORD-001255,2026-08-26 09:03:36.492,3000.07,3000.49,1.204,16,1.445,SUCCESS,0.0139,NORMAL
FIL-001256,ORD-001256,2026-08-26 09:03:36.718,139.74,139.68,1.58,9,0.0883,SUCCESS,0.0398,NORMAL
FIL-001257,ORD-001257,2026-08-26 09:03:36.816,139.95,139.94,0.424,7,0.0237,SUCCESS,0.0093,NORMAL
FIL-001258,ORD-001258,2026-08-26 09:03:36.989,59955.57,59969.66,0.164,5,3.934,SUCCESS,0.0235,NORMAL
FIL-001259,ORD-001259,2026-08-26 09:03:37.241,140.31,140.36,1.603,29,0.09,SUCCESS,0.0338,NORMAL
FIL-001260,ORD-001260,2026-08-26 09:03:37.399,139.75,139.79,0.456,24,0.0255,SUCCESS,0.0284,NORMAL
FIL-001261,ORD-001261,2026-08-26 09:03:37.695,59957.03,59963.99,1.786,15,42.8383,SUCCESS,0.0116,NORMAL
FIL-001262,ORD-001262,2026-08-26 09:03:37.820,2999.09,2998.31,0.682,9,0.8179,SUCCESS,0.0261,NORMAL
FIL-001263,ORD-001263,2026-08-26 09:03:38.052,139.98,139.97,1.613,11,0.0903,SUCCESS,0.0085,NORMAL
FIL-001264,ORD-001264,2026-08-26 09:03:38.243,2997.43,2997.03,1.53,38,1.8342,SUCCESS,0.0135,NORMAL
FIL-001265,ORD-001265,2026-08-26 09:03:38.449,3001.82,3003.01,1.518,26,1.8234,SUCCESS,0.0398,NORMAL
FIL-001266,ORD-001266,2026-08-26 09:03:38.646,139.98,139.97,0.146,16,0.0082,SUCCESS,0.0066,NORMAL
FIL-001267,ORD-001267,2026-08-26 09:03:38.725,3001.77,3002.41,2.234,8,2.683,SUCCESS,0.0214,NORMAL
FIL-001268,ORD-001268,2026-08-26 09:03:38.960,3001.38,3001.19,0.487,5,0.5846,SUCCESS,0.0063,NORMAL
FIL-001269,ORD-001269,2026-08-26 09:03:39.242,60020.16,59995.79,0.627,15,15.0469,SUCCESS,0.0406,NORMAL
FIL-001270,ORD-001270,2026-08-26 09:03:39.411,140.02,139.99,1.816,12,0.1017,SUCCESS,0.0195,NORMAL
FIL-001271,ORD-001271,2026-08-26 09:03:39.701,59953.5,59952.36,1.1,11,26.379,SUCCESS,0.0019,NORMAL
FIL-001272,ORD-001272,2026-08-26 09:03:39.910,139.81,139.75,2.127,5,0.1189,SUCCESS,0.0406,NORMAL
FIL-001273,ORD-001273,2026-08-26 09:03:40.004,60044.43,60035.9,1.259,10,30.2341,SUCCESS,0.0142,NORMAL
FIL-001274,ORD-001274,2026-08-26 09:03:40.180,59988.4,59999.8,1.098,5,26.3519,SUCCESS,0.019,NORMAL
FIL-001275,ORD-001275,2026-08-26 09:03:40.455,3001.58,3002.13,0.144,15,0.1729,SUCCESS,0.0184,NORMAL
FIL-001276,ORD-001276,2026-08-26 09:03:40.633,3003.12,3003.08,2.163,14,2.5983,SUCCESS,0.0012,NORMAL
FIL-001277,ORD-001277,2026-08-26 09:03:40.826,60032.65,60051.86,0.644,23,15.4694,SUCCESS,0.032,NORMAL
FIL-001278,ORD-001278,2026-08-26 09:03:40.887,59902.71,59875.81,0.953,43,22.8247,SUCCESS,0.0449,NORMAL
FIL-001279,ORD-001279,2026-08-26 09:03:41.091,140.31,140.27,2.197,7,0.1233,SUCCESS,0.0278,NORMAL
FIL-001280,ORD-001280,2026-08-26 09:03:41.258,140.16,140.23,1.151,7,0.0646,SUCCESS,0.0487,NORMAL
FIL-001281,ORD-001281,2026-08-26 09:03:41.334,60014.73,60016.11,2.16,22,51.8539,SUCCESS,0.0023,NORMAL
FIL-001282,ORD-001282,2026-08-26 09:03:41.436,139.79,139.81,0.383,18,0.0214,SUCCESS,0.0126,NORMAL
FIL-001283,ORD-001283,2026-08-26 09:03:41.613,2999.97,3000.15,1.929,7,2.3149,SUCCESS,0.0061,NORMAL
FIL-001284,ORD-001284,2026-08-26 09:03:41.694,139.94,139.94,2.066,10,0.1156,SUCCESS,0.001,NORMAL
FIL-001285,ORD-001285,2026-08-26 09:03:41.957,59986.34,59985.62,0.116,13,2.7833,SUCCESS,0.0012,NORMAL
FIL-001286,ORD-001286,2026-08-26 09:03:42.190,2992.57,2992.47,0.738,26,0.8834,SUCCESS,0.0032,NORMAL
FIL-001287,ORD-001287,2026-08-26 09:03:42.375,2999.76,2999.36,1.908,5,2.2891,SUCCESS,0.0134,NORMAL
FIL-001288,ORD-001288,2026-08-26 09:03:42.654,3000.68,3000.82,2.303,15,2.7644,SUCCESS,0.0047,NORMAL
FIL-001289,ORD-001289,2026-08-26 09:03:42.887,3000.17,2999.25,1.948,43,2.337,SUCCESS,0.0305,NORMAL
FIL-001290,ORD-001290,2026-08-26 09:03:42.979,140.3,140.33,2.457,5,0.1379,SUCCESS,0.0219,NORMAL
FIL-001291,ORD-001291,2026-08-26 09:03:43.067,2998.94,2999.11,2.314,7,2.776,SUCCESS,0.0056,NORMAL
FIL-001292,ORD-001292,2026-08-26 09:03:43.341,139.78,139.8,2.018,10,0.1128,SUCCESS,0.0124,NORMAL
FIL-001293,ORD-001293,2026-08-26 09:03:43.614,140.13,140.09,1.782,5,0.0999,SUCCESS,0.0321,NORMAL
FIL-001294,ORD-001294,2026-08-26 09:03:43.799,2996.36,2995.0,0.771,13,0.9237,SUCCESS,0.0454,NORMAL
FIL-001295,ORD-001295,2026-08-26 09:03:43.988,139.96,139.97,0.592,9,0.0331,SUCCESS,0.0087,NORMAL
FIL-001296,ORD-001296,2026-08-26 09:03:44.141,140.01,139.98,1.976,20,0.1106,SUCCESS,0.0201,NORMAL
FIL-001297,ORD-001297,2026-08-26 09:03:44.375,59938.54,59925.35,1.036,8,24.8331,SUCCESS,0.022,NORMAL
FIL-001298,ORD-001298,2026-08-26 09:03:44.555,140.1,140.14,0.613,14,0.0344,SUCCESS,0.0308,NORMAL
FIL-001299,ORD-001299,2026-08-26 09:03:44.612,140.1,140.09,0.484,5,0.0271,SUCCESS,0.009,NORMAL
FIL-001302,ORD-001302,2026-08-26 09:03:45.081,140.08,140.63,2.474,623,0.1392,SUCCESS,0.3916,EMERGENCY_PAUSE
FIL-001303,ORD-001303,2026-08-26 09:03:45.313,139.96,140.5,1.816,243,0.1021,SUCCESS,0.3854,EMERGENCY_PAUSE
FIL-001304,ORD-001304,2026-08-26 09:03:45.400,2995.72,3001.95,1.969,1136,2.3643,SUCCESS,0.2078,EMERGENCY_PAUSE
FIL-001305,ORD-001305,2026-08-26 09:03:45.564,139.75,139.51,2.232,229,0.1246,SUCCESS,0.1687,EMERGENCY_PAUSE
FIL-001306,ORD-001306,2026-08-26 09:03:45.763,59958.15,59767.66,1.969,508,47.073,SUCCESS,0.3177,EMERGENCY_PAUSE
FIL-001307,ORD-001307,2026-08-26 09:03:45.854,3002.93,2989.89,1.856,316,2.2197,SUCCESS,0.4343,EMERGENCY_PAUSE
FIL-001308,ORD-001308,2026-08-26 09:03:46.081,60078.07,60342.65,1.332,587,32.1506,SUCCESS,0.4404,EMERGENCY_PAUSE
FIL-001309,ORD-001309,2026-08-26 09:03:46.285,60010.98,59751.01,0.986,683,23.5658,SUCCESS,0.4332,EMERGENCY_PAUSE
FIL-001310,ORD-001310,2026-08-26 09:03:46.430,3000.78,3005.64,0.468,217,0.5627,SUCCESS,0.1621,EMERGENCY_PAUSE
FIL-001311,ORD-001311,2026-08-26 09:03:46.630,2998.6,2997.57,0.441,11,0.5288,SUCCESS,0.0342,EMERGENCY_PAUSE
FIL-001312,ORD-001312,2026-08-26 09:03:46.726,3003.61,3003.89,0.78,13,0.9372,SUCCESS,0.0093,EMERGENCY_PAUSE
FIL-001313,ORD-001313,2026-08-26 09:03:46.787,140.22,140.17,0.262,6,0.0147,SUCCESS,0.0374,EMERGENCY_PAUSE
FIL-001314,ORD-001314,2026-08-26 09:03:47.037,2996.19,2995.39,2.261,12,2.709,SUCCESS,0.0266,EMERGENCY_PAUSE
FIL-001315,ORD-001315,2026-08-26 09:03:47.122,2996.55,2996.14,0.419,15,0.5022,SUCCESS,0.0136,EMERGENCY_PAUSE
FIL-001316,ORD-001316,2026-08-26 09:03:47.358,140.03,139.96,0.458,12,0.0256,SUCCESS,0.0519,EMERGENCY_PAUSE
FIL-001317,ORD-001317,2026-08-26 09:03:47.467,3005.08,3006.1,1.083,7,1.3022,SUCCESS,0.0341,EMERGENCY_PAUSE
FIL-001318,ORD-001318,2026-08-26 09:03:47.705,2997.83,2997.0,2.236,14,2.6805,SUCCESS,0.0276,EMERGENCY_PAUSE
FIL-001319,ORD-001319,2026-08-26 09:03:47.958,2997.07,2997.76,1.473,15,1.7663,SUCCESS,0.0231,THROTTLE
FIL-001320,ORD-001320,2026-08-26 09:03:48.057,140.11,140.09,1.442,16,0.0808,SUCCESS,0.0122,WARNING
FIL-001321,ORD-001321,2026-08-26 09:03:48.235,140.0,140.06,1.901,8,0.1065,SUCCESS,0.0462,NORMAL
FIL-001322,ORD-001322,2026-08-26 09:03:48.355,59917.54,59933.6,2.41,13,57.776,SUCCESS,0.0268,NORMAL
FIL-001323,ORD-001323,2026-08-26 09:03:48.426,60004.06,60010.84,1.491,20,35.7905,SUCCESS,0.0113,NORMAL
FIL-001324,ORD-001324,2026-08-26 09:03:48.481,139.94,139.93,2.169,39,0.1214,SUCCESS,0.0077,NORMAL
FIL-001325,ORD-001325,2026-08-26 09:03:48.628,2995.8,2994.99,1.367,6,1.6377,SUCCESS,0.0271,NORMAL
FIL-001326,ORD-001326,2026-08-26 09:03:48.714,3006.66,3007.54,0.504,11,0.6063,SUCCESS,0.0292,NORMAL
FIL-001327,ORD-001327,2026-08-26 09:03:48.937,59997.1,59979.88,2.385,7,57.2208,SUCCESS,0.0287,NORMAL
FIL-001328,ORD-001328,2026-08-26 09:03:49.001,60017.09,60019.55,0.165,15,3.9613,SUCCESS,0.0041,NORMAL
FIL-001329,ORD-001329,2026-08-26 09:03:49.117,3003.64,3003.25,2.243,21,2.6945,SUCCESS,0.0129,NORMAL
FIL-001330,ORD-001330,2026-08-26 09:03:49.227,3002.78,3002.98,1.533,7,1.8414,SUCCESS,0.0066,NORMAL
FIL-001331,ORD-001331,2026-08-26 09:03:49.418,2997.79,2997.18,0.864,8,1.0358,SUCCESS,0.0205,NORMAL
FIL-001332,ORD-001332,2026-08-26 09:03:49.694,2994.8,2996.25,0.661,15,0.7922,SUCCESS,0.0484,NORMAL
FIL-001333,ORD-001333,2026-08-26 09:03:49.939,59920.64,59908.78,0.344,6,8.2434,SUCCESS,0.0198,NORMAL
FIL-001334,ORD-001334,2026-08-26 09:03:50.151,140.02,140.07,0.301,8,0.0169,SUCCESS,0.0348,NORMAL
FIL-001335,ORD-001335,2026-08-26 09:03:50.244,139.95,140.0,1.397,5,0.0782,SUCCESS,0.0367,NORMAL
FIL-001336,ORD-001336,2026-08-26 09:03:50.502,60064.94,60031.24,0.2,24,4.8025,SUCCESS,0.0561,NORMAL
FIL-001337,ORD-001337,2026-08-26 09:03:50.787,2995.26,2994.67,0.244,18,0.2923,SUCCESS,0.0196,NORMAL
FIL-001338,ORD-001338,2026-08-26 09:03:50.926,3000.3,3000.01,1.012,74,1.2144,SUCCESS,0.0095,NORMAL
FIL-001339,ORD-001339,2026-08-26 09:03:51.165,140.15,140.16,0.209,30,0.0117,SUCCESS,0.0045,NORMAL
FIL-001340,ORD-001340,2026-08-26 09:03:51.250,140.07,140.14,0.395,7,0.0221,SUCCESS,0.051,NORMAL
FIL-001341,ORD-001341,2026-08-26 09:03:51.505,139.99,139.95,1.312,8,0.0734,SUCCESS,0.0258,NORMAL
FIL-001342,ORD-001342,2026-08-26 09:03:51.624,3002.06,3001.55,1.799,9,2.1599,SUCCESS,0.017,NORMAL
FIL-001343,ORD-001343,2026-08-26 09:03:51.678,59969.09,59956.38,1.539,50,36.9091,SUCCESS,0.0212,NORMAL
FIL-001344,ORD-001344,2026-08-26 09:03:51.958,140.04,140.07,1.244,9,0.0697,SUCCESS,0.0239,NORMAL
FIL-001345,ORD-001345,2026-08-26 09:03:52.203,60050.08,60054.94,1.788,19,42.9513,SUCCESS,0.0081,NORMAL
FIL-001346,ORD-001346,2026-08-26 09:03:52.260,3001.55,3002.57,0.286,6,0.3435,SUCCESS,0.0339,NORMAL
FIL-001347,ORD-001347,2026-08-26 09:03:52.521,140.12,140.11,2.051,15,0.1149,SUCCESS,0.0104,NORMAL
FIL-001348,ORD-001348,2026-08-26 09:03:52.573,139.79,139.72,2.048,9,0.1145,SUCCESS,0.048,NORMAL
FIL-001349,ORD-001349,2026-08-26 09:03:52.813,59937.14,59937.14,0.122,21,2.9249,SUCCESS,0.0,NORMAL
FIL-001350,ORD-001350,2026-08-26 09:03:53.071,59908.93,59895.81,0.56,8,13.4167,SUCCESS,0.0219,NORMAL
FIL-001351,ORD-001351,2026-08-26 09:03:53.368,139.9,139.85,2.452,33,0.1372,SUCCESS,0.0368,NORMAL
FIL-001352,ORD-001352,2026-08-26 09:03:53.471,2998.22,2998.32,1.797,32,2.1552,SUCCESS,0.0032,NORMAL
FIL-001353,ORD-001353,2026-08-26 09:03:53.592,60028.2,60040.33,0.366,42,8.7899,SUCCESS,0.0202,NORMAL
FIL-001354,ORD-001354,2026-08-26 09:03:53.814,139.83,139.82,1.873,5,0.1048,SUCCESS,0.0098,NORMAL
FIL-001355,ORD-001355,2026-08-26 09:03:53.930,140.01,140.05,0.256,8,0.0143,SUCCESS,0.0298,NORMAL
FIL-001356,ORD-001356,2026-08-26 09:03:54.197,139.93,139.97,0.758,30,0.0424,SUCCESS,0.0257,NORMAL
FIL-001357,ORD-001357,2026-08-26 09:03:54.311,139.95,139.95,1.379,28,0.0772,SUCCESS,0.0013,NORMAL
FIL-001358,ORD-001358,2026-08-26 09:03:54.527,140.05,140.03,1.715,19,0.0961,SUCCESS,0.013,NORMAL
FIL-001359,ORD-001359,2026-08-26 09:03:54.751,60015.85,59983.2,0.758,9,18.1869,SUCCESS,0.0544,NORMAL
FIL-001360,ORD-001360,2026-08-26 09:03:54.985,139.99,139.99,0.204,13,0.0114,SUCCESS,0.0028,NORMAL
FIL-001361,ORD-001361,2026-08-26 09:03:55.036,59962.32,59966.76,1.177,24,28.2324,SUCCESS,0.0074,NORMAL
FIL-001362,ORD-001362,2026-08-26 09:03:55.274,3001.32,3002.06,2.038,18,2.4473,SUCCESS,0.0246,NORMAL
FIL-001363,ORD-001363,2026-08-26 09:03:55.408,60029.43,60013.64,0.573,39,13.7551,SUCCESS,0.0263,NORMAL
FIL-001364,ORD-001364,2026-08-26 09:03:55.664,2999.02,2999.94,1.252,6,1.5024,SUCCESS,0.0306,NORMAL
FIL-001365,ORD-001365,2026-08-26 09:03:55.959,60046.33,60033.66,1.237,18,29.7047,SUCCESS,0.0211,NORMAL
FIL-001366,ORD-001366,2026-08-26 09:03:56.027,2999.2,2999.54,0.668,7,0.8015,SUCCESS,0.0115,NORMAL
FIL-001367,ORD-001367,2026-08-26 09:03:56.098,139.97,139.97,1.489,12,0.0834,SUCCESS,0.003,NORMAL
FIL-001368,ORD-001368,2026-08-26 09:03:56.348,60069.01,60077.18,1.764,7,42.3905,SUCCESS,0.0136,NORMAL
FIL-001369,ORD-001369,2026-08-26 09:03:56.558,60079.76,60086.85,0.824,7,19.8046,SUCCESS,0.0118,NORMAL
FIL-001370,ORD-001370,2026-08-26 09:03:56.825,3005.72,3006.79,0.225,16,0.2706,SUCCESS,0.0355,NORMAL
FIL-001371,ORD-001371,2026-08-26 09:03:57.028,2999.24,2999.18,0.659,26,0.7906,SUCCESS,0.0019,NORMAL
FIL-001372,ORD-001372,2026-08-26 09:03:57.236,140.05,140.1,1.127,26,0.0632,SUCCESS,0.0344,NORMAL
FIL-001373,ORD-001373,2026-08-26 09:03:57.402,140.16,140.18,1.979,10,0.111,SUCCESS,0.0172,NORMAL
FIL-001374,ORD-001374,2026-08-26 09:03:57.634,140.08,140.04,0.129,6,0.0072,SUCCESS,0.0287,NORMAL
FIL-001375,ORD-001375,2026-08-26 09:03:57.774,59992.64,59999.54,1.321,5,31.7038,SUCCESS,0.0115,NORMAL
FIL-001376,ORD-001376,2026-08-26 09:03:58.028,3000.26,3000.01,0.684,16,0.8208,SUCCESS,0.0083,NORMAL
FIL-001377,ORD-001377,2026-08-26 09:03:58.244,59955.77,59973.7,1.332,39,31.954,SUCCESS,0.0299,NORMAL
FIL-001378,ORD-001378,2026-08-26 09:03:58.414,2997.51,2996.96,0.449,10,0.5383,SUCCESS,0.0185,NORMAL
FIL-001379,ORD-001379,2026-08-26 09:03:58.632,2999.82,2999.3,1.342,10,1.61,SUCCESS,0.0174,NORMAL
FIL-001380,ORD-001380,2026-08-26 09:03:58.901,139.83,139.87,2.104,13,0.1177,SUCCESS,0.0303,NORMAL
FIL-001381,ORD-001381,2026-08-26 09:03:59.002,59984.51,59976.83,1.637,13,39.2728,SUCCESS,0.0128,NORMAL
FIL-001382,ORD-001382,2026-08-26 09:03:59.171,59995.46,59991.62,1.76,53,42.2341,SUCCESS,0.0064,NORMAL
FIL-001383,ORD-001383,2026-08-26 09:03:59.297,139.98,139.95,0.906,18,0.0507,SUCCESS,0.0211,NORMAL
FIL-001384,ORD-001384,2026-08-26 09:03:59.357,3004.94,3004.87,1.994,11,2.3967,SUCCESS,0.0024,NORMAL
FIL-001385,ORD-001385,2026-08-26 09:03:59.526,3002.05,3002.35,1.764,25,2.1185,SUCCESS,0.0099,NORMAL
FIL-001386,ORD-001386,2026-08-26 09:03:59.660,140.27,140.31,2.386,12,0.1339,SUCCESS,0.0272,NORMAL
FIL-001387,ORD-001387,2026-08-26 09:03:59.802,139.87,139.83,2.476,13,0.1385,SUCCESS,0.0279,NORMAL
FIL-001388,ORD-001388,2026-08-26 09:03:59.964,59905.66,59921.18,0.442,70,10.5941,SUCCESS,0.0259,NORMAL
FIL-001389,ORD-001389,2026-08-26 09:04:00.058,59986.68,59975.76,0.575,10,13.7944,SUCCESS,0.0182,NORMAL
FIL-001390,ORD-001390,2026-08-26 09:04:00.153,59969.48,59966.9,1.431,5,34.3251,SUCCESS,0.0043,NORMAL
FIL-001391,ORD-001391,2026-08-26 09:04:00.415,60037.28,60045.08,0.343,6,8.2382,SUCCESS,0.013,NORMAL
FIL-001392,ORD-001392,2026-08-26 09:04:00.704,139.97,139.98,0.366,36,0.0205,SUCCESS,0.0099,NORMAL
FIL-001393,ORD-001393,2026-08-26 09:04:00.797,59983.11,59974.29,0.994,13,23.8458,SUCCESS,0.0147,NORMAL
FIL-001394,ORD-001394,2026-08-26 09:04:01.083,139.78,139.78,0.447,16,0.025,SUCCESS,0.0017,NORMAL
FIL-001395,ORD-001395,2026-08-26 09:04:01.286,60025.75,60030.49,0.998,5,23.9642,SUCCESS,0.0079,NORMAL
FIL-001396,ORD-001396,2026-08-26 09:04:01.554,2998.94,2999.05,1.51,24,1.8114,SUCCESS,0.0038,NORMAL
FIL-001397,ORD-001397,2026-08-26 09:04:01.807,139.71,139.66,0.228,18,0.0127,SUCCESS,0.0328,NORMAL
FIL-001398,ORD-001398,2026-08-26 09:04:01.910,3000.38,3000.85,2.226,29,2.672,SUCCESS,0.0155,NORMAL
FIL-001399,ORD-001399,2026-08-26 09:04:02.002,140.01,140.03,1.576,12,0.0883,SUCCESS,0.015,NORMAL
FIL-001400,ORD-001400,2026-08-26 09:04:02.179,139.76,139.75,1.322,63,0.0739,SUCCESS,0.0095,NORMAL
FIL-001401,ORD-001401,2026-08-26 09:04:02.352,140.17,140.14,1.361,5,0.0763,SUCCESS,0.0184,NORMAL
FIL-001402,ORD-001402,2026-08-26 09:04:02.604,139.92,139.88,1.631,25,0.0913,SUCCESS,0.03,NORMAL
FIL-001403,ORD-001403,2026-08-26 09:04:02.714,139.94,139.96,1.185,5,0.0663,SUCCESS,0.0113,NORMAL
FIL-001404,ORD-001404,2026-08-26 09:04:03.003,2997.93,2998.69,1.471,8,1.7644,SUCCESS,0.0254,NORMAL
FIL-001405,ORD-001405,2026-08-26 09:04:03.166,3001.11,3000.26,0.302,11,0.3624,SUCCESS,0.0284,NORMAL
FIL-001406,ORD-001406,2026-08-26 09:04:03.302,139.95,139.91,1.329,33,0.0744,SUCCESS,0.0315,NORMAL
FIL-001407,ORD-001407,2026-08-26 09:04:03.433,2999.44,2999.11,2.031,6,2.4365,SUCCESS,0.0111,NORMAL
FIL-001408,ORD-001408,2026-08-26 09:04:03.502,2996.52,2995.94,0.737,9,0.8832,SUCCESS,0.0193,NORMAL
FIL-001409,ORD-001409,2026-08-26 09:04:03.572,2998.65,2998.88,1.412,6,1.6938,SUCCESS,0.0078,NORMAL
FIL-001410,ORD-001410,2026-08-26 09:04:03.673,3001.26,3001.67,0.192,5,0.2305,SUCCESS,0.0136,NORMAL
FIL-001411,ORD-001411,2026-08-26 09:04:03.919,3004.21,3004.39,1.889,5,2.2701,SUCCESS,0.0059,NORMAL
FIL-001412,ORD-001412,2026-08-26 09:04:04.187,140.02,140.01,0.431,28,0.0241,SUCCESS,0.0102,NORMAL
FIL-001413,ORD-001413,2026-08-26 09:04:04.437,139.94,139.94,2.074,22,0.1161,SUCCESS,0.0028,NORMAL
FIL-001414,ORD-001414,2026-08-26 09:04:04.654,2997.03,2996.5,0.129,9,0.1546,SUCCESS,0.0178,NORMAL
FIL-001415,ORD-001415,2026-08-26 09:04:04.757,139.79,139.82,1.836,14,0.1027,SUCCESS,0.0198,NORMAL
FIL-001416,ORD-001416,2026-08-26 09:04:04.991,2997.7,2998.02,1.918,7,2.3001,SUCCESS,0.0107,NORMAL
FIL-001417,ORD-001417,2026-08-26 09:04:05.238,2993.79,2993.02,0.551,24,0.6597,SUCCESS,0.0258,NORMAL
FIL-001418,ORD-001418,2026-08-26 09:04:05.383,140.17,140.16,1.44,7,0.0807,SUCCESS,0.0071,NORMAL
FIL-001419,ORD-001419,2026-08-26 09:04:05.601,60011.86,60011.92,1.3,10,31.2062,SUCCESS,0.0001,NORMAL
FIL-001420,ORD-001420,2026-08-26 09:04:05.727,2999.42,2988.15,1.931,260,2.308,SUCCESS,0.3758,WARNING
FIL-001421,ORD-001421,2026-08-26 09:04:05.922,2999.15,3004.9,2.445,229,2.9388,SUCCESS,0.1917,THROTTLE
FIL-001425,ORD-001425,2026-08-26 09:04:06.534,139.92,140.13,0.884,426,0.0495,SUCCESS,0.1533,EMERGENCY_PAUSE
FIL-001426,ORD-001426,2026-08-26 09:04:06.636,60076.31,60300.33,1.034,233,24.9402,SUCCESS,0.3729,EMERGENCY_PAUSE
FIL-001427,ORD-001427,2026-08-26 09:04:06.765,60076.92,60286.83,0.481,197,11.5992,SUCCESS,0.3494,EMERGENCY_PAUSE
FIL-001429,ORD-001429,2026-08-26 09:04:07.069,3003.41,3015.84,1.204,289,1.4524,SUCCESS,0.4138,EMERGENCY_PAUSE
FIL-001430,ORD-001430,2026-08-26 09:04:07.219,59908.63,59756.46,2.122,220,50.7213,SUCCESS,0.254,EMERGENCY_PAUSE
FIL-001431,ORD-001431,2026-08-26 09:04:07.379,140.18,140.2,1.583,10,0.0888,SUCCESS,0.0176,EMERGENCY_PAUSE
FIL-001432,ORD-001432,2026-08-26 09:04:07.529,2998.87,2998.77,1.465,8,1.7573,SUCCESS,0.0033,EMERGENCY_PAUSE
FIL-001433,ORD-001433,2026-08-26 09:04:07.739,140.15,140.17,0.757,16,0.0424,SUCCESS,0.0174,EMERGENCY_PAUSE
FIL-001434,ORD-001434,2026-08-26 09:04:08.019,139.85,139.8,1.844,25,0.1031,SUCCESS,0.0381,EMERGENCY_PAUSE
FIL-001435,ORD-001435,2026-08-26 09:04:08.163,59985.0,59973.78,0.391,24,9.3799,SUCCESS,0.0187,EMERGENCY_PAUSE
FIL-001436,ORD-001436,2026-08-26 09:04:08.255,59986.32,60001.92,1.084,18,26.0168,SUCCESS,0.026,EMERGENCY_PAUSE
FIL-001437,ORD-001437,2026-08-26 09:04:08.482,2999.2,2999.41,0.276,16,0.3311,SUCCESS,0.007,EMERGENCY_PAUSE
FIL-001438,ORD-001438,2026-08-26 09:04:08.633,139.91,139.89,2.154,6,0.1205,SUCCESS,0.0177,EMERGENCY_PAUSE
FIL-001439,ORD-001439,2026-08-26 09:04:08.854,59978.88,59982.36,0.428,6,10.269,SUCCESS,0.0058,THROTTLE
FIL-001440,ORD-001440,2026-08-26 09:04:08.966,139.84,139.83,1.416,9,0.0792,SUCCESS,0.0091,WARNING
FIL-001441,ORD-001441,2026-08-26 09:04:09.059,140.03,139.97,2.12,30,0.1187,SUCCESS,0.0431,NORMAL
FIL-001442,ORD-001442,2026-08-26 09:04:09.152,60098.73,60133.77,1.879,7,45.1965,SUCCESS,0.0583,NORMAL
FIL-001443,ORD-001443,2026-08-26 09:04:09.257,59940.15,59951.84,0.959,22,22.9975,SUCCESS,0.0195,NORMAL
FIL-001444,ORD-001444,2026-08-26 09:04:09.319,140.06,140.07,1.161,21,0.065,SUCCESS,0.0073,NORMAL
FIL-001445,ORD-001445,2026-08-26 09:04:09.370,140.14,140.16,0.226,5,0.0127,SUCCESS,0.0149,NORMAL
FIL-001446,ORD-001446,2026-08-26 09:04:09.481,59979.58,59965.54,0.999,8,23.9622,SUCCESS,0.0234,NORMAL
FIL-001447,ORD-001447,2026-08-26 09:04:09.741,60024.1,60032.2,0.135,11,3.2417,SUCCESS,0.0135,NORMAL
FIL-001448,ORD-001448,2026-08-26 09:04:10.003,60023.84,60028.64,2.013,12,48.3351,SUCCESS,0.008,NORMAL
FIL-001449,ORD-001449,2026-08-26 09:04:10.261,139.7,139.71,1.33,33,0.0743,SUCCESS,0.0068,NORMAL
FIL-001450,ORD-001450,2026-08-26 09:04:10.449,3004.24,3003.7,0.597,25,0.7173,SUCCESS,0.018,NORMAL
FIL-001451,ORD-001451,2026-08-26 09:04:10.543,2997.3,2996.45,0.956,27,1.1458,SUCCESS,0.0282,NORMAL
FIL-001452,ORD-001452,2026-08-26 09:04:10.649,60065.61,60064.95,0.611,38,14.6799,SUCCESS,0.0011,NORMAL
FIL-001453,ORD-001453,2026-08-26 09:04:10.754,60077.6,60063.06,0.262,24,6.2946,SUCCESS,0.0242,NORMAL
FIL-001454,ORD-001454,2026-08-26 09:04:10.986,2998.7,2997.74,2.477,5,2.9702,SUCCESS,0.0319,NORMAL
FIL-001455,ORD-001455,2026-08-26 09:04:11.197,140.24,140.25,0.878,12,0.0493,SUCCESS,0.0089,NORMAL
FIL-001456,ORD-001456,2026-08-26 09:04:11.332,139.89,139.84,1.765,17,0.0987,SUCCESS,0.0358,NORMAL
FIL-001457,ORD-001457,2026-08-26 09:04:11.386,60029.15,60026.33,0.262,14,6.2908,SUCCESS,0.0047,NORMAL
FIL-001458,ORD-001458,2026-08-26 09:04:11.586,139.9,139.89,0.658,21,0.0368,SUCCESS,0.0086,NORMAL
FIL-001459,ORD-001459,2026-08-26 09:04:11.715,139.8,139.81,2.252,46,0.1259,SUCCESS,0.0082,NORMAL
FIL-001460,ORD-001460,2026-08-26 09:04:11.860,59940.96,59915.9,0.244,32,5.8478,SUCCESS,0.0418,NORMAL
FIL-001461,ORD-001461,2026-08-26 09:04:11.970,3005.27,3004.83,1.641,8,1.9724,SUCCESS,0.0145,NORMAL
FIL-001462,ORD-001462,2026-08-26 09:04:12.184,139.84,139.83,0.768,7,0.043,SUCCESS,0.0071,NORMAL
FIL-001463,ORD-001463,2026-08-26 09:04:12.450,60051.61,60040.08,0.157,14,3.7705,SUCCESS,0.0192,NORMAL
FIL-001464,ORD-001464,2026-08-26 09:04:12.734,140.06,140.05,0.23,16,0.0129,SUCCESS,0.0044,NORMAL
FIL-001465,ORD-001465,2026-08-26 09:04:13.007,140.13,140.17,0.634,49,0.0355,SUCCESS,0.0252,NORMAL
FIL-001466,ORD-001466,2026-08-26 09:04:13.182,2994.12,2993.3,0.255,17,0.3053,SUCCESS,0.0273,NORMAL
FIL-001467,ORD-001467,2026-08-26 09:04:13.264,59985.03,59988.33,2.352,25,56.437,SUCCESS,0.0055,NORMAL
FIL-001468,ORD-001468,2026-08-26 09:04:13.374,59907.25,59931.27,2.336,12,55.9998,SUCCESS,0.0401,NORMAL
FIL-001469,ORD-001469,2026-08-26 09:04:13.474,139.95,139.99,0.494,29,0.0277,SUCCESS,0.0283,NORMAL
FIL-001470,ORD-001470,2026-08-26 09:04:13.638,59999.82,59995.56,0.785,27,18.8386,SUCCESS,0.0071,NORMAL
FIL-001471,ORD-001471,2026-08-26 09:04:13.936,139.97,139.99,0.292,7,0.0164,SUCCESS,0.0156,NORMAL
FIL-001472,ORD-001472,2026-08-26 09:04:14.142,3000.64,2999.24,1.114,17,1.3365,SUCCESS,0.0468,NORMAL
FIL-001473,ORD-001473,2026-08-26 09:04:14.197,139.91,139.91,2.005,5,0.1122,SUCCESS,0.0022,NORMAL
FIL-001474,ORD-001474,2026-08-26 09:04:14.399,3001.59,3000.76,2.312,28,2.7751,SUCCESS,0.0275,NORMAL
FIL-001475,ORD-001475,2026-08-26 09:04:14.527,139.91,139.98,1.013,41,0.0567,SUCCESS,0.0478,NORMAL
FIL-001476,ORD-001476,2026-08-26 09:04:14.611,3000.7,3000.3,0.273,13,0.3276,SUCCESS,0.0134,NORMAL
FIL-001477,ORD-001477,2026-08-26 09:04:14.881,139.9,139.88,0.11,9,0.0062,SUCCESS,0.0173,NORMAL
FIL-001478,ORD-001478,2026-08-26 09:04:15.179,140.34,140.29,2.357,16,0.1323,SUCCESS,0.0351,NORMAL
FIL-001479,ORD-001479,2026-08-26 09:04:15.247,139.93,139.91,2.47,16,0.1382,SUCCESS,0.012,NORMAL
FIL-001480,ORD-001480,2026-08-26 09:04:15.338,3000.53,3000.91,2.337,15,2.8053,SUCCESS,0.0125,NORMAL
FIL-001481,ORD-001481,2026-08-26 09:04:15.477,60028.09,60021.49,1.904,16,45.7124,SUCCESS,0.011,NORMAL
FIL-001482,ORD-001482,2026-08-26 09:04:15.625,139.96,139.88,0.238,14,0.0133,SUCCESS,0.06,NORMAL
FIL-001483,ORD-001483,2026-08-26 09:04:15.836,3001.03,3001.98,2.052,7,2.464,SUCCESS,0.0316,NORMAL
FIL-001484,ORD-001484,2026-08-26 09:04:16.002,139.94,139.97,0.727,6,0.0407,SUCCESS,0.0201,NORMAL
FIL-001485,ORD-001485,2026-08-26 09:04:16.267,140.28,140.29,2.384,11,0.1338,SUCCESS,0.0055,NORMAL
FIL-001486,ORD-001486,2026-08-26 09:04:16.415,60032.61,60047.02,1.808,10,43.426,SUCCESS,0.024,NORMAL
FIL-001487,ORD-001487,2026-08-26 09:04:16.677,2994.1,2994.42,1.115,21,1.3355,SUCCESS,0.0106,NORMAL
FIL-001488,ORD-001488,2026-08-26 09:04:16.953,2999.61,2999.58,1.38,9,1.6558,SUCCESS,0.0009,NORMAL
FIL-001489,ORD-001489,2026-08-26 09:04:17.225,3004.63,3004.11,2.318,12,2.7854,SUCCESS,0.0172,NORMAL
FIL-001490,ORD-001490,2026-08-26 09:04:17.311,60149.46,60159.99,0.927,8,22.3073,SUCCESS,0.0175,NORMAL
FIL-001491,ORD-001491,2026-08-26 09:04:17.404,2992.19,2992.27,0.839,5,1.0042,SUCCESS,0.0026,NORMAL
FIL-001492,ORD-001492,2026-08-26 09:04:17.560,2998.15,2998.22,1.103,13,1.3228,SUCCESS,0.0022,NORMAL
FIL-001493,ORD-001493,2026-08-26 09:04:17.790,139.85,139.83,0.999,5,0.0559,SUCCESS,0.014,NORMAL
FIL-001494,ORD-001494,2026-08-26 09:04:17.985,60076.66,60080.08,0.365,8,8.7717,SUCCESS,0.0057,NORMAL
FIL-001495,ORD-001495,2026-08-26 09:04:18.084,59974.94,59979.86,2.042,12,48.9915,SUCCESS,0.0082,NORMAL
FIL-001496,ORD-001496,2026-08-26 09:04:18.296,3004.75,3003.34,0.362,9,0.4349,SUCCESS,0.0469,NORMAL
FIL-001497,ORD-001497,2026-08-26 09:04:18.433,59965.28,59967.44,0.764,10,18.326,SUCCESS,0.0036,NORMAL
FIL-001498,ORD-001498,2026-08-26 09:04:18.498,60019.04,60021.14,0.342,45,8.2109,SUCCESS,0.0035,NORMAL
FIL-001499,ORD-001499,2026-08-26 09:04:18.602,3005.1,3005.88,0.2,9,0.2405,SUCCESS,0.026,NORMAL
FIL-001500,ORD-001500,2026-08-26 09:04:18.720,139.91,139.98,2.409,12,0.1349,SUCCESS,0.053,NORMAL
FIL-001501,ORD-001501,2026-08-26 09:04:18.944,2997.27,2996.4,0.908,9,1.0883,SUCCESS,0.0291,NORMAL
FIL-001502,ORD-001502,2026-08-26 09:04:19.090,3002.32,3002.04,1.696,16,2.0366,SUCCESS,0.0094,NORMAL
FIL-001503,ORD-001503,2026-08-26 09:04:19.140,139.78,139.8,2.035,10,0.1138,SUCCESS,0.016,NORMAL
FIL-001504,ORD-001504,2026-08-26 09:04:19.344,3000.28,2999.29,0.433,13,0.5195,SUCCESS,0.0329,NORMAL
FIL-001505,ORD-001505,2026-08-26 09:04:19.509,59987.74,59977.0,0.696,16,16.6976,SUCCESS,0.0179,NORMAL
FIL-001506,ORD-001506,2026-08-26 09:04:19.722,140.02,140.02,0.108,37,0.006,SUCCESS,0.0008,NORMAL
FIL-001507,ORD-001507,2026-08-26 09:04:19.960,2997.24,2997.66,2.427,15,2.9101,SUCCESS,0.0141,NORMAL
FIL-001508,ORD-001508,2026-08-26 09:04:20.213,2998.2,2997.05,1.874,30,2.2466,SUCCESS,0.0385,NORMAL
FIL-001509,ORD-001509,2026-08-26 09:04:20.431,60038.99,60029.62,2.334,16,56.0437,SUCCESS,0.0156,NORMAL
FIL-001510,ORD-001510,2026-08-26 09:04:20.517,139.95,139.96,0.568,7,0.0318,SUCCESS,0.0054,NORMAL
FIL-001511,ORD-001511,2026-08-26 09:04:20.739,140.04,140.06,0.823,18,0.0461,SUCCESS,0.0159,NORMAL
FIL-001512,ORD-001512,2026-08-26 09:04:20.958,139.86,139.86,0.378,21,0.0211,SUCCESS,0.0015,NORMAL
FIL-001513,ORD-001513,2026-08-26 09:04:21.187,139.79,139.8,2.366,16,0.1323,SUCCESS,0.0071,NORMAL
FIL-001514,ORD-001514,2026-08-26 09:04:21.474,60000.42,60003.48,0.485,12,11.6407,SUCCESS,0.0051,NORMAL
FIL-001515,ORD-001515,2026-08-26 09:04:21.645,2998.53,2998.41,0.718,7,0.8611,SUCCESS,0.0039,NORMAL
FIL-001516,ORD-001516,2026-08-26 09:04:21.820,139.95,140.01,1.621,15,0.0908,SUCCESS,0.0394,NORMAL
FIL-001517,ORD-001517,2026-08-26 09:04:22.023,60072.66,60069.36,1.939,30,46.5898,SUCCESS,0.0055,NORMAL
FIL-001518,ORD-001518,2026-08-26 09:04:22.170,59998.79,59994.47,1.866,34,44.7799,SUCCESS,0.0072,NORMAL
FIL-001519,ORD-001519,2026-08-26 09:04:22.242,140.15,140.15,0.378,6,0.0212,SUCCESS,0.0023,NORMAL
FIL-001520,ORD-001520,2026-08-26 09:04:22.533,60016.02,60027.0,0.552,10,13.254,SUCCESS,0.0183,NORMAL
FIL-001521,ORD-001521,2026-08-26 09:04:22.771,59987.19,59978.55,1.012,9,24.2793,SUCCESS,0.0144,NORMAL
FIL-001522,ORD-001522,2026-08-26 09:04:23.071,60055.05,60039.8,2.133,36,51.226,SUCCESS,0.0254,NORMAL
FIL-001523,ORD-001523,2026-08-26 09:04:23.153,3001.49,3001.44,2.341,21,2.8105,SUCCESS,0.0018,NORMAL
FIL-001524,ORD-001524,2026-08-26 09:04:23.283,139.99,139.99,2.146,8,0.1202,SUCCESS,0.0025,NORMAL
FIL-001525,ORD-001525,2026-08-26 09:04:23.486,60075.05,60058.41,1.194,50,28.6839,SUCCESS,0.0277,NORMAL
FIL-001526,ORD-001526,2026-08-26 09:04:23.544,3003.94,3003.94,2.087,11,2.5077,SUCCESS,0.0001,NORMAL
FIL-001527,ORD-001527,2026-08-26 09:04:23.811,139.96,139.94,0.396,40,0.0222,SUCCESS,0.0146,NORMAL
FIL-001528,ORD-001528,2026-08-26 09:04:24.108,139.9,139.88,0.8,21,0.0448,SUCCESS,0.0119,NORMAL
FIL-001529,ORD-001529,2026-08-26 09:04:24.211,3004.98,3005.6,2.087,12,2.5091,SUCCESS,0.0206,NORMAL
FIL-001530,ORD-001530,2026-08-26 09:04:24.306,139.89,139.92,2.177,5,0.1218,SUCCESS,0.025,NORMAL
FIL-001531,ORD-001531,2026-08-26 09:04:24.396,2998.97,2998.14,2.29,7,2.7463,SUCCESS,0.0278,NORMAL
FIL-001532,ORD-001532,2026-08-26 09:04:24.639,59924.51,59910.37,2.477,5,59.3592,SUCCESS,0.0236,NORMAL
FIL-001533,ORD-001533,2026-08-26 09:04:24.925,3002.57,3002.14,0.778,6,0.9343,SUCCESS,0.0142,NORMAL
FIL-001534,ORD-001534,2026-08-26 09:04:25.196,60095.05,60077.02,1.999,11,48.0376,SUCCESS,0.03,NORMAL
FIL-001535,ORD-001535,2026-08-26 09:04:25.424,59949.89,59924.05,0.43,13,10.3069,SUCCESS,0.0431,NORMAL
FIL-001536,ORD-001536,2026-08-26 09:04:25.524,2998.85,2998.49,2.03,10,2.4348,SUCCESS,0.012,NORMAL
FIL-001537,ORD-001537,2026-08-26 09:04:25.775,140.0,140.02,0.345,13,0.0193,SUCCESS,0.0168,NORMAL
FIL-001538,ORD-001538,2026-08-26 09:04:26.062,60009.37,59997.55,2.12,15,50.8779,SUCCESS,0.0197,NORMAL
FIL-001539,ORD-001539,2026-08-26 09:04:26.142,60028.88,60038.6,2.368,12,56.8686,SUCCESS,0.0162,NORMAL
FIL-001541,ORD-001541,2026-08-26 09:04:26.506,2998.16,2992.11,1.888,478,2.2596,SUCCESS,0.2017,THROTTLE
FIL-001542,ORD-001542,2026-08-26 09:04:26.650,139.9,140.38,0.761,379,0.0427,SUCCESS,0.3451,EMERGENCY_PAUSE
FIL-001544,ORD-001544,2026-08-26 09:04:27.065,139.96,139.42,0.535,617,0.0298,SUCCESS,0.3883,EMERGENCY_PAUSE
FIL-001545,ORD-001545,2026-08-26 09:04:27.252,140.03,139.68,1.813,383,0.1013,SUCCESS,0.2476,EMERGENCY_PAUSE
FIL-001546,ORD-001546,2026-08-26 09:04:27.427,59882.29,59692.58,1.387,338,33.1174,SUCCESS,0.3168,EMERGENCY_PAUSE
FIL-001547,ORD-001547,2026-08-26 09:04:27.654,60012.74,60221.34,0.382,667,9.2018,SUCCESS,0.3476,EMERGENCY_PAUSE
FIL-001549,ORD-001549,2026-08-26 09:04:27.934,59957.77,59691.56,1.315,268,31.3978,SUCCESS,0.444,EMERGENCY_PAUSE
FIL-001550,ORD-001550,2026-08-26 09:04:28.215,59984.83,59850.16,0.211,244,5.0514,SUCCESS,0.2245,EMERGENCY_PAUSE
FIL-001551,ORD-001551,2026-08-26 09:04:28.498,3004.22,3003.64,0.851,7,1.0224,SUCCESS,0.0192,EMERGENCY_PAUSE
FIL-001552,ORD-001552,2026-08-26 09:04:28.557,2999.78,3000.07,0.207,10,0.2484,SUCCESS,0.0098,EMERGENCY_PAUSE
FIL-001553,ORD-001553,2026-08-26 09:04:28.761,60024.42,60029.22,2.398,7,57.58,SUCCESS,0.008,EMERGENCY_PAUSE
FIL-001554,ORD-001554,2026-08-26 09:04:28.919,140.15,140.17,1.85,19,0.1037,SUCCESS,0.0156,EMERGENCY_PAUSE
FIL-001555,ORD-001555,2026-08-26 09:04:29.085,59963.45,59958.65,0.492,8,11.7999,SUCCESS,0.008,EMERGENCY_PAUSE
FIL-001556,ORD-001556,2026-08-26 09:04:29.187,59927.53,59926.51,0.444,16,10.6429,SUCCESS,0.0017,EMERGENCY_PAUSE
FIL-001557,ORD-001557,2026-08-26 09:04:29.332,59990.21,59986.13,0.562,23,13.4849,SUCCESS,0.0068,EMERGENCY_PAUSE
FIL-001558,ORD-001558,2026-08-26 09:04:29.493,140.14,140.19,2.482,14,0.1392,SUCCESS,0.0377,EMERGENCY_PAUSE
FIL-001559,ORD-001559,2026-08-26 09:04:29.679,2998.81,2998.93,0.748,31,0.8973,SUCCESS,0.0039,THROTTLE
FIL-001560,ORD-001560,2026-08-26 09:04:29.814,60038.08,60007.94,0.971,16,23.3071,SUCCESS,0.0502,WARNING
FIL-001561,ORD-001561,2026-08-26 09:04:29.960,3002.01,3002.7,0.124,8,0.1489,SUCCESS,0.0229,NORMAL
FIL-001562,ORD-001562,2026-08-26 09:04:30.144,60030.28,60022.96,0.396,8,9.5076,SUCCESS,0.0122,NORMAL
FIL-001563,ORD-001563,2026-08-26 09:04:30.283,139.9,139.89,0.329,6,0.0184,SUCCESS,0.0059,NORMAL
FIL-001564,ORD-001564,2026-08-26 09:04:30.376,139.83,139.82,2.252,13,0.1259,SUCCESS,0.0071,NORMAL
FIL-001565,ORD-001565,2026-08-26 09:04:30.627,2996.32,2996.12,1.727,6,2.0697,SUCCESS,0.0068,NORMAL
FIL-001566,ORD-001566,2026-08-26 09:04:30.808,140.05,140.03,0.123,15,0.0069,SUCCESS,0.0109,NORMAL
FIL-001567,ORD-001567,2026-08-26 09:04:30.926,140.09,140.09,1.462,5,0.0819,SUCCESS,0.0032,NORMAL
FIL-001568,ORD-001568,2026-08-26 09:04:31.156,59895.46,59885.58,1.561,19,37.3926,SUCCESS,0.0165,NORMAL
FIL-001569,ORD-001569,2026-08-26 09:04:31.279,2994.89,2995.29,1.225,14,1.4677,SUCCESS,0.0135,NORMAL
FIL-001570,ORD-001570,2026-08-26 09:04:31.387,2998.69,2998.39,2.317,50,2.7789,SUCCESS,0.0099,NORMAL
FIL-001571,ORD-001571,2026-08-26 09:04:31.460,3003.84,3004.29,0.851,16,1.0227,SUCCESS,0.0149,NORMAL
FIL-001572,ORD-001572,2026-08-26 09:04:31.657,139.8,139.82,0.325,19,0.0182,SUCCESS,0.0155,NORMAL
FIL-001573,ORD-001573,2026-08-26 09:04:31.930,60006.51,60027.93,1.283,16,30.8063,SUCCESS,0.0357,NORMAL
FIL-001574,ORD-001574,2026-08-26 09:04:32.107,59957.4,59944.63,0.427,7,10.2385,SUCCESS,0.0213,NORMAL
FIL-001575,ORD-001575,2026-08-26 09:04:32.347,139.84,139.85,2.286,11,0.1279,SUCCESS,0.0083,NORMAL
FIL-001576,ORD-001576,2026-08-26 09:04:32.586,60084.6,60068.5,0.686,23,16.4828,SUCCESS,0.0268,NORMAL
FIL-001577,ORD-001577,2026-08-26 09:04:32.861,140.13,140.14,1.719,24,0.0964,SUCCESS,0.0052,NORMAL
FIL-001578,ORD-001578,2026-08-26 09:04:33.001,139.91,139.93,0.42,13,0.0235,SUCCESS,0.0133,NORMAL
FIL-001579,ORD-001579,2026-08-26 09:04:33.137,60125.76,60118.91,2.427,12,58.3634,SUCCESS,0.0114,NORMAL
FIL-001580,ORD-001580,2026-08-26 09:04:33.261,140.08,140.1,2.159,28,0.121,SUCCESS,0.0142,NORMAL
FIL-001581,ORD-001581,2026-08-26 09:04:33.456,2996.43,2995.15,1.871,29,2.2416,SUCCESS,0.0426,NORMAL
FIL-001582,ORD-001582,2026-08-26 09:04:33.637,3002.17,3002.42,2.402,10,2.8847,SUCCESS,0.0082,NORMAL
FIL-001583,ORD-001583,2026-08-26 09:04:33.688,59940.74,59939.3,0.238,11,5.7062,SUCCESS,0.0024,NORMAL
FIL-001584,ORD-001584,2026-08-26 09:04:33.965,140.07,140.03,0.112,45,0.0063,SUCCESS,0.0252,NORMAL
FIL-001585,ORD-001585,2026-08-26 09:04:34.065,139.97,140.01,1.134,45,0.0635,SUCCESS,0.0278,NORMAL
FIL-001586,ORD-001586,2026-08-26 09:04:34.311,59970.21,59977.65,0.117,13,2.807,SUCCESS,0.0124,NORMAL
FIL-001587,ORD-001587,2026-08-26 09:04:34.470,140.12,140.09,0.818,21,0.0458,SUCCESS,0.0215,NORMAL
FIL-001588,ORD-001588,2026-08-26 09:04:34.561,59920.75,59902.53,2.114,9,50.6536,SUCCESS,0.0304,NORMAL
FIL-001589,ORD-001589,2026-08-26 09:04:34.792,59987.92,59978.08,2.221,7,53.2845,SUCCESS,0.0164,NORMAL
FIL-001590,ORD-001590,2026-08-26 09:04:35.032,59878.57,59898.45,1.047,15,25.0855,SUCCESS,0.0332,NORMAL
FIL-001591,ORD-001591,2026-08-26 09:04:35.252,3003.22,3003.68,1.25,16,1.5018,SUCCESS,0.0152,NORMAL
FIL-001592,ORD-001592,2026-08-26 09:04:35.484,2998.47,2999.68,2.02,5,2.4237,SUCCESS,0.0402,NORMAL
FIL-001593,ORD-001593,2026-08-26 09:04:35.719,60030.34,60026.02,1.06,7,25.451,SUCCESS,0.0072,NORMAL
FIL-001594,ORD-001594,2026-08-26 09:04:35.801,140.16,140.11,2.003,7,0.1123,SUCCESS,0.0341,NORMAL
FIL-001595,ORD-001595,2026-08-26 09:04:36.024,59902.38,59900.94,0.668,14,16.0055,SUCCESS,0.0024,NORMAL
FIL-001596,ORD-001596,2026-08-26 09:04:36.148,2997.66,2997.62,1.142,8,1.3693,SUCCESS,0.0015,NORMAL
FIL-001597,ORD-001597,2026-08-26 09:04:36.384,2995.6,2995.55,1.582,19,1.8956,SUCCESS,0.0017,NORMAL
FIL-001598,ORD-001598,2026-08-26 09:04:36.613,139.84,139.84,2.174,10,0.1216,SUCCESS,0.0026,NORMAL
FIL-001599,ORD-001599,2026-08-26 09:04:36.842,60037.92,60030.3,2.044,5,49.0808,SUCCESS,0.0127,NORMAL
FIL-001600,ORD-001600,2026-08-26 09:04:36.930,139.89,139.92,1.609,13,0.0901,SUCCESS,0.0199,NORMAL
FIL-001601,ORD-001601,2026-08-26 09:04:37.217,60029.01,60051.76,2.477,27,59.4993,SUCCESS,0.0379,NORMAL
FIL-001602,ORD-001602,2026-08-26 09:04:37.364,59931.3,59923.45,2.174,9,52.1094,SUCCESS,0.0131,NORMAL
FIL-001603,ORD-001603,2026-08-26 09:04:37.523,2998.69,2997.96,0.632,5,0.7579,SUCCESS,0.0244,NORMAL
FIL-001604,ORD-001604,2026-08-26 09:04:37.641,2997.55,2997.71,0.83,19,0.9952,SUCCESS,0.0053,NORMAL
FIL-001605,ORD-001605,2026-08-26 09:04:37.920,3002.81,3002.79,0.693,25,0.8324,SUCCESS,0.0007,NORMAL
FIL-001606,ORD-001606,2026-08-26 09:04:38.024,59898.71,59912.85,1.887,20,45.2222,SUCCESS,0.0236,NORMAL
FIL-001607,ORD-001607,2026-08-26 09:04:38.138,2996.24,2995.69,1.134,16,1.3588,SUCCESS,0.0184,NORMAL
FIL-001608,ORD-001608,2026-08-26 09:04:38.362,3004.37,3003.43,1.705,8,2.0483,SUCCESS,0.0313,NORMAL
FIL-001609,ORD-001609,2026-08-26 09:04:38.611,139.97,139.99,0.967,15,0.0541,SUCCESS,0.0134,NORMAL
FIL-001610,ORD-001610,2026-08-26 09:04:38.683,140.12,140.12,1.502,16,0.0842,SUCCESS,0.0031,NORMAL
FIL-001611,ORD-001611,2026-08-26 09:04:38.980,60007.64,60025.22,0.198,8,4.754,SUCCESS,0.0293,NORMAL
FIL-001612,ORD-001612,2026-08-26 09:04:39.271,140.0,140.04,0.337,7,0.0189,SUCCESS,0.0307,NORMAL
FIL-001613,ORD-001613,2026-08-26 09:04:39.457,140.0,139.98,1.926,8,0.1078,SUCCESS,0.012,NORMAL
FIL-001614,ORD-001614,2026-08-26 09:04:39.571,139.99,140.02,1.421,36,0.0796,SUCCESS,0.0181,NORMAL
FIL-001615,ORD-001615,2026-08-26 09:04:39.854,140.09,140.06,1.822,6,0.1021,SUCCESS,0.023,NORMAL
FIL-001616,ORD-001616,2026-08-26 09:04:40.106,3002.05,3002.53,2.386,22,2.8656,SUCCESS,0.0161,NORMAL
FIL-001617,ORD-001617,2026-08-26 09:04:40.167,59956.52,59984.82,0.409,26,9.8135,SUCCESS,0.0472,NORMAL
FIL-001618,ORD-001618,2026-08-26 09:04:40.318,140.15,140.15,1.878,12,0.1053,SUCCESS,0.0005,NORMAL
FIL-001619,ORD-001619,2026-08-26 09:04:40.567,3000.4,3000.63,1.022,17,1.2267,SUCCESS,0.0075,NORMAL
FIL-001620,ORD-001620,2026-08-26 09:04:40.763,2997.29,2996.94,0.109,9,0.1307,SUCCESS,0.0118,NORMAL
FIL-001621,ORD-001621,2026-08-26 09:04:40.994,60014.12,60014.12,1.193,19,28.6387,SUCCESS,0.0,NORMAL
FIL-001622,ORD-001622,2026-08-26 09:04:41.185,140.05,140.0,1.8,6,0.1008,SUCCESS,0.0374,NORMAL
FIL-001623,ORD-001623,2026-08-26 09:04:41.398,60128.53,60145.25,0.8,6,19.2465,SUCCESS,0.0278,NORMAL
FIL-001624,ORD-001624,2026-08-26 09:04:41.612,60015.67,60013.69,1.997,26,47.9389,SUCCESS,0.0033,NORMAL
FIL-001625,ORD-001625,2026-08-26 09:04:41.816,60017.88,60019.02,0.934,6,22.4231,SUCCESS,0.0019,NORMAL
FIL-001626,ORD-001626,2026-08-26 09:04:42.050,2997.85,2997.46,1.418,10,1.7002,SUCCESS,0.0129,NORMAL
FIL-001627,ORD-001627,2026-08-26 09:04:42.260,60029.12,60027.62,2.465,26,59.1872,SUCCESS,0.0025,NORMAL
FIL-001628,ORD-001628,2026-08-26 09:04:42.558,60014.3,59998.22,0.524,20,12.5756,SUCCESS,0.0268,NORMAL
FIL-001629,ORD-001629,2026-08-26 09:04:42.673,59924.54,59934.37,2.37,10,56.8178,SUCCESS,0.0164,NORMAL
FIL-001630,ORD-001630,2026-08-26 09:04:42.871,139.99,140.03,0.745,5,0.0417,SUCCESS,0.0316,NORMAL
FIL-001631,ORD-001631,2026-08-26 09:04:43.015,140.12,140.07,1.843,26,0.1033,SUCCESS,0.0366,NORMAL
FIL-001632,ORD-001632,2026-08-26 09:04:43.285,60073.25,60068.74,0.544,6,13.071,SUCCESS,0.0075,NORMAL
FIL-001633,ORD-001633,2026-08-26 09:04:43.407,60056.82,60075.8,0.533,5,12.8082,SUCCESS,0.0316,NORMAL
FIL-001634,ORD-001634,2026-08-26 09:04:43.612,59966.62,59964.58,1.046,19,25.0892,SUCCESS,0.0034,NORMAL
FIL-001635,ORD-001635,2026-08-26 09:04:43.827,60002.34,60017.64,1.192,11,28.6164,SUCCESS,0.0255,NORMAL
FIL-001636,ORD-001636,2026-08-26 09:04:43.880,3000.13,3000.59,1.901,17,2.2816,SUCCESS,0.0152,NORMAL
FIL-001637,ORD-001637,2026-08-26 09:04:44.125,139.74,139.75,2.084,5,0.1165,SUCCESS,0.0086,NORMAL
FIL-001638,ORD-001638,2026-08-26 09:04:44.415,140.04,140.09,0.742,12,0.0416,SUCCESS,0.0374,NORMAL
FIL-001639,ORD-001639,2026-08-26 09:04:44.603,139.86,139.87,2.0,18,0.1119,SUCCESS,0.0098,NORMAL
FIL-001640,ORD-001640,2026-08-26 09:04:44.847,140.12,140.1,0.434,9,0.0243,SUCCESS,0.017,NORMAL
FIL-001641,ORD-001641,2026-08-26 09:04:44.959,139.87,139.83,1.249,5,0.0699,SUCCESS,0.03,NORMAL
FIL-001642,ORD-001642,2026-08-26 09:04:45.035,60009.88,59994.52,2.08,31,49.9154,SUCCESS,0.0256,NORMAL
FIL-001643,ORD-001643,2026-08-26 09:04:45.085,139.68,139.64,1.097,5,0.0613,SUCCESS,0.0299,NORMAL
FIL-001644,ORD-001644,2026-08-26 09:04:45.208,60037.76,60057.87,0.948,8,22.7739,SUCCESS,0.0335,NORMAL
FIL-001645,ORD-001645,2026-08-26 09:04:45.383,59977.65,59967.93,2.264,30,54.307,SUCCESS,0.0162,NORMAL
FIL-001646,ORD-001646,2026-08-26 09:04:45.452,59911.27,59923.85,0.776,7,18.6004,SUCCESS,0.021,NORMAL
FIL-001647,ORD-001647,2026-08-26 09:04:45.731,140.09,140.08,2.308,5,0.1293,SUCCESS,0.0057,NORMAL
FIL-001648,ORD-001648,2026-08-26 09:04:45.954,60076.75,60081.32,1.539,10,36.9861,SUCCESS,0.0076,NORMAL
FIL-001649,ORD-001649,2026-08-26 09:04:46.077,3000.6,3001.07,1.599,21,1.9195,SUCCESS,0.0155,NORMAL
FIL-001650,ORD-001650,2026-08-26 09:04:46.194,3001.31,3002.3,0.986,7,1.1841,SUCCESS,0.033,NORMAL
FIL-001651,ORD-001651,2026-08-26 09:04:46.443,140.05,140.07,2.447,5,0.1371,SUCCESS,0.0119,NORMAL
FIL-001652,ORD-001652,2026-08-26 09:04:46.694,139.93,139.95,1.831,25,0.1025,SUCCESS,0.0131,NORMAL
FIL-001653,ORD-001653,2026-08-26 09:04:46.781,2996.3,2997.05,1.844,15,2.2106,SUCCESS,0.0249,NORMAL
FIL-001654,ORD-001654,2026-08-26 09:04:46.912,60077.91,60061.75,1.024,15,24.6013,SUCCESS,0.0269,NORMAL
FIL-001655,ORD-001655,2026-08-26 09:04:47.124,3003.19,3002.97,1.544,7,1.8546,SUCCESS,0.0074,NORMAL
FIL-001656,ORD-001656,2026-08-26 09:04:47.281,2999.27,3000.08,0.69,6,0.828,SUCCESS,0.027,NORMAL
FIL-001657,ORD-001657,2026-08-26 09:04:47.389,140.05,140.03,1.387,44,0.0777,SUCCESS,0.0129,NORMAL
FIL-001658,ORD-001658,2026-08-26 09:04:47.616,3001.7,3002.2,1.487,6,1.7857,SUCCESS,0.0165,NORMAL
FIL-001659,ORD-001659,2026-08-26 09:04:47.883,140.19,140.22,0.107,16,0.006,SUCCESS,0.0241,NORMAL
FIL-001660,ORD-001660,2026-08-26 09:04:48.150,60052.74,59796.74,0.243,629,5.8122,SUCCESS,0.4263,WARNING
FIL-001661,ORD-001661,2026-08-26 09:04:48.253,59966.33,59777.14,2.335,435,55.8318,SUCCESS,0.3155,THROTTLE
FIL-001662,ORD-001662,2026-08-26 09:04:48.481,60051.39,60266.79,0.443,274,10.6793,SUCCESS,0.3587,EMERGENCY_PAUSE
FIL-001663,ORD-001663,2026-08-26 09:04:48.571,2996.12,2986.4,1.244,491,1.486,SUCCESS,0.3245,EMERGENCY_PAUSE
FIL-001664,ORD-001664,2026-08-26 09:04:48.659,60023.15,60127.05,1.466,228,35.2585,SUCCESS,0.1731,EMERGENCY_PAUSE
FIL-001665,ORD-001665,2026-08-26 09:04:48.795,59991.96,59776.23,0.819,795,19.5827,SUCCESS,0.3596,EMERGENCY_PAUSE
FIL-001666,ORD-001666,2026-08-26 09:04:48.973,2995.52,3007.93,0.177,239,0.213,SUCCESS,0.4143,EMERGENCY_PAUSE
FIL-001667,ORD-001667,2026-08-26 09:04:49.089,60031.24,60292.08,1.19,353,28.699,SUCCESS,0.4345,EMERGENCY_PAUSE
FIL-001668,ORD-001668,2026-08-26 09:04:49.389,139.91,139.63,2.435,786,0.136,SUCCESS,0.197,EMERGENCY_PAUSE
FIL-001669,ORD-001669,2026-08-26 09:04:49.593,60029.73,60190.43,2.074,246,49.934,SUCCESS,0.2677,EMERGENCY_PAUSE
FIL-001671,ORD-001671,2026-08-26 09:04:49.942,140.11,140.05,0.287,21,0.0161,SUCCESS,0.0435,EMERGENCY_PAUSE
FIL-001672,ORD-001672,2026-08-26 09:04:50.046,2998.78,2999.6,0.356,11,0.4271,SUCCESS,0.0272,EMERGENCY_PAUSE
FIL-001673,ORD-001673,2026-08-26 09:04:50.259,139.88,139.9,1.424,14,0.0797,SUCCESS,0.0171,EMERGENCY_PAUSE
FIL-001674,ORD-001674,2026-08-26 09:04:50.453,60024.86,60028.64,1.456,8,34.9607,SUCCESS,0.0063,EMERGENCY_PAUSE
FIL-001675,ORD-001675,2026-08-26 09:04:50.594,3002.37,3002.83,0.841,7,1.0102,SUCCESS,0.0153,EMERGENCY_PAUSE
FIL-001676,ORD-001676,2026-08-26 09:04:50.735,2999.55,2998.96,1.038,39,1.2452,SUCCESS,0.0198,EMERGENCY_PAUSE
FIL-001677,ORD-001677,2026-08-26 09:04:50.913,59934.77,59953.47,1.309,7,31.3916,SUCCESS,0.0312,EMERGENCY_PAUSE
FIL-001678,ORD-001678,2026-08-26 09:04:51.181,59971.6,59974.3,1.507,6,36.1525,SUCCESS,0.0045,EMERGENCY_PAUSE
FIL-001679,ORD-001679,2026-08-26 09:04:51.391,59983.32,59978.34,0.289,24,6.9335,SUCCESS,0.0083,THROTTLE
FIL-001680,ORD-001680,2026-08-26 09:04:51.637,59937.38,59949.85,1.67,6,40.0465,SUCCESS,0.0208,WARNING
FIL-001681,ORD-001681,2026-08-26 09:04:51.842,139.94,139.98,2.481,17,0.1389,SUCCESS,0.0315,NORMAL
FIL-001682,ORD-001682,2026-08-26 09:04:52.051,140.27,140.24,0.798,18,0.0448,SUCCESS,0.0183,NORMAL
FIL-001683,ORD-001683,2026-08-26 09:04:52.154,2996.14,2996.9,1.03,5,1.2347,SUCCESS,0.0253,NORMAL
FIL-001684,ORD-001684,2026-08-26 09:04:52.228,140.15,140.16,2.487,15,0.1394,SUCCESS,0.0078,NORMAL
FIL-001685,ORD-001685,2026-08-26 09:04:52.482,60036.05,60040.61,2.182,18,52.4034,SUCCESS,0.0076,NORMAL
FIL-001686,ORD-001686,2026-08-26 09:04:52.573,59928.56,59913.04,2.342,24,56.1265,SUCCESS,0.0259,NORMAL
FIL-001687,ORD-001687,2026-08-26 09:04:52.804,60007.0,60004.66,0.271,33,6.5045,SUCCESS,0.0039,NORMAL
FIL-001688,ORD-001688,2026-08-26 09:04:52.967,3004.27,3003.75,1.932,11,2.3213,SUCCESS,0.0173,NORMAL
FIL-001689,ORD-001689,2026-08-26 09:04:53.110,139.76,139.76,1.272,22,0.0711,SUCCESS,0.002,NORMAL
FIL-001690,ORD-001690,2026-08-26 09:04:53.272,3000.1,2999.87,1.733,21,2.0795,SUCCESS,0.0077,NORMAL
FIL-001691,ORD-001691,2026-08-26 09:04:53.389,2999.4,2999.13,1.314,8,1.5763,SUCCESS,0.0089,NORMAL
FIL-001692,ORD-001692,2026-08-26 09:04:53.501,140.04,140.07,1.879,20,0.1053,SUCCESS,0.0244,NORMAL
FIL-001693,ORD-001693,2026-08-26 09:04:53.696,140.13,140.14,1.002,5,0.0562,SUCCESS,0.0093,NORMAL
FIL-001694,ORD-001694,2026-08-26 09:04:53.835,3004.65,3005.21,1.706,6,2.0508,SUCCESS,0.0185,NORMAL
FIL-001695,ORD-001695,2026-08-26 09:04:53.906,2998.09,2997.4,1.216,17,1.4579,SUCCESS,0.0231,NORMAL
FIL-001696,ORD-001696,2026-08-26 09:04:54.007,60103.75,60117.09,1.944,6,46.747,SUCCESS,0.0222,NORMAL
FIL-001697,ORD-001697,2026-08-26 09:04:54.111,3002.08,3002.04,1.55,93,1.8613,SUCCESS,0.0014,NORMAL
FIL-001698,ORD-001698,2026-08-26 09:04:54.403,139.89,139.88,1.408,18,0.0788,SUCCESS,0.0069,NORMAL
FIL-001699,ORD-001699,2026-08-26 09:04:54.606,3004.66,3004.97,0.175,6,0.2103,SUCCESS,0.0103,NORMAL
FIL-001700,ORD-001700,2026-08-26 09:04:54.777,2998.78,2998.99,1.132,6,1.3579,SUCCESS,0.007,NORMAL
FIL-001701,ORD-001701,2026-08-26 09:04:54.935,60054.54,60055.56,1.921,10,46.1467,SUCCESS,0.0017,NORMAL
FIL-001702,ORD-001702,2026-08-26 09:04:55.088,2998.94,2998.84,0.266,52,0.3191,SUCCESS,0.0033,NORMAL
FIL-001703,ORD-001703,2026-08-26 09:04:55.192,59923.39,59895.59,1.107,7,26.5218,SUCCESS,0.0464,NORMAL
FIL-001704,ORD-001704,2026-08-26 09:04:55.351,139.94,139.93,2.248,5,0.1258,SUCCESS,0.0066,NORMAL
FIL-001705,ORD-001705,2026-08-26 09:04:55.522,3000.33,3000.04,1.106,36,1.3272,SUCCESS,0.0097,NORMAL
FIL-001706,ORD-001706,2026-08-26 09:04:55.718,140.18,140.19,2.29,12,0.1284,SUCCESS,0.0098,NORMAL
FIL-001707,ORD-001707,2026-08-26 09:04:55.953,3003.36,3004.21,0.577,7,0.6934,SUCCESS,0.0284,NORMAL
FIL-001708,ORD-001708,2026-08-26 09:04:56.193,140.2,140.22,2.354,5,0.132,SUCCESS,0.0176,NORMAL
FIL-001709,ORD-001709,2026-08-26 09:04:56.370,140.07,140.02,2.341,71,0.1311,SUCCESS,0.0334,NORMAL
FIL-001710,ORD-001710,2026-08-26 09:04:56.604,3004.34,3004.57,0.731,11,0.8785,SUCCESS,0.0078,NORMAL
FIL-001711,ORD-001711,2026-08-26 09:04:56.817,60019.31,59997.58,1.622,31,38.9264,SUCCESS,0.0362,NORMAL
FIL-001712,ORD-001712,2026-08-26 09:04:57.045,140.25,140.28,0.55,16,0.0309,SUCCESS,0.0195,NORMAL
FIL-001713,ORD-001713,2026-08-26 09:04:57.143,139.86,139.87,0.603,6,0.0337,SUCCESS,0.0049,NORMAL
FIL-001714,ORD-001714,2026-08-26 09:04:57.271,139.91,139.91,0.825,20,0.0462,SUCCESS,0.0034,NORMAL
FIL-001715,ORD-001715,2026-08-26 09:04:57.426,140.02,140.06,1.194,7,0.0669,SUCCESS,0.0304,NORMAL
FIL-001716,ORD-001716,2026-08-26 09:04:57.561,2998.9,2997.98,2.438,22,2.9236,SUCCESS,0.0307,NORMAL
FIL-001717,ORD-001717,2026-08-26 09:04:57.652,60009.35,60011.63,1.427,12,34.2546,SUCCESS,0.0038,NORMAL
FIL-001718,ORD-001718,2026-08-26 09:04:57.813,139.96,139.95,1.753,11,0.0981,SUCCESS,0.0102,NORMAL
FIL-001719,ORD-001719,2026-08-26 09:04:57.888,139.93,139.87,2.274,20,0.1272,SUCCESS,0.0445,NORMAL
FIL-001720,ORD-001720,2026-08-26 09:04:57.964,60046.3,60047.2,2.338,15,56.1561,SUCCESS,0.0015,NORMAL
FIL-001721,ORD-001721,2026-08-26 09:04:58.184,2998.3,2998.44,2.034,16,2.4395,SUCCESS,0.0047,NORMAL
FIL-001722,ORD-001722,2026-08-26 09:04:58.263,2998.78,2997.76,1.424,8,1.7075,SUCCESS,0.034,NORMAL
FIL-001723,ORD-001723,2026-08-26 09:04:58.431,60017.18,60001.1,2.005,12,48.1209,SUCCESS,0.0268,NORMAL
FIL-001724,ORD-001724,2026-08-26 09:04:58.553,2995.36,2995.1,0.637,16,0.7632,SUCCESS,0.0088,NORMAL
FIL-001725,ORD-001725,2026-08-26 09:04:58.775,2993.65,2992.25,2.282,15,2.7313,SUCCESS,0.0466,NORMAL
FIL-001726,ORD-001726,2026-08-26 09:04:58.864,60110.92,60112.24,0.137,15,3.2942,SUCCESS,0.0022,NORMAL
FIL-001727,ORD-001727,2026-08-26 09:04:58.975,2995.52,2995.24,2.483,12,2.9749,SUCCESS,0.0093,NORMAL
FIL-001728,ORD-001728,2026-08-26 09:04:59.230,140.03,140.02,2.089,9,0.117,SUCCESS,0.0065,NORMAL
FIL-001729,ORD-001729,2026-08-26 09:04:59.324,140.0,139.97,2.446,16,0.1369,SUCCESS,0.0225,NORMAL
FIL-001730,ORD-001730,2026-08-26 09:04:59.579,2996.48,2996.11,0.339,10,0.4063,SUCCESS,0.0125,NORMAL
FIL-001731,ORD-001731,2026-08-26 09:04:59.789,60020.77,60024.37,2.123,12,50.9727,SUCCESS,0.006,NORMAL
FIL-001732,ORD-001732,2026-08-26 09:04:59.950,2998.23,2998.94,0.324,7,0.3887,SUCCESS,0.0238,NORMAL
FIL-001733,ORD-001733,2026-08-26 09:05:00.020,60049.11,60053.19,2.309,19,55.4651,SUCCESS,0.0068,NORMAL
FIL-001734,ORD-001734,2026-08-26 09:05:00.232,140.07,140.01,2.46,6,0.1378,SUCCESS,0.0424,NORMAL
FIL-001735,ORD-001735,2026-08-26 09:05:00.331,140.08,140.05,0.632,6,0.0354,SUCCESS,0.0226,NORMAL
FIL-001736,ORD-001736,2026-08-26 09:05:00.447,139.83,139.86,1.007,20,0.0563,SUCCESS,0.0246,NORMAL
FIL-001737,ORD-001737,2026-08-26 09:05:00.660,140.11,140.15,1.606,16,0.09,SUCCESS,0.0321,NORMAL
FIL-001738,ORD-001738,2026-08-26 09:05:00.746,139.85,139.86,0.394,58,0.022,SUCCESS,0.0058,NORMAL
FIL-001739,ORD-001739,2026-08-26 09:05:00.888,3004.11,3003.99,1.286,18,1.5453,SUCCESS,0.004,NORMAL
FIL-001740,ORD-001740,2026-08-26 09:05:01.062,59953.54,59950.6,1.093,8,26.2104,SUCCESS,0.0049,NORMAL
FIL-001741,ORD-001741,2026-08-26 09:05:01.274,139.81,139.81,2.235,5,0.125,SUCCESS,0.0003,NORMAL
FIL-001742,ORD-001742,2026-08-26 09:05:01.469,2996.49,2996.94,0.529,5,0.6342,SUCCESS,0.0149,NORMAL
FIL-001743,ORD-001743,2026-08-26 09:05:01.676,140.14,140.17,0.932,6,0.0523,SUCCESS,0.0205,NORMAL
FIL-001744,ORD-001744,2026-08-26 09:05:01.775,140.07,140.07,2.324,16,0.1302,SUCCESS,0.0002,NORMAL
FIL-001745,ORD-001745,2026-08-26 09:05:01.880,140.03,140.03,1.926,9,0.1079,SUCCESS,0.0006,NORMAL
FIL-001746,ORD-001746,2026-08-26 09:05:01.951,3004.16,3004.24,0.433,24,0.5203,SUCCESS,0.0025,NORMAL
FIL-001747,ORD-001747,2026-08-26 09:05:02.090,140.09,140.1,2.388,11,0.1338,SUCCESS,0.0074,NORMAL
FIL-001748,ORD-001748,2026-08-26 09:05:02.382,139.98,139.92,1.147,32,0.0642,SUCCESS,0.0411,NORMAL
FIL-001749,ORD-001749,2026-08-26 09:05:02.615,2998.47,2999.13,2.13,24,2.5553,SUCCESS,0.0219,NORMAL
FIL-001750,ORD-001750,2026-08-26 09:05:02.707,2998.31,2997.55,1.51,41,1.8105,SUCCESS,0.0254,NORMAL
FIL-001751,ORD-001751,2026-08-26 09:05:02.826,60137.29,60117.02,1.531,17,36.8157,SUCCESS,0.0337,NORMAL
FIL-001752,ORD-001752,2026-08-26 09:05:02.971,3000.41,3000.55,1.461,37,1.7535,SUCCESS,0.0045,NORMAL
FIL-001753,ORD-001753,2026-08-26 09:05:03.085,140.15,140.18,2.399,5,0.1345,SUCCESS,0.0204,NORMAL
FIL-001754,ORD-001754,2026-08-26 09:05:03.382,139.71,139.64,1.648,13,0.0921,SUCCESS,0.0522,NORMAL
FIL-001755,ORD-001755,2026-08-26 09:05:03.541,140.02,140.02,2.042,13,0.1144,SUCCESS,0.0002,NORMAL
FIL-001756,ORD-001756,2026-08-26 09:05:03.628,59988.71,59963.63,0.992,6,23.7936,SUCCESS,0.0418,NORMAL
FIL-001757,ORD-001757,2026-08-26 09:05:03.732,2997.16,2997.74,1.82,29,2.1824,SUCCESS,0.0195,NORMAL
FIL-001758,ORD-001758,2026-08-26 09:05:03.936,2996.45,2995.93,1.025,44,1.2283,SUCCESS,0.0172,NORMAL
FIL-001759,ORD-001759,2026-08-26 09:05:04.212,59958.55,59964.97,1.559,16,37.3942,SUCCESS,0.0107,NORMAL
FIL-001760,ORD-001760,2026-08-26 09:05:04.373,140.12,140.12,1.737,25,0.0974,SUCCESS,0.0025,NORMAL
FIL-001761,ORD-001761,2026-08-26 09:05:04.434,2999.7,2999.15,1.285,12,1.5416,SUCCESS,0.0183,NORMAL
FIL-001762,ORD-001762,2026-08-26 09:05:04.635,2998.04,2997.51,1.543,14,1.8501,SUCCESS,0.0176,NORMAL
FIL-001763,ORD-001763,2026-08-26 09:05:04.904,2997.7,2998.06,1.645,11,1.9727,SUCCESS,0.012,NORMAL
FIL-001764,ORD-001764,2026-08-26 09:05:05.057,140.09,140.09,2.12,6,0.1188,SUCCESS,0.0026,NORMAL
FIL-001765,ORD-001765,2026-08-26 09:05:05.319,59973.91,59983.45,1.228,16,29.4639,SUCCESS,0.0159,NORMAL
FIL-001766,ORD-001766,2026-08-26 09:05:05.511,3003.25,3003.2,1.061,8,1.2746,SUCCESS,0.0018,NORMAL
FIL-001767,ORD-001767,2026-08-26 09:05:05.677,2995.89,2995.19,1.771,20,2.1218,SUCCESS,0.0234,NORMAL
FIL-001768,ORD-001768,2026-08-26 09:05:05.784,3001.08,3002.0,0.347,6,0.4167,SUCCESS,0.0305,NORMAL
FIL-001769,ORD-001769,2026-08-26 09:05:06.019,59935.01,59937.95,2.167,19,51.9542,SUCCESS,0.0049,NORMAL
FIL-001770,ORD-001770,2026-08-26 09:05:06.163,2999.09,2999.55,2.265,13,2.7176,SUCCESS,0.0153,NORMAL
FIL-001771,ORD-001771,2026-08-26 09:05:06.413,140.1,140.11,0.723,14,0.0405,SUCCESS,0.0104,NORMAL
FIL-001772,ORD-001772,2026-08-26 09:05:06.639,60070.72,60072.76,0.733,13,17.6133,SUCCESS,0.0034,NORMAL
FIL-001773,ORD-001773,2026-08-26 09:05:06.806,139.84,139.77,0.431,27,0.0241,SUCCESS,0.0535,NORMAL
FIL-001774,ORD-001774,2026-08-26 09:05:07.073,59985.65,60005.63,1.502,9,36.0514,SUCCESS,0.0333,NORMAL
FIL-001775,ORD-001775,2026-08-26 09:05:07.245,3007.97,3007.85,0.677,8,0.8145,SUCCESS,0.0039,NORMAL
FIL-001776,ORD-001776,2026-08-26 09:05:07.352,139.98,139.93,1.854,9,0.1038,SUCCESS,0.0391,NORMAL
FIL-001777,ORD-001777,2026-08-26 09:05:07.615,59978.06,59976.86,0.947,40,22.7192,SUCCESS,0.002,NORMAL
FIL-001778,ORD-001778,2026-08-26 09:05:07.719,59952.92,59953.16,1.287,12,30.8639,SUCCESS,0.0004,NORMAL
FIL-001779,ORD-001779,2026-08-26 09:05:07.856,60035.17,60052.58,1.27,14,30.5067,SUCCESS,0.029,NORMAL
FIL-001780,ORD-001780,2026-08-26 09:05:08.140,59948.95,59777.38,0.47,1021,11.2381,SUCCESS,0.2862,WARNING
FIL-001782,ORD-001782,2026-08-26 09:05:08.379,59954.36,60099.51,2.188,333,52.5991,SUCCESS,0.2421,EMERGENCY_PAUSE
FIL-001785,ORD-001785,2026-08-26 09:05:08.986,139.86,139.54,0.335,315,0.0187,SUCCESS,0.2318,EMERGENCY_PAUSE
FIL-001786,ORD-001786,2026-08-26 09:05:09.146,2998.27,3008.11,1.371,387,1.6496,SUCCESS,0.3282,EMERGENCY_PAUSE
FIL-001788,ORD-001788,2026-08-26 09:05:09.414,59984.69,60233.51,1.779,698,42.8622,SUCCESS,0.4148,EMERGENCY_PAUSE
FIL-001789,ORD-001789,2026-08-26 09:05:09.552,60030.89,60169.26,0.594,288,14.2962,SUCCESS,0.2305,EMERGENCY_PAUSE
FIL-001790,ORD-001790,2026-08-26 09:05:09.761,139.86,139.65,0.544,770,0.0304,SUCCESS,0.1509,EMERGENCY_PAUSE
FIL-001791,ORD-001791,2026-08-26 09:05:09.985,3003.17,3002.89,0.509,6,0.6114,SUCCESS,0.0094,EMERGENCY_PAUSE
FIL-001792,ORD-001792,2026-08-26 09:05:10.038,59926.28,59931.49,0.44,6,10.5479,SUCCESS,0.0087,EMERGENCY_PAUSE
FIL-001793,ORD-001793,2026-08-26 09:05:10.313,140.02,139.99,2.438,35,0.1365,SUCCESS,0.0242,EMERGENCY_PAUSE
FIL-001794,ORD-001794,2026-08-26 09:05:10.611,60025.95,60042.4,1.526,19,36.6499,SUCCESS,0.0274,EMERGENCY_PAUSE
FIL-001795,ORD-001795,2026-08-26 09:05:10.870,2996.74,2997.07,0.363,5,0.4352,SUCCESS,0.011,EMERGENCY_PAUSE
FIL-001796,ORD-001796,2026-08-26 09:05:10.957,60083.38,60083.02,0.502,9,12.0647,SUCCESS,0.0006,EMERGENCY_PAUSE
FIL-001797,ORD-001797,2026-08-26 09:05:11.195,59960.47,59969.46,1.186,10,28.4495,SUCCESS,0.015,EMERGENCY_PAUSE
FIL-001798,ORD-001798,2026-08-26 09:05:11.456,3004.5,3003.79,1.201,5,1.443,SUCCESS,0.0237,EMERGENCY_PAUSE
FIL-001799,ORD-001799,2026-08-26 09:05:11.725,2999.28,2999.07,1.959,17,2.3501,SUCCESS,0.0069,THROTTLE
FIL-001800,ORD-001800,2026-08-26 09:05:11.780,140.19,140.19,1.848,10,0.1036,SUCCESS,0.0012,WARNING
FIL-001801,ORD-001801,2026-08-26 09:05:11.957,60022.76,59988.67,0.44,13,10.558,SUCCESS,0.0568,NORMAL
FIL-001802,ORD-001802,2026-08-26 09:05:12.059,59991.84,60012.0,1.134,40,27.2214,SUCCESS,0.0336,NORMAL
FIL-001803,ORD-001803,2026-08-26 09:05:12.356,140.34,140.34,1.633,5,0.0917,SUCCESS,0.0035,NORMAL
FIL-001804,ORD-001804,2026-08-26 09:05:12.639,3000.95,3000.93,0.52,26,0.6242,SUCCESS,0.0005,NORMAL
FIL-001805,ORD-001805,2026-08-26 09:05:12.759,139.87,139.85,1.102,8,0.0616,SUCCESS,0.0173,NORMAL
FIL-001806,ORD-001806,2026-08-26 09:05:12.965,2998.17,2998.58,0.924,13,1.1083,SUCCESS,0.0138,NORMAL
FIL-001807,ORD-001807,2026-08-26 09:05:13.103,59991.82,59991.4,2.002,5,48.0411,SUCCESS,0.0007,NORMAL
FIL-001808,ORD-001808,2026-08-26 09:05:13.272,3000.75,3002.9,1.745,26,2.096,SUCCESS,0.0715,NORMAL
FIL-001809,ORD-001809,2026-08-26 09:05:13.363,140.2,140.2,1.44,14,0.0808,SUCCESS,0.0009,NORMAL
FIL-001810,ORD-001810,2026-08-26 09:05:13.423,2998.22,2997.72,0.137,9,0.1643,SUCCESS,0.0168,NORMAL
FIL-001811,ORD-001811,2026-08-26 09:05:13.474,60019.93,60006.91,1.272,6,30.5315,SUCCESS,0.0217,NORMAL
FIL-001812,ORD-001812,2026-08-26 09:05:13.613,3001.54,3000.64,0.703,9,0.8438,SUCCESS,0.0299,NORMAL
FIL-001813,ORD-001813,2026-08-26 09:05:13.850,3004.42,3004.82,0.442,23,0.5313,SUCCESS,0.0134,NORMAL
FIL-001814,ORD-001814,2026-08-26 09:05:14.021,60017.46,60003.9,0.625,7,15.001,SUCCESS,0.0226,NORMAL
FIL-001815,ORD-001815,2026-08-26 09:05:14.318,2998.88,2999.3,1.114,7,1.3365,SUCCESS,0.014,NORMAL
FIL-001816,ORD-001816,2026-08-26 09:05:14.479,59968.64,59959.94,0.516,11,12.3757,SUCCESS,0.0145,NORMAL
FIL-001817,ORD-001817,2026-08-26 09:05:14.593,140.08,140.07,1.942,6,0.1088,SUCCESS,0.0103,NORMAL
FIL-001818,ORD-001818,2026-08-26 09:05:14.788,59892.78,59886.01,0.305,5,7.3061,SUCCESS,0.0113,NORMAL
FIL-001819,ORD-001819,2026-08-26 09:05:14.949,139.99,139.94,2.202,11,0.1233,SUCCESS,0.0342,NORMAL
FIL-001820,ORD-001820,2026-08-26 09:05:15.174,59966.31,59967.63,1.309,24,31.3991,SUCCESS,0.0022,NORMAL
FIL-001821,ORD-001821,2026-08-26 09:05:15.329,139.85,139.83,1.109,10,0.062,SUCCESS,0.0176,NORMAL
FIL-001822,ORD-001822,2026-08-26 09:05:15.401,2998.97,2998.97,1.94,19,2.3272,SUCCESS,0.0001,NORMAL
FIL-001823,ORD-001823,2026-08-26 09:05:15.609,59924.8,59920.07,0.995,6,23.8482,SUCCESS,0.0079,NORMAL
FIL-001824,ORD-001824,2026-08-26 09:05:15.830,140.03,140.03,0.402,56,0.0225,SUCCESS,0.0004,NORMAL
FIL-001825,ORD-001825,2026-08-26 09:05:15.893,60073.51,60066.12,1.205,15,28.9519,SUCCESS,0.0123,NORMAL
FIL-001826,ORD-001826,2026-08-26 09:05:16.095,60057.41,60076.21,0.357,7,8.5789,SUCCESS,0.0313,NORMAL
FIL-001827,ORD-001827,2026-08-26 09:05:16.176,59971.46,59954.79,2.174,17,52.1367,SUCCESS,0.0278,NORMAL
FIL-001828,ORD-001828,2026-08-26 09:05:16.473,140.06,140.12,1.449,31,0.0812,SUCCESS,0.0433,NORMAL
FIL-001829,ORD-001829,2026-08-26 09:05:16.600,3001.22,3001.6,2.145,21,2.5754,SUCCESS,0.0128,NORMAL
FIL-001830,ORD-001830,2026-08-26 09:05:16.809,140.04,140.04,2.033,24,0.1139,SUCCESS,0.001,NORMAL
FIL-001831,ORD-001831,2026-08-26 09:05:16.889,140.04,140.04,1.549,12,0.0868,SUCCESS,0.0,NORMAL
FIL-001832,ORD-001832,2026-08-26 09:05:17.068,139.87,139.91,0.159,5,0.0089,SUCCESS,0.0319,NORMAL
FIL-001833,ORD-001833,2026-08-26 09:05:17.165,2993.13,2992.25,1.071,16,1.2819,SUCCESS,0.0294,NORMAL
FIL-001834,ORD-001834,2026-08-26 09:05:17.372,60022.28,60016.22,2.162,7,51.902,SUCCESS,0.0101,NORMAL
FIL-001835,ORD-001835,2026-08-26 09:05:17.612,60067.79,60065.27,0.44,52,10.5715,SUCCESS,0.0042,NORMAL
FIL-001836,ORD-001836,2026-08-26 09:05:17.783,139.93,139.96,1.412,17,0.079,SUCCESS,0.0217,NORMAL
FIL-001837,ORD-001837,2026-08-26 09:05:17.927,2999.08,2997.46,1.513,5,1.8141,SUCCESS,0.0541,NORMAL
FIL-001838,ORD-001838,2026-08-26 09:05:18.083,140.16,140.15,0.358,17,0.0201,SUCCESS,0.0048,NORMAL
FIL-001839,ORD-001839,2026-08-26 09:05:18.135,2996.3,2996.89,1.454,27,1.743,SUCCESS,0.0198,NORMAL
FIL-001840,ORD-001840,2026-08-26 09:05:18.298,139.93,139.89,1.677,14,0.0938,SUCCESS,0.0258,NORMAL
FIL-001841,ORD-001841,2026-08-26 09:05:18.418,60052.16,60033.42,1.835,7,44.0645,SUCCESS,0.0312,NORMAL
FIL-001842,ORD-001842,2026-08-26 09:05:18.557,60017.89,60023.29,1.308,11,31.4042,SUCCESS,0.009,NORMAL
FIL-001843,ORD-001843,2026-08-26 09:05:18.774,140.06,140.03,0.463,6,0.0259,SUCCESS,0.0205,NORMAL
FIL-001844,ORD-001844,2026-08-26 09:05:19.024,139.97,139.97,0.436,9,0.0244,SUCCESS,0.0031,NORMAL
FIL-001845,ORD-001845,2026-08-26 09:05:19.197,139.96,139.92,2.114,20,0.1183,SUCCESS,0.0307,NORMAL
FIL-001846,ORD-001846,2026-08-26 09:05:19.376,2997.63,2996.41,1.8,12,2.1574,SUCCESS,0.0406,NORMAL
FIL-001847,ORD-001847,2026-08-26 09:05:19.515,139.98,139.94,2.392,10,0.1339,SUCCESS,0.0314,NORMAL
FIL-001848,ORD-001848,2026-08-26 09:05:19.624,139.86,139.81,1.859,10,0.104,SUCCESS,0.0376,NORMAL
FIL-001849,ORD-001849,2026-08-26 09:05:19.733,60012.95,60043.5,0.877,10,21.0633,SUCCESS,0.0509,NORMAL
FIL-001850,ORD-001850,2026-08-26 09:05:19.881,140.05,140.07,1.848,8,0.1035,SUCCESS,0.0157,NORMAL
FIL-001851,ORD-001851,2026-08-26 09:05:20.122,2999.86,3001.28,0.19,20,0.2281,SUCCESS,0.0472,NORMAL
FIL-001852,ORD-001852,2026-08-26 09:05:20.408,60052.24,60043.89,2.118,5,50.8692,SUCCESS,0.0139,NORMAL
FIL-001853,ORD-001853,2026-08-26 09:05:20.621,60137.52,60135.48,0.42,14,10.1028,SUCCESS,0.0034,NORMAL
FIL-001854,ORD-001854,2026-08-26 09:05:20.728,139.98,139.99,1.729,7,0.0968,SUCCESS,0.0077,NORMAL
FIL-001855,ORD-001855,2026-08-26 09:05:20.800,60040.01,60049.8,1.996,12,47.9438,SUCCESS,0.0163,NORMAL
FIL-001856,ORD-001856,2026-08-26 09:05:21.057,140.26,140.3,0.588,13,0.033,SUCCESS,0.0262,NORMAL
FIL-001857,ORD-001857,2026-08-26 09:05:21.125,59955.11,59959.07,1.412,7,33.8649,SUCCESS,0.0066,NORMAL
FIL-001858,ORD-001858,2026-08-26 09:05:21.310,2996.22,2996.96,1.848,9,2.2154,SUCCESS,0.0247,NORMAL
FIL-001859,ORD-001859,2026-08-26 09:05:21.450,2996.48,2996.59,1.237,17,1.4827,SUCCESS,0.0038,NORMAL
FIL-001860,ORD-001860,2026-08-26 09:05:21.723,3003.98,3005.24,1.601,5,1.9246,SUCCESS,0.042,NORMAL
FIL-001861,ORD-001861,2026-08-26 09:05:21.900,60050.01,60050.67,0.342,5,8.2149,SUCCESS,0.0011,NORMAL
FIL-001862,ORD-001862,2026-08-26 09:05:22.190,60007.31,60026.57,0.638,15,15.3188,SUCCESS,0.0321,NORMAL
FIL-001863,ORD-001863,2026-08-26 09:05:22.280,3005.83,3005.81,2.194,39,2.6379,SUCCESS,0.0005,NORMAL
FIL-001864,ORD-001864,2026-08-26 09:05:22.486,3000.87,3001.06,1.343,12,1.6122,SUCCESS,0.0063,NORMAL
FIL-001865,ORD-001865,2026-08-26 09:05:22.564,139.77,139.73,1.774,12,0.0992,SUCCESS,0.0265,NORMAL
FIL-001866,ORD-001866,2026-08-26 09:05:22.622,140.14,140.09,1.668,7,0.0935,SUCCESS,0.0358,NORMAL
FIL-001867,ORD-001867,2026-08-26 09:05:22.707,2999.74,2999.13,1.935,18,2.3213,SUCCESS,0.0202,NORMAL
FIL-001868,ORD-001868,2026-08-26 09:05:22.817,59982.68,59967.92,2.208,34,52.9637,SUCCESS,0.0246,NORMAL
FIL-001869,ORD-001869,2026-08-26 09:05:23.080,3001.92,3002.36,1.564,46,1.8783,SUCCESS,0.0146,NORMAL
FIL-001870,ORD-001870,2026-08-26 09:05:23.286,60048.08,60015.83,1.536,14,36.8737,SUCCESS,0.0537,NORMAL
FIL-001871,ORD-001871,2026-08-26 09:05:23.345,59952.8,59948.3,0.2,14,4.7959,SUCCESS,0.0075,NORMAL
FIL-001872,ORD-001872,2026-08-26 09:05:23.612,3003.19,3003.39,0.828,14,0.9947,SUCCESS,0.0066,NORMAL
FIL-001873,ORD-001873,2026-08-26 09:05:23.712,59957.23,59963.05,1.976,21,47.3948,SUCCESS,0.0097,NORMAL
FIL-001874,ORD-001874,2026-08-26 09:05:23.775,139.74,139.69,1.426,9,0.0797,SUCCESS,0.0324,NORMAL
FIL-001875,ORD-001875,2026-08-26 09:05:23.860,2999.14,2998.97,1.124,18,1.3483,SUCCESS,0.0056,NORMAL
FIL-001876,ORD-001876,2026-08-26 09:05:24.000,60011.15,60002.57,2.269,29,54.4583,SUCCESS,0.0143,NORMAL
FIL-001877,ORD-001877,2026-08-26 09:05:24.200,59926.72,59909.46,0.657,13,15.7442,SUCCESS,0.0288,NORMAL
FIL-001878,ORD-001878,2026-08-26 09:05:24.387,59982.63,59984.61,2.039,11,48.9234,SUCCESS,0.0033,NORMAL
FIL-001879,ORD-001879,2026-08-26 09:05:24.645,139.82,139.84,1.828,10,0.1023,SUCCESS,0.0129,NORMAL
FIL-001880,ORD-001880,2026-08-26 09:05:24.775,60019.6,60025.36,0.778,13,18.6799,SUCCESS,0.0096,NORMAL
FIL-001881,ORD-001881,2026-08-26 09:05:24.993,3001.17,3001.21,1.055,5,1.2665,SUCCESS,0.0013,NORMAL
FIL-001882,ORD-001882,2026-08-26 09:05:25.223,59908.44,59921.74,0.594,7,14.2374,SUCCESS,0.0222,NORMAL
FIL-001883,ORD-001883,2026-08-26 09:05:25.350,139.77,139.71,1.165,20,0.0651,SUCCESS,0.0409,NORMAL
FIL-001884,ORD-001884,2026-08-26 09:05:25.481,2999.96,2999.66,2.243,14,2.6913,SUCCESS,0.0099,NORMAL
FIL-001885,ORD-001885,2026-08-26 09:05:25.690,140.03,140.06,1.793,6,0.1005,SUCCESS,0.0247,NORMAL
FIL-001886,ORD-001886,2026-08-26 09:05:25.873,3000.36,2999.49,2.119,5,2.5424,SUCCESS,0.0291,NORMAL
FIL-001887,ORD-001887,2026-08-26 09:05:26.131,60133.47,60130.64,0.994,46,23.9079,SUCCESS,0.0047,NORMAL
FIL-001888,ORD-001888,2026-08-26 09:05:26.297,60004.4,60020.24,1.66,14,39.8534,SUCCESS,0.0264,NORMAL
FIL-001889,ORD-001889,2026-08-26 09:05:26.445,59963.65,59975.04,0.767,33,18.4003,SUCCESS,0.019,NORMAL
FIL-001890,ORD-001890,2026-08-26 09:05:26.499,2996.67,2996.9,1.021,11,1.2239,SUCCESS,0.0077,NORMAL
FIL-001891,ORD-001891,2026-08-26 09:05:26.717,2998.66,2998.17,1.01,8,1.2113,SUCCESS,0.0163,NORMAL
FIL-001892,ORD-001892,2026-08-26 09:05:27.006,3000.69,3000.85,1.931,8,2.3179,SUCCESS,0.0053,NORMAL
FIL-001893,ORD-001893,2026-08-26 09:05:27.207,59998.08,59983.62,2.045,37,49.0666,SUCCESS,0.0241,NORMAL
FIL-001894,ORD-001894,2026-08-26 09:05:27.366,60077.45,60086.46,1.142,25,27.4475,SUCCESS,0.015,NORMAL
FIL-001895,ORD-001895,2026-08-26 09:05:27.654,140.02,140.03,2.386,20,0.1336,SUCCESS,0.0106,NORMAL
FIL-001896,ORD-001896,2026-08-26 09:05:27.850,140.1,140.08,1.212,6,0.0679,SUCCESS,0.0115,NORMAL
FIL-001897,ORD-001897,2026-08-26 09:05:28.136,140.0,139.92,1.89,15,0.1058,SUCCESS,0.0568,NORMAL
FIL-001898,ORD-001898,2026-08-26 09:05:28.256,59985.95,59991.47,1.738,5,41.7061,SUCCESS,0.0092,NORMAL
FIL-001899,ORD-001899,2026-08-26 09:05:28.315,59921.74,59930.55,1.471,41,35.2631,SUCCESS,0.0147,NORMAL
FIL-001900,ORD-001900,2026-08-26 09:05:28.396,139.72,139.18,2.045,493,0.1138,SUCCESS,0.3847,WARNING
FIL-001903,ORD-001903,2026-08-26 09:05:28.910,139.95,139.63,1.988,242,0.111,SUCCESS,0.2274,EMERGENCY_PAUSE
FIL-001905,ORD-001905,2026-08-26 09:05:29.085,59977.58,59758.54,0.246,202,5.8802,SUCCESS,0.3652,EMERGENCY_PAUSE
FIL-001906,ORD-001906,2026-08-26 09:05:29.224,3000.26,3007.94,1.824,592,2.1946,SUCCESS,0.256,EMERGENCY_PAUSE
FIL-001907,ORD-001907,2026-08-26 09:05:29.486,60014.98,60118.93,0.59,661,14.1881,SUCCESS,0.1732,EMERGENCY_PAUSE
FIL-001908,ORD-001908,2026-08-26 09:05:29.628,140.0,139.67,0.159,467,0.0089,SUCCESS,0.2349,EMERGENCY_PAUSE
FIL-001910,ORD-001910,2026-08-26 09:05:29.952,60021.22,59926.57,1.562,246,37.4421,SUCCESS,0.1577,EMERGENCY_PAUSE
FIL-001911,ORD-001911,2026-08-26 09:05:30.170,140.06,140.03,1.498,52,0.0839,SUCCESS,0.0246,EMERGENCY_PAUSE
FIL-001912,ORD-001912,2026-08-26 09:05:30.239,139.95,139.95,0.288,7,0.0161,SUCCESS,0.0012,EMERGENCY_PAUSE
FIL-001913,ORD-001913,2026-08-26 09:05:30.493,59959.55,59947.14,2.208,5,52.9453,SUCCESS,0.0207,EMERGENCY_PAUSE
FIL-001914,ORD-001914,2026-08-26 09:05:30.592,59968.51,59949.8,0.861,27,20.6467,SUCCESS,0.0312,EMERGENCY_PAUSE
FIL-001915,ORD-001915,2026-08-26 09:05:30.892,140.12,140.1,2.018,36,0.1131,SUCCESS,0.0125,EMERGENCY_PAUSE
FIL-001916,ORD-001916,2026-08-26 09:05:31.003,3002.69,3003.1,0.377,31,0.4529,SUCCESS,0.0135,EMERGENCY_PAUSE
FIL-001917,ORD-001917,2026-08-26 09:05:31.287,3006.53,3006.32,1.314,7,1.5801,SUCCESS,0.007,EMERGENCY_PAUSE
FIL-001918,ORD-001918,2026-08-26 09:05:31.482,2999.58,2998.83,1.105,6,1.3255,SUCCESS,0.0251,EMERGENCY_PAUSE
FIL-001919,ORD-001919,2026-08-26 09:05:31.567,60014.24,60055.29,1.503,6,36.1052,SUCCESS,0.0684,THROTTLE
FIL-001920,ORD-001920,2026-08-26 09:05:31.721,139.72,139.72,0.383,13,0.0214,SUCCESS,0.0035,WARNING
FIL-001921,ORD-001921,2026-08-26 09:05:32.001,3000.02,3000.33,1.954,22,2.3451,SUCCESS,0.0103,NORMAL
FIL-001922,ORD-001922,2026-08-26 09:05:32.192,59941.12,59918.28,0.732,5,17.5441,SUCCESS,0.0381,NORMAL
FIL-001923,ORD-001923,2026-08-26 09:05:32.352,139.88,139.86,0.182,7,0.0102,SUCCESS,0.0126,NORMAL
FIL-001924,ORD-001924,2026-08-26 09:05:32.637,59937.06,59946.11,2.181,10,52.297,SUCCESS,0.0151,NORMAL
FIL-001925,ORD-001925,2026-08-26 09:05:32.869,3001.35,2999.97,1.437,10,1.7244,SUCCESS,0.046,NORMAL
FIL-001926,ORD-001926,2026-08-26 09:05:33.074,3004.96,3005.86,0.908,5,1.0917,SUCCESS,0.0299,NORMAL
FIL-001927,ORD-001927,2026-08-26 09:05:33.214,140.04,140.04,1.873,35,0.1049,SUCCESS,0.0011,NORMAL
FIL-001928,ORD-001928,2026-08-26 09:05:33.457,2997.34,2996.8,1.146,15,1.3737,SUCCESS,0.0179,NORMAL
FIL-001929,ORD-001929,2026-08-26 09:05:33.716,2999.19,2999.62,1.515,18,1.8178,SUCCESS,0.0143,NORMAL
FIL-001930,ORD-001930,2026-08-26 09:05:33.938,139.9,139.95,1.523,5,0.0853,SUCCESS,0.0391,NORMAL
FIL-001931,ORD-001931,2026-08-26 09:05:34.138,140.07,140.07,1.321,12,0.074,SUCCESS,0.0018,NORMAL
FIL-001932,ORD-001932,2026-08-26 09:05:34.320,2997.63,2998.24,0.216,28,0.259,SUCCESS,0.0204,NORMAL
FIL-001933,ORD-001933,2026-08-26 09:05:34.614,139.87,139.83,1.918,6,0.1073,SUCCESS,0.0285,NORMAL
FIL-001934,ORD-001934,2026-08-26 09:05:34.717,60021.83,60025.97,2.474,15,59.4017,SUCCESS,0.0069,NORMAL
FIL-001935,ORD-001935,2026-08-26 09:05:34.839,3006.85,3006.05,0.339,10,0.4076,SUCCESS,0.0265,NORMAL
FIL-001936,ORD-001936,2026-08-26 09:05:34.932,60012.32,60035.0,0.637,6,15.2969,SUCCESS,0.0378,NORMAL
FIL-001937,ORD-001937,2026-08-26 09:05:35.152,3000.02,2999.67,2.319,38,2.7825,SUCCESS,0.0116,NORMAL
FIL-001938,ORD-001938,2026-08-26 09:05:35.245,3002.58,3002.64,1.321,22,1.5866,SUCCESS,0.0021,NORMAL
FIL-001939,ORD-001939,2026-08-26 09:05:35.296,60023.46,60023.52,2.018,7,48.451,SUCCESS,0.0001,NORMAL
FIL-001940,ORD-001940,2026-08-26 09:05:35.455,3000.39,3001.49,2.375,20,2.8514,SUCCESS,0.0366,NORMAL
FIL-001941,ORD-001941,2026-08-26 09:05:35.533,139.96,139.95,0.808,12,0.0452,SUCCESS,0.0086,NORMAL
FIL-001942,ORD-001942,2026-08-26 09:05:35.804,140.19,140.21,0.731,7,0.041,SUCCESS,0.0134,NORMAL
FIL-001943,ORD-001943,2026-08-26 09:05:35.874,60030.01,60012.48,0.949,14,22.7807,SUCCESS,0.0292,NORMAL
FIL-001944,ORD-001944,2026-08-26 09:05:35.994,139.91,139.97,1.317,6,0.0737,SUCCESS,0.0433,NORMAL
FIL-001945,ORD-001945,2026-08-26 09:05:36.154,3001.22,3002.76,2.319,17,2.7854,SUCCESS,0.0514,NORMAL
FIL-001946,ORD-001946,2026-08-26 09:05:36.364,60034.59,60031.83,2.11,15,50.6669,SUCCESS,0.0046,NORMAL
FIL-001947,ORD-001947,2026-08-26 09:05:36.470,59999.88,60003.96,2.193,21,52.6355,SUCCESS,0.0068,NORMAL
FIL-001948,ORD-001948,2026-08-26 09:05:36.707,140.01,140.06,2.053,32,0.115,SUCCESS,0.0391,NORMAL
FIL-001949,ORD-001949,2026-08-26 09:05:36.889,2997.9,2997.26,0.313,32,0.3753,SUCCESS,0.0212,NORMAL
FIL-001950,ORD-001950,2026-08-26 09:05:36.992,140.05,140.08,1.439,28,0.0806,SUCCESS,0.0232,NORMAL
FIL-001951,ORD-001951,2026-08-26 09:05:37.203,139.87,139.87,1.572,8,0.088,SUCCESS,0.0008,NORMAL
FIL-001952,ORD-001952,2026-08-26 09:05:37.299,139.8,139.8,1.677,9,0.0938,SUCCESS,0.0001,NORMAL
FIL-001953,ORD-001953,2026-08-26 09:05:37.510,2999.06,2999.2,1.277,15,1.532,SUCCESS,0.0048,NORMAL
FIL-001954,ORD-001954,2026-08-26 09:05:37.806,2993.78,2993.63,0.625,21,0.7484,SUCCESS,0.005,NORMAL
FIL-001955,ORD-001955,2026-08-26 09:05:37.885,3000.52,2999.97,1.69,9,2.028,SUCCESS,0.0183,NORMAL
FIL-001956,ORD-001956,2026-08-26 09:05:38.036,59954.5,59942.99,0.934,6,22.3947,SUCCESS,0.0192,NORMAL
FIL-001957,ORD-001957,2026-08-26 09:05:38.211,140.16,140.16,2.031,8,0.1139,SUCCESS,0.001,NORMAL
FIL-001958,ORD-001958,2026-08-26 09:05:38.316,140.04,140.0,0.743,8,0.0416,SUCCESS,0.0294,NORMAL
FIL-001959,ORD-001959,2026-08-26 09:05:38.471,3004.17,3006.03,1.72,17,2.0681,SUCCESS,0.0618,NORMAL
FIL-001960,ORD-001960,2026-08-26 09:05:38.645,3001.24,3001.16,0.231,9,0.2773,SUCCESS,0.0025,NORMAL
FIL-001961,ORD-001961,2026-08-26 09:05:38.799,139.8,139.82,0.84,14,0.047,SUCCESS,0.0153,NORMAL
FIL-001962,ORD-001962,2026-08-26 09:05:39.096,60046.63,60053.6,0.365,24,8.7678,SUCCESS,0.0116,NORMAL
FIL-001963,ORD-001963,2026-08-26 09:05:39.151,140.22,140.19,2.381,18,0.1335,SUCCESS,0.0183,NORMAL
FIL-001964,ORD-001964,2026-08-26 09:05:39.397,3003.66,3003.68,0.946,9,1.1366,SUCCESS,0.0005,NORMAL
FIL-001965,ORD-001965,2026-08-26 09:05:39.497,140.23,140.26,0.969,10,0.0544,SUCCESS,0.0191,NORMAL
FIL-001966,ORD-001966,2026-08-26 09:05:39.780,59970.9,59954.47,2.023,25,48.5152,SUCCESS,0.0274,NORMAL
FIL-001967,ORD-001967,2026-08-26 09:05:39.833,2999.94,2999.18,0.697,17,0.8362,SUCCESS,0.0252,NORMAL
FIL-001968,ORD-001968,2026-08-26 09:05:40.085,60051.87,60057.63,1.304,25,31.3261,SUCCESS,0.0096,NORMAL
FIL-001969,ORD-001969,2026-08-26 09:05:40.332,2999.53,3000.48,0.652,6,0.7825,SUCCESS,0.0316,NORMAL
FIL-001970,ORD-001970,2026-08-26 09:05:40.478,139.8,139.8,2.051,9,0.1147,SUCCESS,0.0031,NORMAL
FIL-001971,ORD-001971,2026-08-26 09:05:40.549,139.95,139.9,0.748,15,0.0419,SUCCESS,0.0347,NORMAL
FIL-001972,ORD-001972,2026-08-26 09:05:40.604,59990.39,59992.25,1.858,6,44.5862,SUCCESS,0.0031,NORMAL
FIL-001973,ORD-001973,2026-08-26 09:05:40.866,59915.39,59918.75,1.039,37,24.9022,SUCCESS,0.0056,NORMAL
FIL-001974,ORD-001974,2026-08-26 09:05:40.993,139.85,139.85,1.884,14,0.1054,SUCCESS,0.001,NORMAL
FIL-001975,ORD-001975,2026-08-26 09:05:41.163,3002.95,3002.52,1.675,12,2.0117,SUCCESS,0.0142,NORMAL
FIL-001976,ORD-001976,2026-08-26 09:05:41.284,2994.87,2994.75,1.075,14,1.2877,SUCCESS,0.0039,NORMAL
FIL-001977,ORD-001977,2026-08-26 09:05:41.338,2998.08,2997.93,0.687,5,0.8238,SUCCESS,0.0049,NORMAL
FIL-001978,ORD-001978,2026-08-26 09:05:41.503,3003.38,3003.19,1.815,15,2.1803,SUCCESS,0.0063,NORMAL
FIL-001979,ORD-001979,2026-08-26 09:05:41.697,59959.7,59959.7,0.988,7,23.6961,SUCCESS,0.0,NORMAL
FIL-001980,ORD-001980,2026-08-26 09:05:41.771,60048.7,60046.66,2.442,33,58.6536,SUCCESS,0.0034,NORMAL
FIL-001981,ORD-001981,2026-08-26 09:05:41.842,139.96,140.0,1.524,6,0.0853,SUCCESS,0.0254,NORMAL
FIL-001982,ORD-001982,2026-08-26 09:05:42.037,60014.19,59997.21,1.835,7,44.038,SUCCESS,0.0283,NORMAL
FIL-001983,ORD-001983,2026-08-26 09:05:42.173,59903.88,59904.6,0.847,21,20.2957,SUCCESS,0.0012,NORMAL
FIL-001984,ORD-001984,2026-08-26 09:05:42.224,60021.65,60027.35,1.076,5,25.8358,SUCCESS,0.0095,NORMAL
FIL-001985,ORD-001985,2026-08-26 09:05:42.354,2999.48,3000.5,1.409,13,1.6911,SUCCESS,0.034,NORMAL
FIL-001986,ORD-001986,2026-08-26 09:05:42.623,140.17,140.18,1.335,29,0.0749,SUCCESS,0.0083,NORMAL
FIL-001987,ORD-001987,2026-08-26 09:05:42.705,140.03,140.08,0.286,25,0.016,SUCCESS,0.0332,NORMAL
FIL-001988,ORD-001988,2026-08-26 09:05:42.977,59956.25,59969.5,0.574,9,13.769,SUCCESS,0.0221,NORMAL
FIL-001989,ORD-001989,2026-08-26 09:05:43.161,59897.57,59900.27,1.603,44,38.4081,SUCCESS,0.0045,NORMAL
FIL-001990,ORD-001990,2026-08-26 09:05:43.286,2998.41,2998.53,1.059,13,1.2702,SUCCESS,0.0041,NORMAL
FIL-001991,ORD-001991,2026-08-26 09:05:43.405,59982.59,59970.65,2.213,11,53.086,SUCCESS,0.0199,NORMAL
FIL-001992,ORD-001992,2026-08-26 09:05:43.491,140.08,140.04,1.661,11,0.093,SUCCESS,0.0261,NORMAL
FIL-001993,ORD-001993,2026-08-26 09:05:43.695,2996.57,2996.94,0.991,22,1.188,SUCCESS,0.0125,NORMAL
FIL-001994,ORD-001994,2026-08-26 09:05:43.929,2999.37,2998.21,2.325,6,2.7883,SUCCESS,0.0388,NORMAL
FIL-001995,ORD-001995,2026-08-26 09:05:44.085,60031.9,60046.79,0.124,12,2.9783,SUCCESS,0.0248,NORMAL
FIL-001996,ORD-001996,2026-08-26 09:05:44.314,60032.77,60039.01,0.113,45,2.7138,SUCCESS,0.0104,NORMAL
FIL-001997,ORD-001997,2026-08-26 09:05:44.379,60042.52,60043.18,0.894,7,21.4714,SUCCESS,0.0011,NORMAL
FIL-001998,ORD-001998,2026-08-26 09:05:44.655,140.08,140.06,1.627,11,0.0912,SUCCESS,0.0115,NORMAL
FIL-001999,ORD-001999,2026-08-26 09:05:44.915,60044.53,60038.23,0.759,33,18.2276,SUCCESS,0.0105,NORMAL
FIL-002000,ORD-002000,2026-08-26 09:05:45.108,2998.5,2998.18,2.342,16,2.8087,SUCCESS,0.0106,NORMAL
FIL-002001,ORD-002001,2026-08-26 09:05:45.229,139.82,139.87,1.854,15,0.1037,SUCCESS,0.0336,NORMAL
FIL-002002,ORD-002002,2026-08-26 09:05:45.444,60059.52,60047.81,1.354,8,32.5219,SUCCESS,0.0195,NORMAL
FIL-002003,ORD-002003,2026-08-26 09:05:45.741,3000.42,2999.68,1.551,5,1.861,SUCCESS,0.0247,NORMAL
FIL-002004,ORD-002004,2026-08-26 09:05:45.846,140.0,139.99,0.656,9,0.0367,SUCCESS,0.0062,NORMAL
FIL-002005,ORD-002005,2026-08-26 09:05:45.915,59934.72,59935.98,0.101,15,2.4214,SUCCESS,0.0021,NORMAL
FIL-002006,ORD-002006,2026-08-26 09:05:46.048,60006.24,60019.32,1.696,6,40.7171,SUCCESS,0.0218,NORMAL
FIL-002007,ORD-002007,2026-08-26 09:05:46.278,2995.71,2996.7,1.957,28,2.3458,SUCCESS,0.033,NORMAL
FIL-002008,ORD-002008,2026-08-26 09:05:46.554,2995.7,2995.57,1.374,7,1.6464,SUCCESS,0.0043,NORMAL
FIL-002009,ORD-002009,2026-08-26 09:05:46.786,139.9,139.94,2.101,22,0.1176,SUCCESS,0.0275,NORMAL
FIL-002010,ORD-002010,2026-08-26 09:05:47.011,59955.95,59949.41,1.994,12,47.8156,SUCCESS,0.0109,NORMAL
FIL-002011,ORD-002011,2026-08-26 09:05:47.279,59959.78,59951.63,2.179,6,52.2538,SUCCESS,0.0136,NORMAL
FIL-002012,ORD-002012,2026-08-26 09:05:47.564,2990.49,2989.72,1.444,32,1.7269,SUCCESS,0.0256,NORMAL
FIL-002013,ORD-002013,2026-08-26 09:05:47.664,59983.34,59969.48,2.489,13,59.7056,SUCCESS,0.0231,NORMAL
FIL-002014,ORD-002014,2026-08-26 09:05:47.738,2995.33,2995.28,0.845,7,1.0124,SUCCESS,0.0016,NORMAL
FIL-002015,ORD-002015,2026-08-26 09:05:47.953,3000.02,2999.93,0.755,8,0.906,SUCCESS,0.0031,NORMAL
FIL-002016,ORD-002016,2026-08-26 09:05:48.073,3000.96,3000.44,1.79,12,2.1483,SUCCESS,0.0172,NORMAL
FIL-002017,ORD-002017,2026-08-26 09:05:48.360,140.06,140.07,2.172,7,0.1217,SUCCESS,0.0088,NORMAL
FIL-002018,ORD-002018,2026-08-26 09:05:48.602,2997.61,2997.34,2.2,7,2.6377,SUCCESS,0.0091,NORMAL
FIL-002019,ORD-002019,2026-08-26 09:05:48.691,140.12,140.13,2.246,16,0.1259,SUCCESS,0.0056,NORMAL
FIL-002021,ORD-002021,2026-08-26 09:05:49.142,139.99,140.32,2.146,239,0.1205,SUCCESS,0.2332,THROTTLE
FIL-002022,ORD-002022,2026-08-26 09:05:49.342,60113.94,59966.72,1.802,190,43.224,SUCCESS,0.2449,EMERGENCY_PAUSE
FIL-002023,ORD-002023,2026-08-26 09:05:49.408,140.15,139.77,2.111,308,0.118,SUCCESS,0.271,EMERGENCY_PAUSE
FIL-002025,ORD-002025,2026-08-26 09:05:49.667,3003.32,3016.3,0.847,276,1.0219,SUCCESS,0.4323,EMERGENCY_PAUSE
FIL-002027,ORD-002027,2026-08-26 09:05:49.845,59954.34,60217.96,1.94,917,46.7291,SUCCESS,0.4397,EMERGENCY_PAUSE
FIL-002028,ORD-002028,2026-08-26 09:05:50.136,139.71,139.11,0.839,543,0.0467,SUCCESS,0.433,EMERGENCY_PAUSE
FIL-002029,ORD-002029,2026-08-26 09:05:50.291,59989.87,60131.51,0.77,352,18.5205,SUCCESS,0.2361,EMERGENCY_PAUSE
FIL-002030,ORD-002030,2026-08-26 09:05:50.364,60063.44,60330.0,0.722,684,17.4233,SUCCESS,0.4438,EMERGENCY_PAUSE
FIL-002031,ORD-002031,2026-08-26 09:05:50.529,2997.95,2997.6,1.64,18,1.9664,SUCCESS,0.0117,EMERGENCY_PAUSE
FIL-002032,ORD-002032,2026-08-26 09:05:50.716,139.93,139.93,1.026,22,0.0574,SUCCESS,0.0025,EMERGENCY_PAUSE
FIL-002033,ORD-002033,2026-08-26 09:05:50.940,139.94,140.0,1.65,30,0.0924,SUCCESS,0.0424,EMERGENCY_PAUSE
FIL-002034,ORD-002034,2026-08-26 09:05:51.180,2996.43,2996.44,1.424,5,1.7068,SUCCESS,0.0004,EMERGENCY_PAUSE
FIL-002035,ORD-002035,2026-08-26 09:05:51.296,3003.6,3004.61,0.624,14,0.75,SUCCESS,0.0337,EMERGENCY_PAUSE
FIL-002036,ORD-002036,2026-08-26 09:05:51.465,60068.18,60090.83,1.241,42,29.8291,SUCCESS,0.0377,EMERGENCY_PAUSE
FIL-002037,ORD-002037,2026-08-26 09:05:51.523,140.09,140.07,1.512,41,0.0847,SUCCESS,0.0175,EMERGENCY_PAUSE
FIL-002038,ORD-002038,2026-08-26 09:05:51.680,3003.2,3003.25,0.119,6,0.143,SUCCESS,0.0018,EMERGENCY_PAUSE
FIL-002039,ORD-002039,2026-08-26 09:05:51.821,3002.76,3002.21,0.549,17,0.6593,SUCCESS,0.0182,THROTTLE
FIL-002040,ORD-002040,2026-08-26 09:05:52.078,2999.89,3000.11,0.152,16,0.1824,SUCCESS,0.0074,WARNING
FIL-002041,ORD-002041,2026-08-26 09:05:52.249,139.9,139.84,1.854,14,0.1037,SUCCESS,0.0416,NORMAL
FIL-002042,ORD-002042,2026-08-26 09:05:52.401,59969.6,59961.62,1.258,26,30.1727,SUCCESS,0.0133,NORMAL
FIL-002043,ORD-002043,2026-08-26 09:05:52.681,2996.15,2996.63,1.932,37,2.3158,SUCCESS,0.0159,NORMAL
FIL-002044,ORD-002044,2026-08-26 09:05:52.833,140.05,140.07,2.39,9,0.1339,SUCCESS,0.011,NORMAL
FIL-002045,ORD-002045,2026-08-26 09:05:53.035,139.66,139.67,0.821,7,0.0459,SUCCESS,0.0057,NORMAL
FIL-002046,ORD-002046,2026-08-26 09:05:53.254,139.9,139.92,0.435,6,0.0243,SUCCESS,0.0127,NORMAL
FIL-002047,ORD-002047,2026-08-26 09:05:53.509,3002.49,3002.64,1.938,18,2.3276,SUCCESS,0.005,NORMAL
FIL-002048,ORD-002048,2026-08-26 09:05:53.610,3001.72,3001.12,1.681,16,2.018,SUCCESS,0.0201,NORMAL
FIL-002049,ORD-002049,2026-08-26 09:05:53.771,60031.59,60018.2,2.159,10,51.8317,SUCCESS,0.0223,NORMAL
FIL-002050,ORD-002050,2026-08-26 09:05:53.822,59870.71,59873.64,1.961,5,46.9649,SUCCESS,0.0049,NORMAL
FIL-002051,ORD-002051,2026-08-26 09:05:54.050,2998.32,2998.39,1.748,8,2.0965,SUCCESS,0.0024,NORMAL
FIL-002052,ORD-002052,2026-08-26 09:05:54.295,60045.73,60026.28,1.795,7,43.0989,SUCCESS,0.0324,NORMAL
FIL-002053,ORD-002053,2026-08-26 09:05:54.542,59994.78,59991.42,0.42,8,10.0786,SUCCESS,0.0056,NORMAL
FIL-002054,ORD-002054,2026-08-26 09:05:54.692,2997.77,2996.68,1.119,21,1.3413,SUCCESS,0.0363,NORMAL
FIL-002055,ORD-002055,2026-08-26 09:05:54.748,140.04,140.07,2.429,43,0.1361,SUCCESS,0.0192,NORMAL
FIL-002056,ORD-002056,2026-08-26 09:05:55.008,60084.07,60090.74,0.916,13,22.0172,SUCCESS,0.0111,NORMAL
FIL-002057,ORD-002057,2026-08-26 09:05:55.106,59972.78,59959.05,0.431,18,10.3369,SUCCESS,0.0229,NORMAL
FIL-002058,ORD-002058,2026-08-26 09:05:55.202,59908.32,59928.99,1.022,15,24.499,SUCCESS,0.0345,NORMAL
FIL-002059,ORD-002059,2026-08-26 09:05:55.260,2999.71,3001.03,2.071,8,2.4861,SUCCESS,0.044,NORMAL
FIL-002060,ORD-002060,2026-08-26 09:05:55.337,2992.76,2992.75,1.342,18,1.6065,SUCCESS,0.0002,NORMAL
FIL-002061,ORD-002061,2026-08-26 09:05:55.490,3004.28,3005.45,1.674,17,2.0124,SUCCESS,0.039,NORMAL
FIL-002062,ORD-002062,2026-08-26 09:05:55.656,59961.64,59966.86,1.022,5,24.5145,SUCCESS,0.0087,NORMAL
FIL-002063,ORD-002063,2026-08-26 09:05:55.719,59906.95,59891.73,1.114,30,26.6878,SUCCESS,0.0254,NORMAL
FIL-002064,ORD-002064,2026-08-26 09:05:55.974,2999.85,2999.52,1.549,12,1.8585,SUCCESS,0.0109,NORMAL
FIL-002065,ORD-002065,2026-08-26 09:05:56.272,2999.62,2999.08,2.126,24,2.5504,SUCCESS,0.018,NORMAL
FIL-002066,ORD-002066,2026-08-26 09:05:56.420,2999.54,2999.86,1.376,34,1.6511,SUCCESS,0.0106,NORMAL
FIL-002067,ORD-002067,2026-08-26 09:05:56.621,140.11,140.11,2.342,18,0.1313,SUCCESS,0.0011,NORMAL
FIL-002068,ORD-002068,2026-08-26 09:05:56.782,3001.31,3001.61,2.193,16,2.633,SUCCESS,0.0099,NORMAL
FIL-002069,ORD-002069,2026-08-26 09:05:56.925,59962.01,59961.77,1.275,7,30.5805,SUCCESS,0.0004,NORMAL
FIL-002070,ORD-002070,2026-08-26 09:05:57.184,59926.65,59924.61,0.811,11,19.4395,SUCCESS,0.0034,NORMAL
FIL-002071,ORD-002071,2026-08-26 09:05:57.317,60005.6,59996.06,0.142,13,3.4078,SUCCESS,0.0159,NORMAL
FIL-002072,ORD-002072,2026-08-26 09:05:57.556,2996.48,2997.77,0.188,17,0.2254,SUCCESS,0.0429,NORMAL
FIL-002073,ORD-002073,2026-08-26 09:05:57.643,3001.47,3001.54,0.403,9,0.4838,SUCCESS,0.0024,NORMAL
FIL-002074,ORD-002074,2026-08-26 09:05:57.869,140.2,140.15,2.432,12,0.1363,SUCCESS,0.0337,NORMAL
FIL-002075,ORD-002075,2026-08-26 09:05:58.129,140.23,140.25,2.337,9,0.1311,SUCCESS,0.0145,NORMAL
FIL-002076,ORD-002076,2026-08-26 09:05:58.334,140.06,140.01,0.192,6,0.0108,SUCCESS,0.0325,NORMAL
FIL-002077,ORD-002077,2026-08-26 09:05:58.621,139.77,139.8,0.289,26,0.0162,SUCCESS,0.0189,NORMAL
FIL-002078,ORD-002078,2026-08-26 09:05:58.736,140.09,140.08,2.381,5,0.1334,SUCCESS,0.0057,NORMAL
FIL-002079,ORD-002079,2026-08-26 09:05:58.835,140.15,140.16,0.379,20,0.0212,SUCCESS,0.0066,NORMAL
FIL-002080,ORD-002080,2026-08-26 09:05:59.088,140.1,140.06,1.394,7,0.0781,SUCCESS,0.028,NORMAL
FIL-002081,ORD-002081,2026-08-26 09:05:59.249,60008.26,60016.48,1.926,24,46.2367,SUCCESS,0.0137,NORMAL
FIL-002082,ORD-002082,2026-08-26 09:05:59.531,2999.06,2999.98,1.551,15,1.8612,SUCCESS,0.0308,NORMAL
FIL-002083,ORD-002083,2026-08-26 09:05:59.687,59999.59,59996.29,0.145,11,3.4798,SUCCESS,0.0055,NORMAL
FIL-002084,ORD-002084,2026-08-26 09:05:59.899,140.01,140.03,1.997,8,0.1119,SUCCESS,0.0178,NORMAL
FIL-002085,ORD-002085,2026-08-26 09:05:59.965,2999.84,3001.34,0.879,8,1.0553,SUCCESS,0.0499,NORMAL
FIL-002086,ORD-002086,2026-08-26 09:06:00.122,139.93,139.87,1.206,7,0.0675,SUCCESS,0.0443,NORMAL
FIL-002087,ORD-002087,2026-08-26 09:06:00.259,139.98,139.92,1.438,29,0.0805,SUCCESS,0.0398,NORMAL
FIL-002088,ORD-002088,2026-08-26 09:06:00.499,3003.03,3002.89,1.209,6,1.4522,SUCCESS,0.0048,NORMAL
FIL-002089,ORD-002089,2026-08-26 09:06:00.652,3002.89,3003.76,1.036,37,1.2448,SUCCESS,0.0291,NORMAL
FIL-002090,ORD-002090,2026-08-26 09:06:00.755,60055.57,60086.62,0.929,7,22.3282,SUCCESS,0.0517,NORMAL
FIL-002091,ORD-002091,2026-08-26 09:06:00.924,139.85,139.84,1.184,22,0.0662,SUCCESS,0.0036,NORMAL
FIL-002092,ORD-002092,2026-08-26 09:06:01.084,60038.57,60066.61,0.944,25,22.6812,SUCCESS,0.0467,NORMAL
FIL-002093,ORD-002093,2026-08-26 09:06:01.194,3004.38,3005.64,1.886,9,2.2675,SUCCESS,0.042,NORMAL
FIL-002094,ORD-002094,2026-08-26 09:06:01.345,3001.99,3003.16,0.396,11,0.4757,SUCCESS,0.039,NORMAL
FIL-002095,ORD-002095,2026-08-26 09:06:01.435,60062.33,60076.5,0.529,19,12.7122,SUCCESS,0.0236,NORMAL
FIL-002096,ORD-002096,2026-08-26 09:06:01.715,139.95,139.91,0.623,8,0.0349,SUCCESS,0.0302,NORMAL
FIL-002097,ORD-002097,2026-08-26 09:06:01.991,139.98,139.98,0.354,10,0.0198,SUCCESS,0.0022,NORMAL
FIL-002098,ORD-002098,2026-08-26 09:06:02.144,140.02,140.01,0.64,12,0.0358,SUCCESS,0.0101,NORMAL
FIL-002099,ORD-002099,2026-08-26 09:06:02.417,2995.26,2994.13,0.477,8,0.5713,SUCCESS,0.0377,NORMAL
FIL-002100,ORD-002100,2026-08-26 09:06:02.585,59967.16,59952.41,0.902,22,21.6308,SUCCESS,0.0246,NORMAL
FIL-002101,ORD-002101,2026-08-26 09:06:02.742,140.2,140.25,1.492,13,0.0837,SUCCESS,0.0336,NORMAL
FIL-002102,ORD-002102,2026-08-26 09:06:02.948,3005.91,3005.42,0.638,12,0.767,SUCCESS,0.0164,NORMAL
FIL-002103,ORD-002103,2026-08-26 09:06:03.081,140.01,140.03,2.369,25,0.1327,SUCCESS,0.0117,NORMAL
FIL-002104,ORD-002104,2026-08-26 09:06:03.374,140.03,140.04,1.742,22,0.0976,SUCCESS,0.009,NORMAL
FIL-002105,ORD-002105,2026-08-26 09:06:03.565,2999.27,2999.31,1.67,13,2.0035,SUCCESS,0.0015,NORMAL
FIL-002106,ORD-002106,2026-08-26 09:06:03.838,139.91,139.96,0.986,11,0.0552,SUCCESS,0.0351,NORMAL
FIL-002107,ORD-002107,2026-08-26 09:06:03.921,59976.14,59976.56,0.579,12,13.8906,SUCCESS,0.0007,NORMAL
FIL-002108,ORD-002108,2026-08-26 09:06:04.033,2998.03,2998.53,1.207,13,1.4477,SUCCESS,0.0166,NORMAL
FIL-002109,ORD-002109,2026-08-26 09:06:04.211,139.84,139.82,2.435,15,0.1362,SUCCESS,0.0157,NORMAL
FIL-002110,ORD-002110,2026-08-26 09:06:04.493,140.03,140.03,2.193,34,0.1228,SUCCESS,0.002,NORMAL
FIL-002111,ORD-002111,2026-08-26 09:06:04.551,59961.29,59965.37,0.117,32,2.8064,SUCCESS,0.0068,NORMAL
FIL-002112,ORD-002112,2026-08-26 09:06:04.619,139.99,139.97,2.169,12,0.1214,SUCCESS,0.0112,NORMAL
FIL-002113,ORD-002113,2026-08-26 09:06:04.824,2997.89,2996.18,1.818,9,2.1788,SUCCESS,0.057,NORMAL
FIL-002114,ORD-002114,2026-08-26 09:06:05.081,139.93,139.94,0.243,29,0.0136,SUCCESS,0.0055,NORMAL
FIL-002115,ORD-002115,2026-08-26 09:06:05.297,3006.0,3006.78,1.328,25,1.5972,SUCCESS,0.0261,NORMAL
FIL-002116,ORD-002116,2026-08-26 09:06:05.541,3000.5,2999.69,2.133,5,2.5593,SUCCESS,0.0271,NORMAL
FIL-002117,ORD-002117,2026-08-26 09:06:05.627,140.07,140.09,1.676,7,0.0939,SUCCESS,0.0172,NORMAL
FIL-002118,ORD-002118,2026-08-26 09:06:05.695,60013.19,60001.79,1.641,34,39.3852,SUCCESS,0.019,NORMAL
FIL-002119,ORD-002119,2026-08-26 09:06:05.921,2998.91,2998.84,0.922,9,1.106,SUCCESS,0.0025,NORMAL
FIL-002120,ORD-002120,2026-08-26 09:06:06.123,2999.92,2999.88,1.464,5,1.7567,SUCCESS,0.0013,NORMAL
FIL-002121,ORD-002121,2026-08-26 09:06:06.267,60109.34,60122.14,0.63,8,15.1508,SUCCESS,0.0213,NORMAL
FIL-002122,ORD-002122,2026-08-26 09:06:06.462,139.85,139.85,1.818,5,0.1017,SUCCESS,0.001,NORMAL
FIL-002123,ORD-002123,2026-08-26 09:06:06.702,139.82,139.8,0.808,12,0.0452,SUCCESS,0.0174,NORMAL
FIL-002124,ORD-002124,2026-08-26 09:06:06.915,139.86,139.87,1.022,44,0.0572,SUCCESS,0.0071,NORMAL
FIL-002125,ORD-002125,2026-08-26 09:06:06.968,60008.58,60010.02,0.456,11,10.9458,SUCCESS,0.0024,NORMAL
FIL-002126,ORD-002126,2026-08-26 09:06:07.121,3001.85,3001.2,2.491,6,2.9904,SUCCESS,0.0216,NORMAL
FIL-002127,ORD-002127,2026-08-26 09:06:07.299,3004.54,3004.99,1.509,15,1.8138,SUCCESS,0.0149,NORMAL
FIL-002128,ORD-002128,2026-08-26 09:06:07.571,3001.27,3000.51,1.656,13,1.9875,SUCCESS,0.0254,NORMAL
FIL-002129,ORD-002129,2026-08-26 09:06:07.863,140.04,140.01,0.134,40,0.0075,SUCCESS,0.0198,NORMAL
FIL-002130,ORD-002130,2026-08-26 09:06:08.068,60039.29,60033.53,0.46,5,11.0462,SUCCESS,0.0096,NORMAL
FIL-002131,ORD-002131,2026-08-26 09:06:08.351,139.87,139.92,1.202,7,0.0673,SUCCESS,0.0354,NORMAL
FIL-002132,ORD-002132,2026-08-26 09:06:08.535,139.98,139.99,1.979,17,0.1108,SUCCESS,0.0061,NORMAL
FIL-002133,ORD-002133,2026-08-26 09:06:08.828,59943.45,59961.01,1.603,8,38.447,SUCCESS,0.0293,NORMAL
FIL-002134,ORD-002134,2026-08-26 09:06:09.015,2998.27,2998.59,2.132,5,2.5572,SUCCESS,0.0106,NORMAL
FIL-002135,ORD-002135,2026-08-26 09:06:09.269,60037.0,60038.02,0.687,9,16.4984,SUCCESS,0.0017,NORMAL
FIL-002136,ORD-002136,2026-08-26 09:06:09.495,139.98,140.0,0.688,59,0.0385,SUCCESS,0.0121,NORMAL
FIL-002137,ORD-002137,2026-08-26 09:06:09.616,139.95,139.92,0.738,12,0.0413,SUCCESS,0.0212,NORMAL
FIL-002138,ORD-002138,2026-08-26 09:06:09.699,60176.03,60190.47,2.275,19,54.7733,SUCCESS,0.024,NORMAL
FIL-002139,ORD-002139,2026-08-26 09:06:09.897,139.87,139.84,1.506,7,0.0842,SUCCESS,0.0182,NORMAL
FIL-002141,ORD-002141,2026-08-26 09:06:10.264,59995.75,59808.14,0.616,288,14.7367,SUCCESS,0.3127,THROTTLE
FIL-002143,ORD-002143,2026-08-26 09:06:10.654,140.05,139.67,0.75,900,0.0419,SUCCESS,0.2722,EMERGENCY_PAUSE
FIL-002147,ORD-002147,2026-08-26 09:06:11.426,2994.82,2988.69,1.969,486,2.3539,SUCCESS,0.2048,EMERGENCY_PAUSE
FIL-002148,ORD-002148,2026-08-26 09:06:11.622,2992.18,2986.77,0.82,886,0.9797,SUCCESS,0.1809,EMERGENCY_PAUSE
FIL-002150,ORD-002150,2026-08-26 09:06:11.959,59987.63,59780.07,1.993,376,47.6567,SUCCESS,0.346,EMERGENCY_PAUSE
FIL-002151,ORD-002151,2026-08-26 09:06:12.046,60024.61,60022.81,0.829,55,19.9036,SUCCESS,0.003,EMERGENCY_PAUSE
FIL-002152,ORD-002152,2026-08-26 09:06:12.174,3000.84,3000.12,0.857,12,1.0284,SUCCESS,0.0239,EMERGENCY_PAUSE
FIL-002153,ORD-002153,2026-08-26 09:06:12.238,3003.23,3002.85,2.356,12,2.8299,SUCCESS,0.0127,EMERGENCY_PAUSE
FIL-002154,ORD-002154,2026-08-26 09:06:12.358,2999.33,2998.23,1.197,15,1.4356,SUCCESS,0.0368,EMERGENCY_PAUSE
FIL-002155,ORD-002155,2026-08-26 09:06:12.503,60072.2,60095.51,0.808,6,19.4229,SUCCESS,0.0388,EMERGENCY_PAUSE
FIL-002156,ORD-002156,2026-08-26 09:06:12.742,59937.26,59928.15,1.439,5,34.4946,SUCCESS,0.0152,EMERGENCY_PAUSE
FIL-002157,ORD-002157,2026-08-26 09:06:12.811,59859.87,59874.06,0.758,15,18.1538,SUCCESS,0.0237,EMERGENCY_PAUSE
FIL-002158,ORD-002158,2026-08-26 09:06:12.981,59997.5,60001.64,1.831,7,43.9452,SUCCESS,0.0069,EMERGENCY_PAUSE
FIL-002159,ORD-002159,2026-08-26 09:06:13.102,59996.02,59986.78,1.269,18,30.4493,SUCCESS,0.0154,THROTTLE
FIL-002160,ORD-002160,2026-08-26 09:06:13.289,139.9,139.89,0.922,49,0.0516,SUCCESS,0.0044,WARNING
FIL-002161,ORD-002161,2026-08-26 09:06:13.530,2997.91,2997.21,0.422,17,0.5059,SUCCESS,0.0235,NORMAL
FIL-002162,ORD-002162,2026-08-26 09:06:13.803,59888.14,59878.68,2.078,5,49.7712,SUCCESS,0.0158,NORMAL
FIL-002163,ORD-002163,2026-08-26 09:06:13.936,59927.82,59912.0,1.152,5,27.6074,SUCCESS,0.0264,NORMAL
FIL-002164,ORD-002164,2026-08-26 09:06:14.021,140.08,140.02,1.755,11,0.0983,SUCCESS,0.0454,NORMAL
FIL-002165,ORD-002165,2026-08-26 09:06:14.262,59920.35,59919.27,1.954,18,46.8329,SUCCESS,0.0018,NORMAL
FIL-002166,ORD-002166,2026-08-26 09:06:14.362,59918.59,59946.93,0.969,12,23.2354,SUCCESS,0.0473,NORMAL
FIL-002167,ORD-002167,2026-08-26 09:06:14.442,140.09,140.09,0.156,12,0.0087,SUCCESS,0.0009,NORMAL
FIL-002168,ORD-002168,2026-08-26 09:06:14.704,139.73,139.7,2.015,7,0.1126,SUCCESS,0.0183,NORMAL
FIL-002169,ORD-002169,2026-08-26 09:06:14.865,140.04,140.04,0.139,7,0.0078,SUCCESS,0.0006,NORMAL
FIL-002170,ORD-002170,2026-08-26 09:06:15.077,59939.6,59914.79,1.48,11,35.4696,SUCCESS,0.0414,NORMAL
FIL-002171,ORD-002171,2026-08-26 09:06:15.263,59872.58,59872.82,1.973,6,47.2516,SUCCESS,0.0004,NORMAL
FIL-002172,ORD-002172,2026-08-26 09:06:15.361,60070.95,60080.08,1.66,18,39.8932,SUCCESS,0.0152,NORMAL
FIL-002173,ORD-002173,2026-08-26 09:06:15.600,59973.91,59958.38,2.234,7,53.5788,SUCCESS,0.0259,NORMAL
FIL-002174,ORD-002174,2026-08-26 09:06:15.785,59984.48,59975.84,0.916,8,21.9751,SUCCESS,0.0144,NORMAL
FIL-002175,ORD-002175,2026-08-26 09:06:15.994,139.9,139.9,0.805,17,0.045,SUCCESS,0.0023,NORMAL
FIL-002176,ORD-002176,2026-08-26 09:06:16.263,2996.22,2997.26,0.461,19,0.5527,SUCCESS,0.0346,NORMAL
FIL-002177,ORD-002177,2026-08-26 09:06:16.523,59896.94,59886.4,0.581,17,13.9176,SUCCESS,0.0176,NORMAL
FIL-002178,ORD-002178,2026-08-26 09:06:16.621,140.0,139.99,1.484,11,0.0831,SUCCESS,0.0103,NORMAL
FIL-002179,ORD-002179,2026-08-26 09:06:16.912,60046.34,60058.35,1.38,29,33.1522,SUCCESS,0.02,NORMAL
FIL-002180,ORD-002180,2026-08-26 09:06:17.042,59922.54,59922.78,0.886,8,21.2366,SUCCESS,0.0004,NORMAL
FIL-002181,ORD-002181,2026-08-26 09:06:17.151,59870.03,59871.83,2.478,34,59.345,SUCCESS,0.003,NORMAL
FIL-002182,ORD-002182,2026-08-26 09:06:17.232,59910.57,59899.25,2.367,10,56.7126,SUCCESS,0.0189,NORMAL
FIL-002183,ORD-002183,2026-08-26 09:06:17.379,3001.65,3002.55,1.876,16,2.2531,SUCCESS,0.0301,NORMAL
FIL-002184,ORD-002184,2026-08-26 09:06:17.580,60055.34,60054.92,1.95,5,46.8428,SUCCESS,0.0007,NORMAL
FIL-002185,ORD-002185,2026-08-26 09:06:17.762,60008.25,60027.33,1.488,11,35.7283,SUCCESS,0.0318,NORMAL
FIL-002186,ORD-002186,2026-08-26 09:06:17.966,60131.5,60137.09,1.274,5,30.6459,SUCCESS,0.0093,NORMAL
FIL-002187,ORD-002187,2026-08-26 09:06:18.145,2999.24,2998.3,0.318,10,0.3814,SUCCESS,0.0312,NORMAL
FIL-002188,ORD-002188,2026-08-26 09:06:18.196,2999.15,2998.79,1.197,13,1.4358,SUCCESS,0.012,NORMAL
FIL-002189,ORD-002189,2026-08-26 09:06:18.488,3004.71,3004.47,0.951,11,1.1429,SUCCESS,0.008,NORMAL
FIL-002190,ORD-002190,2026-08-26 09:06:18.717,3000.6,3001.18,0.822,24,0.9868,SUCCESS,0.0194,NORMAL
FIL-002191,ORD-002191,2026-08-26 09:06:18.953,59979.9,59975.16,2.414,9,57.912,SUCCESS,0.0079,NORMAL
FIL-002192,ORD-002192,2026-08-26 09:06:19.005,140.14,140.12,0.526,5,0.0295,SUCCESS,0.0142,NORMAL
FIL-002193,ORD-002193,2026-08-26 09:06:19.207,60044.75,60051.96,0.194,14,4.66,SUCCESS,0.012,NORMAL
FIL-002194,ORD-002194,2026-08-26 09:06:19.301,60003.78,59997.0,0.478,40,11.4714,SUCCESS,0.0113,NORMAL
FIL-002195,ORD-002195,2026-08-26 09:06:19.576,59900.85,59905.16,0.536,16,12.8437,SUCCESS,0.0072,NORMAL
FIL-002196,ORD-002196,2026-08-26 09:06:19.721,60021.22,60025.96,1.069,25,25.6671,SUCCESS,0.0079,NORMAL
FIL-002197,ORD-002197,2026-08-26 09:06:19.891,2996.8,2996.62,0.168,23,0.2014,SUCCESS,0.0059,NORMAL
FIL-002198,ORD-002198,2026-08-26 09:06:20.094,59996.53,59996.95,1.005,13,24.1188,SUCCESS,0.0007,NORMAL
FIL-002199,ORD-002199,2026-08-26 09:06:20.167,140.24,140.27,2.253,10,0.1264,SUCCESS,0.0188,NORMAL
FIL-002200,ORD-002200,2026-08-26 09:06:20.436,3004.37,3005.75,2.46,14,2.9577,SUCCESS,0.0458,NORMAL
FIL-002201,ORD-002201,2026-08-26 09:06:20.565,139.81,139.77,1.628,6,0.091,SUCCESS,0.0254,NORMAL
FIL-002202,ORD-002202,2026-08-26 09:06:20.753,2998.82,2998.76,0.875,13,1.0496,SUCCESS,0.0019,NORMAL
FIL-002203,ORD-002203,2026-08-26 09:06:20.853,3001.78,3002.58,2.145,23,2.5762,SUCCESS,0.0267,NORMAL
FIL-002204,ORD-002204,2026-08-26 09:06:21.071,59940.07,59954.64,0.442,11,10.6,SUCCESS,0.0243,NORMAL
FIL-002205,ORD-002205,2026-08-26 09:06:21.184,60014.2,60020.5,1.576,7,37.8369,SUCCESS,0.0105,NORMAL
FIL-002206,ORD-002206,2026-08-26 09:06:21.483,60036.18,60035.82,0.889,19,21.3487,SUCCESS,0.0006,NORMAL
FIL-002207,ORD-002207,2026-08-26 09:06:21.702,2999.33,2998.67,1.113,18,1.335,SUCCESS,0.0221,NORMAL
FIL-002208,ORD-002208,2026-08-26 09:06:21.955,60138.52,60139.66,1.617,12,38.8983,SUCCESS,0.0019,NORMAL
FIL-002209,ORD-002209,2026-08-26 09:06:22.065,60008.09,60018.59,2.105,14,50.5357,SUCCESS,0.0175,NORMAL
FIL-002210,ORD-002210,2026-08-26 09:06:22.203,60030.18,60014.63,1.261,18,30.2714,SUCCESS,0.0259,NORMAL
FIL-002211,ORD-002211,2026-08-26 09:06:22.392,60014.28,60013.2,1.591,13,38.1924,SUCCESS,0.0018,NORMAL
FIL-002212,ORD-002212,2026-08-26 09:06:22.528,2999.97,3000.04,1.335,14,1.602,SUCCESS,0.0024,NORMAL
FIL-002213,ORD-002213,2026-08-26 09:06:22.718,3001.64,3001.72,1.27,5,1.5249,SUCCESS,0.0028,NORMAL
FIL-002214,ORD-002214,2026-08-26 09:06:22.784,3001.18,3001.6,1.346,20,1.6161,SUCCESS,0.014,NORMAL
FIL-002215,ORD-002215,2026-08-26 09:06:22.892,3000.42,2999.83,0.403,18,0.4836,SUCCESS,0.0197,NORMAL
FIL-002216,ORD-002216,2026-08-26 09:06:23.030,3000.58,3000.9,0.403,18,0.4837,SUCCESS,0.0107,NORMAL
FIL-002217,ORD-002217,2026-08-26 09:06:23.301,3004.47,3004.43,0.299,13,0.3593,SUCCESS,0.0014,NORMAL
FIL-002218,ORD-002218,2026-08-26 09:06:23.400,140.08,140.12,2.497,32,0.14,SUCCESS,0.0251,NORMAL
FIL-002219,ORD-002219,2026-08-26 09:06:23.584,59946.09,59958.32,1.887,15,45.2565,SUCCESS,0.0204,NORMAL
FIL-002220,ORD-002220,2026-08-26 09:06:23.770,139.97,140.0,0.213,18,0.0119,SUCCESS,0.0228,NORMAL
FIL-002221,ORD-002221,2026-08-26 09:06:23.860,3001.7,3002.1,0.5,9,0.6004,SUCCESS,0.0134,NORMAL
FIL-002222,ORD-002222,2026-08-26 09:06:24.148,59966.13,59972.43,0.643,7,15.4249,SUCCESS,0.0105,NORMAL
FIL-002223,ORD-002223,2026-08-26 09:06:24.249,139.98,140.02,1.118,8,0.0626,SUCCESS,0.0267,NORMAL
FIL-002224,ORD-002224,2026-08-26 09:06:24.529,2994.58,2994.61,0.812,21,0.9726,SUCCESS,0.001,NORMAL
FIL-002225,ORD-002225,2026-08-26 09:06:24.819,139.98,139.95,0.427,28,0.0239,SUCCESS,0.0189,NORMAL
FIL-002226,ORD-002226,2026-08-26 09:06:24.922,2996.77,2997.2,1.703,19,2.0417,SUCCESS,0.0145,NORMAL
FIL-002227,ORD-002227,2026-08-26 09:06:25.182,140.31,140.33,0.445,31,0.025,SUCCESS,0.0139,NORMAL
FIL-002228,ORD-002228,2026-08-26 09:06:25.383,60060.31,60064.69,1.106,21,26.5726,SUCCESS,0.0073,NORMAL
FIL-002229,ORD-002229,2026-08-26 09:06:25.503,60155.54,60158.25,2.412,9,58.0407,SUCCESS,0.0045,NORMAL
FIL-002230,ORD-002230,2026-08-26 09:06:25.591,59987.35,59984.83,2.366,16,56.7696,SUCCESS,0.0042,NORMAL
FIL-002231,ORD-002231,2026-08-26 09:06:25.804,59876.08,59875.06,0.886,11,21.2197,SUCCESS,0.0017,NORMAL
FIL-002232,ORD-002232,2026-08-26 09:06:25.913,59950.57,59950.45,1.536,19,36.8336,SUCCESS,0.0002,NORMAL
FIL-002233,ORD-002233,2026-08-26 09:06:26.079,139.79,139.77,1.883,9,0.1053,SUCCESS,0.0114,NORMAL
FIL-002234,ORD-002234,2026-08-26 09:06:26.353,59963.13,59970.99,1.828,6,43.8508,SUCCESS,0.0131,NORMAL
FIL-002235,ORD-002235,2026-08-26 09:06:26.522,3002.76,3003.55,0.371,20,0.4457,SUCCESS,0.0263,NORMAL
FIL-002236,ORD-002236,2026-08-26 09:06:26.766,2999.46,3000.99,2.007,17,2.4092,SUCCESS,0.0511,NORMAL
FIL-002237,ORD-002237,2026-08-26 09:06:27.061,3000.63,3000.68,1.856,23,2.2277,SUCCESS,0.0017,NORMAL
FIL-002238,ORD-002238,2026-08-26 09:06:27.290,139.68,139.67,1.287,8,0.0719,SUCCESS,0.0101,NORMAL
FIL-002239,ORD-002239,2026-08-26 09:06:27.555,3003.83,3002.92,1.948,29,2.3399,SUCCESS,0.0304,NORMAL
FIL-002240,ORD-002240,2026-08-26 09:06:27.775,140.16,140.15,0.889,14,0.0498,SUCCESS,0.0038,NORMAL
FIL-002241,ORD-002241,2026-08-26 09:06:27.887,2999.92,2999.01,2.034,13,2.44,SUCCESS,0.0305,NORMAL
FIL-002242,ORD-002242,2026-08-26 09:06:28.136,140.21,140.18,0.738,45,0.0414,SUCCESS,0.0196,NORMAL
FIL-002243,ORD-002243,2026-08-26 09:06:28.318,140.0,139.97,1.002,16,0.0561,SUCCESS,0.0244,NORMAL
FIL-002244,ORD-002244,2026-08-26 09:06:28.532,139.86,139.85,2.112,22,0.1181,SUCCESS,0.0092,NORMAL
FIL-002245,ORD-002245,2026-08-26 09:06:28.754,59955.85,59974.98,0.966,9,23.1743,SUCCESS,0.0319,NORMAL
FIL-002246,ORD-002246,2026-08-26 09:06:28.969,139.94,139.91,0.196,15,0.011,SUCCESS,0.0207,NORMAL
FIL-002247,ORD-002247,2026-08-26 09:06:29.227,3000.25,2999.68,2.356,11,2.8269,SUCCESS,0.0191,NORMAL
FIL-002248,ORD-002248,2026-08-26 09:06:29.283,139.84,139.79,1.461,8,0.0817,SUCCESS,0.036,NORMAL
FIL-002249,ORD-002249,2026-08-26 09:06:29.519,139.8,139.75,2.025,5,0.1132,SUCCESS,0.0367,NORMAL
FIL-002250,ORD-002250,2026-08-26 09:06:29.816,2999.87,2999.86,0.946,22,1.1351,SUCCESS,0.0005,NORMAL
FIL-002251,ORD-002251,2026-08-26 09:06:30.028,60067.27,60059.64,1.2,5,28.8286,SUCCESS,0.0127,NORMAL
FIL-002252,ORD-002252,2026-08-26 09:06:30.160,2996.41,2996.5,1.413,12,1.6936,SUCCESS,0.0031,NORMAL
FIL-002253,ORD-002253,2026-08-26 09:06:30.337,140.03,140.02,0.513,14,0.0287,SUCCESS,0.0092,NORMAL
FIL-002254,ORD-002254,2026-08-26 09:06:30.634,60017.91,60008.97,2.032,6,48.7753,SUCCESS,0.0149,NORMAL
FIL-002255,ORD-002255,2026-08-26 09:06:30.847,59984.24,59979.8,1.833,37,43.9772,SUCCESS,0.0074,NORMAL
FIL-002256,ORD-002256,2026-08-26 09:06:30.948,3004.64,3002.81,1.916,6,2.3014,SUCCESS,0.0608,NORMAL
FIL-002257,ORD-002257,2026-08-26 09:06:31.191,3000.4,3000.27,2.25,34,2.7002,SUCCESS,0.0044,NORMAL
FIL-002258,ORD-002258,2026-08-26 09:06:31.473,60043.47,60050.68,1.496,5,35.9343,SUCCESS,0.012,NORMAL
FIL-002259,ORD-002259,2026-08-26 09:06:31.701,139.83,139.81,1.055,20,0.059,SUCCESS,0.017,NORMAL
FIL-002260,ORD-002260,2026-08-26 09:06:31.788,59985.31,60239.89,1.692,408,40.7704,SUCCESS,0.4244,WARNING
FIL-002261,ORD-002261,2026-08-26 09:06:32.046,139.73,139.13,0.349,226,0.0194,SUCCESS,0.4264,THROTTLE
FIL-002263,ORD-002263,2026-08-26 09:06:32.423,60057.82,59928.28,2.2,223,52.7369,SUCCESS,0.2157,EMERGENCY_PAUSE
FIL-002264,ORD-002264,2026-08-26 09:06:32.579,59960.29,60053.95,1.569,318,37.6899,SUCCESS,0.1562,EMERGENCY_PAUSE
FIL-002265,ORD-002265,2026-08-26 09:06:32.879,140.06,140.51,1.605,250,0.0902,SUCCESS,0.3243,EMERGENCY_PAUSE
FIL-002266,ORD-002266,2026-08-26 09:06:33.159,2997.16,2985.44,0.733,713,0.8753,SUCCESS,0.391,EMERGENCY_PAUSE
FIL-002267,ORD-002267,2026-08-26 09:06:33.388,60046.98,59832.01,0.872,735,20.8694,SUCCESS,0.358,EMERGENCY_PAUSE
FIL-002268,ORD-002268,2026-08-26 09:06:33.464,60033.74,60301.31,1.8,202,43.4169,SUCCESS,0.4457,EMERGENCY_PAUSE
FIL-002269,ORD-002269,2026-08-26 09:06:33.633,139.84,140.32,1.43,304,0.0803,SUCCESS,0.3435,EMERGENCY_PAUSE
FIL-002270,ORD-002270,2026-08-26 09:06:33.688,3003.15,3012.98,0.255,425,0.3073,SUCCESS,0.3273,EMERGENCY_PAUSE
FIL-002271,ORD-002271,2026-08-26 09:06:33.960,140.17,140.16,0.934,8,0.0524,SUCCESS,0.0065,EMERGENCY_PAUSE
FIL-002272,ORD-002272,2026-08-26 09:06:34.080,139.97,140.04,2.391,20,0.1339,SUCCESS,0.0474,EMERGENCY_PAUSE
FIL-002273,ORD-002273,2026-08-26 09:06:34.255,139.99,139.97,1.813,8,0.1015,SUCCESS,0.0134,EMERGENCY_PAUSE
FIL-002274,ORD-002274,2026-08-26 09:06:34.442,2996.58,2997.53,1.185,5,1.4208,SUCCESS,0.0318,EMERGENCY_PAUSE
FIL-002275,ORD-002275,2026-08-26 09:06:34.734,139.91,139.84,2.202,32,0.1232,SUCCESS,0.0466,EMERGENCY_PAUSE
FIL-002276,ORD-002276,2026-08-26 09:06:35.004,3003.78,3004.07,1.508,5,1.8121,SUCCESS,0.0097,EMERGENCY_PAUSE
FIL-002277,ORD-002277,2026-08-26 09:06:35.304,60047.0,60068.98,0.387,10,9.2987,SUCCESS,0.0366,EMERGENCY_PAUSE
FIL-002278,ORD-002278,2026-08-26 09:06:35.417,60138.56,60167.31,1.858,7,44.7163,SUCCESS,0.0478,EMERGENCY_PAUSE
FIL-002279,ORD-002279,2026-08-26 09:06:35.653,139.89,139.89,2.329,20,0.1303,SUCCESS,0.0002,THROTTLE
FIL-002280,ORD-002280,2026-08-26 09:06:35.945,59957.06,59942.37,1.478,8,35.4379,SUCCESS,0.0245,WARNING
FIL-002281,ORD-002281,2026-08-26 09:06:36.211,140.05,140.02,1.239,8,0.0694,SUCCESS,0.0196,NORMAL
FIL-002282,ORD-002282,2026-08-26 09:06:36.486,2999.17,2999.56,1.797,13,2.1561,SUCCESS,0.0129,NORMAL
FIL-002283,ORD-002283,2026-08-26 09:06:36.625,3002.31,3001.82,0.581,10,0.6976,SUCCESS,0.0163,NORMAL
FIL-002284,ORD-002284,2026-08-26 09:06:36.680,139.76,139.81,1.357,20,0.0759,SUCCESS,0.0327,NORMAL
FIL-002285,ORD-002285,2026-08-26 09:06:36.773,139.99,140.02,0.996,39,0.0558,SUCCESS,0.0242,NORMAL
FIL-002286,ORD-002286,2026-08-26 09:06:37.054,59890.65,59892.09,0.166,6,3.9768,SUCCESS,0.0024,NORMAL
FIL-002287,ORD-002287,2026-08-26 09:06:37.262,139.81,139.73,0.552,7,0.0309,SUCCESS,0.0548,NORMAL
FIL-002288,ORD-002288,2026-08-26 09:06:37.486,2997.48,2998.36,0.333,19,0.3994,SUCCESS,0.0293,NORMAL
FIL-002289,ORD-002289,2026-08-26 09:06:37.761,59975.67,59972.97,1.795,15,43.0606,SUCCESS,0.0045,NORMAL
FIL-002290,ORD-002290,2026-08-26 09:06:38.050,59999.9,60010.88,1.593,12,38.2389,SUCCESS,0.0183,NORMAL
FIL-002291,ORD-002291,2026-08-26 09:06:38.189,140.17,140.19,0.799,26,0.0448,SUCCESS,0.0108,NORMAL
FIL-002292,ORD-002292,2026-08-26 09:06:38.288,140.01,140.05,0.339,5,0.019,SUCCESS,0.0317,NORMAL
FIL-002293,ORD-002293,2026-08-26 09:06:38.575,139.86,139.87,2.351,23,0.1315,SUCCESS,0.0092,NORMAL
FIL-002294,ORD-002294,2026-08-26 09:06:38.641,139.73,139.7,1.705,11,0.0953,SUCCESS,0.0186,NORMAL
FIL-002295,ORD-002295,2026-08-26 09:06:38.739,2998.87,2999.45,2.062,6,2.4739,SUCCESS,0.0195,NORMAL
FIL-002296,ORD-002296,2026-08-26 09:06:38.996,3003.37,3003.4,2.311,48,2.7763,SUCCESS,0.001,NORMAL
FIL-002297,ORD-002297,2026-08-26 09:06:39.279,139.86,139.88,1.672,10,0.0936,SUCCESS,0.0118,NORMAL
FIL-002298,ORD-002298,2026-08-26 09:06:39.363,140.13,140.11,0.778,14,0.0436,SUCCESS,0.0132,NORMAL
FIL-002299,ORD-002299,2026-08-26 09:06:39.509,3005.05,3006.65,1.07,17,1.2868,SUCCESS,0.0532,NORMAL
FIL-002300,ORD-002300,2026-08-26 09:06:39.715,59882.32,59882.02,1.447,31,34.6597,SUCCESS,0.0005,NORMAL
FIL-002301,ORD-002301,2026-08-26 09:06:39.940,2995.79,2995.44,0.789,9,0.9454,SUCCESS,0.0117,NORMAL
FIL-002302,ORD-002302,2026-08-26 09:06:40.068,139.97,139.98,2.372,13,0.1328,SUCCESS,0.0047,NORMAL
FIL-002303,ORD-002303,2026-08-26 09:06:40.130,140.2,140.23,1.382,13,0.0775,SUCCESS,0.0193,NORMAL
FIL-002304,ORD-002304,2026-08-26 09:06:40.391,3002.07,3001.46,0.226,13,0.2713,SUCCESS,0.0204,NORMAL
FIL-002305,ORD-002305,2026-08-26 09:06:40.535,139.94,139.93,0.528,15,0.0296,SUCCESS,0.0045,NORMAL
FIL-002306,ORD-002306,2026-08-26 09:06:40.813,139.89,139.91,2.38,24,0.1332,SUCCESS,0.0158,NORMAL
FIL-002307,ORD-002307,2026-08-26 09:06:41.026,59972.19,59953.66,0.596,11,14.293,SUCCESS,0.0309,NORMAL
FIL-002308,ORD-002308,2026-08-26 09:06:41.105,140.01,140.01,2.261,11,0.1266,SUCCESS,0.0026,NORMAL
FIL-002309,ORD-002309,2026-08-26 09:06:41.239,3000.46,3001.23,2.297,5,2.7575,SUCCESS,0.0258,NORMAL
FIL-002310,ORD-002310,2026-08-26 09:06:41.300,59926.88,59923.46,2.111,6,50.5994,SUCCESS,0.0057,NORMAL
FIL-002311,ORD-002311,2026-08-26 09:06:41.586,59949.64,59953.9,0.72,17,17.2667,SUCCESS,0.0071,NORMAL
FIL-002312,ORD-002312,2026-08-26 09:06:41.705,3001.39,3001.33,1.868,5,2.2426,SUCCESS,0.0021,NORMAL
FIL-002313,ORD-002313,2026-08-26 09:06:41.985,3001.79,3002.39,0.767,25,0.9211,SUCCESS,0.0201,NORMAL
FIL-002314,ORD-002314,2026-08-26 09:06:42.045,60078.37,60077.53,1.762,9,42.3426,SUCCESS,0.0014,NORMAL
FIL-002315,ORD-002315,2026-08-26 09:06:42.124,139.94,139.9,0.269,13,0.0151,SUCCESS,0.0261,NORMAL
FIL-002316,ORD-002316,2026-08-26 09:06:42.257,60071.6,60094.31,0.54,12,12.9804,SUCCESS,0.0378,NORMAL
FIL-002317,ORD-002317,2026-08-26 09:06:42.379,59913.3,59911.92,1.768,32,42.3697,SUCCESS,0.0023,NORMAL
FIL-002318,ORD-002318,2026-08-26 09:06:42.459,139.84,139.79,0.36,6,0.0201,SUCCESS,0.0383,NORMAL
FIL-002319,ORD-002319,2026-08-26 09:06:42.541,3002.62,3003.01,1.295,37,1.5556,SUCCESS,0.013,NORMAL
FIL-002320,ORD-002320,2026-08-26 09:06:42.804,139.92,139.94,0.649,5,0.0363,SUCCESS,0.0115,NORMAL
FIL-002321,ORD-002321,2026-08-26 09:06:42.965,3003.21,3003.34,0.262,18,0.3148,SUCCESS,0.0044,NORMAL
FIL-002322,ORD-002322,2026-08-26 09:06:43.025,140.03,140.03,1.533,5,0.0859,SUCCESS,0.0028,NORMAL
FIL-002323,ORD-002323,2026-08-26 09:06:43.078,140.11,140.19,0.205,6,0.0115,SUCCESS,0.0578,NORMAL
FIL-002324,ORD-002324,2026-08-26 09:06:43.246,59947.96,59931.05,0.521,5,12.4896,SUCCESS,0.0282,NORMAL
FIL-002325,ORD-002325,2026-08-26 09:06:43.312,59994.99,60001.47,0.8,53,19.2005,SUCCESS,0.0108,NORMAL
FIL-002326,ORD-002326,2026-08-26 09:06:43.368,60031.27,60039.79,1.831,33,43.9731,SUCCESS,0.0142,NORMAL
FIL-002327,ORD-002327,2026-08-26 09:06:43.459,3000.47,3001.26,0.791,35,0.9496,SUCCESS,0.0262,NORMAL
FIL-002328,ORD-002328,2026-08-26 09:06:43.645,60048.03,60046.89,1.084,19,26.0363,SUCCESS,0.0019,NORMAL
FIL-002329,ORD-002329,2026-08-26 09:06:43.925,59969.03,59971.19,0.192,18,4.6058,SUCCESS,0.0036,NORMAL
FIL-002330,ORD-002330,2026-08-26 09:06:44.074,59918.62,59921.74,0.24,23,5.7525,SUCCESS,0.0052,NORMAL
FIL-002331,ORD-002331,2026-08-26 09:06:44.263,140.22,140.25,0.184,23,0.0103,SUCCESS,0.019,NORMAL
FIL-002332,ORD-002332,2026-08-26 09:06:44.478,60065.27,60070.44,2.349,8,56.4422,SUCCESS,0.0086,NORMAL
FIL-002333,ORD-002333,2026-08-26 09:06:44.588,2996.3,2996.08,2.285,6,2.7384,SUCCESS,0.0074,NORMAL
FIL-002334,ORD-002334,2026-08-26 09:06:44.754,139.89,139.85,2.471,12,0.1382,SUCCESS,0.0292,NORMAL
FIL-002335,ORD-002335,2026-08-26 09:06:44.877,3003.68,3004.06,0.637,6,0.7654,SUCCESS,0.0125,NORMAL
FIL-002336,ORD-002336,2026-08-26 09:06:44.968,140.12,140.13,0.717,10,0.0402,SUCCESS,0.0062,NORMAL
FIL-002337,ORD-002337,2026-08-26 09:06:45.123,3002.87,3004.42,0.202,19,0.2428,SUCCESS,0.0515,NORMAL
FIL-002338,ORD-002338,2026-08-26 09:06:45.226,139.9,139.94,1.604,8,0.0898,SUCCESS,0.032,NORMAL
FIL-002339,ORD-002339,2026-08-26 09:06:45.519,3001.85,3001.66,1.186,12,1.424,SUCCESS,0.0064,NORMAL
FIL-002340,ORD-002340,2026-08-26 09:06:45.754,3006.31,3005.27,1.057,31,1.2706,SUCCESS,0.0347,NORMAL
FIL-002341,ORD-002341,2026-08-26 09:06:46.046,140.01,140.04,1.464,24,0.082,SUCCESS,0.0185,NORMAL
FIL-002342,ORD-002342,2026-08-26 09:06:46.200,139.92,139.92,1.934,11,0.1082,SUCCESS,0.0003,NORMAL
FIL-002343,ORD-002343,2026-08-26 09:06:46.416,3001.56,3001.54,0.361,13,0.4334,SUCCESS,0.0008,NORMAL
FIL-002344,ORD-002344,2026-08-26 09:06:46.571,3003.07,3003.04,2.188,17,2.6283,SUCCESS,0.0011,NORMAL
FIL-002345,ORD-002345,2026-08-26 09:06:46.719,59988.69,59991.33,0.476,23,11.4223,SUCCESS,0.0044,NORMAL
FIL-002346,ORD-002346,2026-08-26 09:06:46.867,139.92,139.9,1.766,28,0.0988,SUCCESS,0.0128,NORMAL
FIL-002347,ORD-002347,2026-08-26 09:06:46.956,140.0,140.0,1.452,51,0.0813,SUCCESS,0.0014,NORMAL
FIL-002348,ORD-002348,2026-08-26 09:06:47.087,140.24,140.23,0.462,6,0.0259,SUCCESS,0.0071,NORMAL
FIL-002349,ORD-002349,2026-08-26 09:06:47.217,2999.8,3000.68,2.335,43,2.8026,SUCCESS,0.0295,NORMAL
FIL-002350,ORD-002350,2026-08-26 09:06:47.269,140.1,140.12,0.306,11,0.0172,SUCCESS,0.0134,NORMAL
FIL-002351,ORD-002351,2026-08-26 09:06:47.370,59950.74,59919.69,2.264,12,54.2633,SUCCESS,0.0518,NORMAL
FIL-002352,ORD-002352,2026-08-26 09:06:47.579,140.13,140.17,0.258,8,0.0145,SUCCESS,0.0315,NORMAL
FIL-002353,ORD-002353,2026-08-26 09:06:47.654,2998.99,2998.25,0.795,12,0.9534,SUCCESS,0.0247,NORMAL
FIL-002354,ORD-002354,2026-08-26 09:06:47.840,140.28,140.32,1.096,11,0.0615,SUCCESS,0.028,NORMAL
FIL-002355,ORD-002355,2026-08-26 09:06:47.961,140.15,140.12,1.227,26,0.0688,SUCCESS,0.0225,NORMAL
FIL-002356,ORD-002356,2026-08-26 09:06:48.124,139.81,139.82,0.452,15,0.0253,SUCCESS,0.0051,NORMAL
FIL-002357,ORD-002357,2026-08-26 09:06:48.217,59867.9,59869.46,1.01,9,24.1873,SUCCESS,0.0026,NORMAL
FIL-002358,ORD-002358,2026-08-26 09:06:48.495,59966.39,59946.96,0.536,6,12.8526,SUCCESS,0.0324,NORMAL
FIL-002359,ORD-002359,2026-08-26 09:06:48.566,60070.46,60039.22,2.225,41,53.4349,SUCCESS,0.052,NORMAL
FIL-002360,ORD-002360,2026-08-26 09:06:48.850,2996.14,2996.98,1.726,49,2.0691,SUCCESS,0.0281,NORMAL
FIL-002361,ORD-002361,2026-08-26 09:06:49.146,60010.34,60013.28,1.705,6,40.9291,SUCCESS,0.0049,NORMAL
FIL-002362,ORD-002362,2026-08-26 09:06:49.286,139.8,139.8,1.988,15,0.1112,SUCCESS,0.0003,NORMAL
FIL-002363,ORD-002363,2026-08-26 09:06:49.379,139.97,139.95,1.103,24,0.0617,SUCCESS,0.0153,NORMAL
FIL-002364,ORD-002364,2026-08-26 09:06:49.663,3001.02,3000.21,1.349,13,1.6189,SUCCESS,0.0269,NORMAL
FIL-002365,ORD-002365,2026-08-26 09:06:49.892,60039.3,60033.66,1.659,13,39.8383,SUCCESS,0.0094,NORMAL
FIL-002366,ORD-002366,2026-08-26 09:06:50.133,3004.88,3004.64,0.197,8,0.2368,SUCCESS,0.0081,NORMAL
FIL-002367,ORD-002367,2026-08-26 09:06:50.406,140.1,140.06,0.175,7,0.0098,SUCCESS,0.0267,NORMAL
FIL-002368,ORD-002368,2026-08-26 09:06:50.687,140.05,140.07,1.014,16,0.0568,SUCCESS,0.0166,NORMAL
FIL-002369,ORD-002369,2026-08-26 09:06:50.833,2997.26,2996.52,0.749,8,0.8978,SUCCESS,0.0248,NORMAL
FIL-002370,ORD-002370,2026-08-26 09:06:50.987,2997.58,2997.33,1.982,16,2.3763,SUCCESS,0.0084,NORMAL
FIL-002371,ORD-002371,2026-08-26 09:06:51.086,140.03,140.02,0.728,18,0.0408,SUCCESS,0.007,NORMAL
FIL-002372,ORD-002372,2026-08-26 09:06:51.157,2997.78,2997.0,2.305,44,2.7632,SUCCESS,0.0261,NORMAL
FIL-002373,ORD-002373,2026-08-26 09:06:51.239,140.04,140.0,0.155,6,0.0087,SUCCESS,0.0293,NORMAL
FIL-002374,ORD-002374,2026-08-26 09:06:51.494,60087.45,60099.35,0.47,10,11.2987,SUCCESS,0.0198,NORMAL
FIL-002375,ORD-002375,2026-08-26 09:06:51.750,59992.26,60001.02,0.132,9,3.1681,SUCCESS,0.0146,NORMAL
FIL-002376,ORD-002376,2026-08-26 09:06:51.917,2995.35,2995.38,2.191,25,2.6252,SUCCESS,0.001,NORMAL
FIL-002377,ORD-002377,2026-08-26 09:06:52.147,140.06,140.03,0.393,19,0.022,SUCCESS,0.0183,NORMAL
FIL-002378,ORD-002378,2026-08-26 09:06:52.380,59905.89,59907.45,0.545,23,13.0598,SUCCESS,0.0026,NORMAL
FIL-002379,ORD-002379,2026-08-26 09:06:52.613,59848.89,59849.01,0.605,10,14.4835,SUCCESS,0.0002,NORMAL
FIL-002380,ORD-002380,2026-08-26 09:06:52.817,59985.01,59809.37,0.574,469,13.7322,SUCCESS,0.2928,WARNING
FIL-002381,ORD-002381,2026-08-26 09:06:52.996,139.82,140.28,2.166,603,0.1215,SUCCESS,0.3275,THROTTLE
FIL-002382,ORD-002382,2026-08-26 09:06:53.225,59989.13,60105.03,1.401,585,33.6829,SUCCESS,0.1932,EMERGENCY_PAUSE
FIL-002383,ORD-002383,2026-08-26 09:06:53.489,59892.01,60117.74,0.647,434,15.5585,SUCCESS,0.3769,EMERGENCY_PAUSE
FIL-002384,ORD-002384,2026-08-26 09:06:53.727,139.97,139.64,1.124,264,0.0628,SUCCESS,0.2356,EMERGENCY_PAUSE
FIL-002386,ORD-002386,2026-08-26 09:06:54.073,2997.01,2985.72,1.132,204,1.3519,SUCCESS,0.3767,EMERGENCY_PAUSE
FIL-002387,ORD-002387,2026-08-26 09:06:54.215,139.88,139.63,1.512,248,0.0844,SUCCESS,0.1765,EMERGENCY_PAUSE
FIL-002388,ORD-002388,2026-08-26 09:06:54.359,139.95,140.29,0.959,867,0.0538,SUCCESS,0.2457,EMERGENCY_PAUSE
FIL-002389,ORD-002389,2026-08-26 09:06:54.419,2992.94,2979.48,0.557,696,0.6638,SUCCESS,0.4497,EMERGENCY_PAUSE
FIL-002390,ORD-002390,2026-08-26 09:06:54.572,140.04,139.69,2.011,305,0.1124,SUCCESS,0.2473,EMERGENCY_PAUSE
FIL-002391,ORD-002391,2026-08-26 09:06:54.729,2996.4,2996.33,1.901,10,2.2784,SUCCESS,0.0024,EMERGENCY_PAUSE
FIL-002392,ORD-002392,2026-08-26 09:06:54.817,60074.46,60082.63,2.189,9,52.6084,SUCCESS,0.0136,EMERGENCY_PAUSE
FIL-002393,ORD-002393,2026-08-26 09:06:54.911,2997.61,2997.24,1.688,7,2.0237,SUCCESS,0.0125,EMERGENCY_PAUSE
FIL-002394,ORD-002394,2026-08-26 09:06:55.030,60045.43,60049.75,1.233,10,29.6165,SUCCESS,0.0072,EMERGENCY_PAUSE
FIL-002395,ORD-002395,2026-08-26 09:06:55.324,2996.68,2997.47,0.828,6,0.9928,SUCCESS,0.0262,EMERGENCY_PAUSE
FIL-002396,ORD-002396,2026-08-26 09:06:55.484,139.97,139.97,1.837,7,0.1028,SUCCESS,0.0031,EMERGENCY_PAUSE
FIL-002397,ORD-002397,2026-08-26 09:06:55.561,3001.89,3001.99,0.948,5,1.1384,SUCCESS,0.0033,EMERGENCY_PAUSE
FIL-002398,ORD-002398,2026-08-26 09:06:55.743,59869.74,59851.84,0.44,13,10.5339,SUCCESS,0.0299,EMERGENCY_PAUSE
FIL-002399,ORD-002399,2026-08-26 09:06:55.833,2994.81,2995.48,0.839,9,1.0053,SUCCESS,0.0223,THROTTLE
FIL-002400,ORD-002400,2026-08-26 09:06:55.916,3001.54,3001.01,0.392,7,0.4706,SUCCESS,0.0177,WARNING
FIL-002401,ORD-002401,2026-08-26 09:06:55.998,140.09,140.05,1.752,10,0.0981,SUCCESS,0.0306,NORMAL
FIL-002402,ORD-002402,2026-08-26 09:06:56.101,3000.41,3000.11,1.101,13,1.3212,SUCCESS,0.0099,NORMAL
FIL-002403,ORD-002403,2026-08-26 09:06:56.381,2999.62,3000.16,1.621,24,1.9453,SUCCESS,0.0181,NORMAL
FIL-002404,ORD-002404,2026-08-26 09:06:56.480,2997.14,2996.73,0.895,14,1.0728,SUCCESS,0.0138,NORMAL
FIL-002405,ORD-002405,2026-08-26 09:06:56.711,60051.47,60037.48,2.287,16,54.9223,SUCCESS,0.0233,NORMAL
FIL-002406,ORD-002406,2026-08-26 09:06:56.988,140.08,140.09,1.452,18,0.0814,SUCCESS,0.0056,NORMAL
FIL-002407,ORD-002407,2026-08-26 09:06:57.197,59990.01,59988.33,1.9,9,45.5911,SUCCESS,0.0028,NORMAL
FIL-002408,ORD-002408,2026-08-26 09:06:57.489,2996.99,2997.69,2.261,15,2.7111,SUCCESS,0.0232,NORMAL
FIL-002409,ORD-002409,2026-08-26 09:06:57.736,140.14,140.13,0.564,8,0.0316,SUCCESS,0.0048,NORMAL
FIL-002410,ORD-002410,2026-08-26 09:06:57.843,3000.45,3000.88,1.237,23,1.4848,SUCCESS,0.0142,NORMAL
FIL-002411,ORD-002411,2026-08-26 09:06:57.930,139.84,139.89,1.258,16,0.0704,SUCCESS,0.0385,NORMAL
FIL-002412,ORD-002412,2026-08-26 09:06:58.031,2996.58,2995.51,2.22,6,2.66,SUCCESS,0.0358,NORMAL
FIL-002413,ORD-002413,2026-08-26 09:06:58.268,140.03,140.04,0.389,13,0.0218,SUCCESS,0.0041,NORMAL
FIL-002414,ORD-002414,2026-08-26 09:06:58.414,60010.1,60036.5,0.696,11,16.7142,SUCCESS,0.044,NORMAL
FIL-002415,ORD-002415,2026-08-26 09:06:58.471,2999.26,2999.51,0.811,9,0.973,SUCCESS,0.0085,NORMAL
FIL-002416,ORD-002416,2026-08-26 09:06:58.558,140.12,140.09,2.284,27,0.128,SUCCESS,0.0248,NORMAL
FIL-002417,ORD-002417,2026-08-26 09:06:58.635,2998.68,2998.4,1.92,5,2.3028,SUCCESS,0.0092,NORMAL
FIL-002418,ORD-002418,2026-08-26 09:06:58.726,3001.2,3000.89,1.188,19,1.426,SUCCESS,0.0102,NORMAL
FIL-002419,ORD-002419,2026-08-26 09:06:58.859,140.09,140.12,0.226,16,0.0127,SUCCESS,0.0192,NORMAL
FIL-002420,ORD-002420,2026-08-26 09:06:59.049,139.96,139.94,1.829,26,0.1024,SUCCESS,0.0114,NORMAL
FIL-002421,ORD-002421,2026-08-26 09:06:59.313,59952.86,59937.03,0.884,19,21.1937,SUCCESS,0.0264,NORMAL
FIL-002422,ORD-002422,2026-08-26 09:06:59.493,59962.26,59962.14,0.195,9,4.677,SUCCESS,0.0002,NORMAL
FIL-002423,ORD-002423,2026-08-26 09:06:59.569,60022.8,60048.91,0.436,12,10.4725,SUCCESS,0.0435,NORMAL
FIL-002424,ORD-002424,2026-08-26 09:06:59.867,139.79,139.85,1.911,9,0.1069,SUCCESS,0.0413,NORMAL
FIL-002425,ORD-002425,2026-08-26 09:07:00.019,3000.87,3000.22,0.267,28,0.3204,SUCCESS,0.0216,NORMAL
FIL-002426,ORD-002426,2026-08-26 09:07:00.108,139.86,139.87,1.05,19,0.0587,SUCCESS,0.0097,NORMAL
FIL-002427,ORD-002427,2026-08-26 09:07:00.391,139.97,140.0,0.377,5,0.0211,SUCCESS,0.0181,NORMAL
FIL-002428,ORD-002428,2026-08-26 09:07:00.454,2999.88,3000.25,1.438,33,1.7257,SUCCESS,0.0124,NORMAL
FIL-002429,ORD-002429,2026-08-26 09:07:00.747,139.99,140.04,1.92,21,0.1076,SUCCESS,0.0322,NORMAL
FIL-002430,ORD-002430,2026-08-26 09:07:00.968,60079.09,60090.87,1.914,11,46.0056,SUCCESS,0.0196,NORMAL
FIL-002431,ORD-002431,2026-08-26 09:07:01.200,2999.72,3000.9,0.156,38,0.1873,SUCCESS,0.0394,NORMAL
FIL-002432,ORD-002432,2026-08-26 09:07:01.303,139.57,139.55,1.515,23,0.0846,SUCCESS,0.0118,NORMAL
FIL-002433,ORD-002433,2026-08-26 09:07:01.447,60007.1,59985.62,1.496,7,35.8954,SUCCESS,0.0358,NORMAL
FIL-002434,ORD-002434,2026-08-26 09:07:01.657,140.08,140.09,0.118,21,0.0066,SUCCESS,0.0093,NORMAL
FIL-002435,ORD-002435,2026-08-26 09:07:01.920,140.29,140.29,1.032,26,0.0579,SUCCESS,0.0006,NORMAL
FIL-002436,ORD-002436,2026-08-26 09:07:02.000,59911.12,59902.49,0.725,9,17.3717,SUCCESS,0.0144,NORMAL
FIL-002437,ORD-002437,2026-08-26 09:07:02.221,140.03,139.99,2.423,5,0.1357,SUCCESS,0.0259,NORMAL
FIL-002438,ORD-002438,2026-08-26 09:07:02.298,140.04,140.04,1.03,6,0.0577,SUCCESS,0.0018,NORMAL
FIL-002439,ORD-002439,2026-08-26 09:07:02.561,139.97,140.0,1.893,13,0.106,SUCCESS,0.0209,NORMAL
FIL-002440,ORD-002440,2026-08-26 09:07:02.624,139.97,140.03,0.966,23,0.0541,SUCCESS,0.0409,NORMAL
FIL-002441,ORD-002441,2026-08-26 09:07:02.804,139.89,139.91,0.706,7,0.0395,SUCCESS,0.0154,NORMAL
FIL-002442,ORD-002442,2026-08-26 09:07:02.906,59871.96,59863.1,2.165,21,51.8414,SUCCESS,0.0148,NORMAL
FIL-002443,ORD-002443,2026-08-26 09:07:03.148,2994.18,2993.08,1.038,7,1.2427,SUCCESS,0.0366,NORMAL
FIL-002444,ORD-002444,2026-08-26 09:07:03.368,60018.09,60006.69,2.008,11,48.1974,SUCCESS,0.019,NORMAL
FIL-002445,ORD-002445,2026-08-26 09:07:03.576,59928.62,59935.33,2.146,18,51.4485,SUCCESS,0.0112,NORMAL
FIL-002446,ORD-002446,2026-08-26 09:07:03.723,59979.14,59992.94,0.828,13,19.8697,SUCCESS,0.023,NORMAL
FIL-002447,ORD-002447,2026-08-26 09:07:04.021,139.9,139.92,1.65,16,0.0923,SUCCESS,0.0138,NORMAL
FIL-002448,ORD-002448,2026-08-26 09:07:04.268,3002.45,3001.74,0.154,19,0.1849,SUCCESS,0.0237,NORMAL
FIL-002449,ORD-002449,2026-08-26 09:07:04.545,59932.42,59964.72,2.332,28,55.9351,SUCCESS,0.0539,NORMAL
FIL-002450,ORD-002450,2026-08-26 09:07:04.602,60005.92,60019.12,1.736,37,41.6773,SUCCESS,0.022,NORMAL
FIL-002451,ORD-002451,2026-08-26 09:07:04.874,3003.57,3005.29,0.664,12,0.7982,SUCCESS,0.0573,NORMAL
FIL-002452,ORD-002452,2026-08-26 09:07:05.111,140.0,139.97,1.251,10,0.07,SUCCESS,0.0224,NORMAL
FIL-002453,ORD-002453,2026-08-26 09:07:05.170,140.06,140.07,1.006,10,0.0564,SUCCESS,0.0092,NORMAL
FIL-002454,ORD-002454,2026-08-26 09:07:05.367,2996.43,2996.21,2.435,5,2.9183,SUCCESS,0.0072,NORMAL
FIL-002455,ORD-002455,2026-08-26 09:07:05.601,60028.41,60051.88,1.804,22,43.3334,SUCCESS,0.0391,NORMAL
FIL-002456,ORD-002456,2026-08-26 09:07:05.874,3001.0,3001.38,0.753,8,0.904,SUCCESS,0.0127,NORMAL
FIL-002457,ORD-002457,2026-08-26 09:07:05.935,59982.4,59985.52,2.49,6,59.7456,SUCCESS,0.0052,NORMAL
FIL-002458,ORD-002458,2026-08-26 09:07:06.168,139.95,139.95,2.001,15,0.112,SUCCESS,0.0032,NORMAL
FIL-002459,ORD-002459,2026-08-26 09:07:06.428,139.95,139.96,0.982,17,0.055,SUCCESS,0.0092,NORMAL
FIL-002460,ORD-002460,2026-08-26 09:07:06.616,2995.56,2995.61,1.843,7,2.2084,SUCCESS,0.0018,NORMAL
FIL-002461,ORD-002461,2026-08-26 09:07:06.768,59935.31,59907.74,0.518,7,12.4129,SUCCESS,0.046,NORMAL
FIL-002462,ORD-002462,2026-08-26 09:07:06.990,3001.57,3000.18,0.454,28,0.5448,SUCCESS,0.0462,NORMAL
FIL-002463,ORD-002463,2026-08-26 09:07:07.266,3000.47,3000.38,1.545,18,1.8542,SUCCESS,0.0031,NORMAL
FIL-002464,ORD-002464,2026-08-26 09:07:07.454,60014.8,60012.58,1.182,11,28.3739,SUCCESS,0.0037,NORMAL
FIL-002465,ORD-002465,2026-08-26 09:07:07.664,139.83,139.89,2.304,42,0.1289,SUCCESS,0.0407,NORMAL
FIL-002466,ORD-002466,2026-08-26 09:07:07.918,60007.88,60002.9,0.483,32,11.5926,SUCCESS,0.0083,NORMAL
FIL-002467,ORD-002467,2026-08-26 09:07:08.069,140.13,140.13,2.079,70,0.1165,SUCCESS,0.0026,NORMAL
FIL-002468,ORD-002468,2026-08-26 09:07:08.252,59969.63,59956.56,1.406,13,33.7196,SUCCESS,0.0218,NORMAL
FIL-002469,ORD-002469,2026-08-26 09:07:08.491,59962.8,59967.9,2.361,12,56.6337,SUCCESS,0.0085,NORMAL
FIL-002470,ORD-002470,2026-08-26 09:07:08.636,60000.39,59995.53,2.108,19,50.5882,SUCCESS,0.0081,NORMAL
FIL-002471,ORD-002471,2026-08-26 09:07:08.775,140.02,140.02,0.626,17,0.0351,SUCCESS,0.0033,NORMAL
FIL-002472,ORD-002472,2026-08-26 09:07:08.989,140.01,140.0,0.642,37,0.036,SUCCESS,0.0083,NORMAL
FIL-002473,ORD-002473,2026-08-26 09:07:09.039,3003.11,3003.88,0.552,6,0.6633,SUCCESS,0.0255,NORMAL
FIL-002474,ORD-002474,2026-08-26 09:07:09.167,139.79,139.81,1.768,7,0.0989,SUCCESS,0.0116,NORMAL
FIL-002475,ORD-002475,2026-08-26 09:07:09.460,59975.08,59965.84,1.632,12,39.1457,SUCCESS,0.0154,NORMAL
FIL-002476,ORD-002476,2026-08-26 09:07:09.721,59930.97,59939.48,0.597,9,14.3135,SUCCESS,0.0142,NORMAL
FIL-002477,ORD-002477,2026-08-26 09:07:10.012,139.76,139.77,0.385,8,0.0215,SUCCESS,0.0039,NORMAL
FIL-002478,ORD-002478,2026-08-26 09:07:10.157,3002.02,3001.61,0.924,9,1.1094,SUCCESS,0.0136,NORMAL
FIL-002479,ORD-002479,2026-08-26 09:07:10.364,60025.24,60018.28,1.248,19,29.9611,SUCCESS,0.0116,NORMAL
FIL-002480,ORD-002480,2026-08-26 09:07:10.503,139.85,139.9,1.3,8,0.0727,SUCCESS,0.0333,NORMAL
FIL-002481,ORD-002481,2026-08-26 09:07:10.690,60065.46,60061.2,1.021,12,24.529,SUCCESS,0.0071,NORMAL
FIL-002482,ORD-002482,2026-08-26 09:07:10.988,59924.43,59921.49,0.943,11,22.6024,SUCCESS,0.0049,NORMAL
FIL-002483,ORD-002483,2026-08-26 09:07:11.232,139.93,139.92,2.411,12,0.1349,SUCCESS,0.0106,NORMAL
FIL-002484,ORD-002484,2026-08-26 09:07:11.494,60035.08,60016.23,0.689,17,16.5405,SUCCESS,0.0314,NORMAL
FIL-002485,ORD-002485,2026-08-26 09:07:11.664,140.21,140.23,0.679,14,0.0381,SUCCESS,0.0157,NORMAL
FIL-002486,ORD-002486,2026-08-26 09:07:11.769,59944.17,59942.97,2.151,31,51.5749,SUCCESS,0.002,NORMAL
FIL-002487,ORD-002487,2026-08-26 09:07:11.991,140.14,140.13,1.524,15,0.0854,SUCCESS,0.0084,NORMAL
FIL-002488,ORD-002488,2026-08-26 09:07:12.185,60056.04,60042.95,0.759,17,18.229,SUCCESS,0.0218,NORMAL
FIL-002489,ORD-002489,2026-08-26 09:07:12.279,3001.3,3002.5,1.34,24,1.6093,SUCCESS,0.0399,NORMAL
FIL-002490,ORD-002490,2026-08-26 09:07:12.438,2995.55,2994.91,1.543,6,1.8485,SUCCESS,0.0212,NORMAL
FIL-002491,ORD-002491,2026-08-26 09:07:12.551,59943.3,59970.69,1.257,11,30.1533,SUCCESS,0.0457,NORMAL
FIL-002492,ORD-002492,2026-08-26 09:07:12.798,59965.8,59957.46,2.273,15,54.5133,SUCCESS,0.0139,NORMAL
FIL-002493,ORD-002493,2026-08-26 09:07:12.997,3002.14,3002.75,2.177,7,2.6148,SUCCESS,0.0202,NORMAL
FIL-002494,ORD-002494,2026-08-26 09:07:13.076,3001.17,3001.91,2.375,30,2.8518,SUCCESS,0.0248,NORMAL
FIL-002495,ORD-002495,2026-08-26 09:07:13.270,60182.14,60188.52,2.372,35,57.1069,SUCCESS,0.0106,NORMAL
FIL-002496,ORD-002496,2026-08-26 09:07:13.501,59986.85,59969.81,1.132,8,27.1543,SUCCESS,0.0284,NORMAL
FIL-002497,ORD-002497,2026-08-26 09:07:13.622,139.77,139.74,1.237,9,0.0691,SUCCESS,0.0198,NORMAL
FIL-002498,ORD-002498,2026-08-26 09:07:13.842,3001.68,3001.63,2.207,5,2.6498,SUCCESS,0.0015,NORMAL
FIL-002499,ORD-002499,2026-08-26 09:07:14.116,2996.84,2996.23,2.276,10,2.7278,SUCCESS,0.0204,NORMAL
FIL-002500,ORD-002500,2026-08-26 09:07:14.305,60000.49,60124.09,0.572,545,13.7564,SUCCESS,0.206,WARNING
FIL-002503,ORD-002503,2026-08-26 09:07:14.747,59915.62,60100.88,0.828,697,19.9054,SUCCESS,0.3092,EMERGENCY_PAUSE
FIL-002508,ORD-002508,2026-08-26 09:07:15.722,3004.83,2998.3,2.278,286,2.7321,SUCCESS,0.2174,EMERGENCY_PAUSE
FIL-002509,ORD-002509,2026-08-26 09:07:15.969,140.34,140.06,1.538,363,0.0862,SUCCESS,0.1972,EMERGENCY_PAUSE
FIL-002510,ORD-002510,2026-08-26 09:07:16.216,59936.91,59746.01,1.791,493,42.802,SUCCESS,0.3185,EMERGENCY_PAUSE
FIL-002511,ORD-002511,2026-08-26 09:07:16.472,140.26,140.27,1.215,28,0.0682,SUCCESS,0.0067,EMERGENCY_PAUSE
FIL-002512,ORD-002512,2026-08-26 09:07:16.740,2996.13,2995.77,2.306,11,2.7633,SUCCESS,0.0119,EMERGENCY_PAUSE
FIL-002513,ORD-002513,2026-08-26 09:07:16.967,3002.17,3002.0,1.752,17,2.1038,SUCCESS,0.0057,EMERGENCY_PAUSE
FIL-002514,ORD-002514,2026-08-26 09:07:17.104,140.15,140.2,1.275,34,0.0715,SUCCESS,0.034,EMERGENCY_PAUSE
FIL-002515,ORD-002515,2026-08-26 09:07:17.227,140.01,140.04,0.751,5,0.0421,SUCCESS,0.0205,EMERGENCY_PAUSE
FIL-002516,ORD-002516,2026-08-26 09:07:17.421,140.11,140.15,2.277,28,0.1276,SUCCESS,0.0295,EMERGENCY_PAUSE
FIL-002517,ORD-002517,2026-08-26 09:07:17.644,59926.08,59912.66,0.904,18,21.6644,SUCCESS,0.0224,EMERGENCY_PAUSE
FIL-002518,ORD-002518,2026-08-26 09:07:17.890,2997.61,2997.43,1.682,24,2.0167,SUCCESS,0.006,EMERGENCY_PAUSE
FIL-002519,ORD-002519,2026-08-26 09:07:18.115,140.21,140.26,0.556,16,0.0312,SUCCESS,0.0334,THROTTLE
FIL-002520,ORD-002520,2026-08-26 09:07:18.195,3000.82,3000.55,1.348,11,1.6179,SUCCESS,0.009,WARNING
FIL-002521,ORD-002521,2026-08-26 09:07:18.457,139.86,139.82,1.996,14,0.1116,SUCCESS,0.0315,NORMAL
FIL-002522,ORD-002522,2026-08-26 09:07:18.607,2995.02,2995.27,1.0,6,1.1981,SUCCESS,0.0082,NORMAL
FIL-002523,ORD-002523,2026-08-26 09:07:18.722,3001.79,3001.23,0.919,7,1.1033,SUCCESS,0.0185,NORMAL
FIL-002524,ORD-002524,2026-08-26 09:07:18.872,139.95,139.96,2.051,15,0.1148,SUCCESS,0.0067,NORMAL
FIL-002525,ORD-002525,2026-08-26 09:07:19.038,59879.58,59879.94,2.327,14,55.7362,SUCCESS,0.0006,NORMAL
FIL-002526,ORD-002526,2026-08-26 09:07:19.197,139.93,139.89,0.738,30,0.0413,SUCCESS,0.0293,NORMAL
FIL-002527,ORD-002527,2026-08-26 09:07:19.277,139.78,139.68,1.029,5,0.0575,SUCCESS,0.0696,NORMAL
FIL-002528,ORD-002528,2026-08-26 09:07:19.337,59999.32,60003.76,2.486,14,59.6677,SUCCESS,0.0074,NORMAL
FIL-002529,ORD-002529,2026-08-26 09:07:19.411,60027.43,60021.49,0.406,8,9.7475,SUCCESS,0.0099,NORMAL
FIL-002530,ORD-002530,2026-08-26 09:07:19.463,139.83,139.82,1.46,7,0.0817,SUCCESS,0.0065,NORMAL
FIL-002531,ORD-002531,2026-08-26 09:07:19.574,59967.85,59958.32,0.782,6,18.755,SUCCESS,0.0159,NORMAL
FIL-002532,ORD-002532,2026-08-26 09:07:19.765,60115.57,60126.21,0.74,6,17.7974,SUCCESS,0.0177,NORMAL
FIL-002533,ORD-002533,2026-08-26 09:07:19.871,2996.77,2997.5,0.86,9,1.0311,SUCCESS,0.0244,NORMAL
FIL-002534,ORD-002534,2026-08-26 09:07:19.944,60041.9,60040.28,2.391,6,57.4225,SUCCESS,0.0027,NORMAL
FIL-002535,ORD-002535,2026-08-26 09:07:20.098,139.91,139.89,0.691,11,0.0387,SUCCESS,0.015,NORMAL
FIL-002536,ORD-002536,2026-08-26 09:07:20.204,60056.2,60091.51,0.517,5,12.4269,SUCCESS,0.0588,NORMAL
FIL-002537,ORD-002537,2026-08-26 09:07:20.474,3001.61,3001.79,1.144,44,1.3736,SUCCESS,0.0059,NORMAL
FIL-002538,ORD-002538,2026-08-26 09:07:20.628,140.33,140.31,2.133,15,0.1197,SUCCESS,0.0124,NORMAL
FIL-002539,ORD-002539,2026-08-26 09:07:20.835,139.88,139.82,1.023,8,0.0572,SUCCESS,0.0439,NORMAL
FIL-002540,ORD-002540,2026-08-26 09:07:21.010,3000.39,3000.78,2.216,13,2.6599,SUCCESS,0.013,NORMAL
FIL-002541,ORD-002541,2026-08-26 09:07:21.274,2998.82,2997.94,1.578,24,1.8923,SUCCESS,0.0295,NORMAL
FIL-002542,ORD-002542,2026-08-26 09:07:21.502,2996.55,2998.01,1.542,11,1.8492,SUCCESS,0.0487,NORMAL
FIL-002543,ORD-002543,2026-08-26 09:07:21.642,140.03,139.99,0.623,30,0.0349,SUCCESS,0.0297,NORMAL
FIL-002544,ORD-002544,2026-08-26 09:07:21.845,2999.56,2999.55,0.654,21,0.7847,SUCCESS,0.0005,NORMAL
FIL-002545,ORD-002545,2026-08-26 09:07:21.911,2996.33,2996.43,1.649,29,1.9764,SUCCESS,0.0033,NORMAL
FIL-002546,ORD-002546,2026-08-26 09:07:22.086,3004.97,3005.48,1.014,7,1.219,SUCCESS,0.0169,NORMAL
FIL-002547,ORD-002547,2026-08-26 09:07:22.194,2997.0,2996.78,0.712,7,0.8535,SUCCESS,0.0072,NORMAL
FIL-002548,ORD-002548,2026-08-26 09:07:22.300,3002.24,3001.83,0.479,12,0.5752,SUCCESS,0.0137,NORMAL
FIL-002549,ORD-002549,2026-08-26 09:07:22.544,140.0,140.06,0.975,10,0.0546,SUCCESS,0.0438,NORMAL
FIL-002550,ORD-002550,2026-08-26 09:07:22.735,60098.72,60100.34,1.577,11,37.9113,SUCCESS,0.0027,NORMAL
FIL-002551,ORD-002551,2026-08-26 09:07:22.860,59988.19,59979.91,1.187,13,28.4785,SUCCESS,0.0138,NORMAL
FIL-002552,ORD-002552,2026-08-26 09:07:22.989,59994.97,59986.03,0.65,6,15.5964,SUCCESS,0.0149,NORMAL
FIL-002553,ORD-002553,2026-08-26 09:07:23.206,60032.99,60034.07,0.225,8,5.4031,SUCCESS,0.0018,NORMAL
FIL-002554,ORD-002554,2026-08-26 09:07:23.298,140.09,140.1,1.116,9,0.0625,SUCCESS,0.0092,NORMAL
FIL-002555,ORD-002555,2026-08-26 09:07:23.365,59917.52,59926.81,1.81,5,43.387,SUCCESS,0.0155,NORMAL
FIL-002556,ORD-002556,2026-08-26 09:07:23.533,60116.53,60105.47,0.398,32,9.5688,SUCCESS,0.0184,NORMAL
FIL-002557,ORD-002557,2026-08-26 09:07:23.645,139.92,139.91,2.337,23,0.1308,SUCCESS,0.0047,NORMAL
FIL-002558,ORD-002558,2026-08-26 09:07:23.700,59935.22,59930.9,1.332,7,31.9312,SUCCESS,0.0072,NORMAL
FIL-002559,ORD-002559,2026-08-26 09:07:23.966,139.89,139.92,1.226,14,0.0686,SUCCESS,0.0219,NORMAL
FIL-002560,ORD-002560,2026-08-26 09:07:24.087,59998.97,60001.19,1.477,6,35.4487,SUCCESS,0.0037,NORMAL
FIL-002561,ORD-002561,2026-08-26 09:07:24.178,3003.79,3003.83,1.812,6,2.1772,SUCCESS,0.0014,NORMAL
FIL-002562,ORD-002562,2026-08-26 09:07:24.345,140.12,140.14,0.101,17,0.0057,SUCCESS,0.0118,NORMAL
FIL-002563,ORD-002563,2026-08-26 09:07:24.498,140.35,140.35,1.4,13,0.0786,SUCCESS,0.0018,NORMAL
FIL-002564,ORD-002564,2026-08-26 09:07:24.703,140.02,139.99,0.949,18,0.0531,SUCCESS,0.0186,NORMAL
FIL-002565,ORD-002565,2026-08-26 09:07:24.881,139.89,139.88,1.078,11,0.0603,SUCCESS,0.0107,NORMAL
FIL-002566,ORD-002566,2026-08-26 09:07:25.025,2999.48,2999.74,1.54,13,1.8478,SUCCESS,0.0087,NORMAL
FIL-002567,ORD-002567,2026-08-26 09:07:25.170,2997.08,2997.3,1.002,22,1.2013,SUCCESS,0.0073,NORMAL
FIL-002568,ORD-002568,2026-08-26 09:07:25.418,59892.25,59875.72,0.617,62,14.7773,SUCCESS,0.0276,NORMAL
FIL-002569,ORD-002569,2026-08-26 09:07:25.503,140.08,140.09,1.921,11,0.1076,SUCCESS,0.005,NORMAL
FIL-002570,ORD-002570,2026-08-26 09:07:25.784,139.95,139.95,2.261,11,0.1266,SUCCESS,0.0014,NORMAL
FIL-002571,ORD-002571,2026-08-26 09:07:26.059,3002.59,3001.88,1.216,17,1.4601,SUCCESS,0.0236,NORMAL
FIL-002572,ORD-002572,2026-08-26 09:07:26.146,60092.77,60076.67,0.689,10,16.5571,SUCCESS,0.0268,NORMAL
FIL-002573,ORD-002573,2026-08-26 09:07:26.294,140.14,140.18,1.216,6,0.0682,SUCCESS,0.0302,NORMAL
FIL-002574,ORD-002574,2026-08-26 09:07:26.485,139.8,139.77,2.071,9,0.1158,SUCCESS,0.0193,NORMAL
FIL-002575,ORD-002575,2026-08-26 09:07:26.625,2998.29,2999.55,1.251,10,1.501,SUCCESS,0.042,NORMAL
FIL-002576,ORD-002576,2026-08-26 09:07:26.700,2998.36,3000.26,0.127,13,0.1524,SUCCESS,0.0633,NORMAL
FIL-002577,ORD-002577,2026-08-26 09:07:26.845,59999.83,59992.69,1.614,35,38.7313,SUCCESS,0.0119,NORMAL
FIL-002578,ORD-002578,2026-08-26 09:07:27.054,59958.39,59946.4,1.205,28,28.8942,SUCCESS,0.02,NORMAL
FIL-002579,ORD-002579,2026-08-26 09:07:27.330,2998.67,2998.23,1.505,5,1.8049,SUCCESS,0.0146,NORMAL
FIL-002580,ORD-002580,2026-08-26 09:07:27.520,3000.07,3000.02,1.699,17,2.0388,SUCCESS,0.0016,NORMAL
FIL-002581,ORD-002581,2026-08-26 09:07:27.654,140.0,140.0,2.079,35,0.1164,SUCCESS,0.0004,NORMAL
FIL-002582,ORD-002582,2026-08-26 09:07:27.899,139.99,139.97,0.445,19,0.0249,SUCCESS,0.0113,NORMAL
FIL-002583,ORD-002583,2026-08-26 09:07:27.960,60002.91,60010.35,0.629,7,15.0986,SUCCESS,0.0124,NORMAL
FIL-002584,ORD-002584,2026-08-26 09:07:28.116,2998.22,2999.33,1.466,16,1.7588,SUCCESS,0.037,NORMAL
FIL-002585,ORD-002585,2026-08-26 09:07:28.166,59995.47,59992.83,2.299,28,55.1694,SUCCESS,0.0044,NORMAL
FIL-002586,ORD-002586,2026-08-26 09:07:28.232,60108.56,60118.36,1.258,15,30.2516,SUCCESS,0.0163,NORMAL
FIL-002587,ORD-002587,2026-08-26 09:07:28.311,60072.56,60061.87,1.714,34,41.1784,SUCCESS,0.0178,NORMAL
FIL-002588,ORD-002588,2026-08-26 09:07:28.456,59943.9,59941.2,1.847,5,44.2846,SUCCESS,0.0045,NORMAL
FIL-002589,ORD-002589,2026-08-26 09:07:28.695,2997.68,2997.13,2.263,10,2.713,SUCCESS,0.0182,NORMAL
FIL-002590,ORD-002590,2026-08-26 09:07:28.895,2995.56,2995.27,2.105,12,2.522,SUCCESS,0.0096,NORMAL
FIL-002591,ORD-002591,2026-08-26 09:07:29.153,139.98,139.93,0.689,24,0.0386,SUCCESS,0.0323,NORMAL
FIL-002592,ORD-002592,2026-08-26 09:07:29.330,60050.34,60048.78,1.321,19,31.7298,SUCCESS,0.0026,NORMAL
FIL-002593,ORD-002593,2026-08-26 09:07:29.445,139.95,139.94,2.024,8,0.1133,SUCCESS,0.0044,NORMAL
FIL-002594,ORD-002594,2026-08-26 09:07:29.739,60005.79,60021.21,0.625,6,15.0053,SUCCESS,0.0257,NORMAL
FIL-002595,ORD-002595,2026-08-26 09:07:29.918,59887.35,59883.28,1.774,5,42.4932,SUCCESS,0.0068,NORMAL
FIL-002596,ORD-002596,2026-08-26 09:07:29.988,3001.28,3000.56,0.895,34,1.0742,SUCCESS,0.0241,NORMAL
FIL-002597,ORD-002597,2026-08-26 09:07:30.236,60052.62,60076.16,1.691,16,40.6355,SUCCESS,0.0392,NORMAL
FIL-002598,ORD-002598,2026-08-26 09:07:30.407,3004.32,3004.79,0.47,16,0.5649,SUCCESS,0.0158,NORMAL
FIL-002599,ORD-002599,2026-08-26 09:07:30.682,59995.93,59984.65,0.666,20,15.9799,SUCCESS,0.0188,NORMAL
FIL-002600,ORD-002600,2026-08-26 09:07:30.805,3000.68,3000.4,2.139,7,2.5671,SUCCESS,0.0093,NORMAL
FIL-002601,ORD-002601,2026-08-26 09:07:31.073,59954.75,59958.17,1.524,13,36.5505,SUCCESS,0.0057,NORMAL
FIL-002602,ORD-002602,2026-08-26 09:07:31.261,60081.16,60081.82,0.12,15,2.8839,SUCCESS,0.0011,NORMAL
FIL-002603,ORD-002603,2026-08-26 09:07:31.489,2999.8,2999.7,2.005,16,2.4058,SUCCESS,0.0034,NORMAL
FIL-002604,ORD-002604,2026-08-26 09:07:31.573,140.05,140.07,0.526,15,0.0295,SUCCESS,0.0131,NORMAL
FIL-002605,ORD-002605,2026-08-26 09:07:31.793,3000.67,3000.4,1.78,6,2.1363,SUCCESS,0.0089,NORMAL
FIL-002606,ORD-002606,2026-08-26 09:07:31.852,140.05,140.08,0.892,8,0.05,SUCCESS,0.02,NORMAL
FIL-002607,ORD-002607,2026-08-26 09:07:31.951,139.87,139.88,2.071,16,0.1159,SUCCESS,0.0039,NORMAL
FIL-002608,ORD-002608,2026-08-26 09:07:32.075,60008.58,59995.74,0.742,31,17.8067,SUCCESS,0.0214,NORMAL
FIL-002609,ORD-002609,2026-08-26 09:07:32.280,139.88,139.92,0.256,12,0.0143,SUCCESS,0.0301,NORMAL
FIL-002610,ORD-002610,2026-08-26 09:07:32.485,2999.39,3000.15,0.331,36,0.3972,SUCCESS,0.0253,NORMAL
FIL-002611,ORD-002611,2026-08-26 09:07:32.712,59969.17,59955.62,1.696,23,40.6739,SUCCESS,0.0226,NORMAL
FIL-002612,ORD-002612,2026-08-26 09:07:32.942,3001.37,3001.06,0.805,25,0.9663,SUCCESS,0.0102,NORMAL
FIL-002613,ORD-002613,2026-08-26 09:07:33.071,2999.42,2998.45,2.463,9,2.9541,SUCCESS,0.0324,NORMAL
FIL-002614,ORD-002614,2026-08-26 09:07:33.130,139.8,139.76,1.788,27,0.1,SUCCESS,0.031,NORMAL
FIL-002615,ORD-002615,2026-08-26 09:07:33.294,60025.48,60052.91,0.358,8,8.5996,SUCCESS,0.0457,NORMAL
FIL-002616,ORD-002616,2026-08-26 09:07:33.425,60071.9,60101.4,0.899,5,21.6125,SUCCESS,0.0491,NORMAL
FIL-002617,ORD-002617,2026-08-26 09:07:33.639,140.11,140.14,0.394,15,0.0221,SUCCESS,0.0197,NORMAL
FIL-002618,ORD-002618,2026-08-26 09:07:33.697,140.22,140.2,1.236,5,0.0693,SUCCESS,0.0147,NORMAL
FIL-002619,ORD-002619,2026-08-26 09:07:33.962,2997.48,2997.7,0.217,8,0.2602,SUCCESS,0.0074,NORMAL
FIL-002620,ORD-002620,2026-08-26 09:07:34.094,2997.34,2986.92,1.054,382,1.2593,SUCCESS,0.3475,WARNING
FIL-002621,ORD-002621,2026-08-26 09:07:34.336,3003.92,3014.8,1.68,438,2.0259,SUCCESS,0.3622,THROTTLE
FIL-002622,ORD-002622,2026-08-26 09:07:34.471,139.88,140.49,1.098,281,0.0617,SUCCESS,0.4363,EMERGENCY_PAUSE
FIL-002623,ORD-002623,2026-08-26 09:07:34.705,60049.91,60248.8,2.397,433,57.7665,SUCCESS,0.3312,EMERGENCY_PAUSE
FIL-002624,ORD-002624,2026-08-26 09:07:34.841,60069.26,59914.16,0.923,381,22.1203,SUCCESS,0.2582,EMERGENCY_PAUSE
FIL-002625,ORD-002625,2026-08-26 09:07:35.059,60039.52,60219.82,0.607,605,14.6214,SUCCESS,0.3003,EMERGENCY_PAUSE
FIL-002626,ORD-002626,2026-08-26 09:07:35.220,139.97,139.34,1.57,401,0.0875,SUCCESS,0.4481,EMERGENCY_PAUSE
FIL-002627,ORD-002627,2026-08-26 09:07:35.281,139.9,140.34,1.393,284,0.0782,SUCCESS,0.3141,EMERGENCY_PAUSE
FIL-002628,ORD-002628,2026-08-26 09:07:35.437,2997.74,2984.56,0.251,341,0.2996,SUCCESS,0.4395,EMERGENCY_PAUSE
FIL-002629,ORD-002629,2026-08-26 09:07:35.705,3000.71,3007.22,0.735,225,0.8841,SUCCESS,0.2169,EMERGENCY_PAUSE
FIL-002631,ORD-002631,2026-08-26 09:07:36.066,3000.46,3001.28,2.401,20,2.8824,SUCCESS,0.0273,EMERGENCY_PAUSE
FIL-002632,ORD-002632,2026-08-26 09:07:36.312,3005.69,3005.4,1.859,9,2.2348,SUCCESS,0.0096,EMERGENCY_PAUSE
FIL-002633,ORD-002633,2026-08-26 09:07:36.510,140.08,140.05,1.292,13,0.0724,SUCCESS,0.0243,EMERGENCY_PAUSE
FIL-002634,ORD-002634,2026-08-26 09:07:36.659,59894.28,59880.86,2.322,10,55.6173,SUCCESS,0.0224,EMERGENCY_PAUSE
FIL-002635,ORD-002635,2026-08-26 09:07:36.818,139.96,139.95,0.134,6,0.0075,SUCCESS,0.0075,EMERGENCY_PAUSE
FIL-002636,ORD-002636,2026-08-26 09:07:36.901,59918.53,59901.99,0.15,29,3.5941,SUCCESS,0.0276,EMERGENCY_PAUSE
FIL-002637,ORD-002637,2026-08-26 09:07:36.992,139.72,139.71,0.717,13,0.0401,SUCCESS,0.007,EMERGENCY_PAUSE
FIL-002638,ORD-002638,2026-08-26 09:07:37.115,3003.59,3004.5,1.936,6,2.3267,SUCCESS,0.0303,EMERGENCY_PAUSE
FIL-002639,ORD-002639,2026-08-26 09:07:37.404,3004.24,3004.51,0.391,10,0.4699,SUCCESS,0.009,THROTTLE
FIL-002640,ORD-002640,2026-08-26 09:07:37.523,59995.73,60016.67,1.92,20,46.0928,SUCCESS,0.0349,WARNING
FIL-002641,ORD-002641,2026-08-26 09:07:37.786,59955.56,59969.77,1.301,6,31.2083,SUCCESS,0.0237,NORMAL
FIL-002642,ORD-002642,2026-08-26 09:07:38.037,139.95,139.92,1.574,5,0.0881,SUCCESS,0.023,NORMAL
FIL-002643,ORD-002643,2026-08-26 09:07:38.135,60074.52,60057.28,1.031,41,24.7676,SUCCESS,0.0287,NORMAL
FIL-002644,ORD-002644,2026-08-26 09:07:38.433,140.18,140.16,1.589,14,0.0891,SUCCESS,0.0114,NORMAL
FIL-002645,ORD-002645,2026-08-26 09:07:38.659,60001.54,60005.32,1.353,15,32.4749,SUCCESS,0.0063,NORMAL
FIL-002646,ORD-002646,2026-08-26 09:07:38.716,139.91,139.92,1.616,7,0.0904,SUCCESS,0.0039,NORMAL
FIL-002647,ORD-002647,2026-08-26 09:07:38.964,2998.12,2997.01,2.037,13,2.442,SUCCESS,0.0371,NORMAL
FIL-002648,ORD-002648,2026-08-26 09:07:39.164,2995.34,2995.5,1.26,13,1.5097,SUCCESS,0.0052,NORMAL
FIL-002649,ORD-002649,2026-08-26 09:07:39.453,140.05,140.08,2.103,11,0.1178,SUCCESS,0.0195,NORMAL
FIL-002650,ORD-002650,2026-08-26 09:07:39.513,2992.82,2992.34,0.578,21,0.6918,SUCCESS,0.0161,NORMAL
FIL-002651,ORD-002651,2026-08-26 09:07:39.733,60035.19,60020.3,0.141,20,3.3851,SUCCESS,0.0248,NORMAL
FIL-002652,ORD-002652,2026-08-26 09:07:40.003,2997.89,2997.53,2.427,12,2.91,SUCCESS,0.012,NORMAL
FIL-002653,ORD-002653,2026-08-26 09:07:40.249,3003.8,3003.97,1.349,9,1.6209,SUCCESS,0.0055,NORMAL
FIL-002654,ORD-002654,2026-08-26 09:07:40.493,59988.75,59995.11,1.424,51,34.1732,SUCCESS,0.0106,NORMAL
FIL-002655,ORD-002655,2026-08-26 09:07:40.624,3001.94,3002.44,2.105,11,2.5281,SUCCESS,0.0168,NORMAL
FIL-002656,ORD-002656,2026-08-26 09:07:40.701,59992.67,59989.31,0.193,19,4.6312,SUCCESS,0.0056,NORMAL
FIL-002657,ORD-002657,2026-08-26 09:07:40.959,60059.1,60052.61,1.77,9,42.5172,SUCCESS,0.0108,NORMAL
FIL-002658,ORD-002658,2026-08-26 09:07:41.258,3003.86,3004.7,2.455,23,2.9506,SUCCESS,0.0278,NORMAL
FIL-002659,ORD-002659,2026-08-26 09:07:41.313,140.16,140.15,0.82,6,0.046,SUCCESS,0.0093,NORMAL
FIL-002660,ORD-002660,2026-08-26 09:07:41.601,59948.49,59947.83,2.187,25,52.4424,SUCCESS,0.0011,NORMAL
FIL-002661,ORD-002661,2026-08-26 09:07:41.736,140.11,140.12,0.734,39,0.0411,SUCCESS,0.0086,NORMAL
FIL-002662,ORD-002662,2026-08-26 09:07:41.845,3007.82,3009.17,2.021,12,2.4326,SUCCESS,0.0448,NORMAL
FIL-002663,ORD-002663,2026-08-26 09:07:42.128,59977.01,59958.72,1.912,16,45.8564,SUCCESS,0.0305,NORMAL
FIL-002664,ORD-002664,2026-08-26 09:07:42.281,60119.25,60118.35,0.341,32,8.2001,SUCCESS,0.0015,NORMAL
FIL-002665,ORD-002665,2026-08-26 09:07:42.399,60021.01,60016.27,1.679,11,40.3069,SUCCESS,0.0079,NORMAL
FIL-002666,ORD-002666,2026-08-26 09:07:42.450,140.23,140.27,2.367,41,0.1328,SUCCESS,0.0252,NORMAL
FIL-002667,ORD-002667,2026-08-26 09:07:42.527,60042.8,60038.66,1.074,13,25.7926,SUCCESS,0.0069,NORMAL
FIL-002668,ORD-002668,2026-08-26 09:07:42.597,3002.93,3003.07,2.006,14,2.4097,SUCCESS,0.0047,NORMAL
FIL-002669,ORD-002669,2026-08-26 09:07:42.673,2996.49,2997.48,1.782,12,2.1366,SUCCESS,0.0331,NORMAL
FIL-002670,ORD-002670,2026-08-26 09:07:42.911,139.82,139.88,0.404,7,0.0226,SUCCESS,0.044,NORMAL
FIL-002671,ORD-002671,2026-08-26 09:07:43.030,140.01,140.04,1.355,20,0.0759,SUCCESS,0.0213,NORMAL
FIL-002672,ORD-002672,2026-08-26 09:07:43.236,139.76,139.78,1.131,11,0.0632,SUCCESS,0.0117,NORMAL
FIL-002673,ORD-002673,2026-08-26 09:07:43.389,140.14,140.09,0.926,14,0.0519,SUCCESS,0.0355,NORMAL
FIL-002674,ORD-002674,2026-08-26 09:07:43.658,139.83,139.82,0.698,13,0.039,SUCCESS,0.0098,NORMAL
FIL-002675,ORD-002675,2026-08-26 09:07:43.737,59990.56,59985.16,0.103,37,2.4714,SUCCESS,0.009,NORMAL
FIL-002676,ORD-002676,2026-08-26 09:07:43.995,3005.22,3006.17,1.484,11,1.7845,SUCCESS,0.0316,NORMAL
FIL-002677,ORD-002677,2026-08-26 09:07:44.104,140.04,140.07,1.807,22,0.1012,SUCCESS,0.0245,NORMAL
FIL-002678,ORD-002678,2026-08-26 09:07:44.209,60030.23,60034.85,0.419,25,10.0618,SUCCESS,0.0077,NORMAL
FIL-002679,ORD-002679,2026-08-26 09:07:44.471,2999.53,3000.0,1.821,8,2.1852,SUCCESS,0.0156,NORMAL
FIL-002680,ORD-002680,2026-08-26 09:07:44.558,139.87,139.88,1.173,28,0.0656,SUCCESS,0.0087,NORMAL
FIL-002681,ORD-002681,2026-08-26 09:07:44.776,139.89,139.89,1.087,8,0.0608,SUCCESS,0.0029,NORMAL
FIL-002682,ORD-002682,2026-08-26 09:07:44.878,140.03,139.98,1.624,5,0.0909,SUCCESS,0.0376,NORMAL
FIL-002683,ORD-002683,2026-08-26 09:07:44.990,2993.95,2993.37,2.372,6,2.8401,SUCCESS,0.0194,NORMAL
FIL-002684,ORD-002684,2026-08-26 09:07:45.150,3003.27,3002.35,0.705,20,0.8467,SUCCESS,0.0307,NORMAL
FIL-002685,ORD-002685,2026-08-26 09:07:45.317,3002.46,3003.85,0.243,39,0.292,SUCCESS,0.0464,NORMAL
FIL-002686,ORD-002686,2026-08-26 09:07:45.439,140.28,140.26,0.789,12,0.0443,SUCCESS,0.0142,NORMAL
FIL-002687,ORD-002687,2026-08-26 09:07:45.624,3006.25,3006.56,1.986,23,2.3884,SUCCESS,0.0102,NORMAL
FIL-002688,ORD-002688,2026-08-26 09:07:45.850,60044.01,60035.96,1.178,39,28.2889,SUCCESS,0.0134,NORMAL
FIL-002689,ORD-002689,2026-08-26 09:07:46.012,2999.26,2999.17,1.253,5,1.5032,SUCCESS,0.0031,NORMAL
FIL-002690,ORD-002690,2026-08-26 09:07:46.304,60032.01,60050.08,1.023,34,24.5725,SUCCESS,0.0301,NORMAL
FIL-002691,ORD-002691,2026-08-26 09:07:46.530,140.04,140.05,1.353,14,0.0758,SUCCESS,0.0067,NORMAL
FIL-002692,ORD-002692,2026-08-26 09:07:46.683,60022.82,60020.18,0.845,36,20.2868,SUCCESS,0.0044,NORMAL
FIL-002693,ORD-002693,2026-08-26 09:07:46.805,60060.31,60063.61,0.679,10,16.3133,SUCCESS,0.0055,NORMAL
FIL-002694,ORD-002694,2026-08-26 09:07:47.012,2999.78,3001.11,1.434,6,1.7214,SUCCESS,0.0443,NORMAL
FIL-002695,ORD-002695,2026-08-26 09:07:47.307,140.0,140.04,0.108,20,0.006,SUCCESS,0.0254,NORMAL
FIL-002696,ORD-002696,2026-08-26 09:07:47.444,59989.14,59983.38,1.107,6,26.5606,SUCCESS,0.0096,NORMAL
FIL-002697,ORD-002697,2026-08-26 09:07:47.689,60112.01,60106.48,0.835,9,20.0756,SUCCESS,0.0092,NORMAL
FIL-002698,ORD-002698,2026-08-26 09:07:47.841,3002.97,3002.02,0.579,19,0.6953,SUCCESS,0.0315,NORMAL
FIL-002699,ORD-002699,2026-08-26 09:07:47.953,140.11,140.1,0.571,13,0.032,SUCCESS,0.0097,NORMAL
FIL-002700,ORD-002700,2026-08-26 09:07:48.139,2996.13,2996.29,1.921,9,2.3023,SUCCESS,0.0054,NORMAL
FIL-002701,ORD-002701,2026-08-26 09:07:48.208,3000.07,3000.02,0.139,8,0.1668,SUCCESS,0.0016,NORMAL
FIL-002702,ORD-002702,2026-08-26 09:07:48.363,60067.73,60070.67,0.592,9,14.2247,SUCCESS,0.0049,NORMAL
FIL-002703,ORD-002703,2026-08-26 09:07:48.596,139.92,139.92,1.417,22,0.0793,SUCCESS,0.0003,NORMAL
FIL-002704,ORD-002704,2026-08-26 09:07:48.711,59997.96,60004.86,0.332,13,7.9686,SUCCESS,0.0115,NORMAL
FIL-002705,ORD-002705,2026-08-26 09:07:48.876,60055.29,60032.05,1.513,24,36.3314,SUCCESS,0.0387,NORMAL
FIL-002706,ORD-002706,2026-08-26 09:07:49.132,60003.49,60008.35,0.385,8,9.2413,SUCCESS,0.0081,NORMAL
FIL-002707,ORD-002707,2026-08-26 09:07:49.350,2998.95,2999.1,1.399,9,1.6783,SUCCESS,0.0051,NORMAL
FIL-002708,ORD-002708,2026-08-26 09:07:49.603,140.3,140.32,2.481,10,0.1393,SUCCESS,0.0156,NORMAL
FIL-002709,ORD-002709,2026-08-26 09:07:49.800,2996.92,2995.87,0.65,9,0.7789,SUCCESS,0.0349,NORMAL
FIL-002710,ORD-002710,2026-08-26 09:07:49.965,2999.03,2999.35,0.957,5,1.1482,SUCCESS,0.0107,NORMAL
FIL-002711,ORD-002711,2026-08-26 09:07:50.020,140.1,140.11,1.605,20,0.09,SUCCESS,0.0076,NORMAL
FIL-002712,ORD-002712,2026-08-26 09:07:50.081,140.09,140.03,0.662,25,0.0371,SUCCESS,0.0394,NORMAL
FIL-002713,ORD-002713,2026-08-26 09:07:50.248,139.82,139.82,0.418,13,0.0234,SUCCESS,0.0005,NORMAL
FIL-002714,ORD-002714,2026-08-26 09:07:50.531,60100.99,60067.63,0.383,14,9.2024,SUCCESS,0.0555,NORMAL
FIL-002715,ORD-002715,2026-08-26 09:07:50.794,140.04,140.06,1.927,39,0.108,SUCCESS,0.016,NORMAL
FIL-002716,ORD-002716,2026-08-26 09:07:50.965,139.95,139.95,2.263,13,0.1267,SUCCESS,0.0007,NORMAL
FIL-002717,ORD-002717,2026-08-26 09:07:51.230,3000.35,3001.38,0.52,21,0.6243,SUCCESS,0.0342,NORMAL
FIL-002718,ORD-002718,2026-08-26 09:07:51.386,2999.06,2999.12,0.276,20,0.3311,SUCCESS,0.002,NORMAL
FIL-002719,ORD-002719,2026-08-26 09:07:51.569,59966.92,59960.68,0.739,8,17.7244,SUCCESS,0.0104,NORMAL
FIL-002720,ORD-002720,2026-08-26 09:07:51.755,140.18,140.17,2.493,10,0.1398,SUCCESS,0.0091,NORMAL
FIL-002721,ORD-002721,2026-08-26 09:07:52.008,139.88,139.9,1.566,24,0.0876,SUCCESS,0.0125,NORMAL
FIL-002722,ORD-002722,2026-08-26 09:07:52.262,3004.05,3003.59,2.323,20,2.7909,SUCCESS,0.0154,NORMAL
FIL-002723,ORD-002723,2026-08-26 09:07:52.549,60024.37,60027.61,1.385,16,33.2553,SUCCESS,0.0054,NORMAL
FIL-002724,ORD-002724,2026-08-26 09:07:52.787,59929.29,59931.87,0.229,39,5.4898,SUCCESS,0.0043,NORMAL
FIL-002725,ORD-002725,2026-08-26 09:07:53.019,139.9,139.93,1.659,9,0.0929,SUCCESS,0.0233,NORMAL
FIL-002726,ORD-002726,2026-08-26 09:07:53.273,140.09,140.13,2.202,22,0.1234,SUCCESS,0.0289,NORMAL
FIL-002727,ORD-002727,2026-08-26 09:07:53.549,60109.69,60110.05,1.557,10,37.4365,SUCCESS,0.0006,NORMAL
FIL-002728,ORD-002728,2026-08-26 09:07:53.622,60039.73,60048.44,1.36,49,32.6664,SUCCESS,0.0145,NORMAL
FIL-002729,ORD-002729,2026-08-26 09:07:53.781,2998.52,2997.67,0.528,18,0.6331,SUCCESS,0.0282,NORMAL
FIL-002730,ORD-002730,2026-08-26 09:07:53.853,3003.92,3004.31,1.777,22,2.1355,SUCCESS,0.0129,NORMAL
FIL-002731,ORD-002731,2026-08-26 09:07:54.042,140.09,140.12,1.83,17,0.1026,SUCCESS,0.0179,NORMAL
FIL-002732,ORD-002732,2026-08-26 09:07:54.178,60044.74,60042.82,2.483,7,59.6345,SUCCESS,0.0032,NORMAL
FIL-002733,ORD-002733,2026-08-26 09:07:54.404,59987.04,59996.82,1.961,28,47.0615,SUCCESS,0.0163,NORMAL
FIL-002734,ORD-002734,2026-08-26 09:07:54.617,60018.69,60048.34,1.881,26,45.1804,SUCCESS,0.0494,NORMAL
FIL-002735,ORD-002735,2026-08-26 09:07:54.692,139.83,139.83,2.387,9,0.1335,SUCCESS,0.0031,NORMAL
FIL-002736,ORD-002736,2026-08-26 09:07:54.748,3009.53,3008.9,2.425,24,2.9186,SUCCESS,0.0208,NORMAL
FIL-002737,ORD-002737,2026-08-26 09:07:55.001,140.06,140.11,1.713,23,0.096,SUCCESS,0.0373,NORMAL
FIL-002738,ORD-002738,2026-08-26 09:07:55.259,140.1,140.08,0.304,11,0.017,SUCCESS,0.0112,NORMAL
FIL-002739,ORD-002739,2026-08-26 09:07:55.347,59971.47,59957.08,1.943,5,46.5986,SUCCESS,0.024,NORMAL
FIL-002740,ORD-002740,2026-08-26 09:07:55.516,60034.3,59887.7,1.225,297,29.345,SUCCESS,0.2442,WARNING
FIL-002741,ORD-002741,2026-08-26 09:07:55.653,59903.08,60039.9,0.689,371,16.547,SUCCESS,0.2284,THROTTLE
FIL-002743,ORD-002743,2026-08-26 09:07:55.901,59891.68,59735.42,0.218,924,5.2089,SUCCESS,0.2609,EMERGENCY_PAUSE
FIL-002744,ORD-002744,2026-08-26 09:07:56.012,139.88,139.65,1.227,182,0.0685,SUCCESS,0.1618,EMERGENCY_PAUSE
FIL-002745,ORD-002745,2026-08-26 09:07:56.302,3004.0,2999.34,1.599,182,1.9184,SUCCESS,0.1551,EMERGENCY_PAUSE
FIL-002746,ORD-002746,2026-08-26 09:07:56.416,139.88,140.43,2.328,185,0.1308,SUCCESS,0.3906,EMERGENCY_PAUSE
FIL-002747,ORD-002747,2026-08-26 09:07:56.712,139.59,140.11,0.728,470,0.0408,SUCCESS,0.3716,EMERGENCY_PAUSE
FIL-002749,ORD-002749,2026-08-26 09:07:57.168,59899.99,60110.78,0.44,225,10.5795,SUCCESS,0.3519,EMERGENCY_PAUSE
FIL-002750,ORD-002750,2026-08-26 09:07:57.223,2996.03,3006.52,0.838,371,1.0078,SUCCESS,0.3501,EMERGENCY_PAUSE
FIL-002751,ORD-002751,2026-08-26 09:07:57.489,59964.38,59955.63,1.833,7,43.9595,SUCCESS,0.0146,EMERGENCY_PAUSE
FIL-002752,ORD-002752,2026-08-26 09:07:57.560,139.99,139.99,1.968,18,0.1102,SUCCESS,0.001,EMERGENCY_PAUSE
FIL-002753,ORD-002753,2026-08-26 09:07:57.709,3001.18,3001.58,2.457,12,2.95,SUCCESS,0.0132,EMERGENCY_PAUSE
FIL-002754,ORD-002754,2026-08-26 09:07:57.982,59952.26,59925.1,0.797,8,19.1041,SUCCESS,0.0453,EMERGENCY_PAUSE
FIL-002755,ORD-002755,2026-08-26 09:07:58.119,60173.55,60206.16,1.722,35,41.47,SUCCESS,0.0542,EMERGENCY_PAUSE
FIL-002756,ORD-002756,2026-08-26 09:07:58.174,140.19,140.23,2.287,11,0.1283,SUCCESS,0.0255,EMERGENCY_PAUSE
FIL-002757,ORD-002757,2026-08-26 09:07:58.444,139.94,139.97,2.001,11,0.112,SUCCESS,0.018,EMERGENCY_PAUSE
FIL-002758,ORD-002758,2026-08-26 09:07:58.636,3001.52,3001.86,0.984,7,1.1815,SUCCESS,0.0113,EMERGENCY_PAUSE
FIL-002759,ORD-002759,2026-08-26 09:07:58.720,140.15,140.19,1.841,9,0.1032,SUCCESS,0.0309,THROTTLE
FIL-002760,ORD-002760,2026-08-26 09:07:58.933,2997.46,2997.53,0.795,8,0.9532,SUCCESS,0.0023,WARNING
FIL-002761,ORD-002761,2026-08-26 09:07:59.178,59913.13,59907.56,0.601,12,14.4018,SUCCESS,0.0093,NORMAL
FIL-002762,ORD-002762,2026-08-26 09:07:59.409,3003.84,3005.41,0.856,9,1.0291,SUCCESS,0.0522,NORMAL
FIL-002763,ORD-002763,2026-08-26 09:07:59.482,59942.38,59932.31,2.034,6,48.7609,SUCCESS,0.0168,NORMAL
FIL-002764,ORD-002764,2026-08-26 09:07:59.671,59976.34,59958.95,1.99,8,47.7273,SUCCESS,0.029,NORMAL
FIL-002765,ORD-002765,2026-08-26 09:07:59.847,59987.64,60009.12,1.729,18,41.5023,SUCCESS,0.0358,NORMAL
FIL-002766,ORD-002766,2026-08-26 09:08:00.122,59939.35,59944.21,0.642,5,15.3937,SUCCESS,0.0081,NORMAL
FIL-002767,ORD-002767,2026-08-26 09:08:00.328,3005.49,3005.81,2.304,25,2.7702,SUCCESS,0.0105,NORMAL
FIL-002768,ORD-002768,2026-08-26 09:08:00.496,140.12,140.05,1.034,10,0.0579,SUCCESS,0.0484,NORMAL
FIL-002769,ORD-002769,2026-08-26 09:08:00.548,139.94,139.94,1.359,30,0.0761,SUCCESS,0.0028,NORMAL
FIL-002770,ORD-002770,2026-08-26 09:08:00.748,60043.35,60045.27,2.046,6,49.141,SUCCESS,0.0032,NORMAL
FIL-002771,ORD-002771,2026-08-26 09:08:00.950,59956.35,59950.05,0.407,16,9.7599,SUCCESS,0.0105,NORMAL
FIL-002772,ORD-002772,2026-08-26 09:08:01.179,139.69,139.71,1.233,5,0.0689,SUCCESS,0.0112,NORMAL
FIL-002773,ORD-002773,2026-08-26 09:08:01.474,2998.2,2998.15,1.531,17,1.8361,SUCCESS,0.0016,NORMAL
FIL-002774,ORD-002774,2026-08-26 09:08:01.624,139.54,139.48,1.732,11,0.0966,SUCCESS,0.0445,NORMAL
FIL-002775,ORD-002775,2026-08-26 09:08:01.692,3000.07,2999.88,0.847,14,1.0164,SUCCESS,0.0063,NORMAL
FIL-002776,ORD-002776,2026-08-26 09:08:01.877,60033.01,60024.55,0.655,12,15.7264,SUCCESS,0.0141,NORMAL
FIL-002777,ORD-002777,2026-08-26 09:08:02.031,2997.37,2996.97,1.916,9,2.2969,SUCCESS,0.0132,NORMAL
FIL-002778,ORD-002778,2026-08-26 09:08:02.235,59932.83,59941.4,0.617,14,14.7935,SUCCESS,0.0143,NORMAL
FIL-002779,ORD-002779,2026-08-26 09:08:02.392,139.94,139.95,0.904,16,0.0506,SUCCESS,0.0073,NORMAL
FIL-002780,ORD-002780,2026-08-26 09:08:02.629,59924.11,59946.64,1.89,20,45.3197,SUCCESS,0.0376,NORMAL
FIL-002781,ORD-002781,2026-08-26 09:08:02.891,3002.31,3002.98,1.893,9,2.2739,SUCCESS,0.0222,NORMAL
FIL-002782,ORD-002782,2026-08-26 09:08:03.042,3000.76,3001.02,1.282,18,1.5389,SUCCESS,0.0085,NORMAL
FIL-002783,ORD-002783,2026-08-26 09:08:03.116,2997.33,2997.14,1.346,31,1.6137,SUCCESS,0.0063,NORMAL
FIL-002784,ORD-002784,2026-08-26 09:08:03.407,60041.34,60053.17,2.353,27,56.522,SUCCESS,0.0197,NORMAL
FIL-002785,ORD-002785,2026-08-26 09:08:03.683,59883.02,59892.0,1.037,17,24.8432,SUCCESS,0.015,NORMAL
FIL-002786,ORD-002786,2026-08-26 09:08:03.908,140.06,140.06,1.027,10,0.0575,SUCCESS,0.0014,NORMAL
FIL-002787,ORD-002787,2026-08-26 09:08:04.002,2993.94,2994.22,0.34,9,0.4072,SUCCESS,0.0093,NORMAL
FIL-002788,ORD-002788,2026-08-26 09:08:04.182,59962.96,59947.43,2.062,42,49.4446,SUCCESS,0.0259,NORMAL
FIL-002789,ORD-002789,2026-08-26 09:08:04.356,140.2,140.27,1.603,17,0.0899,SUCCESS,0.0486,NORMAL
FIL-002790,ORD-002790,2026-08-26 09:08:04.480,3000.44,3000.94,2.095,15,2.5148,SUCCESS,0.0168,NORMAL
FIL-002791,ORD-002791,2026-08-26 09:08:04.733,140.28,140.33,1.431,10,0.0803,SUCCESS,0.0331,NORMAL
FIL-002792,ORD-002792,2026-08-26 09:08:05.003,139.78,139.73,0.67,31,0.0374,SUCCESS,0.0363,NORMAL
FIL-002793,ORD-002793,2026-08-26 09:08:05.210,140.01,140.02,1.648,11,0.0923,SUCCESS,0.0072,NORMAL
FIL-002794,ORD-002794,2026-08-26 09:08:05.437,139.94,139.98,1.184,9,0.0663,SUCCESS,0.0294,NORMAL
FIL-002795,ORD-002795,2026-08-26 09:08:05.503,60058.38,60061.08,1.494,5,35.8925,SUCCESS,0.0045,NORMAL
FIL-002796,ORD-002796,2026-08-26 09:08:05.668,2997.01,2996.93,1.815,14,2.1758,SUCCESS,0.0028,NORMAL
FIL-002797,ORD-002797,2026-08-26 09:08:05.959,2996.63,2996.96,1.475,10,1.7682,SUCCESS,0.011,NORMAL
FIL-002798,ORD-002798,2026-08-26 09:08:06.208,140.2,140.2,1.002,6,0.0562,SUCCESS,0.0028,NORMAL
FIL-002799,ORD-002799,2026-08-26 09:08:06.448,140.2,140.19,1.923,8,0.1078,SUCCESS,0.0092,NORMAL
FIL-002800,ORD-002800,2026-08-26 09:08:06.698,139.66,139.66,0.448,10,0.025,SUCCESS,0.0012,NORMAL
FIL-002801,ORD-002801,2026-08-26 09:08:06.892,2995.41,2995.34,0.453,5,0.5428,SUCCESS,0.0022,NORMAL
FIL-002802,ORD-002802,2026-08-26 09:08:07.100,60024.35,60004.06,0.843,5,20.2334,SUCCESS,0.0338,NORMAL
FIL-002803,ORD-002803,2026-08-26 09:08:07.356,60046.03,60057.5,2.114,25,50.7846,SUCCESS,0.0191,NORMAL
FIL-002804,ORD-002804,2026-08-26 09:08:07.550,59992.08,59985.6,1.132,21,27.1615,SUCCESS,0.0108,NORMAL
FIL-002805,ORD-002805,2026-08-26 09:08:07.721,140.12,140.15,2.476,33,0.1388,SUCCESS,0.0184,NORMAL
FIL-002806,ORD-002806,2026-08-26 09:08:07.999,60042.47,60038.33,1.102,38,26.4649,SUCCESS,0.0069,NORMAL
FIL-002807,ORD-002807,2026-08-26 09:08:08.234,60030.48,60026.58,1.448,12,34.7674,SUCCESS,0.0065,NORMAL
FIL-002808,ORD-002808,2026-08-26 09:08:08.450,59965.37,59978.26,2.279,21,54.6762,SUCCESS,0.0215,NORMAL
FIL-002809,ORD-002809,2026-08-26 09:08:08.709,59942.84,59949.85,0.142,15,3.4052,SUCCESS,0.0117,NORMAL
FIL-002810,ORD-002810,2026-08-26 09:08:08.789,2999.21,2999.69,2.229,19,2.6745,SUCCESS,0.0161,NORMAL
FIL-002811,ORD-002811,2026-08-26 09:08:08.876,59950.12,59944.66,2.138,9,51.2647,SUCCESS,0.0091,NORMAL
FIL-002812,ORD-002812,2026-08-26 09:08:08.949,2998.68,2998.24,1.686,5,2.022,SUCCESS,0.0147,NORMAL
FIL-002813,ORD-002813,2026-08-26 09:08:09.235,139.47,139.46,1.613,9,0.09,SUCCESS,0.0036,NORMAL
FIL-002814,ORD-002814,2026-08-26 09:08:09.497,59948.72,59956.69,0.336,18,8.0582,SUCCESS,0.0133,NORMAL
FIL-002815,ORD-002815,2026-08-26 09:08:09.633,140.22,140.22,0.853,15,0.0478,SUCCESS,0.0029,NORMAL
FIL-002816,ORD-002816,2026-08-26 09:08:09.721,59939.66,59936.0,1.057,7,25.3409,SUCCESS,0.0061,NORMAL
FIL-002817,ORD-002817,2026-08-26 09:08:09.989,59950.09,59936.36,2.258,13,54.1345,SUCCESS,0.0229,NORMAL
FIL-002818,ORD-002818,2026-08-26 09:08:10.257,60011.47,60030.67,0.116,7,2.7854,SUCCESS,0.032,NORMAL
FIL-002819,ORD-002819,2026-08-26 09:08:10.321,140.06,140.05,1.034,14,0.0579,SUCCESS,0.0072,NORMAL
FIL-002820,ORD-002820,2026-08-26 09:08:10.579,59940.74,59921.86,1.704,5,40.8427,SUCCESS,0.0315,NORMAL
FIL-002821,ORD-002821,2026-08-26 09:08:10.871,139.87,139.84,0.161,5,0.009,SUCCESS,0.0242,NORMAL
FIL-002822,ORD-002822,2026-08-26 09:08:10.996,59935.87,59907.7,0.77,23,18.4516,SUCCESS,0.047,NORMAL
FIL-002823,ORD-002823,2026-08-26 09:08:11.244,139.95,139.95,1.188,10,0.0665,SUCCESS,0.0033,NORMAL
FIL-002824,ORD-002824,2026-08-26 09:08:11.454,59938.72,59957.54,1.641,15,39.3561,SUCCESS,0.0314,NORMAL
FIL-002825,ORD-002825,2026-08-26 09:08:11.508,60011.36,60020.0,0.772,13,18.5342,SUCCESS,0.0144,NORMAL
FIL-002826,ORD-002826,2026-08-26 09:08:11.740,3003.59,3003.29,0.49,12,0.5886,SUCCESS,0.0099,NORMAL
FIL-002827,ORD-002827,2026-08-26 09:08:11.823,2997.12,2998.05,1.088,10,1.3048,SUCCESS,0.0311,NORMAL
FIL-002828,ORD-002828,2026-08-26 09:08:12.096,139.84,139.9,0.321,27,0.018,SUCCESS,0.0404,NORMAL
FIL-002829,ORD-002829,2026-08-26 09:08:12.290,2993.29,2992.86,2.457,8,2.9414,SUCCESS,0.0144,NORMAL
FIL-002830,ORD-002830,2026-08-26 09:08:12.474,140.24,140.24,1.053,24,0.0591,SUCCESS,0.0035,NORMAL
FIL-002831,ORD-002831,2026-08-26 09:08:12.583,140.08,140.08,0.586,20,0.0328,SUCCESS,0.0015,NORMAL
FIL-002832,ORD-002832,2026-08-26 09:08:12.676,60073.02,60078.97,1.816,7,43.6414,SUCCESS,0.0099,NORMAL
FIL-002833,ORD-002833,2026-08-26 09:08:12.963,59991.52,59981.56,1.221,10,29.295,SUCCESS,0.0166,NORMAL
FIL-002834,ORD-002834,2026-08-26 09:08:13.055,60008.05,60003.97,2.258,28,54.1956,SUCCESS,0.0068,NORMAL
FIL-002835,ORD-002835,2026-08-26 09:08:13.161,139.91,139.94,1.012,12,0.0566,SUCCESS,0.02,NORMAL
FIL-002836,ORD-002836,2026-08-26 09:08:13.330,3000.28,3000.9,0.863,8,1.0359,SUCCESS,0.0207,NORMAL
FIL-002837,ORD-002837,2026-08-26 09:08:13.608,2997.28,2995.9,1.174,22,1.4069,SUCCESS,0.046,NORMAL
FIL-002838,ORD-002838,2026-08-26 09:08:13.701,139.95,139.95,1.842,20,0.1031,SUCCESS,0.0,NORMAL
FIL-002839,ORD-002839,2026-08-26 09:08:13.762,140.07,140.06,0.806,7,0.0452,SUCCESS,0.006,NORMAL
FIL-002840,ORD-002840,2026-08-26 09:08:13.864,60093.15,60079.69,0.668,23,16.0533,SUCCESS,0.0224,NORMAL
FIL-002841,ORD-002841,2026-08-26 09:08:14.151,140.19,140.17,1.382,18,0.0775,SUCCESS,0.0126,NORMAL
FIL-002842,ORD-002842,2026-08-26 09:08:14.435,60047.23,60045.37,1.332,18,31.9922,SUCCESS,0.0031,NORMAL
FIL-002843,ORD-002843,2026-08-26 09:08:14.610,60065.68,60069.34,0.321,5,7.7129,SUCCESS,0.0061,NORMAL
FIL-002844,ORD-002844,2026-08-26 09:08:14.909,140.09,140.15,1.347,6,0.0755,SUCCESS,0.0415,NORMAL
FIL-002845,ORD-002845,2026-08-26 09:08:15.159,3000.16,3000.4,2.091,8,2.5095,SUCCESS,0.0081,NORMAL
FIL-002846,ORD-002846,2026-08-26 09:08:15.432,139.88,139.86,2.083,62,0.1165,SUCCESS,0.0167,NORMAL
FIL-002847,ORD-002847,2026-08-26 09:08:15.656,139.82,139.85,0.525,36,0.0294,SUCCESS,0.0215,NORMAL
FIL-002848,ORD-002848,2026-08-26 09:08:15.951,2996.01,2995.88,1.901,22,2.2781,SUCCESS,0.0043,NORMAL
FIL-002849,ORD-002849,2026-08-26 09:08:16.163,140.17,140.22,1.407,7,0.0789,SUCCESS,0.0372,NORMAL
FIL-002850,ORD-002850,2026-08-26 09:08:16.392,2998.61,2998.21,1.189,12,1.4259,SUCCESS,0.0133,NORMAL
FIL-002851,ORD-002851,2026-08-26 09:08:16.574,59994.75,59982.21,2.261,11,54.2479,SUCCESS,0.0209,NORMAL
FIL-002852,ORD-002852,2026-08-26 09:08:16.645,60085.46,60095.97,1.397,10,33.5816,SUCCESS,0.0175,NORMAL
FIL-002853,ORD-002853,2026-08-26 09:08:16.735,140.03,140.04,0.887,14,0.0497,SUCCESS,0.0054,NORMAL
FIL-002854,ORD-002854,2026-08-26 09:08:16.870,60002.99,60001.85,0.136,7,3.2641,SUCCESS,0.0019,NORMAL
FIL-002855,ORD-002855,2026-08-26 09:08:16.958,139.99,139.99,1.072,8,0.06,SUCCESS,0.0031,NORMAL
FIL-002856,ORD-002856,2026-08-26 09:08:17.154,140.01,140.1,0.518,8,0.029,SUCCESS,0.0642,NORMAL
FIL-002857,ORD-002857,2026-08-26 09:08:17.448,60025.19,60018.53,1.912,36,45.9022,SUCCESS,0.0111,NORMAL
FIL-002858,ORD-002858,2026-08-26 09:08:17.698,60101.93,60100.37,1.4,36,33.6562,SUCCESS,0.0026,NORMAL
FIL-002859,ORD-002859,2026-08-26 09:08:17.965,140.09,140.12,2.305,6,0.1292,SUCCESS,0.0228,NORMAL
FIL-002860,ORD-002860,2026-08-26 09:08:18.199,3005.95,3012.53,2.12,569,2.5546,SUCCESS,0.2189,WARNING
FIL-002861,ORD-002861,2026-08-26 09:08:18.437,140.09,139.83,2.218,1254,0.1241,SUCCESS,0.189,THROTTLE
FIL-002862,ORD-002862,2026-08-26 09:08:18.694,140.2,140.6,1.41,370,0.0793,SUCCESS,0.2856,EMERGENCY_PAUSE
FIL-002863,ORD-002863,2026-08-26 09:08:18.866,60042.6,59910.15,1.406,967,33.6935,SUCCESS,0.2206,EMERGENCY_PAUSE
FIL-002864,ORD-002864,2026-08-26 09:08:18.932,59962.51,60101.92,1.973,478,47.4324,SUCCESS,0.2325,EMERGENCY_PAUSE
FIL-002865,ORD-002865,2026-08-26 09:08:19.216,139.86,139.49,0.46,293,0.0257,SUCCESS,0.2653,EMERGENCY_PAUSE
FIL-002866,ORD-002866,2026-08-26 09:08:19.392,3006.65,2994.62,0.868,288,1.0397,SUCCESS,0.4002,EMERGENCY_PAUSE
FIL-002867,ORD-002867,2026-08-26 09:08:19.616,140.19,140.69,0.102,463,0.0057,SUCCESS,0.3545,EMERGENCY_PAUSE
FIL-002868,ORD-002868,2026-08-26 09:08:19.859,140.11,140.69,1.693,235,0.0953,SUCCESS,0.4149,EMERGENCY_PAUSE
FIL-002869,ORD-002869,2026-08-26 09:08:19.951,3004.1,2995.48,0.192,341,0.2301,SUCCESS,0.287,EMERGENCY_PAUSE
FIL-002870,ORD-002870,2026-08-26 09:08:20.101,3000.21,3008.08,0.703,372,0.8459,SUCCESS,0.2624,EMERGENCY_PAUSE
FIL-002871,ORD-002871,2026-08-26 09:08:20.226,3001.78,3000.78,2.057,11,2.469,SUCCESS,0.0333,EMERGENCY_PAUSE
FIL-002872,ORD-002872,2026-08-26 09:08:20.423,60055.26,60060.18,1.378,24,33.1052,SUCCESS,0.0082,EMERGENCY_PAUSE
FIL-002873,ORD-002873,2026-08-26 09:08:20.612,3002.82,3002.51,2.357,6,2.8308,SUCCESS,0.0104,EMERGENCY_PAUSE
FIL-002874,ORD-002874,2026-08-26 09:08:20.836,140.16,140.17,0.291,10,0.0163,SUCCESS,0.0041,EMERGENCY_PAUSE
FIL-002875,ORD-002875,2026-08-26 09:08:21.009,3000.62,3002.48,2.475,17,2.9725,SUCCESS,0.0621,EMERGENCY_PAUSE
FIL-002876,ORD-002876,2026-08-26 09:08:21.301,60058.37,60049.72,0.512,12,12.2982,SUCCESS,0.0144,EMERGENCY_PAUSE
FIL-002877,ORD-002877,2026-08-26 09:08:21.551,140.03,140.04,1.371,9,0.0768,SUCCESS,0.0059,EMERGENCY_PAUSE
FIL-002878,ORD-002878,2026-08-26 09:08:21.628,140.02,140.01,2.355,13,0.1319,SUCCESS,0.0062,EMERGENCY_PAUSE
FIL-002879,ORD-002879,2026-08-26 09:08:21.810,139.8,139.79,1.65,34,0.0923,SUCCESS,0.0036,THROTTLE
FIL-002880,ORD-002880,2026-08-26 09:08:21.942,2998.05,2997.85,0.138,13,0.1655,SUCCESS,0.0067,WARNING
FIL-002881,ORD-002881,2026-08-26 09:08:22.152,2997.2,2997.09,0.566,15,0.6785,SUCCESS,0.0036,NORMAL
FIL-002882,ORD-002882,2026-08-26 09:08:22.221,140.21,140.22,2.078,14,0.1166,SUCCESS,0.0064,NORMAL
FIL-002883,ORD-002883,2026-08-26 09:08:22.484,60092.35,60075.22,0.578,10,13.8894,SUCCESS,0.0285,NORMAL
FIL-002884,ORD-002884,2026-08-26 09:08:22.748,140.09,140.07,0.19,24,0.0106,SUCCESS,0.0164,NORMAL
FIL-002885,ORD-002885,2026-08-26 09:08:22.825,2998.56,2998.8,0.805,20,0.9656,SUCCESS,0.0079,NORMAL
FIL-002886,ORD-002886,2026-08-26 09:08:23.033,3002.63,3001.77,0.516,6,0.6196,SUCCESS,0.0286,NORMAL
FIL-002887,ORD-002887,2026-08-26 09:08:23.143,60051.74,60031.74,1.359,26,32.6333,SUCCESS,0.0333,NORMAL
FIL-002888,ORD-002888,2026-08-26 09:08:23.261,2996.65,2996.57,2.404,14,2.8815,SUCCESS,0.0027,NORMAL
FIL-002889,ORD-002889,2026-08-26 09:08:23.509,59994.38,60009.32,0.309,27,7.4172,SUCCESS,0.0249,NORMAL
FIL-002890,ORD-002890,2026-08-26 09:08:23.590,2997.3,2998.92,2.375,38,2.849,SUCCESS,0.0539,NORMAL
FIL-002891,ORD-002891,2026-08-26 09:08:23.833,139.95,139.95,2.104,5,0.1178,SUCCESS,0.0028,NORMAL
FIL-002892,ORD-002892,2026-08-26 09:08:24.017,2995.26,2995.26,2.127,29,2.5484,SUCCESS,0.0,NORMAL
FIL-002893,ORD-002893,2026-08-26 09:08:24.209,140.21,140.15,2.344,14,0.1314,SUCCESS,0.0393,NORMAL
FIL-002894,ORD-002894,2026-08-26 09:08:24.388,2999.35,2999.13,1.955,96,2.3453,SUCCESS,0.0075,NORMAL
FIL-002895,ORD-002895,2026-08-26 09:08:24.473,2997.75,2997.65,2.17,12,2.602,SUCCESS,0.0035,NORMAL
FIL-002896,ORD-002896,2026-08-26 09:08:24.594,3002.05,3001.53,2.244,21,2.6942,SUCCESS,0.0174,NORMAL
FIL-002897,ORD-002897,2026-08-26 09:08:24.865,139.85,139.84,0.973,9,0.0544,SUCCESS,0.0071,NORMAL
FIL-002898,ORD-002898,2026-08-26 09:08:25.148,2999.96,2999.2,2.399,11,2.878,SUCCESS,0.0252,NORMAL
FIL-002899,ORD-002899,2026-08-26 09:08:25.232,60129.26,60137.08,0.898,10,21.6012,SUCCESS,0.013,NORMAL
FIL-002900,ORD-002900,2026-08-26 09:08:25.340,59964.8,59964.92,0.994,10,23.8421,SUCCESS,0.0002,NORMAL
FIL-002901,ORD-002901,2026-08-26 09:08:25.601,140.13,140.17,1.642,18,0.0921,SUCCESS,0.0262,NORMAL
FIL-002902,ORD-002902,2026-08-26 09:08:25.738,60022.71,60011.37,0.113,15,2.7125,SUCCESS,0.0189,NORMAL
FIL-002903,ORD-002903,2026-08-26 09:08:25.976,3008.9,3009.14,1.122,13,1.3505,SUCCESS,0.008,NORMAL
FIL-002904,ORD-002904,2026-08-26 09:08:26.183,60108.55,60120.81,1.348,6,32.4171,SUCCESS,0.0204,NORMAL
FIL-002905,ORD-002905,2026-08-26 09:08:26.360,2997.95,2997.41,1.278,5,1.5323,SUCCESS,0.018,NORMAL
FIL-002906,ORD-002906,2026-08-26 09:08:26.594,140.0,140.01,1.993,7,0.1116,SUCCESS,0.0038,NORMAL
FIL-002907,ORD-002907,2026-08-26 09:08:26.775,3003.56,3003.29,0.979,41,1.1761,SUCCESS,0.0089,NORMAL
FIL-002908,ORD-002908,2026-08-26 09:08:26.842,139.81,139.86,2.379,16,0.1331,SUCCESS,0.036,NORMAL
FIL-002909,ORD-002909,2026-08-26 09:08:27.100,140.09,140.1,1.404,29,0.0787,SUCCESS,0.0046,NORMAL
FIL-002910,ORD-002910,2026-08-26 09:08:27.186,59892.33,59905.87,0.58,9,13.8982,SUCCESS,0.0226,NORMAL
FIL-002911,ORD-002911,2026-08-26 09:08:27.425,139.74,139.74,0.242,12,0.0135,SUCCESS,0.001,NORMAL
FIL-002912,ORD-002912,2026-08-26 09:08:27.527,59994.72,60002.64,1.275,28,30.6013,SUCCESS,0.0132,NORMAL
FIL-002913,ORD-002913,2026-08-26 09:08:27.680,139.8,139.8,1.941,10,0.1085,SUCCESS,0.0003,NORMAL
FIL-002914,ORD-002914,2026-08-26 09:08:27.819,139.87,139.87,0.534,16,0.0299,SUCCESS,0.0003,NORMAL
FIL-002915,ORD-002915,2026-08-26 09:08:28.029,3003.04,3002.78,0.972,5,1.1675,SUCCESS,0.0086,NORMAL
FIL-002916,ORD-002916,2026-08-26 09:08:28.087,3003.47,3002.76,1.471,22,1.7668,SUCCESS,0.0237,NORMAL
FIL-002917,ORD-002917,2026-08-26 09:08:28.308,3001.31,3001.95,1.961,36,2.3547,SUCCESS,0.0213,NORMAL
FIL-002918,ORD-002918,2026-08-26 09:08:28.384,140.0,139.96,0.679,5,0.038,SUCCESS,0.0318,NORMAL
FIL-002919,ORD-002919,2026-08-26 09:08:28.464,2999.48,2999.51,1.155,7,1.3858,SUCCESS,0.0009,NORMAL
FIL-002920,ORD-002920,2026-08-26 09:08:28.627,140.03,139.99,0.616,18,0.0345,SUCCESS,0.0254,NORMAL
FIL-002921,ORD-002921,2026-08-26 09:08:28.921,139.83,139.88,2.42,31,0.1354,SUCCESS,0.0358,NORMAL
FIL-002922,ORD-002922,2026-08-26 09:08:29.203,60025.52,60010.57,2.392,6,57.4181,SUCCESS,0.0249,NORMAL
FIL-002923,ORD-002923,2026-08-26 09:08:29.440,140.05,140.08,2.393,22,0.1341,SUCCESS,0.0197,NORMAL
FIL-002924,ORD-002924,2026-08-26 09:08:29.550,2995.7,2995.04,1.637,5,1.9612,SUCCESS,0.0219,NORMAL
FIL-002925,ORD-002925,2026-08-26 09:08:29.779,139.99,140.04,1.668,33,0.0934,SUCCESS,0.0372,NORMAL
FIL-002926,ORD-002926,2026-08-26 09:08:29.860,60047.42,60071.38,0.74,12,17.7811,SUCCESS,0.0399,NORMAL
FIL-002927,ORD-002927,2026-08-26 09:08:30.116,3004.19,3004.06,0.625,13,0.751,SUCCESS,0.0043,NORMAL
FIL-002928,ORD-002928,2026-08-26 09:08:30.387,2996.32,2996.11,0.898,5,1.0762,SUCCESS,0.0071,NORMAL
FIL-002929,ORD-002929,2026-08-26 09:08:30.551,2995.37,2994.8,0.533,6,0.6385,SUCCESS,0.0189,NORMAL
FIL-002930,ORD-002930,2026-08-26 09:08:30.642,140.17,140.12,1.156,21,0.0648,SUCCESS,0.0323,NORMAL
FIL-002931,ORD-002931,2026-08-26 09:08:30.826,60052.54,60046.41,1.224,38,29.3987,SUCCESS,0.0102,NORMAL
FIL-002932,ORD-002932,2026-08-26 09:08:30.911,3001.83,3002.82,2.062,9,2.4767,SUCCESS,0.0331,NORMAL
FIL-002933,ORD-002933,2026-08-26 09:08:31.209,139.97,139.99,1.721,5,0.0964,SUCCESS,0.0178,NORMAL
FIL-002934,ORD-002934,2026-08-26 09:08:31.479,60009.59,60019.49,1.997,14,47.9436,SUCCESS,0.0165,NORMAL
FIL-002935,ORD-002935,2026-08-26 09:08:31.670,60003.53,60035.45,0.737,5,17.6985,SUCCESS,0.0532,NORMAL
FIL-002936,ORD-002936,2026-08-26 09:08:31.809,3004.21,3003.44,1.465,11,1.76,SUCCESS,0.0256,NORMAL
FIL-002937,ORD-002937,2026-08-26 09:08:32.029,139.9,139.93,2.208,8,0.1236,SUCCESS,0.0247,NORMAL
FIL-002938,ORD-002938,2026-08-26 09:08:32.094,139.93,139.91,1.046,27,0.0585,SUCCESS,0.0113,NORMAL
FIL-002939,ORD-002939,2026-08-26 09:08:32.243,59981.71,60001.32,0.667,15,16.0084,SUCCESS,0.0327,NORMAL
FIL-002940,ORD-002940,2026-08-26 09:08:32.321,139.88,139.92,1.477,7,0.0827,SUCCESS,0.0261,NORMAL
FIL-002941,ORD-002941,2026-08-26 09:08:32.594,3000.54,3001.03,2.39,52,2.869,SUCCESS,0.0164,NORMAL
FIL-002942,ORD-002942,2026-08-26 09:08:32.843,140.19,140.2,1.485,8,0.0833,SUCCESS,0.0102,NORMAL
FIL-002943,ORD-002943,2026-08-26 09:08:32.963,140.0,139.97,0.577,9,0.0323,SUCCESS,0.0243,NORMAL
FIL-002944,ORD-002944,2026-08-26 09:08:33.160,139.94,139.95,2.288,5,0.1281,SUCCESS,0.0047,NORMAL
FIL-002945,ORD-002945,2026-08-26 09:08:33.365,2999.48,2998.05,1.3,6,1.559,SUCCESS,0.0478,NORMAL
FIL-002946,ORD-002946,2026-08-26 09:08:33.444,59958.09,59966.72,1.856,21,44.5193,SUCCESS,0.0144,NORMAL
FIL-002947,ORD-002947,2026-08-26 09:08:33.611,60025.49,60038.46,1.781,5,42.7714,SUCCESS,0.0216,NORMAL
FIL-002948,ORD-002948,2026-08-26 09:08:33.858,2999.61,2998.51,0.376,27,0.451,SUCCESS,0.0366,NORMAL
FIL-002949,ORD-002949,2026-08-26 09:08:34.141,140.24,140.28,0.351,65,0.0197,SUCCESS,0.0282,NORMAL
FIL-002950,ORD-002950,2026-08-26 09:08:34.376,60042.63,60052.48,1.172,12,28.1526,SUCCESS,0.0164,NORMAL
FIL-002951,ORD-002951,2026-08-26 09:08:34.612,3000.68,3000.48,1.595,15,1.9143,SUCCESS,0.0067,NORMAL
FIL-002952,ORD-002952,2026-08-26 09:08:34.715,59976.95,59983.61,1.013,12,24.3054,SUCCESS,0.0111,NORMAL
FIL-002953,ORD-002953,2026-08-26 09:08:34.972,139.99,140.02,2.204,16,0.1234,SUCCESS,0.0243,NORMAL
FIL-002954,ORD-002954,2026-08-26 09:08:35.045,3002.33,3003.03,0.523,13,0.6282,SUCCESS,0.0234,NORMAL
FIL-002955,ORD-002955,2026-08-26 09:08:35.130,2999.36,3000.28,1.601,31,1.9214,SUCCESS,0.0306,NORMAL
FIL-002956,ORD-002956,2026-08-26 09:08:35.332,2997.9,2998.17,0.423,5,0.5073,SUCCESS,0.0089,NORMAL
FIL-002957,ORD-002957,2026-08-26 09:08:35.561,2998.57,2997.46,1.519,8,1.8213,SUCCESS,0.0369,NORMAL
FIL-002958,ORD-002958,2026-08-26 09:08:35.800,3000.63,3000.46,0.258,26,0.3096,SUCCESS,0.0058,NORMAL
FIL-002959,ORD-002959,2026-08-26 09:08:36.002,140.31,140.35,1.701,12,0.0955,SUCCESS,0.0296,NORMAL
FIL-002960,ORD-002960,2026-08-26 09:08:36.250,3002.57,3002.75,2.076,6,2.4935,SUCCESS,0.0061,NORMAL
FIL-002961,ORD-002961,2026-08-26 09:08:36.408,59897.27,59902.66,0.761,13,18.2344,SUCCESS,0.009,NORMAL
FIL-002962,ORD-002962,2026-08-26 09:08:36.491,3003.47,3002.08,1.93,6,2.3176,SUCCESS,0.0463,NORMAL
FIL-002963,ORD-002963,2026-08-26 09:08:36.580,59908.48,59915.49,1.882,7,45.1044,SUCCESS,0.0117,NORMAL
FIL-002964,ORD-002964,2026-08-26 09:08:36.722,60121.55,60128.82,1.114,20,26.7934,SUCCESS,0.0121,NORMAL
FIL-002965,ORD-002965,2026-08-26 09:08:36.814,139.96,140.03,0.767,10,0.043,SUCCESS,0.0497,NORMAL
FIL-002966,ORD-002966,2026-08-26 09:08:36.973,140.22,140.24,0.305,13,0.0171,SUCCESS,0.0163,NORMAL
FIL-002967,ORD-002967,2026-08-26 09:08:37.158,139.98,139.99,2.164,16,0.1212,SUCCESS,0.0063,NORMAL
FIL-002968,ORD-002968,2026-08-26 09:08:37.419,139.97,139.99,2.174,36,0.1217,SUCCESS,0.0174,NORMAL
FIL-002969,ORD-002969,2026-08-26 09:08:37.532,140.14,140.18,0.785,7,0.044,SUCCESS,0.0258,NORMAL
FIL-002970,ORD-002970,2026-08-26 09:08:37.826,60013.59,60026.55,2.272,7,54.5521,SUCCESS,0.0216,NORMAL
FIL-002971,ORD-002971,2026-08-26 09:08:37.892,2996.46,2996.06,0.84,7,1.0067,SUCCESS,0.0135,NORMAL
FIL-002972,ORD-002972,2026-08-26 09:08:38.014,3001.54,3001.46,0.935,7,1.1225,SUCCESS,0.0025,NORMAL
FIL-002973,ORD-002973,2026-08-26 09:08:38.099,3000.54,3000.67,2.12,49,2.5446,SUCCESS,0.0042,NORMAL
FIL-002974,ORD-002974,2026-08-26 09:08:38.345,2997.36,2997.27,1.432,15,1.7168,SUCCESS,0.0031,NORMAL
FIL-002975,ORD-002975,2026-08-26 09:08:38.597,60012.32,60020.12,2.288,16,54.9304,SUCCESS,0.013,NORMAL
FIL-002976,ORD-002976,2026-08-26 09:08:38.670,3001.6,3002.45,1.932,6,2.3203,SUCCESS,0.0284,NORMAL
FIL-002977,ORD-002977,2026-08-26 09:08:38.744,3003.79,3004.65,0.132,45,0.1586,SUCCESS,0.0285,NORMAL
FIL-002978,ORD-002978,2026-08-26 09:08:38.978,140.24,140.21,0.173,23,0.0097,SUCCESS,0.018,NORMAL
FIL-002979,ORD-002979,2026-08-26 09:08:39.038,59956.9,59953.36,0.569,13,13.6454,SUCCESS,0.0059,NORMAL
FIL-002980,ORD-002980,2026-08-26 09:08:39.296,3002.29,2991.37,0.897,340,1.0733,SUCCESS,0.3638,WARNING
FIL-002981,ORD-002981,2026-08-26 09:08:39.375,2998.48,2989.56,0.579,581,0.6924,SUCCESS,0.2976,THROTTLE
FIL-002982,ORD-002982,2026-08-26 09:08:39.515,140.21,140.5,1.376,281,0.0773,SUCCESS,0.2045,EMERGENCY_PAUSE
FIL-002983,ORD-002983,2026-08-26 09:08:39.650,3000.97,2992.0,0.591,625,0.7073,SUCCESS,0.2989,EMERGENCY_PAUSE
FIL-002984,ORD-002984,2026-08-26 09:08:39.914,60027.18,60263.09,2.353,240,56.7196,SUCCESS,0.393,EMERGENCY_PAUSE
FIL-002987,ORD-002987,2026-08-26 09:08:40.377,2997.63,3002.58,1.512,223,1.816,SUCCESS,0.1652,EMERGENCY_PAUSE
FIL-002988,ORD-002988,2026-08-26 09:08:40.444,3002.28,3012.06,1.405,182,1.6928,SUCCESS,0.3257,EMERGENCY_PAUSE
FIL-002989,ORD-002989,2026-08-26 09:08:40.538,139.97,139.48,1.799,401,0.1004,SUCCESS,0.3503,EMERGENCY_PAUSE
FIL-002990,ORD-002990,2026-08-26 09:08:40.798,60058.83,59823.22,0.814,201,19.4784,SUCCESS,0.3923,EMERGENCY_PAUSE
FIL-002991,ORD-002991,2026-08-26 09:08:40.905,2999.71,2998.72,1.283,18,1.5389,SUCCESS,0.033,EMERGENCY_PAUSE
FIL-002992,ORD-002992,2026-08-26 09:08:41.163,140.18,140.23,1.744,39,0.0978,SUCCESS,0.0379,EMERGENCY_PAUSE
FIL-002993,ORD-002993,2026-08-26 09:08:41.445,2997.66,2996.66,0.345,9,0.4135,SUCCESS,0.0333,EMERGENCY_PAUSE
FIL-002994,ORD-002994,2026-08-26 09:08:41.619,2997.57,2997.85,2.386,11,2.8611,SUCCESS,0.0092,EMERGENCY_PAUSE
FIL-002995,ORD-002995,2026-08-26 09:08:41.780,3002.16,3002.13,1.929,16,2.3164,SUCCESS,0.001,EMERGENCY_PAUSE
FIL-002996,ORD-002996,2026-08-26 09:08:41.982,60069.78,60084.86,1.707,11,41.0259,SUCCESS,0.0251,EMERGENCY_PAUSE
FIL-002997,ORD-002997,2026-08-26 09:08:42.214,2996.49,2996.69,0.135,36,0.1618,SUCCESS,0.0066,EMERGENCY_PAUSE
FIL-002998,ORD-002998,2026-08-26 09:08:42.299,2997.49,2997.8,2.394,6,2.8707,SUCCESS,0.0103,EMERGENCY_PAUSE
FIL-002999,ORD-002999,2026-08-26 09:08:42.487,60026.34,60030.18,2.068,13,49.657,SUCCESS,0.0064,THROTTLE
FIL-003000,ORD-003000,2026-08-26 09:08:42.707,60127.5,60129.48,0.48,50,11.5449,SUCCESS,0.0033,WARNING
FIL-003001,ORD-003001,2026-08-26 09:08:42.974,140.13,140.14,0.723,5,0.0405,SUCCESS,0.0059,NORMAL
FIL-003002,ORD-003002,2026-08-26 09:08:43.170,140.03,140.07,1.902,79,0.1066,SUCCESS,0.0276,NORMAL
FIL-003003,ORD-003003,2026-08-26 09:08:43.333,139.86,139.84,0.3,33,0.0168,SUCCESS,0.0156,NORMAL
FIL-003004,ORD-003004,2026-08-26 09:08:43.600,59983.15,59973.79,2.057,9,49.3464,SUCCESS,0.0156,NORMAL
FIL-003005,ORD-003005,2026-08-26 09:08:43.844,60103.94,60089.15,0.432,12,10.3834,SUCCESS,0.0246,NORMAL
FIL-003006,ORD-003006,2026-08-26 09:08:44.082,59935.25,59921.88,1.353,7,32.4297,SUCCESS,0.0223,NORMAL
FIL-003007,ORD-003007,2026-08-26 09:08:44.270,60014.78,60014.72,2.338,42,56.1258,SUCCESS,0.0001,NORMAL
FIL-003008,ORD-003008,2026-08-26 09:08:44.441,59917.07,59936.06,0.212,8,5.0826,SUCCESS,0.0317,NORMAL
FIL-003009,ORD-003009,2026-08-26 09:08:44.539,2999.62,2999.43,0.532,19,0.6383,SUCCESS,0.0065,NORMAL
FIL-003010,ORD-003010,2026-08-26 09:08:44.760,3000.78,3001.36,1.935,19,2.3231,SUCCESS,0.0193,NORMAL
FIL-003011,ORD-003011,2026-08-26 09:08:44.879,59973.34,59989.05,2.061,8,49.455,SUCCESS,0.0262,NORMAL
FIL-003012,ORD-003012,2026-08-26 09:08:45.121,59933.71,59925.56,1.212,28,29.0519,SUCCESS,0.0136,NORMAL
FIL-003013,ORD-003013,2026-08-26 09:08:45.261,2996.59,2995.96,0.204,6,0.2445,SUCCESS,0.0211,NORMAL
FIL-003014,ORD-003014,2026-08-26 09:08:45.419,60022.84,60038.33,1.996,11,47.9346,SUCCESS,0.0258,NORMAL
FIL-003015,ORD-003015,2026-08-26 09:08:45.532,59992.68,59954.52,1.424,13,34.1501,SUCCESS,0.0636,NORMAL
FIL-003016,ORD-003016,2026-08-26 09:08:45.724,59968.54,59965.48,1.758,19,42.1677,SUCCESS,0.0051,NORMAL
FIL-003017,ORD-003017,2026-08-26 09:08:45.891,59987.18,59983.46,1.97,23,47.267,SUCCESS,0.0062,NORMAL
FIL-003018,ORD-003018,2026-08-26 09:08:46.178,139.96,139.96,2.223,17,0.1245,SUCCESS,0.0006,NORMAL
FIL-003019,ORD-003019,2026-08-26 09:08:46.412,3003.06,3002.38,1.412,16,1.6957,SUCCESS,0.0225,NORMAL
FIL-003020,ORD-003020,2026-08-26 09:08:46.478,3003.54,3001.89,0.85,33,1.0206,SUCCESS,0.0548,NORMAL
FIL-003021,ORD-003021,2026-08-26 09:08:46.568,3001.19,3001.69,1.026,76,1.2319,SUCCESS,0.0166,NORMAL
FIL-003022,ORD-003022,2026-08-26 09:08:46.650,3000.22,3000.85,1.402,13,1.6829,SUCCESS,0.0211,NORMAL
FIL-003023,ORD-003023,2026-08-26 09:08:46.758,60043.93,60050.11,1.772,23,42.5635,SUCCESS,0.0103,NORMAL
FIL-003024,ORD-003024,2026-08-26 09:08:46.930,140.13,140.14,0.72,28,0.0404,SUCCESS,0.0086,NORMAL
FIL-003025,ORD-003025,2026-08-26 09:08:47.193,59999.47,59968.27,0.153,6,3.6701,SUCCESS,0.052,NORMAL
FIL-003026,ORD-003026,2026-08-26 09:08:47.393,60041.84,60074.32,2.091,14,50.2462,SUCCESS,0.0541,NORMAL
FIL-003027,ORD-003027,2026-08-26 09:08:47.651,140.02,140.04,1.539,13,0.0862,SUCCESS,0.0159,NORMAL
FIL-003028,ORD-003028,2026-08-26 09:08:47.885,60004.06,60005.26,0.612,8,14.6893,SUCCESS,0.002,NORMAL
FIL-003029,ORD-003029,2026-08-26 09:08:48.000,2998.96,2998.97,0.205,48,0.2459,SUCCESS,0.0005,NORMAL
FIL-003030,ORD-003030,2026-08-26 09:08:48.282,2998.17,2998.52,1.781,15,2.1361,SUCCESS,0.0116,NORMAL
FIL-003031,ORD-003031,2026-08-26 09:08:48.369,60014.59,60012.37,0.825,23,19.8041,SUCCESS,0.0037,NORMAL
FIL-003032,ORD-003032,2026-08-26 09:08:48.642,3002.53,3002.53,1.661,9,1.9949,SUCCESS,0.0001,NORMAL
FIL-003033,ORD-003033,2026-08-26 09:08:48.908,60008.39,59998.55,1.099,11,26.3754,SUCCESS,0.0164,NORMAL
FIL-003034,ORD-003034,2026-08-26 09:08:49.149,60009.04,59995.24,2.288,12,54.9076,SUCCESS,0.023,NORMAL
FIL-003035,ORD-003035,2026-08-26 09:08:49.338,60064.03,60064.33,1.476,23,35.462,SUCCESS,0.0005,NORMAL
FIL-003036,ORD-003036,2026-08-26 09:08:49.609,140.14,140.14,1.851,26,0.1038,SUCCESS,0.0013,NORMAL
FIL-003037,ORD-003037,2026-08-26 09:08:49.772,3006.26,3005.72,0.752,33,0.9041,SUCCESS,0.0178,NORMAL
FIL-003038,ORD-003038,2026-08-26 09:08:50.036,2997.02,2996.09,1.989,13,2.3837,SUCCESS,0.0309,NORMAL
FIL-003039,ORD-003039,2026-08-26 09:08:50.225,2998.56,2999.21,2.373,19,2.8469,SUCCESS,0.0217,NORMAL
FIL-003040,ORD-003040,2026-08-26 09:08:50.415,3001.59,3002.44,1.772,48,2.1281,SUCCESS,0.0283,NORMAL
FIL-003041,ORD-003041,2026-08-26 09:08:50.693,2996.74,2996.61,0.85,11,1.0188,SUCCESS,0.0045,NORMAL
FIL-003042,ORD-003042,2026-08-26 09:08:50.911,60114.61,60110.7,0.853,65,20.5098,SUCCESS,0.0065,NORMAL
FIL-003043,ORD-003043,2026-08-26 09:08:51.007,60086.33,60090.54,1.538,8,36.9677,SUCCESS,0.007,NORMAL
FIL-003044,ORD-003044,2026-08-26 09:08:51.284,59991.56,59945.07,2.329,13,55.8448,SUCCESS,0.0775,NORMAL
FIL-003045,ORD-003045,2026-08-26 09:08:51.508,140.1,140.12,0.289,48,0.0162,SUCCESS,0.0119,NORMAL
FIL-003046,ORD-003046,2026-08-26 09:08:51.700,139.75,139.77,1.906,10,0.1066,SUCCESS,0.0123,NORMAL
FIL-003047,ORD-003047,2026-08-26 09:08:51.915,3004.58,3005.08,2.442,15,2.9354,SUCCESS,0.0168,NORMAL
FIL-003048,ORD-003048,2026-08-26 09:08:51.979,60029.65,60029.89,0.994,6,23.8679,SUCCESS,0.0004,NORMAL
FIL-003049,ORD-003049,2026-08-26 09:08:52.175,3004.86,3004.57,1.675,9,2.0131,SUCCESS,0.0096,NORMAL
FIL-003050,ORD-003050,2026-08-26 09:08:52.237,2998.36,2999.16,0.701,10,0.841,SUCCESS,0.0267,NORMAL
FIL-003051,ORD-003051,2026-08-26 09:08:52.518,2996.5,2996.1,0.758,22,0.9084,SUCCESS,0.0134,NORMAL
FIL-003052,ORD-003052,2026-08-26 09:08:52.679,140.07,140.07,0.884,9,0.0495,SUCCESS,0.0006,NORMAL
FIL-003053,ORD-003053,2026-08-26 09:08:52.837,2999.13,2999.5,0.846,16,1.015,SUCCESS,0.0122,NORMAL
FIL-003054,ORD-003054,2026-08-26 09:08:53.033,2995.91,2995.69,2.242,15,2.6865,SUCCESS,0.0073,NORMAL
FIL-003055,ORD-003055,2026-08-26 09:08:53.212,3003.11,3002.5,0.561,24,0.6738,SUCCESS,0.0204,NORMAL
FIL-003056,ORD-003056,2026-08-26 09:08:53.328,139.7,139.71,1.977,13,0.1105,SUCCESS,0.0101,NORMAL
FIL-003057,ORD-003057,2026-08-26 09:08:53.485,3002.53,3001.68,0.542,6,0.6508,SUCCESS,0.0283,NORMAL
FIL-003058,ORD-003058,2026-08-26 09:08:53.690,3001.56,3001.31,0.902,12,1.0829,SUCCESS,0.0082,NORMAL
FIL-003059,ORD-003059,2026-08-26 09:08:53.848,3006.93,3008.23,2.337,16,2.8121,SUCCESS,0.0433,NORMAL
FIL-003060,ORD-003060,2026-08-26 09:08:54.093,60024.43,60054.14,0.535,19,12.8516,SUCCESS,0.0495,NORMAL
FIL-003061,ORD-003061,2026-08-26 09:08:54.222,3000.83,2999.97,1.676,29,2.0112,SUCCESS,0.0288,NORMAL
FIL-003062,ORD-003062,2026-08-26 09:08:54.298,2995.78,2995.91,1.036,22,1.2415,SUCCESS,0.0044,NORMAL
FIL-003063,ORD-003063,2026-08-26 09:08:54.581,60014.33,60021.89,0.322,31,7.7308,SUCCESS,0.0126,NORMAL
FIL-003064,ORD-003064,2026-08-26 09:08:54.646,139.91,139.91,1.032,11,0.0578,SUCCESS,0.0028,NORMAL
FIL-003065,ORD-003065,2026-08-26 09:08:54.819,59990.1,59995.68,2.457,14,58.9638,SUCCESS,0.0093,NORMAL
FIL-003066,ORD-003066,2026-08-26 09:08:54.913,139.98,139.94,2.199,16,0.1231,SUCCESS,0.0273,NORMAL
FIL-003067,ORD-003067,2026-08-26 09:08:55.168,140.1,140.07,0.133,33,0.0075,SUCCESS,0.021,NORMAL
FIL-003068,ORD-003068,2026-08-26 09:08:55.436,2999.37,2999.18,2.002,29,2.4017,SUCCESS,0.0065,NORMAL
FIL-003069,ORD-003069,2026-08-26 09:08:55.499,59964.42,59941.09,2.307,11,55.3136,SUCCESS,0.0389,NORMAL
FIL-003070,ORD-003070,2026-08-26 09:08:55.607,59881.81,59875.04,1.249,15,29.9136,SUCCESS,0.0113,NORMAL
FIL-003071,ORD-003071,2026-08-26 09:08:55.793,3004.69,3004.65,2.179,6,2.6189,SUCCESS,0.0014,NORMAL
FIL-003072,ORD-003072,2026-08-26 09:08:55.937,60042.46,60038.38,1.625,47,39.0249,SUCCESS,0.0068,NORMAL
FIL-003073,ORD-003073,2026-08-26 09:08:56.179,2999.57,3000.34,1.438,5,1.7258,SUCCESS,0.0258,NORMAL
FIL-003074,ORD-003074,2026-08-26 09:08:56.472,60021.68,60013.88,1.906,11,45.7546,SUCCESS,0.013,NORMAL
FIL-003075,ORD-003075,2026-08-26 09:08:56.689,3002.44,3002.46,0.711,16,0.8539,SUCCESS,0.0005,NORMAL
FIL-003076,ORD-003076,2026-08-26 09:08:56.789,3002.13,3001.74,0.45,10,0.5403,SUCCESS,0.013,NORMAL
FIL-003077,ORD-003077,2026-08-26 09:08:56.953,59995.72,60001.54,2.343,11,56.2334,SUCCESS,0.0097,NORMAL
FIL-003078,ORD-003078,2026-08-26 09:08:57.024,3000.48,2999.59,2.057,14,2.4681,SUCCESS,0.0298,NORMAL
FIL-003079,ORD-003079,2026-08-26 09:08:57.244,3000.7,3000.35,0.595,5,0.7141,SUCCESS,0.0115,NORMAL
FIL-003080,ORD-003080,2026-08-26 09:08:57.436,3000.59,3001.24,2.182,6,2.6195,SUCCESS,0.0217,NORMAL
FIL-003081,ORD-003081,2026-08-26 09:08:57.576,140.17,140.14,2.255,11,0.1264,SUCCESS,0.0222,NORMAL
FIL-003082,ORD-003082,2026-08-26 09:08:57.781,139.95,140.03,2.132,19,0.1194,SUCCESS,0.0539,NORMAL
FIL-003083,ORD-003083,2026-08-26 09:08:57.880,3003.17,3003.7,1.815,6,2.1807,SUCCESS,0.0178,NORMAL
FIL-003084,ORD-003084,2026-08-26 09:08:58.114,59986.9,59973.04,0.651,7,15.617,SUCCESS,0.0231,NORMAL
FIL-003085,ORD-003085,2026-08-26 09:08:58.222,140.05,140.08,0.894,11,0.0501,SUCCESS,0.0218,NORMAL
FIL-003086,ORD-003086,2026-08-26 09:08:58.434,2996.83,2997.47,1.78,29,2.1342,SUCCESS,0.0214,NORMAL
FIL-003087,ORD-003087,2026-08-26 09:08:58.605,140.06,140.06,1.051,14,0.0589,SUCCESS,0.0018,NORMAL
FIL-003088,ORD-003088,2026-08-26 09:08:58.699,140.05,140.03,1.12,10,0.0627,SUCCESS,0.015,NORMAL
FIL-003089,ORD-003089,2026-08-26 09:08:58.816,2992.38,2992.36,0.963,36,1.1527,SUCCESS,0.0007,NORMAL
FIL-003090,ORD-003090,2026-08-26 09:08:58.958,2997.1,2997.89,1.384,9,1.6596,SUCCESS,0.0262,NORMAL
FIL-003091,ORD-003091,2026-08-26 09:08:59.208,140.04,140.08,1.181,44,0.0662,SUCCESS,0.0299,NORMAL
FIL-003092,ORD-003092,2026-08-26 09:08:59.462,140.07,140.09,1.914,13,0.1073,SUCCESS,0.0125,NORMAL
FIL-003093,ORD-003093,2026-08-26 09:08:59.628,139.79,139.78,0.453,14,0.0253,SUCCESS,0.0066,NORMAL
FIL-003094,ORD-003094,2026-08-26 09:08:59.823,140.09,140.06,2.029,10,0.1137,SUCCESS,0.0179,NORMAL
FIL-003095,ORD-003095,2026-08-26 09:09:00.099,139.97,139.93,1.963,12,0.1099,SUCCESS,0.0262,NORMAL
FIL-003096,ORD-003096,2026-08-26 09:09:00.328,140.13,140.17,1.255,8,0.0704,SUCCESS,0.0285,NORMAL
FIL-003097,ORD-003097,2026-08-26 09:09:00.442,60004.12,59992.78,1.734,12,41.611,SUCCESS,0.0189,NORMAL
FIL-003098,ORD-003098,2026-08-26 09:09:00.645,3000.85,3001.29,1.849,26,2.2198,SUCCESS,0.0147,NORMAL
FIL-003099,ORD-003099,2026-08-26 09:09:00.747,140.15,140.14,0.417,10,0.0234,SUCCESS,0.0078,NORMAL
FIL-003103,ORD-003103,2026-08-26 09:09:01.380,59997.21,60090.15,1.76,402,42.3035,SUCCESS,0.1549,EMERGENCY_PAUSE
FIL-003104,ORD-003104,2026-08-26 09:09:01.665,3003.32,3015.41,1.532,217,1.8478,SUCCESS,0.4024,EMERGENCY_PAUSE
FIL-003106,ORD-003106,2026-08-26 09:09:01.925,60011.71,59760.08,0.794,240,18.9798,SUCCESS,0.4193,EMERGENCY_PAUSE
FIL-003107,ORD-003107,2026-08-26 09:09:02.171,139.93,140.47,0.763,183,0.0429,SUCCESS,0.3859,EMERGENCY_PAUSE
FIL-003108,ORD-003108,2026-08-26 09:09:02.423,139.94,140.51,1.513,549,0.085,SUCCESS,0.4099,EMERGENCY_PAUSE
FIL-003109,ORD-003109,2026-08-26 09:09:02.707,60023.24,60292.38,1.197,232,28.868,SUCCESS,0.4484,EMERGENCY_PAUSE
FIL-003110,ORD-003110,2026-08-26 09:09:02.869,60062.63,60322.7,2.386,263,57.572,SUCCESS,0.433,EMERGENCY_PAUSE
FIL-003111,ORD-003111,2026-08-26 09:09:03.167,60030.81,60025.23,1.146,8,27.5156,SUCCESS,0.0093,EMERGENCY_PAUSE
FIL-003112,ORD-003112,2026-08-26 09:09:03.382,139.93,139.87,0.131,9,0.0073,SUCCESS,0.0432,EMERGENCY_PAUSE
FIL-003113,ORD-003113,2026-08-26 09:09:03.647,2997.4,2997.15,0.317,24,0.38,SUCCESS,0.0084,EMERGENCY_PAUSE
FIL-003114,ORD-003114,2026-08-26 09:09:03.799,60042.87,60037.71,0.877,5,21.0612,SUCCESS,0.0086,EMERGENCY_PAUSE
FIL-003115,ORD-003115,2026-08-26 09:09:03.852,140.01,139.99,1.355,46,0.0759,SUCCESS,0.0139,EMERGENCY_PAUSE
FIL-003116,ORD-003116,2026-08-26 09:09:03.938,3005.59,3005.79,0.806,10,0.9691,SUCCESS,0.0066,EMERGENCY_PAUSE
FIL-003117,ORD-003117,2026-08-26 09:09:04.123,2998.99,2998.5,1.984,7,2.3796,SUCCESS,0.0162,EMERGENCY_PAUSE
FIL-003118,ORD-003118,2026-08-26 09:09:04.203,60100.18,60079.14,1.625,14,39.0514,SUCCESS,0.035,EMERGENCY_PAUSE
FIL-003119,ORD-003119,2026-08-26 09:09:04.458,2997.34,2996.84,0.174,14,0.2086,SUCCESS,0.0166,THROTTLE
FIL-003120,ORD-003120,2026-08-26 09:09:04.624,140.03,140.02,0.286,22,0.016,SUCCESS,0.0074,WARNING
FIL-003121,ORD-003121,2026-08-26 09:09:04.696,2997.64,2997.71,0.153,5,0.1835,SUCCESS,0.0025,NORMAL
FIL-003122,ORD-003122,2026-08-26 09:09:04.963,60040.72,60033.27,0.96,8,23.0528,SUCCESS,0.0124,NORMAL
FIL-003123,ORD-003123,2026-08-26 09:09:05.231,140.15,140.16,0.289,19,0.0162,SUCCESS,0.0105,NORMAL
FIL-003124,ORD-003124,2026-08-26 09:09:05.373,59896.72,59886.66,1.982,12,47.4781,SUCCESS,0.0168,NORMAL
FIL-003125,ORD-003125,2026-08-26 09:09:05.497,3001.08,3000.72,1.268,10,1.522,SUCCESS,0.0121,NORMAL
FIL-003126,ORD-003126,2026-08-26 09:09:05.701,140.07,140.1,0.812,16,0.0455,SUCCESS,0.022,NORMAL
FIL-003127,ORD-003127,2026-08-26 09:09:05.892,59933.46,59934.24,2.103,22,50.4167,SUCCESS,0.0013,NORMAL
FIL-003128,ORD-003128,2026-08-26 09:09:05.977,59901.5,59896.41,1.067,7,25.5638,SUCCESS,0.0085,NORMAL
FIL-003129,ORD-003129,2026-08-26 09:09:06.112,3001.13,3001.08,2.363,8,2.8366,SUCCESS,0.0015,NORMAL
FIL-003130,ORD-003130,2026-08-26 09:09:06.395,139.65,139.7,2.216,15,0.1238,SUCCESS,0.0386,NORMAL
FIL-003131,ORD-003131,2026-08-26 09:09:06.533,2998.73,2998.45,2.076,11,2.4899,SUCCESS,0.0094,NORMAL
FIL-003132,ORD-003132,2026-08-26 09:09:06.694,140.15,140.08,0.209,17,0.0117,SUCCESS,0.0519,NORMAL
FIL-003133,ORD-003133,2026-08-26 09:09:06.966,140.07,140.08,0.403,7,0.0226,SUCCESS,0.0097,NORMAL
FIL-003134,ORD-003134,2026-08-26 09:09:07.203,2997.37,2996.34,0.143,19,0.1714,SUCCESS,0.0342,NORMAL
FIL-003135,ORD-003135,2026-08-26 09:09:07.340,59999.21,59999.87,1.79,19,42.9599,SUCCESS,0.0011,NORMAL
FIL-003136,ORD-003136,2026-08-26 09:09:07.424,3001.75,3001.67,0.607,16,0.7288,SUCCESS,0.0027,NORMAL
FIL-003137,ORD-003137,2026-08-26 09:09:07.630,2994.36,2993.42,2.307,12,2.7623,SUCCESS,0.0313,NORMAL
FIL-003138,ORD-003138,2026-08-26 09:09:07.922,2997.64,2995.88,1.348,19,1.6154,SUCCESS,0.0587,NORMAL
FIL-003139,ORD-003139,2026-08-26 09:09:07.995,139.82,139.83,1.186,7,0.0663,SUCCESS,0.0039,NORMAL
FIL-003140,ORD-003140,2026-08-26 09:09:08.283,60040.75,60026.82,1.401,7,33.639,SUCCESS,0.0232,NORMAL
FIL-003141,ORD-003141,2026-08-26 09:09:08.476,3000.31,3000.96,0.943,34,1.132,SUCCESS,0.0217,NORMAL
FIL-003142,ORD-003142,2026-08-26 09:09:08.682,140.15,140.19,2.439,6,0.1368,SUCCESS,0.0292,NORMAL
FIL-003143,ORD-003143,2026-08-26 09:09:08.754,59938.37,59916.91,2.059,23,49.3476,SUCCESS,0.0358,NORMAL
FIL-003144,ORD-003144,2026-08-26 09:09:08.896,3003.4,3003.41,0.205,6,0.2463,SUCCESS,0.0004,NORMAL
FIL-003145,ORD-003145,2026-08-26 09:09:08.954,59964.3,59958.12,0.579,11,13.8863,SUCCESS,0.0103,NORMAL
FIL-003146,ORD-003146,2026-08-26 09:09:09.005,3003.97,3004.09,1.733,6,2.0824,SUCCESS,0.004,NORMAL
FIL-003147,ORD-003147,2026-08-26 09:09:09.279,3002.73,3002.7,1.669,5,2.0046,SUCCESS,0.0011,NORMAL
FIL-003148,ORD-003148,2026-08-26 09:09:09.536,139.95,139.95,0.803,10,0.045,SUCCESS,0.0001,NORMAL
FIL-003149,ORD-003149,2026-08-26 09:09:09.728,140.08,140.13,1.092,17,0.0612,SUCCESS,0.0377,NORMAL
FIL-003150,ORD-003150,2026-08-26 09:09:09.843,139.94,139.96,0.416,26,0.0233,SUCCESS,0.0164,NORMAL
FIL-003151,ORD-003151,2026-08-26 09:09:10.138,3001.62,3000.3,1.858,31,2.2298,SUCCESS,0.044,NORMAL
FIL-003152,ORD-003152,2026-08-26 09:09:10.325,139.88,139.91,0.846,11,0.0473,SUCCESS,0.0228,NORMAL
FIL-003153,ORD-003153,2026-08-26 09:09:10.441,59964.97,59970.85,0.27,42,6.4769,SUCCESS,0.0098,NORMAL
FIL-003154,ORD-003154,2026-08-26 09:09:10.594,3001.47,3001.61,1.694,13,2.0339,SUCCESS,0.0047,NORMAL
FIL-003155,ORD-003155,2026-08-26 09:09:10.869,60010.88,60031.04,0.612,8,14.6956,SUCCESS,0.0336,NORMAL
FIL-003156,ORD-003156,2026-08-26 09:09:10.980,139.95,139.94,2.215,8,0.124,SUCCESS,0.0075,NORMAL
FIL-003157,ORD-003157,2026-08-26 09:09:11.280,3001.88,3002.19,2.169,15,2.6047,SUCCESS,0.0102,NORMAL
FIL-003158,ORD-003158,2026-08-26 09:09:11.470,140.03,139.99,0.565,12,0.0316,SUCCESS,0.0258,NORMAL
FIL-003159,ORD-003159,2026-08-26 09:09:11.660,59988.37,59968.39,1.308,29,31.3755,SUCCESS,0.0333,NORMAL
FIL-003160,ORD-003160,2026-08-26 09:09:11.914,2998.2,2998.26,2.311,28,2.7716,SUCCESS,0.0021,NORMAL
FIL-003161,ORD-003161,2026-08-26 09:09:12.049,140.12,140.1,0.214,38,0.012,SUCCESS,0.0142,NORMAL
FIL-003162,ORD-003162,2026-08-26 09:09:12.199,59994.09,59991.99,1.791,10,42.9783,SUCCESS,0.0035,NORMAL
FIL-003163,ORD-003163,2026-08-26 09:09:12.350,3003.39,3002.77,0.974,8,1.1699,SUCCESS,0.0205,NORMAL
FIL-003164,ORD-003164,2026-08-26 09:09:12.408,60112.0,60123.78,0.123,6,2.9581,SUCCESS,0.0196,NORMAL
FIL-003165,ORD-003165,2026-08-26 09:09:12.619,140.05,140.0,0.202,40,0.0113,SUCCESS,0.0343,NORMAL
FIL-003166,ORD-003166,2026-08-26 09:09:12.896,139.88,139.87,1.54,13,0.0862,SUCCESS,0.0038,NORMAL
FIL-003167,ORD-003167,2026-08-26 09:09:13.075,59870.64,59881.78,1.21,5,28.9828,SUCCESS,0.0186,NORMAL
FIL-003168,ORD-003168,2026-08-26 09:09:13.331,3004.08,3005.46,0.442,8,0.5314,SUCCESS,0.0461,NORMAL
FIL-003169,ORD-003169,2026-08-26 09:09:13.424,2998.9,2998.27,1.786,12,2.142,SUCCESS,0.0211,NORMAL
FIL-003170,ORD-003170,2026-08-26 09:09:13.554,139.88,139.9,2.307,37,0.1291,SUCCESS,0.012,NORMAL
FIL-003171,ORD-003171,2026-08-26 09:09:13.774,2998.2,2998.37,2.243,10,2.6901,SUCCESS,0.0058,NORMAL
FIL-003172,ORD-003172,2026-08-26 09:09:13.968,60026.48,60062.56,2.005,19,48.1702,SUCCESS,0.0601,NORMAL
FIL-003173,ORD-003173,2026-08-26 09:09:14.197,3000.01,3000.19,1.923,25,2.3077,SUCCESS,0.006,NORMAL
FIL-003174,ORD-003174,2026-08-26 09:09:14.485,60082.38,60095.36,2.171,6,52.1868,SUCCESS,0.0216,NORMAL
FIL-003175,ORD-003175,2026-08-26 09:09:14.601,59970.95,59967.83,1.747,13,41.9055,SUCCESS,0.0052,NORMAL
FIL-003176,ORD-003176,2026-08-26 09:09:14.777,3003.76,3003.21,2.394,17,2.8759,SUCCESS,0.0183,NORMAL
FIL-003177,ORD-003177,2026-08-26 09:09:14.967,59908.73,59881.77,1.213,12,29.0546,SUCCESS,0.045,NORMAL
FIL-003178,ORD-003178,2026-08-26 09:09:15.024,60062.77,60060.19,0.979,8,23.5196,SUCCESS,0.0043,NORMAL
FIL-003179,ORD-003179,2026-08-26 09:09:15.247,60019.12,60023.14,0.791,28,18.9913,SUCCESS,0.0067,NORMAL
FIL-003180,ORD-003180,2026-08-26 09:09:15.473,140.35,140.36,0.129,8,0.0072,SUCCESS,0.0078,NORMAL
FIL-003181,ORD-003181,2026-08-26 09:09:15.747,140.11,140.17,2.35,9,0.1318,SUCCESS,0.0417,NORMAL
FIL-003182,ORD-003182,2026-08-26 09:09:15.869,60026.76,60026.34,2.434,11,58.4416,SUCCESS,0.0007,NORMAL
FIL-003183,ORD-003183,2026-08-26 09:09:16.163,60067.33,60075.86,2.284,28,54.8853,SUCCESS,0.0142,NORMAL
FIL-003184,ORD-003184,2026-08-26 09:09:16.352,59920.21,59919.67,0.518,22,12.4154,SUCCESS,0.0009,NORMAL
FIL-003185,ORD-003185,2026-08-26 09:09:16.547,2995.72,2995.59,0.997,33,1.1946,SUCCESS,0.0042,NORMAL
FIL-003186,ORD-003186,2026-08-26 09:09:16.701,3000.45,3000.63,0.18,18,0.216,SUCCESS,0.0061,NORMAL
FIL-003187,ORD-003187,2026-08-26 09:09:16.984,2996.96,2997.36,1.128,9,1.3524,SUCCESS,0.0134,NORMAL
FIL-003188,ORD-003188,2026-08-26 09:09:17.101,139.95,139.97,1.154,36,0.0646,SUCCESS,0.0133,NORMAL
FIL-003189,ORD-003189,2026-08-26 09:09:17.183,60036.56,60037.94,1.767,8,42.4348,SUCCESS,0.0023,NORMAL
FIL-003190,ORD-003190,2026-08-26 09:09:17.381,139.97,140.01,0.794,19,0.0445,SUCCESS,0.0311,NORMAL
FIL-003191,ORD-003191,2026-08-26 09:09:17.548,140.15,140.13,1.042,9,0.0584,SUCCESS,0.0137,NORMAL
FIL-003192,ORD-003192,2026-08-26 09:09:17.687,2994.94,2996.97,0.486,10,0.5826,SUCCESS,0.0678,NORMAL
FIL-003193,ORD-003193,2026-08-26 09:09:17.770,60020.81,60028.31,0.851,17,20.4336,SUCCESS,0.0125,NORMAL
FIL-003194,ORD-003194,2026-08-26 09:09:17.969,2998.97,2999.41,0.711,40,0.853,SUCCESS,0.0148,NORMAL
FIL-003195,ORD-003195,2026-08-26 09:09:18.075,60052.81,60060.92,1.97,21,47.328,SUCCESS,0.0135,NORMAL
FIL-003196,ORD-003196,2026-08-26 09:09:18.326,60036.38,60031.4,0.137,21,3.2897,SUCCESS,0.0083,NORMAL
FIL-003197,ORD-003197,2026-08-26 09:09:18.387,60144.37,60155.2,2.113,19,50.8432,SUCCESS,0.018,NORMAL
FIL-003198,ORD-003198,2026-08-26 09:09:18.670,3003.21,3003.65,1.398,10,1.6796,SUCCESS,0.0147,NORMAL
FIL-003199,ORD-003199,2026-08-26 09:09:18.742,2996.75,2996.64,2.267,5,2.7174,SUCCESS,0.0037,NORMAL
FIL-003200,ORD-003200,2026-08-26 09:09:18.793,3003.14,3002.07,1.579,16,1.8961,SUCCESS,0.0355,NORMAL
FIL-003201,ORD-003201,2026-08-26 09:09:19.036,2999.5,2998.48,1.196,29,1.4345,SUCCESS,0.0339,NORMAL
FIL-003202,ORD-003202,2026-08-26 09:09:19.129,140.08,140.07,0.547,19,0.0306,SUCCESS,0.0059,NORMAL
FIL-003203,ORD-003203,2026-08-26 09:09:19.394,140.05,140.02,0.654,14,0.0366,SUCCESS,0.0221,NORMAL
FIL-003204,ORD-003204,2026-08-26 09:09:19.670,60009.84,60003.24,2.014,9,48.3386,SUCCESS,0.011,NORMAL
FIL-003205,ORD-003205,2026-08-26 09:09:19.785,140.13,140.15,0.548,18,0.0307,SUCCESS,0.0165,NORMAL
FIL-003206,ORD-003206,2026-08-26 09:09:20.067,3000.29,2999.25,0.403,18,0.4835,SUCCESS,0.0345,NORMAL
FIL-003207,ORD-003207,2026-08-26 09:09:20.299,3001.83,3002.25,0.489,11,0.5872,SUCCESS,0.014,NORMAL
FIL-003208,ORD-003208,2026-08-26 09:09:20.374,140.02,140.04,2.398,5,0.1343,SUCCESS,0.0131,NORMAL
FIL-003209,ORD-003209,2026-08-26 09:09:20.455,140.01,140.05,1.359,12,0.0761,SUCCESS,0.0281,NORMAL
FIL-003210,ORD-003210,2026-08-26 09:09:20.616,139.83,139.81,1.457,12,0.0815,SUCCESS,0.0143,NORMAL
FIL-003211,ORD-003211,2026-08-26 09:09:20.806,60101.53,60102.61,0.991,24,23.8247,SUCCESS,0.0018,NORMAL
FIL-003212,ORD-003212,2026-08-26 09:09:20.974,140.03,140.06,1.466,8,0.0821,SUCCESS,0.0215,NORMAL
FIL-003213,ORD-003213,2026-08-26 09:09:21.156,140.23,140.2,1.016,35,0.057,SUCCESS,0.0233,NORMAL
FIL-003214,ORD-003214,2026-08-26 09:09:21.328,59953.34,59976.3,2.301,19,55.2022,SUCCESS,0.0383,NORMAL
FIL-003215,ORD-003215,2026-08-26 09:09:21.417,139.99,139.99,1.561,11,0.0874,SUCCESS,0.0009,NORMAL
FIL-003216,ORD-003216,2026-08-26 09:09:21.713,140.04,140.03,0.763,24,0.0427,SUCCESS,0.0076,NORMAL
FIL-003217,ORD-003217,2026-08-26 09:09:21.947,3002.23,3002.62,0.431,7,0.5177,SUCCESS,0.0129,NORMAL
FIL-003218,ORD-003218,2026-08-26 09:09:22.072,3003.19,3003.98,0.613,6,0.7366,SUCCESS,0.0264,NORMAL
FIL-003219,ORD-003219,2026-08-26 09:09:22.291,140.05,140.07,0.649,5,0.0364,SUCCESS,0.0164,NORMAL
FIL-003221,ORD-003221,2026-08-26 09:09:22.603,139.72,140.33,1.485,257,0.0834,SUCCESS,0.437,THROTTLE
FIL-003222,ORD-003222,2026-08-26 09:09:22.723,59992.03,60104.99,1.622,191,38.9961,SUCCESS,0.1883,EMERGENCY_PAUSE
FIL-003223,ORD-003223,2026-08-26 09:09:22.805,140.11,140.62,1.295,269,0.0728,SUCCESS,0.3651,EMERGENCY_PAUSE
FIL-003225,ORD-003225,2026-08-26 09:09:22.942,3002.17,2994.1,0.107,215,0.1281,SUCCESS,0.2688,EMERGENCY_PAUSE
FIL-003226,ORD-003226,2026-08-26 09:09:23.148,2997.09,3005.72,1.055,420,1.2684,SUCCESS,0.2879,EMERGENCY_PAUSE
FIL-003227,ORD-003227,2026-08-26 09:09:23.304,139.79,140.01,0.489,496,0.0274,SUCCESS,0.1569,EMERGENCY_PAUSE
FIL-003229,ORD-003229,2026-08-26 09:09:23.805,139.98,140.3,2.121,329,0.119,SUCCESS,0.2291,EMERGENCY_PAUSE
FIL-003230,ORD-003230,2026-08-26 09:09:24.095,3001.57,3007.43,0.295,575,0.3549,SUCCESS,0.1953,EMERGENCY_PAUSE
FIL-003231,ORD-003231,2026-08-26 09:09:24.287,60002.21,60000.53,0.981,5,23.5442,SUCCESS,0.0028,EMERGENCY_PAUSE
FIL-003232,ORD-003232,2026-08-26 09:09:24.529,2993.57,2992.74,1.205,9,1.4425,SUCCESS,0.0276,EMERGENCY_PAUSE
FIL-003233,ORD-003233,2026-08-26 09:09:24.725,60026.44,60016.42,0.467,20,11.2111,SUCCESS,0.0167,EMERGENCY_PAUSE
FIL-003234,ORD-003234,2026-08-26 09:09:24.974,140.06,140.06,1.495,10,0.0838,SUCCESS,0.0001,EMERGENCY_PAUSE
FIL-003235,ORD-003235,2026-08-26 09:09:25.274,3000.58,2999.78,1.136,23,1.3631,SUCCESS,0.0268,EMERGENCY_PAUSE
FIL-003236,ORD-003236,2026-08-26 09:09:25.430,60011.18,60002.9,0.639,17,15.3367,SUCCESS,0.0138,EMERGENCY_PAUSE
FIL-003237,ORD-003237,2026-08-26 09:09:25.528,3002.04,3003.45,0.501,5,0.6019,SUCCESS,0.0471,EMERGENCY_PAUSE
FIL-003238,ORD-003238,2026-08-26 09:09:25.600,59899.57,59906.16,2.102,30,50.3691,SUCCESS,0.011,EMERGENCY_PAUSE
FIL-003239,ORD-003239,2026-08-26 09:09:25.885,3002.64,3003.9,1.697,21,2.039,SUCCESS,0.042,THROTTLE
FIL-003240,ORD-003240,2026-08-26 09:09:26.107,139.93,139.88,0.869,7,0.0486,SUCCESS,0.0387,WARNING
FIL-003241,ORD-003241,2026-08-26 09:09:26.401,59923.35,59938.63,1.627,5,39.0081,SUCCESS,0.0255,NORMAL
FIL-003242,ORD-003242,2026-08-26 09:09:26.476,60024.87,60005.0,1.749,11,41.9795,SUCCESS,0.0331,NORMAL
FIL-003243,ORD-003243,2026-08-26 09:09:26.736,139.97,139.96,0.847,22,0.0474,SUCCESS,0.0097,NORMAL
FIL-003244,ORD-003244,2026-08-26 09:09:26.842,139.84,139.86,1.013,18,0.0567,SUCCESS,0.0141,NORMAL
FIL-003245,ORD-003245,2026-08-26 09:09:27.138,60007.52,59997.92,1.828,9,43.8705,SUCCESS,0.016,NORMAL
FIL-003246,ORD-003246,2026-08-26 09:09:27.202,3001.61,3000.9,0.978,56,1.174,SUCCESS,0.0236,NORMAL
FIL-003247,ORD-003247,2026-08-26 09:09:27.460,2998.17,2998.25,0.586,5,0.7028,SUCCESS,0.0027,NORMAL
FIL-003248,ORD-003248,2026-08-26 09:09:27.681,60127.52,60134.31,0.978,10,23.5245,SUCCESS,0.0113,NORMAL
FIL-003249,ORD-003249,2026-08-26 09:09:27.825,139.95,139.9,1.825,10,0.1021,SUCCESS,0.0338,NORMAL
FIL-003250,ORD-003250,2026-08-26 09:09:27.959,2998.79,2997.74,0.745,9,0.8933,SUCCESS,0.0351,NORMAL
FIL-003251,ORD-003251,2026-08-26 09:09:28.077,3003.26,3002.4,2.014,8,2.4187,SUCCESS,0.0288,NORMAL
FIL-003252,ORD-003252,2026-08-26 09:09:28.221,139.92,139.89,0.676,22,0.0378,SUCCESS,0.018,NORMAL
FIL-003253,ORD-003253,2026-08-26 09:09:28.457,139.71,139.7,1.028,5,0.0574,SUCCESS,0.0086,NORMAL
FIL-003254,ORD-003254,2026-08-26 09:09:28.578,139.78,139.75,0.601,6,0.0336,SUCCESS,0.0197,NORMAL
FIL-003255,ORD-003255,2026-08-26 09:09:28.806,60052.04,60062.37,0.153,39,3.6758,SUCCESS,0.0172,NORMAL
FIL-003256,ORD-003256,2026-08-26 09:09:28.934,60003.49,59993.71,2.301,14,55.2182,SUCCESS,0.0163,NORMAL
FIL-003257,ORD-003257,2026-08-26 09:09:29.020,140.02,140.08,1.058,17,0.0593,SUCCESS,0.0453,NORMAL
FIL-003258,ORD-003258,2026-08-26 09:09:29.116,3002.29,3001.83,2.126,60,2.5528,SUCCESS,0.0153,NORMAL
FIL-003259,ORD-003259,2026-08-26 09:09:29.227,59967.06,59987.99,0.763,8,18.3083,SUCCESS,0.0349,NORMAL
FIL-003260,ORD-003260,2026-08-26 09:09:29.350,3005.15,3005.76,2.34,6,2.8134,SUCCESS,0.0203,NORMAL
FIL-003261,ORD-003261,2026-08-26 09:09:29.629,59919.31,59904.51,0.695,6,16.6535,SUCCESS,0.0247,NORMAL
FIL-003262,ORD-003262,2026-08-26 09:09:29.758,59963.2,59948.75,0.86,9,20.6224,SUCCESS,0.0241,NORMAL
FIL-003263,ORD-003263,2026-08-26 09:09:29.925,60004.85,60028.97,1.679,8,40.3155,SUCCESS,0.0402,NORMAL
FIL-003264,ORD-003264,2026-08-26 09:09:30.111,59912.09,59914.55,0.143,21,3.4271,SUCCESS,0.0041,NORMAL
FIL-003265,ORD-003265,2026-08-26 09:09:30.203,140.11,140.12,0.955,5,0.0535,SUCCESS,0.0102,NORMAL
FIL-003266,ORD-003266,2026-08-26 09:09:30.487,59986.32,59988.18,1.172,19,28.1225,SUCCESS,0.0031,NORMAL
FIL-003267,ORD-003267,2026-08-26 09:09:30.705,140.01,140.01,2.058,26,0.1153,SUCCESS,0.0016,NORMAL
FIL-003268,ORD-003268,2026-08-26 09:09:30.821,2995.62,2996.32,2.014,18,2.4138,SUCCESS,0.0233,NORMAL
FIL-003269,ORD-003269,2026-08-26 09:09:30.912,2993.69,2992.54,1.643,5,1.9667,SUCCESS,0.0383,NORMAL
FIL-003270,ORD-003270,2026-08-26 09:09:31.151,139.94,139.97,0.919,34,0.0515,SUCCESS,0.0221,NORMAL
FIL-003271,ORD-003271,2026-08-26 09:09:31.311,59897.1,59919.74,0.417,19,9.9946,SUCCESS,0.0378,NORMAL
FIL-003272,ORD-003272,2026-08-26 09:09:31.432,2998.86,2998.39,0.108,16,0.1295,SUCCESS,0.0156,NORMAL
FIL-003273,ORD-003273,2026-08-26 09:09:31.521,59955.14,59998.91,0.957,7,22.9676,SUCCESS,0.073,NORMAL
FIL-003274,ORD-003274,2026-08-26 09:09:31.703,3003.62,3004.38,0.881,30,1.0587,SUCCESS,0.0254,NORMAL
FIL-003275,ORD-003275,2026-08-26 09:09:31.927,139.97,139.98,1.261,8,0.0706,SUCCESS,0.0085,NORMAL
FIL-003276,ORD-003276,2026-08-26 09:09:32.193,60011.27,60024.05,1.211,11,29.0756,SUCCESS,0.0213,NORMAL
FIL-003277,ORD-003277,2026-08-26 09:09:32.389,59967.09,59976.62,0.644,12,15.45,SUCCESS,0.0159,NORMAL
FIL-003278,ORD-003278,2026-08-26 09:09:32.645,139.82,139.88,1.055,27,0.059,SUCCESS,0.0448,NORMAL
FIL-003279,ORD-003279,2026-08-26 09:09:32.726,140.07,140.08,0.184,32,0.0103,SUCCESS,0.0042,NORMAL
FIL-003280,ORD-003280,2026-08-26 09:09:32.974,60034.57,60029.41,0.47,41,11.2855,SUCCESS,0.0086,NORMAL
FIL-003281,ORD-003281,2026-08-26 09:09:33.171,2999.51,2999.78,1.648,32,1.9775,SUCCESS,0.009,NORMAL
FIL-003282,ORD-003282,2026-08-26 09:09:33.468,139.86,139.84,1.826,9,0.1021,SUCCESS,0.0125,NORMAL
FIL-003283,ORD-003283,2026-08-26 09:09:33.750,140.28,140.26,1.739,20,0.0976,SUCCESS,0.0162,NORMAL
FIL-003284,ORD-003284,2026-08-26 09:09:33.913,60048.1,60052.72,1.95,7,46.8411,SUCCESS,0.0077,NORMAL
FIL-003285,ORD-003285,2026-08-26 09:09:34.036,60018.85,60026.41,0.518,6,12.4375,SUCCESS,0.0126,NORMAL
FIL-003286,ORD-003286,2026-08-26 09:09:34.142,2997.14,2997.1,1.976,6,2.3689,SUCCESS,0.0015,NORMAL
FIL-003287,ORD-003287,2026-08-26 09:09:34.281,2998.0,2999.03,0.309,8,0.3707,SUCCESS,0.0342,NORMAL
FIL-003288,ORD-003288,2026-08-26 09:09:34.448,60017.88,60013.32,1.423,22,34.1596,SUCCESS,0.0076,NORMAL
FIL-003289,ORD-003289,2026-08-26 09:09:34.693,59956.78,59959.66,2.403,45,57.6332,SUCCESS,0.0048,NORMAL
FIL-003290,ORD-003290,2026-08-26 09:09:34.746,139.74,139.77,0.193,19,0.0108,SUCCESS,0.0243,NORMAL
FIL-003291,ORD-003291,2026-08-26 09:09:35.039,3002.78,3003.07,1.648,14,1.9796,SUCCESS,0.0095,NORMAL
FIL-003292,ORD-003292,2026-08-26 09:09:35.335,139.97,139.99,1.445,6,0.0809,SUCCESS,0.0124,NORMAL
FIL-003293,ORD-003293,2026-08-26 09:09:35.546,60044.57,60053.22,2.005,11,48.1627,SUCCESS,0.0144,NORMAL
FIL-003294,ORD-003294,2026-08-26 09:09:35.647,2995.55,2995.47,1.066,6,1.2773,SUCCESS,0.0027,NORMAL
FIL-003295,ORD-003295,2026-08-26 09:09:35.945,3000.23,2998.65,0.604,6,0.7245,SUCCESS,0.0528,NORMAL
FIL-003296,ORD-003296,2026-08-26 09:09:35.999,60053.63,60059.52,1.809,41,43.4591,SUCCESS,0.0098,NORMAL
FIL-003297,ORD-003297,2026-08-26 09:09:36.137,140.32,140.34,2.493,10,0.1399,SUCCESS,0.0126,NORMAL
FIL-003298,ORD-003298,2026-08-26 09:09:36.407,140.09,140.1,1.745,15,0.0978,SUCCESS,0.0071,NORMAL
FIL-003299,ORD-003299,2026-08-26 09:09:36.503,60026.84,60029.84,0.237,12,5.6908,SUCCESS,0.005,NORMAL
FIL-003300,ORD-003300,2026-08-26 09:09:36.615,140.06,140.05,2.261,15,0.1267,SUCCESS,0.0088,NORMAL
FIL-003301,ORD-003301,2026-08-26 09:09:36.694,139.91,139.88,2.152,28,0.1204,SUCCESS,0.0227,NORMAL
FIL-003302,ORD-003302,2026-08-26 09:09:36.770,139.79,139.83,1.28,7,0.0716,SUCCESS,0.0291,NORMAL
FIL-003303,ORD-003303,2026-08-26 09:09:37.063,59988.01,59990.71,2.156,10,51.736,SUCCESS,0.0045,NORMAL
FIL-003304,ORD-003304,2026-08-26 09:09:37.281,2999.4,3000.1,0.133,28,0.1596,SUCCESS,0.0233,NORMAL
FIL-003305,ORD-003305,2026-08-26 09:09:37.461,59913.29,59920.9,1.687,24,40.4346,SUCCESS,0.0127,NORMAL
FIL-003306,ORD-003306,2026-08-26 09:09:37.604,3000.39,3000.32,1.236,15,1.4834,SUCCESS,0.0022,NORMAL
FIL-003307,ORD-003307,2026-08-26 09:09:37.746,3004.74,3005.24,1.243,22,1.4942,SUCCESS,0.0167,NORMAL
FIL-003308,ORD-003308,2026-08-26 09:09:37.964,2997.69,2997.21,2.348,20,2.815,SUCCESS,0.0161,NORMAL
FIL-003309,ORD-003309,2026-08-26 09:09:38.033,59990.93,59976.11,0.742,10,17.8009,SUCCESS,0.0247,NORMAL
FIL-003310,ORD-003310,2026-08-26 09:09:38.254,139.9,139.89,1.467,11,0.0821,SUCCESS,0.008,NORMAL
FIL-003311,ORD-003311,2026-08-26 09:09:38.444,60043.59,60031.1,0.87,21,20.8908,SUCCESS,0.0208,NORMAL
FIL-003312,ORD-003312,2026-08-26 09:09:38.701,2999.14,2997.93,2.028,7,2.4319,SUCCESS,0.0405,NORMAL
FIL-003313,ORD-003313,2026-08-26 09:09:38.754,59979.3,59986.74,0.48,16,11.5175,SUCCESS,0.0124,NORMAL
FIL-003314,ORD-003314,2026-08-26 09:09:38.882,60052.35,60046.58,0.316,12,7.5899,SUCCESS,0.0096,NORMAL
FIL-003315,ORD-003315,2026-08-26 09:09:39.174,60012.1,60023.8,1.132,5,27.1788,SUCCESS,0.0195,NORMAL
FIL-003316,ORD-003316,2026-08-26 09:09:39.233,139.85,139.84,1.189,16,0.0665,SUCCESS,0.0037,NORMAL
FIL-003317,ORD-003317,2026-08-26 09:09:39.406,140.1,140.08,1.277,22,0.0716,SUCCESS,0.0123,NORMAL
FIL-003318,ORD-003318,2026-08-26 09:09:39.568,60076.97,60081.12,0.545,14,13.0977,SUCCESS,0.0069,NORMAL
FIL-003319,ORD-003319,2026-08-26 09:09:39.796,139.83,139.78,2.402,30,0.1343,SUCCESS,0.0334,NORMAL
FIL-003320,ORD-003320,2026-08-26 09:09:40.009,139.95,139.93,0.669,15,0.0374,SUCCESS,0.0168,NORMAL
FIL-003321,ORD-003321,2026-08-26 09:09:40.156,59916.11,59910.78,1.612,13,38.6305,SUCCESS,0.0089,NORMAL
FIL-003322,ORD-003322,2026-08-26 09:09:40.407,2998.94,2998.22,1.713,11,2.0544,SUCCESS,0.024,NORMAL
FIL-003323,ORD-003323,2026-08-26 09:09:40.487,139.89,139.84,0.21,36,0.0117,SUCCESS,0.0369,NORMAL
FIL-003324,ORD-003324,2026-08-26 09:09:40.743,139.92,139.93,0.938,14,0.0525,SUCCESS,0.0107,NORMAL
FIL-003325,ORD-003325,2026-08-26 09:09:41.028,3002.34,3001.28,1.195,39,1.4346,SUCCESS,0.0354,NORMAL
FIL-003326,ORD-003326,2026-08-26 09:09:41.325,3000.05,2999.57,0.437,10,0.5243,SUCCESS,0.0159,NORMAL
FIL-003327,ORD-003327,2026-08-26 09:09:41.486,139.89,139.87,1.697,5,0.0949,SUCCESS,0.0177,NORMAL
FIL-003328,ORD-003328,2026-08-26 09:09:41.615,2999.37,2999.09,1.18,16,1.4156,SUCCESS,0.0094,NORMAL
FIL-003329,ORD-003329,2026-08-26 09:09:41.841,60017.72,60000.98,0.934,25,22.4164,SUCCESS,0.0279,NORMAL
FIL-003330,ORD-003330,2026-08-26 09:09:41.981,60206.62,60198.01,1.076,36,25.9092,SUCCESS,0.0143,NORMAL
FIL-003331,ORD-003331,2026-08-26 09:09:42.280,3001.19,3001.79,1.874,9,2.2501,SUCCESS,0.0201,NORMAL
FIL-003332,ORD-003332,2026-08-26 09:09:42.358,3000.44,2999.37,1.159,12,1.3905,SUCCESS,0.0356,NORMAL
FIL-003333,ORD-003333,2026-08-26 09:09:42.460,139.98,139.97,0.635,32,0.0356,SUCCESS,0.0043,NORMAL
FIL-003334,ORD-003334,2026-08-26 09:09:42.599,59991.0,59979.96,0.53,28,12.7158,SUCCESS,0.0184,NORMAL
FIL-003335,ORD-003335,2026-08-26 09:09:42.758,59938.27,59946.3,1.719,5,41.2191,SUCCESS,0.0134,NORMAL
FIL-003336,ORD-003336,2026-08-26 09:09:43.042,3000.19,3000.94,1.574,6,1.8894,SUCCESS,0.0249,NORMAL
FIL-003337,ORD-003337,2026-08-26 09:09:43.260,139.89,139.89,0.776,33,0.0434,SUCCESS,0.0027,NORMAL
FIL-003338,ORD-003338,2026-08-26 09:09:43.540,3001.84,3002.43,0.728,6,0.8743,SUCCESS,0.0196,NORMAL
FIL-003339,ORD-003339,2026-08-26 09:09:43.819,3003.75,3004.07,0.275,18,0.3304,SUCCESS,0.0106,NORMAL
FIL-003341,ORD-003341,2026-08-26 09:09:44.103,2997.01,2987.34,0.747,415,0.8926,SUCCESS,0.3225,THROTTLE
FIL-003342,ORD-003342,2026-08-26 09:09:44.275,140.09,140.44,1.108,503,0.0622,SUCCESS,0.2485,EMERGENCY_PAUSE
FIL-003343,ORD-003343,2026-08-26 09:09:44.544,140.14,140.57,1.949,411,0.1096,SUCCESS,0.31,EMERGENCY_PAUSE
FIL-003344,ORD-003344,2026-08-26 09:09:44.627,2998.74,3003.31,2.246,303,2.6982,SUCCESS,0.1524,EMERGENCY_PAUSE
FIL-003345,ORD-003345,2026-08-26 09:09:44.809,60129.28,60227.29,0.884,225,21.2964,SUCCESS,0.163,EMERGENCY_PAUSE
FIL-003346,ORD-003346,2026-08-26 09:09:44.892,3004.93,3013.16,0.908,308,1.0944,SUCCESS,0.2738,EMERGENCY_PAUSE
FIL-003347,ORD-003347,2026-08-26 09:09:45.179,59942.05,60081.95,1.139,537,27.3733,SUCCESS,0.2334,EMERGENCY_PAUSE
FIL-003348,ORD-003348,2026-08-26 09:09:45.452,59904.97,60004.65,0.166,344,3.9843,SUCCESS,0.1664,EMERGENCY_PAUSE
FIL-003349,ORD-003349,2026-08-26 09:09:45.723,2999.88,3010.99,1.208,314,1.4549,SUCCESS,0.3702,EMERGENCY_PAUSE
FIL-003350,ORD-003350,2026-08-26 09:09:45.915,3000.61,2990.46,2.115,566,2.5299,SUCCESS,0.3384,EMERGENCY_PAUSE
FIL-003351,ORD-003351,2026-08-26 09:09:46.031,3006.41,3007.91,2.367,5,2.8479,SUCCESS,0.0498,EMERGENCY_PAUSE
FIL-003352,ORD-003352,2026-08-26 09:09:46.182,139.78,139.78,1.77,92,0.099,SUCCESS,0.0034,EMERGENCY_PAUSE
FIL-003353,ORD-003353,2026-08-26 09:09:46.326,3002.39,3002.48,1.401,18,1.6826,SUCCESS,0.003,EMERGENCY_PAUSE
FIL-003354,ORD-003354,2026-08-26 09:09:46.416,60039.36,60057.73,2.089,27,50.1842,SUCCESS,0.0306,EMERGENCY_PAUSE
FIL-003355,ORD-003355,2026-08-26 09:09:46.540,139.83,139.85,0.844,5,0.0472,SUCCESS,0.0146,EMERGENCY_PAUSE
FIL-003356,ORD-003356,2026-08-26 09:09:46.649,60057.97,60048.42,0.145,10,3.4828,SUCCESS,0.0159,EMERGENCY_PAUSE
FIL-003357,ORD-003357,2026-08-26 09:09:46.871,140.09,140.04,1.879,10,0.1053,SUCCESS,0.0376,EMERGENCY_PAUSE
FIL-003358,ORD-003358,2026-08-26 09:09:47.062,140.05,140.04,0.167,28,0.0094,SUCCESS,0.0049,EMERGENCY_PAUSE
FIL-003359,ORD-003359,2026-08-26 09:09:47.183,140.2,140.17,1.466,6,0.0822,SUCCESS,0.0184,THROTTLE
FIL-003360,ORD-003360,2026-08-26 09:09:47.402,3000.9,3001.93,0.315,19,0.3782,SUCCESS,0.0342,WARNING
FIL-003361,ORD-003361,2026-08-26 09:09:47.461,3002.89,3002.78,0.732,33,0.8792,SUCCESS,0.0035,NORMAL
FIL-003362,ORD-003362,2026-08-26 09:09:47.714,3008.03,3008.44,0.648,19,0.7798,SUCCESS,0.0135,NORMAL
FIL-003363,ORD-003363,2026-08-26 09:09:47.835,3000.05,3001.18,1.563,12,1.8763,SUCCESS,0.0375,NORMAL
FIL-003364,ORD-003364,2026-08-26 09:09:48.108,3000.69,2999.36,0.908,39,1.0894,SUCCESS,0.0444,NORMAL
FIL-003365,ORD-003365,2026-08-26 09:09:48.361,60042.33,60049.11,0.468,7,11.2412,SUCCESS,0.0113,NORMAL
FIL-003366,ORD-003366,2026-08-26 09:09:48.438,60056.0,60069.21,1.063,18,25.5414,SUCCESS,0.022,NORMAL
FIL-003367,ORD-003367,2026-08-26 09:09:48.552,60079.24,60109.46,0.627,28,15.0755,SUCCESS,0.0503,NORMAL
FIL-003368,ORD-003368,2026-08-26 09:09:48.832,2999.3,2998.93,0.395,27,0.4738,SUCCESS,0.0123,NORMAL
FIL-003369,ORD-003369,2026-08-26 09:09:48.991,2995.13,2995.11,1.15,29,1.3778,SUCCESS,0.0006,NORMAL
FIL-003370,ORD-003370,2026-08-26 09:09:49.104,60073.44,60070.92,2.053,8,49.3302,SUCCESS,0.0042,NORMAL
FIL-003371,ORD-003371,2026-08-26 09:09:49.174,140.01,140.02,0.605,6,0.0339,SUCCESS,0.0065,NORMAL
FIL-003372,ORD-003372,2026-08-26 09:09:49.348,59956.55,59973.76,0.72,12,17.2724,SUCCESS,0.0287,NORMAL
FIL-003373,ORD-003373,2026-08-26 09:09:49.600,59991.12,59991.36,2.303,23,55.264,SUCCESS,0.0004,NORMAL
FIL-003374,ORD-003374,2026-08-26 09:09:49.898,60030.67,60036.37,0.263,34,6.3158,SUCCESS,0.0095,NORMAL
FIL-003375,ORD-003375,2026-08-26 09:09:50.117,140.15,140.18,2.398,6,0.1345,SUCCESS,0.0215,NORMAL
FIL-003376,ORD-003376,2026-08-26 09:09:50.391,60020.64,60018.0,1.154,20,27.7043,SUCCESS,0.0044,NORMAL
FIL-003377,ORD-003377,2026-08-26 09:09:50.559,140.19,140.14,2.219,11,0.1244,SUCCESS,0.0338,NORMAL
FIL-003378,ORD-003378,2026-08-26 09:09:50.735,139.97,140.04,1.627,32,0.0911,SUCCESS,0.0499,NORMAL
FIL-003379,ORD-003379,2026-08-26 09:09:51.024,2995.94,2995.64,2.098,29,2.5139,SUCCESS,0.01,NORMAL
FIL-003380,ORD-003380,2026-08-26 09:09:51.211,59998.36,59975.08,1.4,6,33.586,SUCCESS,0.0388,NORMAL
FIL-003381,ORD-003381,2026-08-26 09:09:51.390,3002.19,3002.58,0.456,10,0.5477,SUCCESS,0.013,NORMAL
FIL-003382,ORD-003382,2026-08-26 09:09:51.589,59977.15,59997.54,2.026,23,48.622,SUCCESS,0.034,NORMAL
FIL-003383,ORD-003383,2026-08-26 09:09:51.704,139.85,139.85,0.776,5,0.0434,SUCCESS,0.0008,NORMAL
FIL-003384,ORD-003384,2026-08-26 09:09:51.869,140.12,140.13,1.605,8,0.09,SUCCESS,0.0054,NORMAL
FIL-003385,ORD-003385,2026-08-26 09:09:52.169,139.99,140.0,0.303,34,0.017,SUCCESS,0.0087,NORMAL
FIL-003386,ORD-003386,2026-08-26 09:09:52.397,60015.61,60022.99,0.201,8,4.8258,SUCCESS,0.0123,NORMAL
FIL-003387,ORD-003387,2026-08-26 09:09:52.681,2999.43,2998.16,0.22,10,0.2638,SUCCESS,0.0422,NORMAL
FIL-003388,ORD-003388,2026-08-26 09:09:52.908,60037.39,60033.07,1.263,33,30.3287,SUCCESS,0.0072,NORMAL
FIL-003389,ORD-003389,2026-08-26 09:09:53.116,60043.08,60053.23,1.511,9,36.2962,SUCCESS,0.0169,NORMAL
FIL-003390,ORD-003390,2026-08-26 09:09:53.392,140.19,140.16,0.864,16,0.0484,SUCCESS,0.0205,NORMAL
FIL-003391,ORD-003391,2026-08-26 09:09:53.684,59844.76,59844.28,2.273,56,54.4104,SUCCESS,0.0008,NORMAL
FIL-003392,ORD-003392,2026-08-26 09:09:53.739,2998.93,2997.87,0.536,20,0.6427,SUCCESS,0.0355,NORMAL
FIL-003393,ORD-003393,2026-08-26 09:09:53.962,2998.23,2998.1,0.523,10,0.6272,SUCCESS,0.0043,NORMAL
FIL-003394,ORD-003394,2026-08-26 09:09:54.061,2999.01,2998.74,2.14,25,2.5669,SUCCESS,0.0091,NORMAL
FIL-003395,ORD-003395,2026-08-26 09:09:54.185,60069.16,60085.32,0.586,5,14.084,SUCCESS,0.0269,NORMAL
FIL-003396,ORD-003396,2026-08-26 09:09:54.363,3001.31,3000.93,0.144,85,0.1729,SUCCESS,0.0126,NORMAL
FIL-003397,ORD-003397,2026-08-26 09:09:54.482,139.79,139.78,0.893,28,0.0499,SUCCESS,0.0085,NORMAL
FIL-003398,ORD-003398,2026-08-26 09:09:54.706,3002.17,3002.86,0.998,10,1.1987,SUCCESS,0.023,NORMAL
FIL-003399,ORD-003399,2026-08-26 09:09:54.957,3003.32,3002.86,0.852,18,1.0234,SUCCESS,0.0154,NORMAL
FIL-003400,ORD-003400,2026-08-26 09:09:55.108,139.93,139.93,2.269,33,0.127,SUCCESS,0.001,NORMAL
FIL-003401,ORD-003401,2026-08-26 09:09:55.264,3003.12,3003.74,1.879,14,2.2576,SUCCESS,0.0206,NORMAL
FIL-003402,ORD-003402,2026-08-26 09:09:55.517,59960.64,59960.22,1.238,8,29.6923,SUCCESS,0.0007,NORMAL
FIL-003403,ORD-003403,2026-08-26 09:09:55.587,59899.91,59906.14,0.142,40,3.4027,SUCCESS,0.0104,NORMAL
FIL-003404,ORD-003404,2026-08-26 09:09:55.644,2997.61,2997.34,1.551,20,1.8595,SUCCESS,0.0089,NORMAL
FIL-003405,ORD-003405,2026-08-26 09:09:55.767,140.15,140.13,0.462,8,0.0259,SUCCESS,0.0162,NORMAL
FIL-003406,ORD-003406,2026-08-26 09:09:55.922,60094.12,60104.7,2.329,36,55.9935,SUCCESS,0.0176,NORMAL
FIL-003407,ORD-003407,2026-08-26 09:09:56.151,59955.69,59964.26,1.918,12,46.0046,SUCCESS,0.0143,NORMAL
FIL-003408,ORD-003408,2026-08-26 09:09:56.408,139.85,139.84,1.704,10,0.0953,SUCCESS,0.0098,NORMAL
FIL-003409,ORD-003409,2026-08-26 09:09:56.653,60017.01,60011.13,0.812,40,19.4916,SUCCESS,0.0098,NORMAL
FIL-003410,ORD-003410,2026-08-26 09:09:56.862,60069.52,60079.07,1.692,6,40.6615,SUCCESS,0.0159,NORMAL
FIL-003411,ORD-003411,2026-08-26 09:09:56.964,139.9,139.96,0.333,7,0.0186,SUCCESS,0.0435,NORMAL
FIL-003412,ORD-003412,2026-08-26 09:09:57.025,139.91,139.92,2.143,19,0.1199,SUCCESS,0.0067,NORMAL
FIL-003413,ORD-003413,2026-08-26 09:09:57.096,2997.79,2998.15,2.065,6,2.4765,SUCCESS,0.0119,NORMAL
FIL-003414,ORD-003414,2026-08-26 09:09:57.241,60004.79,60024.29,1.977,15,47.4672,SUCCESS,0.0325,NORMAL
FIL-003415,ORD-003415,2026-08-26 09:09:57.386,139.72,139.66,0.37,7,0.0207,SUCCESS,0.0399,NORMAL
FIL-003416,ORD-003416,2026-08-26 09:09:57.538,139.93,139.95,1.386,6,0.0776,SUCCESS,0.0174,NORMAL
FIL-003417,ORD-003417,2026-08-26 09:09:57.655,2997.5,2998.2,1.374,9,1.6478,SUCCESS,0.0235,NORMAL
FIL-003418,ORD-003418,2026-08-26 09:09:57.919,139.64,139.66,1.9,19,0.1061,SUCCESS,0.016,NORMAL
FIL-003419,ORD-003419,2026-08-26 09:09:58.097,140.22,140.27,1.468,20,0.0824,SUCCESS,0.0356,NORMAL
FIL-003420,ORD-003420,2026-08-26 09:09:58.280,2996.66,2996.25,2.097,11,2.5133,SUCCESS,0.0136,NORMAL
FIL-003421,ORD-003421,2026-08-26 09:09:58.521,2998.43,2997.89,2.189,5,2.625,SUCCESS,0.018,NORMAL
FIL-003422,ORD-003422,2026-08-26 09:09:58.739,3000.56,3000.87,0.623,28,0.7478,SUCCESS,0.0102,NORMAL
FIL-003423,ORD-003423,2026-08-26 09:09:58.826,59955.39,59969.78,1.147,11,27.5141,SUCCESS,0.024,NORMAL
FIL-003424,ORD-003424,2026-08-26 09:09:58.887,60088.87,60095.3,1.756,26,42.2109,SUCCESS,0.0107,NORMAL
FIL-003425,ORD-003425,2026-08-26 09:09:58.965,3000.36,3001.19,2.01,19,2.413,SUCCESS,0.0278,NORMAL
FIL-003426,ORD-003426,2026-08-26 09:09:59.235,3000.19,2999.91,1.464,8,1.7567,SUCCESS,0.0093,NORMAL
FIL-003427,ORD-003427,2026-08-26 09:09:59.496,140.28,140.29,1.172,8,0.0658,SUCCESS,0.0099,NORMAL
FIL-003428,ORD-003428,2026-08-26 09:09:59.677,2998.85,2998.81,1.664,8,1.996,SUCCESS,0.0015,NORMAL
FIL-003429,ORD-003429,2026-08-26 09:09:59.951,140.03,140.05,0.237,28,0.0133,SUCCESS,0.0113,NORMAL
FIL-003430,ORD-003430,2026-08-26 09:10:00.181,2996.16,2995.24,1.888,14,2.262,SUCCESS,0.0306,NORMAL
FIL-003431,ORD-003431,2026-08-26 09:10:00.369,60065.72,60082.96,1.895,18,45.5429,SUCCESS,0.0287,NORMAL
FIL-003432,ORD-003432,2026-08-26 09:10:00.501,2995.33,2996.75,0.331,17,0.3968,SUCCESS,0.0473,NORMAL
FIL-003433,ORD-003433,2026-08-26 09:10:00.686,140.16,140.17,0.686,8,0.0385,SUCCESS,0.0083,NORMAL
FIL-003434,ORD-003434,2026-08-26 09:10:00.842,59939.73,59944.88,0.488,11,11.7012,SUCCESS,0.0086,NORMAL
FIL-003435,ORD-003435,2026-08-26 09:10:00.907,139.95,139.97,1.568,10,0.0878,SUCCESS,0.012,NORMAL
FIL-003436,ORD-003436,2026-08-26 09:10:01.150,3000.72,3000.67,2.074,5,2.4894,SUCCESS,0.0016,NORMAL
FIL-003437,ORD-003437,2026-08-26 09:10:01.427,2998.95,2999.01,1.434,8,1.7202,SUCCESS,0.0019,NORMAL
FIL-003438,ORD-003438,2026-08-26 09:10:01.685,60157.37,60144.08,0.589,8,14.1699,SUCCESS,0.0221,NORMAL
FIL-003439,ORD-003439,2026-08-26 09:10:01.764,2997.31,2996.37,0.907,35,1.0871,SUCCESS,0.0315,NORMAL
FIL-003440,ORD-003440,2026-08-26 09:10:01.955,139.88,139.81,0.695,23,0.0389,SUCCESS,0.0486,NORMAL
FIL-003441,ORD-003441,2026-08-26 09:10:02.134,2998.58,2999.4,0.472,9,0.5663,SUCCESS,0.0274,NORMAL
FIL-003442,ORD-003442,2026-08-26 09:10:02.356,60002.55,60003.45,0.466,24,11.1846,SUCCESS,0.0015,NORMAL
FIL-003443,ORD-003443,2026-08-26 09:10:02.592,140.01,140.02,1.869,14,0.1047,SUCCESS,0.0104,NORMAL
FIL-003444,ORD-003444,2026-08-26 09:10:02.821,60005.6,60001.16,1.867,23,44.8089,SUCCESS,0.0074,NORMAL
FIL-003445,ORD-003445,2026-08-26 09:10:03.037,59995.86,59991.78,1.026,31,24.6206,SUCCESS,0.0068,NORMAL
FIL-003446,ORD-003446,2026-08-26 09:10:03.129,59959.71,59942.14,2.081,48,49.8958,SUCCESS,0.0293,NORMAL
FIL-003447,ORD-003447,2026-08-26 09:10:03.198,60042.55,60044.59,0.694,30,16.6684,SUCCESS,0.0034,NORMAL
FIL-003448,ORD-003448,2026-08-26 09:10:03.365,140.06,140.12,1.083,6,0.0607,SUCCESS,0.0409,NORMAL
FIL-003449,ORD-003449,2026-08-26 09:10:03.551,139.71,139.74,1.491,23,0.0833,SUCCESS,0.0197,NORMAL
FIL-003450,ORD-003450,2026-08-26 09:10:03.646,140.05,140.07,1.686,5,0.0945,SUCCESS,0.0137,NORMAL
FIL-003451,ORD-003451,2026-08-26 09:10:03.796,139.95,139.97,0.462,6,0.0259,SUCCESS,0.0162,NORMAL
FIL-003452,ORD-003452,2026-08-26 09:10:04.041,2999.84,2999.64,1.381,16,1.657,SUCCESS,0.0066,NORMAL
FIL-003453,ORD-003453,2026-08-26 09:10:04.143,59992.25,59984.57,0.877,9,21.0426,SUCCESS,0.0128,NORMAL
FIL-003454,ORD-003454,2026-08-26 09:10:04.304,3003.67,3004.23,0.755,38,0.9073,SUCCESS,0.0186,NORMAL
FIL-003455,ORD-003455,2026-08-26 09:10:04.502,139.96,140.01,2.228,17,0.1248,SUCCESS,0.0367,NORMAL
FIL-003456,ORD-003456,2026-08-26 09:10:04.710,140.01,140.06,0.443,7,0.0248,SUCCESS,0.0333,NORMAL
FIL-003457,ORD-003457,2026-08-26 09:10:04.872,2997.93,2997.43,0.251,8,0.3009,SUCCESS,0.0166,NORMAL
FIL-003458,ORD-003458,2026-08-26 09:10:05.074,140.06,140.02,1.428,11,0.08,SUCCESS,0.0256,NORMAL
FIL-003459,ORD-003459,2026-08-26 09:10:05.299,2998.5,2998.11,1.442,6,1.7293,SUCCESS,0.0131,NORMAL
FIL-003460,ORD-003460,2026-08-26 09:10:05.565,139.69,139.27,2.027,267,0.1129,SUCCESS,0.3027,WARNING
FIL-003461,ORD-003461,2026-08-26 09:10:05.667,3000.27,3012.32,1.346,197,1.6218,SUCCESS,0.4017,THROTTLE
FIL-003462,ORD-003462,2026-08-26 09:10:05.719,3001.24,3011.0,0.167,212,0.2011,SUCCESS,0.3253,EMERGENCY_PAUSE
FIL-003463,ORD-003463,2026-08-26 09:10:05.799,140.1,140.48,0.124,196,0.007,SUCCESS,0.2683,EMERGENCY_PAUSE
FIL-003464,ORD-003464,2026-08-26 09:10:06.079,60107.21,60204.4,1.061,532,25.5507,SUCCESS,0.1617,EMERGENCY_PAUSE
FIL-003465,ORD-003465,2026-08-26 09:10:06.326,59964.59,60150.72,0.706,558,16.9866,SUCCESS,0.3104,EMERGENCY_PAUSE
FIL-003466,ORD-003466,2026-08-26 09:10:06.460,59847.53,60037.07,2.2,182,52.8326,SUCCESS,0.3167,EMERGENCY_PAUSE
FIL-003467,ORD-003467,2026-08-26 09:10:06.723,2997.2,2990.57,1.528,832,1.8278,SUCCESS,0.2211,EMERGENCY_PAUSE
FIL-003468,ORD-003468,2026-08-26 09:10:06.887,139.83,140.4,0.135,810,0.0076,SUCCESS,0.4096,EMERGENCY_PAUSE
FIL-003469,ORD-003469,2026-08-26 09:10:07.040,3001.64,3012.26,1.828,796,2.2026,SUCCESS,0.3539,EMERGENCY_PAUSE
FIL-003470,ORD-003470,2026-08-26 09:10:07.232,60014.27,59749.91,0.958,245,22.8962,SUCCESS,0.4405,EMERGENCY_PAUSE
FIL-003471,ORD-003471,2026-08-26 09:10:07.511,3001.37,3001.65,1.696,6,2.0363,SUCCESS,0.0094,EMERGENCY_PAUSE
FIL-003472,ORD-003472,2026-08-26 09:10:07.794,2998.5,2997.83,1.927,8,2.3107,SUCCESS,0.0225,EMERGENCY_PAUSE
FIL-003473,ORD-003473,2026-08-26 09:10:08.068,140.26,140.26,0.489,5,0.0274,SUCCESS,0.0026,EMERGENCY_PAUSE
FIL-003474,ORD-003474,2026-08-26 09:10:08.213,139.85,139.85,0.59,7,0.033,SUCCESS,0.0022,EMERGENCY_PAUSE
FIL-003475,ORD-003475,2026-08-26 09:10:08.506,140.2,140.21,0.81,6,0.0454,SUCCESS,0.0079,EMERGENCY_PAUSE
FIL-003476,ORD-003476,2026-08-26 09:10:08.626,3000.2,3000.84,1.044,6,1.2532,SUCCESS,0.0212,EMERGENCY_PAUSE
FIL-003477,ORD-003477,2026-08-26 09:10:08.885,139.93,139.93,2.33,36,0.1304,SUCCESS,0.0001,EMERGENCY_PAUSE
FIL-003478,ORD-003478,2026-08-26 09:10:09.134,3003.29,3004.63,0.44,8,0.5288,SUCCESS,0.0447,EMERGENCY_PAUSE
FIL-003479,ORD-003479,2026-08-26 09:10:09.407,60029.05,60045.68,1.534,65,36.844,SUCCESS,0.0277,THROTTLE
FIL-003480,ORD-003480,2026-08-26 09:10:09.697,3001.85,3002.32,0.528,27,0.6341,SUCCESS,0.0158,WARNING
FIL-003481,ORD-003481,2026-08-26 09:10:09.909,60012.89,60013.31,0.617,13,14.8113,SUCCESS,0.0007,NORMAL
FIL-003482,ORD-003482,2026-08-26 09:10:10.081,140.11,140.07,1.297,7,0.0727,SUCCESS,0.0296,NORMAL
FIL-003483,ORD-003483,2026-08-26 09:10:10.283,3005.78,3005.64,0.882,30,1.0604,SUCCESS,0.0046,NORMAL
FIL-003484,ORD-003484,2026-08-26 09:10:10.392,59967.44,59964.8,2.078,21,49.8427,SUCCESS,0.0044,NORMAL
FIL-003485,ORD-003485,2026-08-26 09:10:10.477,139.92,139.94,0.296,10,0.0166,SUCCESS,0.0113,NORMAL
FIL-003486,ORD-003486,2026-08-26 09:10:10.739,3000.85,3000.05,0.499,28,0.5988,SUCCESS,0.0265,NORMAL
FIL-003487,ORD-003487,2026-08-26 09:10:10.836,140.0,140.01,0.407,12,0.0228,SUCCESS,0.0039,NORMAL
FIL-003488,ORD-003488,2026-08-26 09:10:11.085,59979.89,59985.53,0.668,5,16.0281,SUCCESS,0.0094,NORMAL
FIL-003489,ORD-003489,2026-08-26 09:10:11.332,140.02,140.05,0.477,10,0.0267,SUCCESS,0.0217,NORMAL
FIL-003490,ORD-003490,2026-08-26 09:10:11.464,3002.19,3002.26,1.81,7,2.1736,SUCCESS,0.0024,NORMAL
FIL-003491,ORD-003491,2026-08-26 09:10:11.688,140.09,140.05,0.833,38,0.0467,SUCCESS,0.0321,NORMAL
FIL-003492,ORD-003492,2026-08-26 09:10:11.988,2996.36,2997.13,1.075,6,1.2888,SUCCESS,0.0256,NORMAL
FIL-003493,ORD-003493,2026-08-26 09:10:12.052,139.89,139.88,1.177,14,0.0659,SUCCESS,0.0075,NORMAL
FIL-003494,ORD-003494,2026-08-26 09:10:12.255,3002.53,3003.06,0.972,29,1.1676,SUCCESS,0.0176,NORMAL
FIL-003495,ORD-003495,2026-08-26 09:10:12.500,59991.56,59976.5,1.232,43,29.5564,SUCCESS,0.0251,NORMAL
FIL-003496,ORD-003496,2026-08-26 09:10:12.685,2999.3,2999.92,1.152,27,1.3824,SUCCESS,0.0207,NORMAL
FIL-003497,ORD-003497,2026-08-26 09:10:12.826,139.82,139.82,1.207,5,0.0675,SUCCESS,0.0029,NORMAL
FIL-003498,ORD-003498,2026-08-26 09:10:12.942,140.04,139.99,1.203,5,0.0674,SUCCESS,0.0387,NORMAL
FIL-003499,ORD-003499,2026-08-26 09:10:12.999,2994.72,2994.99,1.325,28,1.5873,SUCCESS,0.0089,NORMAL
FIL-003500,ORD-003500,2026-08-26 09:10:13.250,60031.2,60042.13,0.3,5,7.2051,SUCCESS,0.0182,NORMAL
FIL-003501,ORD-003501,2026-08-26 09:10:13.550,60100.58,60106.89,2.304,12,55.3945,SUCCESS,0.0105,NORMAL
FIL-003502,ORD-003502,2026-08-26 09:10:13.827,59876.22,59867.0,1.314,9,31.4661,SUCCESS,0.0154,NORMAL
FIL-003503,ORD-003503,2026-08-26 09:10:13.927,60101.46,60114.32,1.404,30,33.7602,SUCCESS,0.0214,NORMAL
FIL-003504,ORD-003504,2026-08-26 09:10:13.993,60009.68,59998.76,0.858,27,20.5916,SUCCESS,0.0182,NORMAL
FIL-003505,ORD-003505,2026-08-26 09:10:14.255,3001.13,3002.03,1.081,16,1.2981,SUCCESS,0.03,NORMAL
FIL-003506,ORD-003506,2026-08-26 09:10:14.511,139.95,139.95,1.258,12,0.0704,SUCCESS,0.0004,NORMAL
FIL-003507,ORD-003507,2026-08-26 09:10:14.669,140.05,140.05,0.358,11,0.0201,SUCCESS,0.0,NORMAL
FIL-003508,ORD-003508,2026-08-26 09:10:14.741,139.88,139.83,1.016,9,0.0568,SUCCESS,0.0349,NORMAL
FIL-003509,ORD-003509,2026-08-26 09:10:14.998,140.09,140.04,0.49,21,0.0274,SUCCESS,0.0376,NORMAL
FIL-003510,ORD-003510,2026-08-26 09:10:15.082,3000.43,3000.84,2.053,11,2.4643,SUCCESS,0.0135,NORMAL
FIL-003511,ORD-003511,2026-08-26 09:10:15.380,139.85,139.83,1.132,41,0.0633,SUCCESS,0.0173,NORMAL
FIL-003512,ORD-003512,2026-08-26 09:10:15.606,3004.4,3004.63,1.997,17,2.4001,SUCCESS,0.0076,NORMAL
FIL-003513,ORD-003513,2026-08-26 09:10:15.714,60049.63,60050.77,0.917,9,22.0266,SUCCESS,0.0019,NORMAL
FIL-003514,ORD-003514,2026-08-26 09:10:15.945,139.73,139.77,2.335,11,0.1305,SUCCESS,0.0296,NORMAL
FIL-003515,ORD-003515,2026-08-26 09:10:16.164,2999.55,2999.6,1.527,7,1.8322,SUCCESS,0.0016,NORMAL
FIL-003516,ORD-003516,2026-08-26 09:10:16.284,140.0,139.93,0.808,22,0.0452,SUCCESS,0.047,NORMAL
FIL-003517,ORD-003517,2026-08-26 09:10:16.491,140.16,140.12,2.114,5,0.1185,SUCCESS,0.0274,NORMAL
FIL-003518,ORD-003518,2026-08-26 09:10:16.765,139.79,139.75,1.446,15,0.0808,SUCCESS,0.0291,NORMAL
FIL-003519,ORD-003519,2026-08-26 09:10:16.948,3006.22,3006.18,0.936,8,1.1255,SUCCESS,0.0013,NORMAL
FIL-003520,ORD-003520,2026-08-26 09:10:17.110,59982.16,59990.44,0.444,27,10.6543,SUCCESS,0.0138,NORMAL
FIL-003521,ORD-003521,2026-08-26 09:10:17.376,140.05,140.03,2.253,7,0.1262,SUCCESS,0.0174,NORMAL
FIL-003522,ORD-003522,2026-08-26 09:10:17.589,140.09,140.12,1.397,17,0.0783,SUCCESS,0.0205,NORMAL
FIL-003523,ORD-003523,2026-08-26 09:10:17.831,139.91,139.91,2.323,51,0.13,SUCCESS,0.0029,NORMAL
FIL-003524,ORD-003524,2026-08-26 09:10:17.906,140.13,140.12,0.889,27,0.0498,SUCCESS,0.006,NORMAL
FIL-003525,ORD-003525,2026-08-26 09:10:18.056,3003.36,3003.65,0.484,11,0.5815,SUCCESS,0.0096,NORMAL
FIL-003526,ORD-003526,2026-08-26 09:10:18.159,140.01,140.05,1.632,20,0.0914,SUCCESS,0.0257,NORMAL
FIL-003527,ORD-003527,2026-08-26 09:10:18.229,139.91,139.9,0.374,70,0.0209,SUCCESS,0.009,NORMAL
FIL-003528,ORD-003528,2026-08-26 09:10:18.299,139.9,139.93,2.102,24,0.1177,SUCCESS,0.0234,NORMAL
FIL-003529,ORD-003529,2026-08-26 09:10:18.552,3001.94,3000.29,0.154,10,0.1848,SUCCESS,0.0549,NORMAL
FIL-003530,ORD-003530,2026-08-26 09:10:18.696,139.86,139.89,1.485,48,0.0831,SUCCESS,0.0211,NORMAL
FIL-003531,ORD-003531,2026-08-26 09:10:18.799,2999.62,3001.29,1.115,8,1.3386,SUCCESS,0.0556,NORMAL
FIL-003532,ORD-003532,2026-08-26 09:10:18.978,59949.97,59949.07,0.851,8,20.4067,SUCCESS,0.0015,NORMAL
FIL-003533,ORD-003533,2026-08-26 09:10:19.224,139.96,140.01,1.898,6,0.1063,SUCCESS,0.0344,NORMAL
FIL-003534,ORD-003534,2026-08-26 09:10:19.464,139.89,139.86,0.148,16,0.0083,SUCCESS,0.0194,NORMAL
FIL-003535,ORD-003535,2026-08-26 09:10:19.577,60012.2,60016.94,0.292,18,7.01,SUCCESS,0.0079,NORMAL
FIL-003536,ORD-003536,2026-08-26 09:10:19.792,139.83,139.83,0.838,17,0.0469,SUCCESS,0.0025,NORMAL
FIL-003537,ORD-003537,2026-08-26 09:10:19.857,2998.02,2997.64,0.201,11,0.241,SUCCESS,0.0127,NORMAL
FIL-003538,ORD-003538,2026-08-26 09:10:20.090,139.98,139.95,2.153,18,0.1205,SUCCESS,0.0222,NORMAL
FIL-003539,ORD-003539,2026-08-26 09:10:20.194,60051.19,60054.97,0.426,5,10.2334,SUCCESS,0.0063,NORMAL
FIL-003540,ORD-003540,2026-08-26 09:10:20.422,139.89,139.84,0.924,7,0.0517,SUCCESS,0.0393,NORMAL
FIL-003541,ORD-003541,2026-08-26 09:10:20.584,139.79,139.78,0.436,14,0.0244,SUCCESS,0.0039,NORMAL
FIL-003542,ORD-003542,2026-08-26 09:10:20.779,59934.47,59945.38,1.539,16,36.9024,SUCCESS,0.0182,NORMAL
FIL-003543,ORD-003543,2026-08-26 09:10:20.830,60040.86,60051.25,0.245,14,5.885,SUCCESS,0.0173,NORMAL
FIL-003544,ORD-003544,2026-08-26 09:10:21.095,139.79,139.74,2.444,30,0.1366,SUCCESS,0.035,NORMAL
FIL-003545,ORD-003545,2026-08-26 09:10:21.208,3003.71,3003.8,1.181,5,1.419,SUCCESS,0.0029,NORMAL
FIL-003546,ORD-003546,2026-08-26 09:10:21.382,60141.64,60128.77,0.675,6,16.2348,SUCCESS,0.0214,NORMAL
FIL-003547,ORD-003547,2026-08-26 09:10:21.529,139.96,139.97,0.378,14,0.0212,SUCCESS,0.0045,NORMAL
FIL-003548,ORD-003548,2026-08-26 09:10:21.613,2999.86,3000.67,0.202,20,0.2425,SUCCESS,0.0271,NORMAL
FIL-003549,ORD-003549,2026-08-26 09:10:21.703,140.22,140.29,0.168,13,0.0094,SUCCESS,0.0496,NORMAL
FIL-003550,ORD-003550,2026-08-26 09:10:21.840,139.79,139.77,1.084,8,0.0606,SUCCESS,0.0126,NORMAL
FIL-003551,ORD-003551,2026-08-26 09:10:21.955,60032.14,60009.75,2.037,9,48.8959,SUCCESS,0.0373,NORMAL
FIL-003552,ORD-003552,2026-08-26 09:10:22.183,59980.51,59962.34,1.596,7,38.28,SUCCESS,0.0303,NORMAL
FIL-003553,ORD-003553,2026-08-26 09:10:22.442,2996.18,2996.11,1.385,9,1.6598,SUCCESS,0.0024,NORMAL
FIL-003554,ORD-003554,2026-08-26 09:10:22.738,140.03,140.01,2.441,22,0.1367,SUCCESS,0.0136,NORMAL
FIL-003555,ORD-003555,2026-08-26 09:10:22.913,60059.52,60072.61,0.103,10,2.475,SUCCESS,0.0218,NORMAL
FIL-003556,ORD-003556,2026-08-26 09:10:22.997,59925.31,59929.68,0.6,13,14.3831,SUCCESS,0.0073,NORMAL
FIL-003557,ORD-003557,2026-08-26 09:10:23.076,140.3,140.3,0.749,13,0.042,SUCCESS,0.0032,NORMAL
FIL-003558,ORD-003558,2026-08-26 09:10:23.273,140.05,140.06,2.324,9,0.1302,SUCCESS,0.0086,NORMAL
FIL-003559,ORD-003559,2026-08-26 09:10:23.543,2996.08,2997.04,1.768,23,2.1195,SUCCESS,0.0319,NORMAL
FIL-003560,ORD-003560,2026-08-26 09:10:23.812,139.98,140.01,1.388,6,0.0777,SUCCESS,0.024,NORMAL
FIL-003561,ORD-003561,2026-08-26 09:10:23.951,3000.82,3000.6,1.911,16,2.2937,SUCCESS,0.0072,NORMAL
FIL-003562,ORD-003562,2026-08-26 09:10:24.229,59917.56,59927.33,1.39,46,33.3196,SUCCESS,0.0163,NORMAL
FIL-003563,ORD-003563,2026-08-26 09:10:24.329,3000.94,3001.14,0.738,9,0.8859,SUCCESS,0.0068,NORMAL
FIL-003564,ORD-003564,2026-08-26 09:10:24.580,59980.8,59961.31,2.464,47,59.0979,SUCCESS,0.0325,NORMAL
FIL-003565,ORD-003565,2026-08-26 09:10:24.826,60034.62,60011.57,1.962,22,47.0971,SUCCESS,0.0384,NORMAL
FIL-003566,ORD-003566,2026-08-26 09:10:25.009,60016.06,60029.32,1.309,15,31.4314,SUCCESS,0.0221,NORMAL
FIL-003567,ORD-003567,2026-08-26 09:10:25.150,59883.49,59860.14,1.665,14,39.8669,SUCCESS,0.039,NORMAL
FIL-003568,ORD-003568,2026-08-26 09:10:25.321,139.94,139.94,0.782,6,0.0438,SUCCESS,0.0018,NORMAL
FIL-003569,ORD-003569,2026-08-26 09:10:25.525,3004.12,3005.19,1.822,5,2.1902,SUCCESS,0.0357,NORMAL
FIL-003570,ORD-003570,2026-08-26 09:10:25.738,59910.64,59918.85,1.33,6,31.8768,SUCCESS,0.0137,NORMAL
FIL-003571,ORD-003571,2026-08-26 09:10:25.855,3001.47,3002.64,0.42,9,0.5044,SUCCESS,0.0391,NORMAL
FIL-003572,ORD-003572,2026-08-26 09:10:26.125,59966.43,59972.73,2.134,16,51.1927,SUCCESS,0.0105,NORMAL
FIL-003573,ORD-003573,2026-08-26 09:10:26.293,60101.38,60115.44,0.955,13,22.9641,SUCCESS,0.0234,NORMAL
FIL-003574,ORD-003574,2026-08-26 09:10:26.524,59966.51,59969.87,0.147,22,3.5262,SUCCESS,0.0056,NORMAL
FIL-003575,ORD-003575,2026-08-26 09:10:26.718,140.13,140.12,0.753,6,0.0422,SUCCESS,0.0094,NORMAL
FIL-003576,ORD-003576,2026-08-26 09:10:26.909,59992.88,59998.64,0.676,11,16.2236,SUCCESS,0.0096,NORMAL
FIL-003577,ORD-003577,2026-08-26 09:10:26.984,140.05,140.06,1.579,8,0.0885,SUCCESS,0.0095,NORMAL
FIL-003578,ORD-003578,2026-08-26 09:10:27.041,140.15,140.16,2.385,15,0.1337,SUCCESS,0.0054,NORMAL
FIL-003579,ORD-003579,2026-08-26 09:10:27.329,139.88,139.84,0.714,39,0.0399,SUCCESS,0.0251,NORMAL
FIL-003580,ORD-003580,2026-08-26 09:10:27.415,140.13,139.89,1.29,425,0.0722,SUCCESS,0.1734,WARNING
FIL-003582,ORD-003582,2026-08-26 09:10:27.552,60032.8,60217.58,0.338,976,8.1414,SUCCESS,0.3078,EMERGENCY_PAUSE
FIL-003583,ORD-003583,2026-08-26 09:10:27.640,3001.93,3012.69,0.508,418,0.6122,SUCCESS,0.3583,EMERGENCY_PAUSE
FIL-003584,ORD-003584,2026-08-26 09:10:27.724,59957.46,60089.91,2.244,464,53.9367,SUCCESS,0.2209,EMERGENCY_PAUSE
FIL-003585,ORD-003585,2026-08-26 09:10:27.928,59913.31,59718.59,0.124,468,2.962,SUCCESS,0.325,EMERGENCY_PAUSE
FIL-003586,ORD-003586,2026-08-26 09:10:27.981,2997.07,3002.79,2.393,240,2.8743,SUCCESS,0.191,EMERGENCY_PAUSE
FIL-003587,ORD-003587,2026-08-26 09:10:28.074,59916.93,59792.96,1.969,182,47.0929,SUCCESS,0.2069,EMERGENCY_PAUSE
FIL-003588,ORD-003588,2026-08-26 09:10:28.350,59986.14,60144.62,0.199,1057,4.7875,SUCCESS,0.2642,EMERGENCY_PAUSE
FIL-003589,ORD-003589,2026-08-26 09:10:28.636,60021.28,59926.75,2.077,217,49.7871,SUCCESS,0.1575,EMERGENCY_PAUSE
FIL-003591,ORD-003591,2026-08-26 09:10:29.046,60029.69,60028.31,0.835,23,20.0495,SUCCESS,0.0023,EMERGENCY_PAUSE
FIL-003592,ORD-003592,2026-08-26 09:10:29.297,60033.27,60042.03,0.804,55,19.3095,SUCCESS,0.0146,EMERGENCY_PAUSE
FIL-003593,ORD-003593,2026-08-26 09:10:29.383,59960.96,59963.36,1.054,7,25.2806,SUCCESS,0.004,EMERGENCY_PAUSE
FIL-003594,ORD-003594,2026-08-26 09:10:29.469,3004.68,3004.98,1.913,6,2.2994,SUCCESS,0.01,EMERGENCY_PAUSE
FIL-003595,ORD-003595,2026-08-26 09:10:29.723,139.83,139.88,2.076,10,0.1162,SUCCESS,0.0331,EMERGENCY_PAUSE
FIL-003596,ORD-003596,2026-08-26 09:10:29.880,2999.04,3000.58,1.719,25,2.0632,SUCCESS,0.0512,EMERGENCY_PAUSE
FIL-003597,ORD-003597,2026-08-26 09:10:30.034,140.05,140.05,0.413,5,0.0231,SUCCESS,0.0001,EMERGENCY_PAUSE
FIL-003598,ORD-003598,2026-08-26 09:10:30.332,60027.43,60020.35,1.437,28,34.4997,SUCCESS,0.0118,EMERGENCY_PAUSE
FIL-003599,ORD-003599,2026-08-26 09:10:30.531,139.9,139.92,1.761,14,0.0986,SUCCESS,0.0133,THROTTLE
FIL-003600,ORD-003600,2026-08-26 09:10:30.728,140.07,140.07,0.354,22,0.0198,SUCCESS,0.001,WARNING
FIL-003601,ORD-003601,2026-08-26 09:10:30.993,139.99,140.01,1.495,22,0.0837,SUCCESS,0.0131,NORMAL
FIL-003602,ORD-003602,2026-08-26 09:10:31.236,60076.75,60088.04,1.071,5,25.7417,SUCCESS,0.0188,NORMAL
FIL-003603,ORD-003603,2026-08-26 09:10:31.351,139.84,139.82,2.224,26,0.1244,SUCCESS,0.0167,NORMAL
FIL-003604,ORD-003604,2026-08-26 09:10:31.508,2995.68,2995.45,1.333,27,1.5972,SUCCESS,0.0077,NORMAL
FIL-003605,ORD-003605,2026-08-26 09:10:31.686,59998.4,59999.0,2.279,10,54.6951,SUCCESS,0.001,NORMAL
FIL-003606,ORD-003606,2026-08-26 09:10:31.795,140.06,140.05,1.327,21,0.0743,SUCCESS,0.005,NORMAL
FIL-003607,ORD-003607,2026-08-26 09:10:31.919,3000.75,3000.87,0.178,13,0.2137,SUCCESS,0.004,NORMAL
FIL-003608,ORD-003608,2026-08-26 09:10:32.115,139.97,140.0,0.221,15,0.0124,SUCCESS,0.0227,NORMAL
FIL-003609,ORD-003609,2026-08-26 09:10:32.378,139.46,139.48,1.601,12,0.0893,SUCCESS,0.0157,NORMAL
FIL-003610,ORD-003610,2026-08-26 09:10:32.539,60033.24,60030.18,0.746,12,17.913,SUCCESS,0.0051,NORMAL
FIL-003611,ORD-003611,2026-08-26 09:10:32.646,3000.9,3000.5,0.479,18,0.5749,SUCCESS,0.0133,NORMAL
FIL-003612,ORD-003612,2026-08-26 09:10:32.915,140.01,139.99,0.455,10,0.0255,SUCCESS,0.013,NORMAL
FIL-003613,ORD-003613,2026-08-26 09:10:33.090,59939.4,59949.29,1.884,14,45.1778,SUCCESS,0.0165,NORMAL
FIL-003614,ORD-003614,2026-08-26 09:10:33.364,140.12,140.13,0.889,14,0.0498,SUCCESS,0.0068,NORMAL
FIL-003615,ORD-003615,2026-08-26 09:10:33.510,59912.09,59913.29,1.417,84,33.9589,SUCCESS,0.002,NORMAL
FIL-003616,ORD-003616,2026-08-26 09:10:33.711,59977.9,59967.64,1.188,47,28.4966,SUCCESS,0.0171,NORMAL
FIL-003617,ORD-003617,2026-08-26 09:10:33.906,60016.82,60022.28,1.943,23,46.6493,SUCCESS,0.0091,NORMAL
FIL-003618,ORD-003618,2026-08-26 09:10:34.104,60016.17,60021.63,0.106,11,2.5449,SUCCESS,0.0091,NORMAL
FIL-003619,ORD-003619,2026-08-26 09:10:34.214,59987.09,59978.87,0.465,18,11.1561,SUCCESS,0.0137,NORMAL
FIL-003620,ORD-003620,2026-08-26 09:10:34.436,59984.64,59963.59,2.096,15,50.2735,SUCCESS,0.0351,NORMAL
FIL-003621,ORD-003621,2026-08-26 09:10:34.624,140.11,140.09,1.032,56,0.0578,SUCCESS,0.0162,NORMAL
FIL-003622,ORD-003622,2026-08-26 09:10:34.915,139.77,139.74,2.382,42,0.1331,SUCCESS,0.018,NORMAL
FIL-003623,ORD-003623,2026-08-26 09:10:34.977,139.7,139.69,0.688,7,0.0384,SUCCESS,0.0059,NORMAL
FIL-003624,ORD-003624,2026-08-26 09:10:35.051,60033.84,60033.72,0.385,16,9.2452,SUCCESS,0.0002,NORMAL
FIL-003625,ORD-003625,2026-08-26 09:10:35.326,139.99,140.01,0.331,6,0.0185,SUCCESS,0.0141,NORMAL
FIL-003626,ORD-003626,2026-08-26 09:10:35.553,59994.21,59990.85,1.65,81,39.594,SUCCESS,0.0056,NORMAL
FIL-003627,ORD-003627,2026-08-26 09:10:35.682,2996.43,2995.47,2.411,30,2.8888,SUCCESS,0.0322,NORMAL
FIL-003628,ORD-003628,2026-08-26 09:10:35.735,59971.62,59988.53,2.135,6,51.2302,SUCCESS,0.0282,NORMAL
FIL-003629,ORD-003629,2026-08-26 09:10:35.890,59983.43,59971.01,0.767,11,18.3991,SUCCESS,0.0207,NORMAL
FIL-003630,ORD-003630,2026-08-26 09:10:36.004,59943.69,59943.21,1.557,22,37.3326,SUCCESS,0.0008,NORMAL
FIL-003631,ORD-003631,2026-08-26 09:10:36.067,2996.64,2996.45,0.456,7,0.5466,SUCCESS,0.0063,NORMAL
FIL-003632,ORD-003632,2026-08-26 09:10:36.121,60015.34,60022.54,1.646,16,39.5188,SUCCESS,0.012,NORMAL
FIL-003633,ORD-003633,2026-08-26 09:10:36.227,60067.5,60087.56,0.431,9,10.3591,SUCCESS,0.0334,NORMAL
FIL-003634,ORD-003634,2026-08-26 09:10:36.315,140.16,140.14,2.424,10,0.1359,SUCCESS,0.0128,NORMAL
FIL-003635,ORD-003635,2026-08-26 09:10:36.492,2998.66,2999.11,2.229,8,2.674,SUCCESS,0.015,NORMAL
FIL-003636,ORD-003636,2026-08-26 09:10:36.633,2998.5,2997.9,1.995,5,2.3923,SUCCESS,0.0201,NORMAL
FIL-003637,ORD-003637,2026-08-26 09:10:36.771,139.89,139.92,2.333,10,0.1306,SUCCESS,0.0237,NORMAL
FIL-003638,ORD-003638,2026-08-26 09:10:37.018,3002.08,3002.72,1.587,7,1.9061,SUCCESS,0.0214,NORMAL
FIL-003639,ORD-003639,2026-08-26 09:10:37.243,139.89,139.89,1.417,5,0.0793,SUCCESS,0.0023,NORMAL
FIL-003640,ORD-003640,2026-08-26 09:10:37.381,3004.97,3005.42,2.439,26,2.9321,SUCCESS,0.0149,NORMAL
FIL-003641,ORD-003641,2026-08-26 09:10:37.657,140.08,140.1,1.054,10,0.0591,SUCCESS,0.0115,NORMAL
FIL-003642,ORD-003642,2026-08-26 09:10:37.816,59981.79,59997.63,0.233,59,5.5918,SUCCESS,0.0264,NORMAL
FIL-003643,ORD-003643,2026-08-26 09:10:37.902,3000.48,3000.92,0.682,23,0.8187,SUCCESS,0.0146,NORMAL
FIL-003644,ORD-003644,2026-08-26 09:10:37.996,2996.76,2997.96,1.89,56,2.2665,SUCCESS,0.0399,NORMAL
FIL-003645,ORD-003645,2026-08-26 09:10:38.063,60119.78,60130.12,1.605,5,38.6035,SUCCESS,0.0172,NORMAL
FIL-003646,ORD-003646,2026-08-26 09:10:38.249,3001.59,3002.49,0.735,11,0.8827,SUCCESS,0.0299,NORMAL
FIL-003647,ORD-003647,2026-08-26 09:10:38.382,140.0,139.99,1.145,5,0.0641,SUCCESS,0.0051,NORMAL
FIL-003648,ORD-003648,2026-08-26 09:10:38.510,59963.21,59962.97,2.43,17,58.284,SUCCESS,0.0004,NORMAL
FIL-003649,ORD-003649,2026-08-26 09:10:38.616,139.99,139.99,1.106,6,0.0619,SUCCESS,0.0033,NORMAL
FIL-003650,ORD-003650,2026-08-26 09:10:38.688,140.24,140.2,0.357,20,0.02,SUCCESS,0.0279,NORMAL
FIL-003651,ORD-003651,2026-08-26 09:10:38.898,2999.21,2999.38,1.884,5,2.2603,SUCCESS,0.0057,NORMAL
FIL-003652,ORD-003652,2026-08-26 09:10:39.090,60031.64,60026.9,0.664,7,15.9431,SUCCESS,0.0079,NORMAL
FIL-003653,ORD-003653,2026-08-26 09:10:39.380,2998.97,2999.11,0.506,16,0.607,SUCCESS,0.0046,NORMAL
FIL-003654,ORD-003654,2026-08-26 09:10:39.673,3003.59,3004.72,1.201,28,1.4435,SUCCESS,0.0376,NORMAL
FIL-003655,ORD-003655,2026-08-26 09:10:39.830,59926.97,59921.46,1.041,9,24.9513,SUCCESS,0.0092,NORMAL
FIL-003656,ORD-003656,2026-08-26 09:10:40.123,140.14,140.08,1.98,14,0.1109,SUCCESS,0.0416,NORMAL
FIL-003657,ORD-003657,2026-08-26 09:10:40.398,60069.72,60092.73,2.324,30,55.8622,SUCCESS,0.0383,NORMAL
FIL-003658,ORD-003658,2026-08-26 09:10:40.517,3003.91,3003.35,2.155,8,2.5889,SUCCESS,0.0187,NORMAL
FIL-003659,ORD-003659,2026-08-26 09:10:40.715,140.08,140.06,1.69,10,0.0947,SUCCESS,0.0158,NORMAL
FIL-003660,ORD-003660,2026-08-26 09:10:40.792,60049.44,60066.25,2.44,5,58.6247,SUCCESS,0.028,NORMAL
FIL-003661,ORD-003661,2026-08-26 09:10:40.879,139.85,139.83,0.823,46,0.046,SUCCESS,0.0145,NORMAL
FIL-003662,ORD-003662,2026-08-26 09:10:40.942,60002.46,60009.0,0.603,6,14.4742,SUCCESS,0.0109,NORMAL
FIL-003663,ORD-003663,2026-08-26 09:10:41.234,2994.54,2993.61,1.414,5,1.6932,SUCCESS,0.0309,NORMAL
FIL-003664,ORD-003664,2026-08-26 09:10:41.348,59871.46,59887.45,1.139,6,27.2847,SUCCESS,0.0267,NORMAL
FIL-003665,ORD-003665,2026-08-26 09:10:41.402,140.09,140.06,1.986,7,0.1113,SUCCESS,0.021,NORMAL
FIL-003666,ORD-003666,2026-08-26 09:10:41.483,2997.2,2997.1,0.311,22,0.3728,SUCCESS,0.0035,NORMAL
FIL-003667,ORD-003667,2026-08-26 09:10:41.570,59997.59,59990.09,0.293,30,7.0308,SUCCESS,0.0125,NORMAL
FIL-003668,ORD-003668,2026-08-26 09:10:41.677,2996.47,2997.71,0.66,11,0.7914,SUCCESS,0.0415,NORMAL
FIL-003669,ORD-003669,2026-08-26 09:10:41.912,2998.0,2996.62,2.035,14,2.4392,SUCCESS,0.046,NORMAL
FIL-003670,ORD-003670,2026-08-26 09:10:42.065,59891.63,59880.37,0.156,12,3.7365,SUCCESS,0.0188,NORMAL
FIL-003671,ORD-003671,2026-08-26 09:10:42.324,2992.67,2992.6,2.132,25,2.5521,SUCCESS,0.0023,NORMAL
FIL-003672,ORD-003672,2026-08-26 09:10:42.453,60137.78,60144.21,2.208,32,53.1194,SUCCESS,0.0107,NORMAL
FIL-003673,ORD-003673,2026-08-26 09:10:42.510,59940.62,59935.11,0.693,33,16.614,SUCCESS,0.0092,NORMAL
FIL-003674,ORD-003674,2026-08-26 09:10:42.668,59955.09,59946.34,2.383,6,57.1409,SUCCESS,0.0146,NORMAL
FIL-003675,ORD-003675,2026-08-26 09:10:42.941,60029.51,60035.93,1.852,20,44.4746,SUCCESS,0.0107,NORMAL
FIL-003676,ORD-003676,2026-08-26 09:10:43.169,139.9,139.89,0.492,8,0.0275,SUCCESS,0.0098,NORMAL
FIL-003677,ORD-003677,2026-08-26 09:10:43.373,60047.31,60050.49,1.521,15,36.5347,SUCCESS,0.0053,NORMAL
FIL-003678,ORD-003678,2026-08-26 09:10:43.476,60001.72,60028.36,2.352,5,56.4747,SUCCESS,0.0444,NORMAL
FIL-003679,ORD-003679,2026-08-26 09:10:43.653,2999.89,2999.75,1.901,20,2.281,SUCCESS,0.0046,NORMAL
FIL-003680,ORD-003680,2026-08-26 09:10:43.809,140.11,140.12,1.665,24,0.0933,SUCCESS,0.008,NORMAL
FIL-003681,ORD-003681,2026-08-26 09:10:43.898,60096.93,60097.41,2.222,11,53.4146,SUCCESS,0.0008,NORMAL
FIL-003682,ORD-003682,2026-08-26 09:10:44.020,3003.64,3004.39,1.496,62,1.7978,SUCCESS,0.025,NORMAL
FIL-003683,ORD-003683,2026-08-26 09:10:44.072,139.85,139.81,0.975,7,0.0545,SUCCESS,0.0252,NORMAL
FIL-003684,ORD-003684,2026-08-26 09:10:44.208,140.1,140.11,0.918,34,0.0514,SUCCESS,0.0097,NORMAL
FIL-003685,ORD-003685,2026-08-26 09:10:44.400,139.84,139.84,2.314,9,0.1294,SUCCESS,0.0021,NORMAL
FIL-003686,ORD-003686,2026-08-26 09:10:44.569,139.74,139.74,0.43,8,0.024,SUCCESS,0.0023,NORMAL
FIL-003687,ORD-003687,2026-08-26 09:10:44.646,140.21,140.23,2.369,8,0.1329,SUCCESS,0.0138,NORMAL
FIL-003688,ORD-003688,2026-08-26 09:10:44.816,3005.23,3006.13,1.97,17,2.3688,SUCCESS,0.0301,NORMAL
FIL-003689,ORD-003689,2026-08-26 09:10:45.016,59886.09,59888.55,2.21,26,52.9415,SUCCESS,0.0041,NORMAL
FIL-003690,ORD-003690,2026-08-26 09:10:45.116,139.88,139.83,0.389,6,0.0218,SUCCESS,0.0324,NORMAL
FIL-003691,ORD-003691,2026-08-26 09:10:45.309,2997.91,2997.54,2.208,9,2.6474,SUCCESS,0.0122,NORMAL
FIL-003692,ORD-003692,2026-08-26 09:10:45.544,59956.56,59974.73,0.136,22,3.2626,SUCCESS,0.0303,NORMAL
FIL-003693,ORD-003693,2026-08-26 09:10:45.602,139.87,139.83,2.429,20,0.1359,SUCCESS,0.0264,NORMAL
FIL-003694,ORD-003694,2026-08-26 09:10:45.856,59969.78,59993.29,0.804,7,19.2938,SUCCESS,0.0392,NORMAL
FIL-003695,ORD-003695,2026-08-26 09:10:46.117,60055.38,60061.87,0.489,17,11.7481,SUCCESS,0.0108,NORMAL
FIL-003696,ORD-003696,2026-08-26 09:10:46.338,60025.44,60020.16,1.023,11,24.5602,SUCCESS,0.0088,NORMAL
FIL-003697,ORD-003697,2026-08-26 09:10:46.393,3004.33,3003.67,1.699,13,2.0413,SUCCESS,0.0221,NORMAL
FIL-003698,ORD-003698,2026-08-26 09:10:46.619,3001.47,3000.67,1.149,16,1.3791,SUCCESS,0.0267,NORMAL
FIL-003699,ORD-003699,2026-08-26 09:10:46.847,60020.73,60023.67,2.336,37,56.0861,SUCCESS,0.0049,NORMAL
FIL-003700,ORD-003700,2026-08-26 09:10:46.934,140.0,140.26,1.076,254,0.0604,SUCCESS,0.1846,WARNING
FIL-003701,ORD-003701,2026-08-26 09:10:47.228,2996.91,3003.36,0.974,531,1.1701,SUCCESS,0.2153,THROTTLE
FIL-003702,ORD-003702,2026-08-26 09:10:47.436,139.89,139.32,1.787,703,0.0996,SUCCESS,0.4046,EMERGENCY_PAUSE
FIL-003704,ORD-003704,2026-08-26 09:10:47.596,2999.69,3011.47,2.054,279,2.4742,SUCCESS,0.3928,EMERGENCY_PAUSE
FIL-003705,ORD-003705,2026-08-26 09:10:47.828,60090.79,60248.89,1.827,223,44.0299,SUCCESS,0.2631,EMERGENCY_PAUSE
FIL-003706,ORD-003706,2026-08-26 09:10:48.035,140.06,139.52,0.655,379,0.0366,SUCCESS,0.3883,EMERGENCY_PAUSE
FIL-003708,ORD-003708,2026-08-26 09:10:48.530,3002.3,2996.4,1.313,195,1.5737,SUCCESS,0.1966,EMERGENCY_PAUSE
FIL-003709,ORD-003709,2026-08-26 09:10:48.608,3003.29,3010.83,1.887,385,2.2726,SUCCESS,0.2511,EMERGENCY_PAUSE
FIL-003711,ORD-003711,2026-08-26 09:10:48.899,140.07,140.05,0.723,25,0.0405,SUCCESS,0.0152,EMERGENCY_PAUSE
FIL-003712,ORD-003712,2026-08-26 09:10:49.007,140.18,140.18,1.208,9,0.0677,SUCCESS,0.0034,EMERGENCY_PAUSE
FIL-003713,ORD-003713,2026-08-26 09:10:49.251,139.84,139.84,0.803,16,0.0449,SUCCESS,0.0008,EMERGENCY_PAUSE
FIL-003714,ORD-003714,2026-08-26 09:10:49.337,139.89,139.86,1.21,12,0.0677,SUCCESS,0.0196,EMERGENCY_PAUSE
FIL-003715,ORD-003715,2026-08-26 09:10:49.402,59907.63,59892.05,1.206,35,28.8919,SUCCESS,0.026,EMERGENCY_PAUSE
FIL-003716,ORD-003716,2026-08-26 09:10:49.618,140.16,140.14,0.733,15,0.0411,SUCCESS,0.0173,EMERGENCY_PAUSE
FIL-003717,ORD-003717,2026-08-26 09:10:49.792,3000.14,3000.23,0.62,32,0.7441,SUCCESS,0.0031,EMERGENCY_PAUSE
FIL-003718,ORD-003718,2026-08-26 09:10:50.069,2999.06,2999.02,1.963,21,2.3548,SUCCESS,0.0012,EMERGENCY_PAUSE
FIL-003719,ORD-003719,2026-08-26 09:10:50.202,2996.35,2996.17,1.308,5,1.5676,SUCCESS,0.0059,THROTTLE
FIL-003720,ORD-003720,2026-08-26 09:10:50.296,139.96,139.92,0.489,5,0.0274,SUCCESS,0.0298,WARNING
FIL-003721,ORD-003721,2026-08-26 09:10:50.383,3001.08,3000.96,1.367,10,1.6409,SUCCESS,0.0041,NORMAL
FIL-003722,ORD-003722,2026-08-26 09:10:50.547,3001.45,3001.97,2.493,9,2.9936,SUCCESS,0.0172,NORMAL
FIL-003723,ORD-003723,2026-08-26 09:10:50.693,2996.58,2995.46,1.666,11,1.9962,SUCCESS,0.0375,NORMAL
FIL-003724,ORD-003724,2026-08-26 09:10:50.923,140.09,140.12,2.163,14,0.1212,SUCCESS,0.022,NORMAL
FIL-003725,ORD-003725,2026-08-26 09:10:51.094,60004.54,59982.22,2.31,9,55.4236,SUCCESS,0.0372,NORMAL
FIL-003726,ORD-003726,2026-08-26 09:10:51.254,2997.66,2997.7,2.243,16,2.6895,SUCCESS,0.0012,NORMAL
FIL-003727,ORD-003727,2026-08-26 09:10:51.311,139.83,139.81,1.712,12,0.0957,SUCCESS,0.0149,NORMAL
FIL-003728,ORD-003728,2026-08-26 09:10:51.446,2998.77,2998.54,0.238,35,0.2855,SUCCESS,0.0077,NORMAL
FIL-003729,ORD-003729,2026-08-26 09:10:51.630,3005.1,3005.57,0.161,18,0.1936,SUCCESS,0.0156,NORMAL
FIL-003730,ORD-003730,2026-08-26 09:10:51.924,139.78,139.82,1.881,24,0.1052,SUCCESS,0.0321,NORMAL
FIL-003731,ORD-003731,2026-08-26 09:10:52.023,2997.68,2997.09,0.121,9,0.1451,SUCCESS,0.0198,NORMAL
FIL-003732,ORD-003732,2026-08-26 09:10:52.225,139.91,139.88,1.237,42,0.0692,SUCCESS,0.0213,NORMAL
FIL-003733,ORD-003733,2026-08-26 09:10:52.492,2999.38,2997.86,0.481,25,0.5768,SUCCESS,0.0507,NORMAL
FIL-003734,ORD-003734,2026-08-26 09:10:52.758,59992.69,59994.73,0.723,11,17.3505,SUCCESS,0.0034,NORMAL
FIL-003735,ORD-003735,2026-08-26 09:10:52.924,59999.35,59998.99,2.11,19,50.6391,SUCCESS,0.0006,NORMAL
FIL-003736,ORD-003736,2026-08-26 09:10:53.138,140.1,140.18,0.521,9,0.0292,SUCCESS,0.0601,NORMAL
FIL-003737,ORD-003737,2026-08-26 09:10:53.400,59964.96,59951.35,2.106,9,50.503,SUCCESS,0.0227,NORMAL
FIL-003738,ORD-003738,2026-08-26 09:10:53.558,3001.95,3001.36,1.28,5,1.5367,SUCCESS,0.0195,NORMAL
FIL-003739,ORD-003739,2026-08-26 09:10:53.703,59842.63,59850.29,2.219,6,53.1231,SUCCESS,0.0128,NORMAL
FIL-003740,ORD-003740,2026-08-26 09:10:53.812,60003.82,59999.56,1.485,16,35.6397,SUCCESS,0.0071,NORMAL
FIL-003741,ORD-003741,2026-08-26 09:10:54.010,59977.58,59976.74,1.12,10,26.8696,SUCCESS,0.0014,NORMAL
FIL-003742,ORD-003742,2026-08-26 09:10:54.290,59939.23,59957.45,0.549,11,13.1667,SUCCESS,0.0304,NORMAL
FIL-003743,ORD-003743,2026-08-26 09:10:54.343,59916.25,59907.2,2.007,35,48.0935,SUCCESS,0.0151,NORMAL
FIL-003744,ORD-003744,2026-08-26 09:10:54.412,59969.64,59960.94,1.289,8,30.9159,SUCCESS,0.0145,NORMAL
FIL-003745,ORD-003745,2026-08-26 09:10:54.688,60061.07,60057.05,1.181,12,28.371,SUCCESS,0.0067,NORMAL
FIL-003746,ORD-003746,2026-08-26 09:10:54.852,59936.18,59942.59,2.317,8,55.5548,SUCCESS,0.0107,NORMAL
FIL-003747,ORD-003747,2026-08-26 09:10:54.952,59942.73,59924.93,0.799,8,19.152,SUCCESS,0.0297,NORMAL
FIL-003748,ORD-003748,2026-08-26 09:10:55.073,59992.03,59999.17,0.709,13,17.0158,SUCCESS,0.0119,NORMAL
FIL-003749,ORD-003749,2026-08-26 09:10:55.267,2998.43,2998.48,1.157,24,1.3877,SUCCESS,0.0016,NORMAL
FIL-003750,ORD-003750,2026-08-26 09:10:55.455,3006.47,3006.0,1.432,7,1.7218,SUCCESS,0.0157,NORMAL
FIL-003751,ORD-003751,2026-08-26 09:10:55.520,59999.88,60012.24,0.88,13,21.1243,SUCCESS,0.0206,NORMAL
FIL-003752,ORD-003752,2026-08-26 09:10:55.653,59845.93,59839.59,2.468,23,59.0736,SUCCESS,0.0106,NORMAL
FIL-003753,ORD-003753,2026-08-26 09:10:55.743,59975.21,59996.08,1.209,15,29.0141,SUCCESS,0.0348,NORMAL
FIL-003754,ORD-003754,2026-08-26 09:10:55.823,3003.19,3003.29,2.248,30,2.7006,SUCCESS,0.0032,NORMAL
FIL-003755,ORD-003755,2026-08-26 09:10:56.017,2999.7,3001.2,2.44,43,2.9292,SUCCESS,0.05,NORMAL
FIL-003756,ORD-003756,2026-08-26 09:10:56.168,2997.14,2997.69,1.107,18,1.3274,SUCCESS,0.0184,NORMAL
FIL-003757,ORD-003757,2026-08-26 09:10:56.382,140.02,140.0,0.499,21,0.0279,SUCCESS,0.0148,NORMAL
FIL-003758,ORD-003758,2026-08-26 09:10:56.623,3003.81,3003.34,0.735,13,0.883,SUCCESS,0.0155,NORMAL
FIL-003759,ORD-003759,2026-08-26 09:10:56.812,139.84,139.81,1.314,41,0.0735,SUCCESS,0.0229,NORMAL
FIL-003760,ORD-003760,2026-08-26 09:10:56.955,3003.12,3002.92,1.288,13,1.5471,SUCCESS,0.0067,NORMAL
FIL-003761,ORD-003761,2026-08-26 09:10:57.241,2999.5,3000.67,1.696,13,2.0357,SUCCESS,0.0391,NORMAL
FIL-003762,ORD-003762,2026-08-26 09:10:57.522,60118.86,60128.36,1.952,25,46.9482,SUCCESS,0.0158,NORMAL
FIL-003763,ORD-003763,2026-08-26 09:10:57.638,3000.34,2999.17,0.178,14,0.2135,SUCCESS,0.0389,NORMAL
FIL-003764,ORD-003764,2026-08-26 09:10:57.933,140.01,140.02,0.477,16,0.0267,SUCCESS,0.0102,NORMAL
FIL-003765,ORD-003765,2026-08-26 09:10:58.074,59964.68,59966.36,0.503,29,12.0652,SUCCESS,0.0028,NORMAL
FIL-003766,ORD-003766,2026-08-26 09:10:58.208,59921.79,59938.75,1.665,38,39.9192,SUCCESS,0.0283,NORMAL
FIL-003767,ORD-003767,2026-08-26 09:10:58.344,2997.4,2999.06,0.643,11,0.7714,SUCCESS,0.0555,NORMAL
FIL-003768,ORD-003768,2026-08-26 09:10:58.612,3000.71,2999.62,0.18,24,0.216,SUCCESS,0.0363,NORMAL
FIL-003769,ORD-003769,2026-08-26 09:10:58.860,2999.1,2998.05,0.565,14,0.6776,SUCCESS,0.0349,NORMAL
FIL-003770,ORD-003770,2026-08-26 09:10:59.145,59929.52,59931.5,0.691,20,16.5651,SUCCESS,0.0033,NORMAL
FIL-003771,ORD-003771,2026-08-26 09:10:59.339,59999.21,59993.21,0.164,7,3.9356,SUCCESS,0.01,NORMAL
FIL-003772,ORD-003772,2026-08-26 09:10:59.581,139.87,139.88,1.993,18,0.1115,SUCCESS,0.0079,NORMAL
FIL-003773,ORD-003773,2026-08-26 09:10:59.716,2996.99,2997.49,1.166,14,1.398,SUCCESS,0.0168,NORMAL
FIL-003774,ORD-003774,2026-08-26 09:10:59.800,139.95,139.9,1.543,6,0.0863,SUCCESS,0.0332,NORMAL
FIL-003775,ORD-003775,2026-08-26 09:10:59.869,59994.91,59996.59,1.064,16,25.5345,SUCCESS,0.0028,NORMAL
FIL-003776,ORD-003776,2026-08-26 09:11:00.151,2994.65,2994.64,0.484,19,0.5798,SUCCESS,0.0004,NORMAL
FIL-003777,ORD-003777,2026-08-26 09:11:00.224,60024.94,60023.98,0.744,5,17.8631,SUCCESS,0.0016,NORMAL
FIL-003778,ORD-003778,2026-08-26 09:11:00.299,139.8,139.82,2.466,20,0.1379,SUCCESS,0.0166,NORMAL
FIL-003779,ORD-003779,2026-08-26 09:11:00.374,140.1,140.11,1.787,13,0.1002,SUCCESS,0.0036,NORMAL
FIL-003780,ORD-003780,2026-08-26 09:11:00.642,3000.15,2999.53,2.366,5,2.8388,SUCCESS,0.0206,NORMAL
FIL-003781,ORD-003781,2026-08-26 09:11:00.926,2997.39,2997.15,1.321,7,1.5837,SUCCESS,0.0081,NORMAL
FIL-003782,ORD-003782,2026-08-26 09:11:00.982,2999.78,2999.07,0.44,35,0.5278,SUCCESS,0.0237,NORMAL
FIL-003783,ORD-003783,2026-08-26 09:11:01.033,139.95,139.94,0.649,39,0.0363,SUCCESS,0.0097,NORMAL
FIL-003784,ORD-003784,2026-08-26 09:11:01.163,139.98,140.0,2.266,5,0.1269,SUCCESS,0.0108,NORMAL
FIL-003785,ORD-003785,2026-08-26 09:11:01.303,60047.69,60044.81,0.354,5,8.5023,SUCCESS,0.0048,NORMAL
FIL-003786,ORD-003786,2026-08-26 09:11:01.422,139.89,139.93,0.863,38,0.0483,SUCCESS,0.0253,NORMAL
FIL-003787,ORD-003787,2026-08-26 09:11:01.642,60030.04,60039.22,0.819,10,19.6688,SUCCESS,0.0153,NORMAL
FIL-003788,ORD-003788,2026-08-26 09:11:01.758,59916.98,59913.86,1.631,17,39.0878,SUCCESS,0.0052,NORMAL
FIL-003789,ORD-003789,2026-08-26 09:11:01.847,3002.01,3002.91,2.164,43,2.5993,SUCCESS,0.03,NORMAL
FIL-003790,ORD-003790,2026-08-26 09:11:01.979,60030.03,60040.18,2.015,14,48.3924,SUCCESS,0.0169,NORMAL
FIL-003791,ORD-003791,2026-08-26 09:11:02.106,140.0,140.03,2.426,15,0.1359,SUCCESS,0.0208,NORMAL
FIL-003792,ORD-003792,2026-08-26 09:11:02.368,140.26,140.26,1.622,5,0.091,SUCCESS,0.0017,NORMAL
FIL-003793,ORD-003793,2026-08-26 09:11:02.568,139.9,139.92,1.918,9,0.1073,SUCCESS,0.011,NORMAL
FIL-003794,ORD-003794,2026-08-26 09:11:02.632,139.73,139.71,1.582,6,0.0884,SUCCESS,0.0121,NORMAL
FIL-003795,ORD-003795,2026-08-26 09:11:02.792,59977.72,59947.13,0.796,14,19.0872,SUCCESS,0.051,NORMAL
FIL-003796,ORD-003796,2026-08-26 09:11:03.042,2997.74,2999.18,1.308,26,1.5692,SUCCESS,0.0481,NORMAL
FIL-003797,ORD-003797,2026-08-26 09:11:03.174,2997.37,2997.52,2.434,41,2.9184,SUCCESS,0.0049,NORMAL
FIL-003798,ORD-003798,2026-08-26 09:11:03.268,140.15,140.13,1.071,17,0.06,SUCCESS,0.0148,NORMAL
FIL-003799,ORD-003799,2026-08-26 09:11:03.361,59917.58,59902.12,1.503,52,36.0132,SUCCESS,0.0258,NORMAL
FIL-003800,ORD-003800,2026-08-26 09:11:03.492,2999.8,2999.44,1.63,11,1.9556,SUCCESS,0.012,NORMAL
FIL-003801,ORD-003801,2026-08-26 09:11:03.582,139.92,139.88,0.505,8,0.0283,SUCCESS,0.0274,NORMAL
FIL-003802,ORD-003802,2026-08-26 09:11:03.678,59966.6,59987.29,0.355,9,8.5182,SUCCESS,0.0345,NORMAL
FIL-003803,ORD-003803,2026-08-26 09:11:03.772,2994.69,2993.89,0.82,16,0.982,SUCCESS,0.0266,NORMAL
FIL-003804,ORD-003804,2026-08-26 09:11:03.987,140.01,139.97,2.214,18,0.124,SUCCESS,0.0307,NORMAL
FIL-003805,ORD-003805,2026-08-26 09:11:04.273,59989.47,60002.97,0.49,7,11.7606,SUCCESS,0.0225,NORMAL
FIL-003806,ORD-003806,2026-08-26 09:11:04.524,3000.48,3001.09,1.526,16,1.8319,SUCCESS,0.0203,NORMAL
FIL-003807,ORD-003807,2026-08-26 09:11:04.608,60057.92,60052.39,1.164,26,27.9604,SUCCESS,0.0092,NORMAL
FIL-003808,ORD-003808,2026-08-26 09:11:04.869,2999.92,2998.48,2.24,7,2.6866,SUCCESS,0.0479,NORMAL
FIL-003809,ORD-003809,2026-08-26 09:11:04.991,59984.98,59975.86,1.245,8,29.868,SUCCESS,0.0152,NORMAL
FIL-003810,ORD-003810,2026-08-26 09:11:05.229,139.95,139.95,0.28,10,0.0157,SUCCESS,0.001,NORMAL
FIL-003811,ORD-003811,2026-08-26 09:11:05.324,59885.89,59891.4,1.393,7,33.3715,SUCCESS,0.0092,NORMAL
FIL-003812,ORD-003812,2026-08-26 09:11:05.525,59967.81,59984.48,0.308,22,7.3901,SUCCESS,0.0278,NORMAL
FIL-003813,ORD-003813,2026-08-26 09:11:05.580,60077.9,60077.78,1.108,10,26.6265,SUCCESS,0.0002,NORMAL
FIL-003814,ORD-003814,2026-08-26 09:11:05.701,139.93,139.94,0.869,13,0.0486,SUCCESS,0.0073,NORMAL
FIL-003815,ORD-003815,2026-08-26 09:11:05.765,2997.72,2998.65,2.094,15,2.5117,SUCCESS,0.0311,NORMAL
FIL-003816,ORD-003816,2026-08-26 09:11:05.949,3000.51,3000.43,0.624,14,0.7489,SUCCESS,0.0028,NORMAL
FIL-003817,ORD-003817,2026-08-26 09:11:06.043,140.01,140.0,0.648,5,0.0363,SUCCESS,0.0089,NORMAL
FIL-003818,ORD-003818,2026-08-26 09:11:06.130,60001.44,59992.5,1.121,5,26.9006,SUCCESS,0.0149,NORMAL
FIL-003819,ORD-003819,2026-08-26 09:11:06.285,59931.44,59944.68,0.576,19,13.8113,SUCCESS,0.0221,NORMAL
FIL-003820,ORD-003820,2026-08-26 09:11:06.411,59941.57,60078.06,1.81,230,43.4965,SUCCESS,0.2277,WARNING
FIL-003822,ORD-003822,2026-08-26 09:11:06.809,60099.88,59848.42,1.356,1507,32.4618,SUCCESS,0.4184,EMERGENCY_PAUSE
FIL-003823,ORD-003823,2026-08-26 09:11:06.870,59947.54,59812.48,0.802,209,19.1878,SUCCESS,0.2253,EMERGENCY_PAUSE
FIL-003824,ORD-003824,2026-08-26 09:11:06.925,2999.03,2986.81,0.34,504,0.4062,SUCCESS,0.4075,EMERGENCY_PAUSE
FIL-003827,ORD-003827,2026-08-26 09:11:07.331,2999.18,2990.17,1.033,795,1.2355,SUCCESS,0.3003,EMERGENCY_PAUSE
FIL-003828,ORD-003828,2026-08-26 09:11:07.575,59997.2,60183.67,1.889,217,45.4748,SUCCESS,0.3108,EMERGENCY_PAUSE
FIL-003829,ORD-003829,2026-08-26 09:11:07.812,60134.94,59920.56,0.515,376,12.3436,SUCCESS,0.3565,EMERGENCY_PAUSE
FIL-003831,ORD-003831,2026-08-26 09:11:08.235,2998.69,2998.47,0.519,11,0.6225,SUCCESS,0.0073,EMERGENCY_PAUSE
FIL-003832,ORD-003832,2026-08-26 09:11:08.498,140.03,140.01,1.548,19,0.0867,SUCCESS,0.0164,EMERGENCY_PAUSE
FIL-003833,ORD-003833,2026-08-26 09:11:08.560,59856.52,59877.05,1.713,10,41.0278,SUCCESS,0.0343,EMERGENCY_PAUSE
FIL-003834,ORD-003834,2026-08-26 09:11:08.685,2998.36,2997.74,1.869,20,2.2411,SUCCESS,0.0208,EMERGENCY_PAUSE
FIL-003835,ORD-003835,2026-08-26 09:11:08.789,59965.78,59941.79,0.729,9,17.479,SUCCESS,0.04,EMERGENCY_PAUSE
FIL-003836,ORD-003836,2026-08-26 09:11:08.954,2997.6,2997.86,1.401,5,1.68,SUCCESS,0.0087,EMERGENCY_PAUSE
FIL-003837,ORD-003837,2026-08-26 09:11:09.123,139.98,139.97,1.094,13,0.0613,SUCCESS,0.0084,EMERGENCY_PAUSE
FIL-003838,ORD-003838,2026-08-26 09:11:09.403,59967.63,59954.68,2.319,37,55.614,SUCCESS,0.0216,EMERGENCY_PAUSE
FIL-003839,ORD-003839,2026-08-26 09:11:09.548,59968.71,59950.18,0.309,5,7.4098,SUCCESS,0.0309,THROTTLE
FIL-003840,ORD-003840,2026-08-26 09:11:09.776,140.25,140.32,1.241,27,0.0697,SUCCESS,0.0498,WARNING
FIL-003841,ORD-003841,2026-08-26 09:11:10.004,60006.18,60014.34,0.903,10,21.6772,SUCCESS,0.0136,NORMAL
FIL-003842,ORD-003842,2026-08-26 09:11:10.246,3008.45,3007.86,0.972,25,1.1695,SUCCESS,0.0196,NORMAL
FIL-003843,ORD-003843,2026-08-26 09:11:10.409,3002.86,3003.17,1.794,16,2.1551,SUCCESS,0.0102,NORMAL
FIL-003844,ORD-003844,2026-08-26 09:11:10.582,2999.07,2998.65,0.165,28,0.1979,SUCCESS,0.0141,NORMAL
FIL-003845,ORD-003845,2026-08-26 09:11:10.811,139.86,139.83,1.071,7,0.0599,SUCCESS,0.0201,NORMAL
FIL-003846,ORD-003846,2026-08-26 09:11:11.080,59890.34,59891.72,1.085,18,25.993,SUCCESS,0.0023,NORMAL
FIL-003847,ORD-003847,2026-08-26 09:11:11.245,2998.43,2997.51,1.951,11,2.3393,SUCCESS,0.0306,NORMAL
FIL-003848,ORD-003848,2026-08-26 09:11:11.448,139.97,139.93,0.891,8,0.0499,SUCCESS,0.0285,NORMAL
FIL-003849,ORD-003849,2026-08-26 09:11:11.575,60090.98,60089.06,1.095,6,26.319,SUCCESS,0.0032,NORMAL
FIL-003850,ORD-003850,2026-08-26 09:11:11.753,140.18,140.19,2.184,5,0.1225,SUCCESS,0.0049,NORMAL
FIL-003851,ORD-003851,2026-08-26 09:11:11.966,3001.16,3000.74,2.017,8,2.421,SUCCESS,0.0139,NORMAL
FIL-003852,ORD-003852,2026-08-26 09:11:12.051,3003.46,3004.33,1.47,18,1.7665,SUCCESS,0.0289,NORMAL
FIL-003853,ORD-003853,2026-08-26 09:11:12.296,59934.68,59934.56,1.446,15,34.6661,SUCCESS,0.0002,NORMAL
FIL-003854,ORD-003854,2026-08-26 09:11:12.353,140.26,140.27,1.836,11,0.103,SUCCESS,0.0075,NORMAL
FIL-003855,ORD-003855,2026-08-26 09:11:12.505,2995.9,2995.61,1.93,7,2.3126,SUCCESS,0.0098,NORMAL
FIL-003856,ORD-003856,2026-08-26 09:11:12.600,59979.29,59982.23,1.493,10,35.8214,SUCCESS,0.0049,NORMAL
FIL-003857,ORD-003857,2026-08-26 09:11:12.690,139.9,139.95,1.388,18,0.0777,SUCCESS,0.0332,NORMAL
FIL-003858,ORD-003858,2026-08-26 09:11:12.966,3002.15,3003.44,0.875,43,1.0512,SUCCESS,0.0429,NORMAL
FIL-003859,ORD-003859,2026-08-26 09:11:13.017,59976.18,59981.64,2.295,7,55.0631,SUCCESS,0.0091,NORMAL
FIL-003860,ORD-003860,2026-08-26 09:11:13.170,140.21,140.17,0.73,9,0.0409,SUCCESS,0.025,NORMAL
FIL-003861,ORD-003861,2026-08-26 09:11:13.357,140.26,140.23,1.769,11,0.0992,SUCCESS,0.0179,NORMAL
FIL-003862,ORD-003862,2026-08-26 09:11:13.652,140.07,140.1,1.951,5,0.1093,SUCCESS,0.0207,NORMAL
FIL-003863,ORD-003863,2026-08-26 09:11:13.730,2995.69,2995.02,1.762,14,2.1109,SUCCESS,0.0222,NORMAL
FIL-003864,ORD-003864,2026-08-26 09:11:13.786,2994.88,2994.74,1.105,8,1.3237,SUCCESS,0.0047,NORMAL
FIL-003865,ORD-003865,2026-08-26 09:11:13.884,2997.28,2997.63,1.393,14,1.6703,SUCCESS,0.0117,NORMAL
FIL-003866,ORD-003866,2026-08-26 09:11:14.003,59942.42,59920.84,0.49,6,11.7445,SUCCESS,0.036,NORMAL
FIL-003867,ORD-003867,2026-08-26 09:11:14.090,59904.77,59897.76,0.23,14,5.5106,SUCCESS,0.0117,NORMAL
FIL-003868,ORD-003868,2026-08-26 09:11:14.268,140.06,140.1,1.094,17,0.0613,SUCCESS,0.0321,NORMAL
FIL-003869,ORD-003869,2026-08-26 09:11:14.374,60040.66,60033.76,0.751,37,18.0341,SUCCESS,0.0115,NORMAL
FIL-003870,ORD-003870,2026-08-26 09:11:14.617,139.74,139.76,1.492,12,0.0834,SUCCESS,0.0125,NORMAL
FIL-003871,ORD-003871,2026-08-26 09:11:14.815,60035.52,60043.08,2.218,13,53.2702,SUCCESS,0.0126,NORMAL
FIL-003872,ORD-003872,2026-08-26 09:11:14.865,140.0,140.01,0.324,12,0.0181,SUCCESS,0.0084,NORMAL
FIL-003873,ORD-003873,2026-08-26 09:11:15.068,60003.93,59986.35,0.231,18,5.5427,SUCCESS,0.0293,NORMAL
FIL-003874,ORD-003874,2026-08-26 09:11:15.170,60043.71,60027.26,2.212,12,53.1121,SUCCESS,0.0274,NORMAL
FIL-003875,ORD-003875,2026-08-26 09:11:15.236,59981.32,59989.06,2.406,13,57.7335,SUCCESS,0.0129,NORMAL
FIL-003876,ORD-003876,2026-08-26 09:11:15.392,2997.23,2997.65,1.542,43,1.849,SUCCESS,0.014,NORMAL
FIL-003877,ORD-003877,2026-08-26 09:11:15.657,139.93,139.94,2.099,13,0.1175,SUCCESS,0.0089,NORMAL
FIL-003878,ORD-003878,2026-08-26 09:11:15.824,139.96,139.92,2.142,21,0.1199,SUCCESS,0.0312,NORMAL
FIL-003879,ORD-003879,2026-08-26 09:11:16.035,59967.91,59952.14,1.652,10,39.6164,SUCCESS,0.0263,NORMAL
FIL-003880,ORD-003880,2026-08-26 09:11:16.236,3003.43,3003.46,1.115,5,1.3395,SUCCESS,0.001,NORMAL
FIL-003881,ORD-003881,2026-08-26 09:11:16.314,140.16,140.18,1.024,15,0.0574,SUCCESS,0.0134,NORMAL
FIL-003882,ORD-003882,2026-08-26 09:11:16.499,60081.73,60059.74,1.438,7,34.5464,SUCCESS,0.0366,NORMAL
FIL-003883,ORD-003883,2026-08-26 09:11:16.742,60010.15,60037.87,0.236,32,5.6676,SUCCESS,0.0462,NORMAL
FIL-003884,ORD-003884,2026-08-26 09:11:16.860,60030.37,60029.11,0.735,17,17.6486,SUCCESS,0.0021,NORMAL
FIL-003885,ORD-003885,2026-08-26 09:11:17.074,59970.75,59956.18,1.662,8,39.8589,SUCCESS,0.0243,NORMAL
FIL-003886,ORD-003886,2026-08-26 09:11:17.354,2995.1,2994.64,2.2,10,2.6353,SUCCESS,0.0153,NORMAL
FIL-003887,ORD-003887,2026-08-26 09:11:17.573,60066.59,60078.78,0.809,7,19.4415,SUCCESS,0.0203,NORMAL
FIL-003888,ORD-003888,2026-08-26 09:11:17.727,140.06,140.09,0.997,12,0.0559,SUCCESS,0.0179,NORMAL
FIL-003889,ORD-003889,2026-08-26 09:11:17.834,139.95,139.98,0.475,5,0.0266,SUCCESS,0.0222,NORMAL
FIL-003890,ORD-003890,2026-08-26 09:11:18.029,2997.36,2995.74,2.283,15,2.7357,SUCCESS,0.0542,NORMAL
FIL-003891,ORD-003891,2026-08-26 09:11:18.235,3003.57,3002.88,0.241,6,0.2895,SUCCESS,0.0231,NORMAL
FIL-003892,ORD-003892,2026-08-26 09:11:18.381,3001.2,3001.06,0.805,11,0.9663,SUCCESS,0.0045,NORMAL
FIL-003893,ORD-003893,2026-08-26 09:11:18.521,2994.76,2994.77,0.84,16,1.0062,SUCCESS,0.0004,NORMAL
FIL-003894,ORD-003894,2026-08-26 09:11:18.591,3001.7,3002.09,1.303,7,1.5647,SUCCESS,0.0131,NORMAL
FIL-003895,ORD-003895,2026-08-26 09:11:18.645,139.96,139.96,0.768,8,0.043,SUCCESS,0.0004,NORMAL
FIL-003896,ORD-003896,2026-08-26 09:11:18.825,60005.65,59996.17,2.205,12,52.9166,SUCCESS,0.0158,NORMAL
FIL-003897,ORD-003897,2026-08-26 09:11:19.002,139.94,139.99,1.468,8,0.0822,SUCCESS,0.0344,NORMAL
FIL-003898,ORD-003898,2026-08-26 09:11:19.102,60070.34,60060.43,1.087,30,26.1143,SUCCESS,0.0165,NORMAL
FIL-003899,ORD-003899,2026-08-26 09:11:19.306,60029.92,60031.48,2.036,6,48.8896,SUCCESS,0.0026,NORMAL
FIL-003900,ORD-003900,2026-08-26 09:11:19.435,139.88,139.87,0.995,43,0.0557,SUCCESS,0.0085,NORMAL
FIL-003901,ORD-003901,2026-08-26 09:11:19.529,140.04,140.01,1.7,37,0.0952,SUCCESS,0.02,NORMAL
FIL-003902,ORD-003902,2026-08-26 09:11:19.626,60039.69,60040.11,1.359,19,32.6378,SUCCESS,0.0007,NORMAL
FIL-003903,ORD-003903,2026-08-26 09:11:19.777,60011.29,60000.97,1.021,10,24.5044,SUCCESS,0.0172,NORMAL
FIL-003904,ORD-003904,2026-08-26 09:11:19.875,59949.54,59933.29,1.08,9,25.8912,SUCCESS,0.0271,NORMAL
FIL-003905,ORD-003905,2026-08-26 09:11:20.078,3000.25,2999.44,2.235,10,2.6815,SUCCESS,0.0271,NORMAL
FIL-003906,ORD-003906,2026-08-26 09:11:20.315,140.0,140.02,1.999,23,0.112,SUCCESS,0.0157,NORMAL
FIL-003907,ORD-003907,2026-08-26 09:11:20.586,139.98,140.03,1.864,10,0.1044,SUCCESS,0.0324,NORMAL
FIL-003908,ORD-003908,2026-08-26 09:11:20.870,3000.7,3000.28,0.549,21,0.6589,SUCCESS,0.014,NORMAL
FIL-003909,ORD-003909,2026-08-26 09:11:20.932,3001.42,3001.56,1.36,10,1.6328,SUCCESS,0.0047,NORMAL
FIL-003910,ORD-003910,2026-08-26 09:11:21.033,140.16,140.14,0.33,7,0.0185,SUCCESS,0.0156,NORMAL
FIL-003911,ORD-003911,2026-08-26 09:11:21.115,140.07,140.12,0.471,31,0.0264,SUCCESS,0.0371,NORMAL
FIL-003912,ORD-003912,2026-08-26 09:11:21.177,2999.42,2999.85,0.795,26,0.954,SUCCESS,0.0144,NORMAL
FIL-003913,ORD-003913,2026-08-26 09:11:21.418,140.17,140.16,1.581,17,0.0886,SUCCESS,0.0043,NORMAL
FIL-003914,ORD-003914,2026-08-26 09:11:21.690,60048.97,60013.12,2.147,27,51.5393,SUCCESS,0.0597,NORMAL
FIL-003915,ORD-003915,2026-08-26 09:11:21.947,2999.3,2999.92,0.59,7,0.708,SUCCESS,0.0206,NORMAL
FIL-003916,ORD-003916,2026-08-26 09:11:22.117,139.78,139.75,2.125,9,0.1188,SUCCESS,0.0214,NORMAL
FIL-003917,ORD-003917,2026-08-26 09:11:22.380,59978.38,59984.02,1.647,6,39.5175,SUCCESS,0.0094,NORMAL
FIL-003918,ORD-003918,2026-08-26 09:11:22.608,139.89,139.83,1.701,29,0.0951,SUCCESS,0.0459,NORMAL
FIL-003919,ORD-003919,2026-08-26 09:11:22.824,59946.74,59938.05,2.427,23,58.1879,SUCCESS,0.0145,NORMAL
FIL-003920,ORD-003920,2026-08-26 09:11:22.881,60006.93,60015.87,2.096,18,50.3173,SUCCESS,0.0149,NORMAL
FIL-003921,ORD-003921,2026-08-26 09:11:22.957,139.94,139.91,2.362,28,0.1322,SUCCESS,0.0205,NORMAL
FIL-003922,ORD-003922,2026-08-26 09:11:23.247,139.92,139.91,0.4,12,0.0224,SUCCESS,0.0048,NORMAL
FIL-003923,ORD-003923,2026-08-26 09:11:23.330,139.89,139.94,1.066,36,0.0597,SUCCESS,0.0391,NORMAL
FIL-003924,ORD-003924,2026-08-26 09:11:23.380,59991.38,59994.56,1.607,19,38.5645,SUCCESS,0.0053,NORMAL
FIL-003925,ORD-003925,2026-08-26 09:11:23.515,3001.72,3001.31,1.133,7,1.3602,SUCCESS,0.0136,NORMAL
FIL-003926,ORD-003926,2026-08-26 09:11:23.811,3000.57,3001.32,1.858,24,2.2306,SUCCESS,0.0251,NORMAL
FIL-003927,ORD-003927,2026-08-26 09:11:23.926,3003.15,3003.88,0.838,13,1.0069,SUCCESS,0.0243,NORMAL
FIL-003928,ORD-003928,2026-08-26 09:11:24.099,59909.14,59944.25,1.676,36,40.1866,SUCCESS,0.0586,NORMAL
FIL-003929,ORD-003929,2026-08-26 09:11:24.274,139.87,139.86,0.224,11,0.0125,SUCCESS,0.0084,NORMAL
FIL-003930,ORD-003930,2026-08-26 09:11:24.413,2998.71,2998.79,2.477,28,2.9712,SUCCESS,0.0027,NORMAL
FIL-003931,ORD-003931,2026-08-26 09:11:24.508,60072.17,60080.34,1.928,26,46.334,SUCCESS,0.0136,NORMAL
FIL-003932,ORD-003932,2026-08-26 09:11:24.707,60029.06,60044.13,1.886,6,45.2973,SUCCESS,0.0251,NORMAL
FIL-003933,ORD-003933,2026-08-26 09:11:24.874,139.98,140.02,0.564,11,0.0316,SUCCESS,0.0256,NORMAL
FIL-003934,ORD-003934,2026-08-26 09:11:25.003,59983.6,60000.04,0.805,8,19.32,SUCCESS,0.0274,NORMAL
FIL-003935,ORD-003935,2026-08-26 09:11:25.179,3003.33,3003.33,1.971,26,2.3678,SUCCESS,0.0001,NORMAL
FIL-003936,ORD-003936,2026-08-26 09:11:25.261,2999.4,3000.24,1.098,29,1.3177,SUCCESS,0.028,NORMAL
FIL-003937,ORD-003937,2026-08-26 09:11:25.488,60035.08,60028.18,2.224,15,53.4011,SUCCESS,0.0115,NORMAL
FIL-003938,ORD-003938,2026-08-26 09:11:25.739,3003.06,3002.66,1.56,6,1.8737,SUCCESS,0.0133,NORMAL
FIL-003939,ORD-003939,2026-08-26 09:11:26.038,3001.86,3002.81,2.148,25,2.58,SUCCESS,0.0317,NORMAL
FIL-003940,ORD-003940,2026-08-26 09:11:26.108,3002.19,3012.61,2.173,307,2.6186,SUCCESS,0.3472,WARNING
FIL-003941,ORD-003941,2026-08-26 09:11:26.248,2997.93,2993.1,2.053,232,2.4579,SUCCESS,0.1611,THROTTLE
FIL-003943,ORD-003943,2026-08-26 09:11:26.606,3000.28,2992.25,0.978,196,1.1706,SUCCESS,0.2677,EMERGENCY_PAUSE
FIL-003944,ORD-003944,2026-08-26 09:11:26.884,3003.83,3008.36,0.784,383,0.9434,SUCCESS,0.1508,EMERGENCY_PAUSE
FIL-003945,ORD-003945,2026-08-26 09:11:26.997,59893.63,59706.82,2.463,309,58.8232,SUCCESS,0.3119,EMERGENCY_PAUSE
FIL-003946,ORD-003946,2026-08-26 09:11:27.243,139.81,140.03,0.602,332,0.0337,SUCCESS,0.1572,EMERGENCY_PAUSE
FIL-003947,ORD-003947,2026-08-26 09:11:27.364,59983.2,60220.85,1.431,945,34.4704,SUCCESS,0.3962,EMERGENCY_PAUSE
FIL-003950,ORD-003950,2026-08-26 09:11:27.863,140.36,140.65,2.338,559,0.1315,SUCCESS,0.21,EMERGENCY_PAUSE
FIL-003951,ORD-003951,2026-08-26 09:11:27.926,3005.04,3004.44,1.317,9,1.5827,SUCCESS,0.0201,EMERGENCY_PAUSE
FIL-003952,ORD-003952,2026-08-26 09:11:28.099,2999.64,2998.96,1.552,18,1.8618,SUCCESS,0.0228,EMERGENCY_PAUSE
FIL-003953,ORD-003953,2026-08-26 09:11:28.328,59963.49,59966.73,0.382,9,9.1629,SUCCESS,0.0054,EMERGENCY_PAUSE
FIL-003954,ORD-003954,2026-08-26 09:11:28.604,139.9,139.95,1.763,11,0.0987,SUCCESS,0.0358,EMERGENCY_PAUSE
FIL-003955,ORD-003955,2026-08-26 09:11:28.691,2996.97,2997.19,2.155,14,2.5836,SUCCESS,0.0074,EMERGENCY_PAUSE
FIL-003956,ORD-003956,2026-08-26 09:11:28.827,2995.47,2994.27,0.762,13,0.9127,SUCCESS,0.0402,EMERGENCY_PAUSE
FIL-003957,ORD-003957,2026-08-26 09:11:29.045,139.87,139.93,0.678,8,0.0379,SUCCESS,0.0407,EMERGENCY_PAUSE
FIL-003958,ORD-003958,2026-08-26 09:11:29.211,59882.36,59886.25,0.809,31,19.3792,SUCCESS,0.0065,EMERGENCY_PAUSE
FIL-003959,ORD-003959,2026-08-26 09:11:29.381,139.96,139.96,1.541,13,0.0863,SUCCESS,0.0004,THROTTLE
FIL-003960,ORD-003960,2026-08-26 09:11:29.502,140.05,140.09,0.972,11,0.0545,SUCCESS,0.0279,WARNING
FIL-003961,ORD-003961,2026-08-26 09:11:29.688,2999.22,2998.92,0.236,27,0.2831,SUCCESS,0.0101,NORMAL
FIL-003962,ORD-003962,2026-08-26 09:11:29.930,140.32,140.32,0.292,11,0.0164,SUCCESS,0.0016,NORMAL
FIL-003963,ORD-003963,2026-08-26 09:11:30.066,59993.79,59972.73,1.582,31,37.9507,SUCCESS,0.0351,NORMAL
FIL-003964,ORD-003964,2026-08-26 09:11:30.321,140.19,140.2,2.002,27,0.1123,SUCCESS,0.0036,NORMAL
FIL-003965,ORD-003965,2026-08-26 09:11:30.550,3004.5,3004.12,0.696,16,0.8363,SUCCESS,0.0127,NORMAL
FIL-003966,ORD-003966,2026-08-26 09:11:30.635,140.27,140.23,2.443,12,0.137,SUCCESS,0.0259,NORMAL
FIL-003967,ORD-003967,2026-08-26 09:11:30.780,140.27,140.21,0.139,17,0.0078,SUCCESS,0.0399,NORMAL
FIL-003968,ORD-003968,2026-08-26 09:11:30.842,3002.01,3000.51,1.341,17,1.6095,SUCCESS,0.0499,NORMAL
FIL-003969,ORD-003969,2026-08-26 09:11:31.003,3000.95,3002.49,1.05,12,1.261,SUCCESS,0.0512,NORMAL
FIL-003970,ORD-003970,2026-08-26 09:11:31.075,60075.77,60066.82,2.229,47,53.5556,SUCCESS,0.0149,NORMAL
FIL-003971,ORD-003971,2026-08-26 09:11:31.155,139.76,139.73,1.408,7,0.0787,SUCCESS,0.0224,NORMAL
FIL-003972,ORD-003972,2026-08-26 09:11:31.220,59920.39,59939.03,2.472,18,59.2677,SUCCESS,0.0311,NORMAL
FIL-003973,ORD-003973,2026-08-26 09:11:31.425,140.0,140.03,0.425,12,0.0238,SUCCESS,0.0213,NORMAL
FIL-003974,ORD-003974,2026-08-26 09:11:31.668,2998.78,2998.64,2.363,28,2.8343,SUCCESS,0.0048,NORMAL
FIL-003975,ORD-003975,2026-08-26 09:11:31.865,2998.21,2997.28,2.158,48,2.5873,SUCCESS,0.031,NORMAL
FIL-003976,ORD-003976,2026-08-26 09:11:32.051,140.14,140.18,1.596,31,0.0895,SUCCESS,0.0281,NORMAL
FIL-003977,ORD-003977,2026-08-26 09:11:32.309,2998.85,2999.27,0.937,39,1.1241,SUCCESS,0.014,NORMAL
FIL-003978,ORD-003978,2026-08-26 09:11:32.520,3000.3,3000.26,0.756,13,0.9073,SUCCESS,0.0014,NORMAL
FIL-003979,ORD-003979,2026-08-26 09:11:32.724,140.08,140.09,1.436,15,0.0805,SUCCESS,0.0091,NORMAL
FIL-003980,ORD-003980,2026-08-26 09:11:32.916,3004.06,3003.98,0.317,5,0.3809,SUCCESS,0.0028,NORMAL
FIL-003981,ORD-003981,2026-08-26 09:11:33.055,60036.48,60042.18,0.935,16,22.4558,SUCCESS,0.0095,NORMAL
FIL-003982,ORD-003982,2026-08-26 09:11:33.189,139.91,139.93,0.779,6,0.0436,SUCCESS,0.0119,NORMAL
FIL-003983,ORD-003983,2026-08-26 09:11:33.333,3000.31,2998.54,2.006,21,2.406,SUCCESS,0.0591,NORMAL
FIL-003984,ORD-003984,2026-08-26 09:11:33.487,60001.12,60014.02,0.856,6,20.5488,SUCCESS,0.0215,NORMAL
FIL-003985,ORD-003985,2026-08-26 09:11:33.644,3001.42,3001.49,0.346,50,0.4154,SUCCESS,0.0022,NORMAL
FIL-003986,ORD-003986,2026-08-26 09:11:33.808,60073.85,60072.29,0.125,6,3.0036,SUCCESS,0.0026,NORMAL
FIL-003987,ORD-003987,2026-08-26 09:11:33.891,140.05,140.07,1.075,7,0.0602,SUCCESS,0.0156,NORMAL
FIL-003988,ORD-003988,2026-08-26 09:11:33.947,59908.23,59907.51,1.31,23,31.3915,SUCCESS,0.0012,NORMAL
FIL-003989,ORD-003989,2026-08-26 09:11:34.055,59978.95,59975.23,0.263,12,6.3094,SUCCESS,0.0062,NORMAL
FIL-003990,ORD-003990,2026-08-26 09:11:34.118,140.11,140.11,0.858,7,0.0481,SUCCESS,0.001,NORMAL
FIL-003991,ORD-003991,2026-08-26 09:11:34.245,2997.92,2997.47,0.53,9,0.6355,SUCCESS,0.0149,NORMAL
FIL-003992,ORD-003992,2026-08-26 09:11:34.362,60000.16,60004.12,1.162,23,27.8899,SUCCESS,0.0066,NORMAL
FIL-003993,ORD-003993,2026-08-26 09:11:34.436,60029.49,60027.81,0.977,33,23.4589,SUCCESS,0.0028,NORMAL
FIL-003994,ORD-003994,2026-08-26 09:11:34.499,140.04,140.04,1.222,29,0.0685,SUCCESS,0.0024,NORMAL
FIL-003995,ORD-003995,2026-08-26 09:11:34.713,2999.08,2998.95,0.292,17,0.3503,SUCCESS,0.0042,NORMAL
FIL-003996,ORD-003996,2026-08-26 09:11:34.946,140.03,140.02,0.821,9,0.046,SUCCESS,0.0073,NORMAL
FIL-003997,ORD-003997,2026-08-26 09:11:35.056,3002.38,3002.65,0.395,5,0.4744,SUCCESS,0.0089,NORMAL
FIL-003998,ORD-003998,2026-08-26 09:11:35.249,59943.74,59933.91,1.605,8,38.4776,SUCCESS,0.0164,NORMAL
FIL-003999,ORD-003999,2026-08-26 09:11:35.311,2995.75,2995.72,1.748,9,2.0946,SUCCESS,0.0009,NORMAL
FIL-004000,ORD-004000,2026-08-26 09:11:35.566,60033.72,60039.6,2.134,12,51.2498,SUCCESS,0.0098,NORMAL
FIL-004001,ORD-004001,2026-08-26 09:11:35.780,139.96,139.97,0.114,5,0.0064,SUCCESS,0.0074,NORMAL
FIL-004002,ORD-004002,2026-08-26 09:11:35.891,60004.75,60007.27,1.138,15,27.3153,SUCCESS,0.0042,NORMAL
FIL-004003,ORD-004003,2026-08-26 09:11:36.119,60041.71,60054.5,1.796,15,43.1432,SUCCESS,0.0213,NORMAL
FIL-004004,ORD-004004,2026-08-26 09:11:36.389,3002.29,3003.44,1.457,24,1.7504,SUCCESS,0.0384,NORMAL
FIL-004005,ORD-004005,2026-08-26 09:11:36.473,2993.85,2993.57,1.446,23,1.7315,SUCCESS,0.0094,NORMAL
FIL-004006,ORD-004006,2026-08-26 09:11:36.752,2997.61,2997.62,2.343,8,2.8094,SUCCESS,0.0004,NORMAL
FIL-004007,ORD-004007,2026-08-26 09:11:36.844,3000.43,3000.09,0.548,21,0.6576,SUCCESS,0.0114,NORMAL
FIL-004008,ORD-004008,2026-08-26 09:11:36.951,3002.2,3001.11,1.802,8,2.1632,SUCCESS,0.0363,NORMAL
FIL-004009,ORD-004009,2026-08-26 09:11:37.047,140.08,140.04,0.672,30,0.0376,SUCCESS,0.0267,NORMAL
FIL-004010,ORD-004010,2026-08-26 09:11:37.254,60016.01,60021.65,0.257,24,6.1702,SUCCESS,0.0094,NORMAL
FIL-004011,ORD-004011,2026-08-26 09:11:37.339,60037.48,60040.24,0.769,24,18.4684,SUCCESS,0.0046,NORMAL
FIL-004012,ORD-004012,2026-08-26 09:11:37.427,59935.52,59933.42,1.518,8,36.3916,SUCCESS,0.0035,NORMAL
FIL-004013,ORD-004013,2026-08-26 09:11:37.697,139.96,139.98,2.068,24,0.1158,SUCCESS,0.0166,NORMAL
FIL-004014,ORD-004014,2026-08-26 09:11:37.846,59921.46,59916.49,0.404,8,9.6825,SUCCESS,0.0083,NORMAL
FIL-004015,ORD-004015,2026-08-26 09:11:37.913,59891.7,59886.49,1.562,17,37.4171,SUCCESS,0.0087,NORMAL
FIL-004016,ORD-004016,2026-08-26 09:11:38.164,60001.35,60006.45,2.098,8,50.3574,SUCCESS,0.0085,NORMAL
FIL-004017,ORD-004017,2026-08-26 09:11:38.324,3001.33,3001.59,1.956,15,2.3484,SUCCESS,0.0088,NORMAL
FIL-004018,ORD-004018,2026-08-26 09:11:38.429,139.78,139.79,1.222,5,0.0683,SUCCESS,0.0093,NORMAL
FIL-004019,ORD-004019,2026-08-26 09:11:38.487,59974.38,59985.3,1.78,11,42.7095,SUCCESS,0.0182,NORMAL
FIL-004020,ORD-004020,2026-08-26 09:11:38.742,2997.31,2996.04,0.168,64,0.2013,SUCCESS,0.0425,NORMAL
FIL-004021,ORD-004021,2026-08-26 09:11:38.996,2996.21,2996.43,0.671,44,0.8042,SUCCESS,0.0072,NORMAL
FIL-004022,ORD-004022,2026-08-26 09:11:39.123,60069.89,60063.46,1.308,21,31.4252,SUCCESS,0.0107,NORMAL
FIL-004023,ORD-004023,2026-08-26 09:11:39.375,59928.81,59925.87,1.637,8,39.2395,SUCCESS,0.0049,NORMAL
FIL-004024,ORD-004024,2026-08-26 09:11:39.429,139.82,139.82,1.291,6,0.0722,SUCCESS,0.0019,NORMAL
FIL-004025,ORD-004025,2026-08-26 09:11:39.588,140.25,140.23,1.315,14,0.0738,SUCCESS,0.015,NORMAL
FIL-004026,ORD-004026,2026-08-26 09:11:39.875,2999.83,2999.12,0.106,6,0.1272,SUCCESS,0.0237,NORMAL
FIL-004027,ORD-004027,2026-08-26 09:11:39.973,2999.11,2999.45,1.796,5,2.1548,SUCCESS,0.0114,NORMAL
FIL-004028,ORD-004028,2026-08-26 09:11:40.249,140.14,140.12,2.365,11,0.1326,SUCCESS,0.0123,NORMAL
FIL-004029,ORD-004029,2026-08-26 09:11:40.379,2996.56,2996.05,1.175,9,1.4081,SUCCESS,0.0169,NORMAL
FIL-004030,ORD-004030,2026-08-26 09:11:40.484,140.07,140.07,1.355,18,0.0759,SUCCESS,0.0029,NORMAL
FIL-004031,ORD-004031,2026-08-26 09:11:40.749,140.1,140.04,1.799,16,0.1008,SUCCESS,0.0397,NORMAL
FIL-004032,ORD-004032,2026-08-26 09:11:40.807,139.98,140.02,1.315,9,0.0737,SUCCESS,0.0269,NORMAL
FIL-004033,ORD-004033,2026-08-26 09:11:41.036,140.03,140.02,0.777,11,0.0435,SUCCESS,0.0106,NORMAL
FIL-004034,ORD-004034,2026-08-26 09:11:41.161,139.9,139.92,2.194,10,0.1228,SUCCESS,0.017,NORMAL
FIL-004035,ORD-004035,2026-08-26 09:11:41.439,60014.01,60045.16,1.517,12,36.4354,SUCCESS,0.0519,NORMAL
FIL-004036,ORD-004036,2026-08-26 09:11:41.669,2998.92,2999.39,1.415,6,1.6977,SUCCESS,0.0158,NORMAL
FIL-004037,ORD-004037,2026-08-26 09:11:41.792,139.99,140.03,0.891,18,0.0499,SUCCESS,0.0319,NORMAL
FIL-004038,ORD-004038,2026-08-26 09:11:41.888,140.1,140.08,1.78,26,0.0997,SUCCESS,0.0176,NORMAL
FIL-004039,ORD-004039,2026-08-26 09:11:41.979,139.96,139.92,2.306,14,0.1291,SUCCESS,0.026,NORMAL
FIL-004040,ORD-004040,2026-08-26 09:11:42.106,60103.82,60118.85,1.788,6,42.997,SUCCESS,0.025,NORMAL
FIL-004041,ORD-004041,2026-08-26 09:11:42.243,2997.94,2997.6,1.629,16,1.9532,SUCCESS,0.0112,NORMAL
FIL-004042,ORD-004042,2026-08-26 09:11:42.424,3003.44,3003.38,0.254,10,0.3051,SUCCESS,0.0019,NORMAL
FIL-004043,ORD-004043,2026-08-26 09:11:42.638,140.09,140.11,1.181,27,0.0662,SUCCESS,0.0148,NORMAL
FIL-004044,ORD-004044,2026-08-26 09:11:42.762,139.84,139.78,2.434,31,0.1361,SUCCESS,0.0433,NORMAL
FIL-004045,ORD-004045,2026-08-26 09:11:42.999,59983.28,59973.86,0.285,24,6.837,SUCCESS,0.0157,NORMAL
FIL-004046,ORD-004046,2026-08-26 09:11:43.240,60003.59,60002.45,0.834,12,20.0168,SUCCESS,0.0019,NORMAL
FIL-004047,ORD-004047,2026-08-26 09:11:43.399,139.93,139.9,0.879,14,0.0492,SUCCESS,0.025,NORMAL
FIL-004048,ORD-004048,2026-08-26 09:11:43.498,140.15,140.13,2.012,31,0.1128,SUCCESS,0.0136,NORMAL
FIL-004049,ORD-004049,2026-08-26 09:11:43.661,140.07,140.07,2.159,18,0.121,SUCCESS,0.0019,NORMAL
FIL-004050,ORD-004050,2026-08-26 09:11:43.726,60096.25,60096.67,2.115,28,50.8418,SUCCESS,0.0007,NORMAL
FIL-004051,ORD-004051,2026-08-26 09:11:43.801,139.91,139.91,0.418,6,0.0234,SUCCESS,0.0034,NORMAL
FIL-004052,ORD-004052,2026-08-26 09:11:43.980,2997.48,2997.26,1.179,34,1.4135,SUCCESS,0.0073,NORMAL
FIL-004053,ORD-004053,2026-08-26 09:11:44.132,2997.37,2997.34,1.355,14,1.6246,SUCCESS,0.0009,NORMAL
FIL-004054,ORD-004054,2026-08-26 09:11:44.207,3000.38,2999.88,1.284,11,1.5407,SUCCESS,0.0166,NORMAL
FIL-004055,ORD-004055,2026-08-26 09:11:44.355,60072.47,60058.05,0.116,8,2.7867,SUCCESS,0.024,NORMAL
FIL-004056,ORD-004056,2026-08-26 09:11:44.540,140.01,139.97,1.096,5,0.0614,SUCCESS,0.0253,NORMAL
FIL-004057,ORD-004057,2026-08-26 09:11:44.680,60049.34,60037.99,1.095,44,26.2966,SUCCESS,0.0189,NORMAL
FIL-004058,ORD-004058,2026-08-26 09:11:44.807,3000.0,2999.48,0.716,14,0.8591,SUCCESS,0.0173,NORMAL
FIL-004059,ORD-004059,2026-08-26 09:11:44.932,3001.03,3001.58,1.234,23,1.4816,SUCCESS,0.0183,NORMAL
FIL-004060,ORD-004060,2026-08-26 09:11:45.091,59929.96,60056.11,1.076,280,25.8481,SUCCESS,0.2105,WARNING
FIL-004061,ORD-004061,2026-08-26 09:11:45.386,59953.3,60199.23,1.852,984,44.5956,SUCCESS,0.4102,THROTTLE
FIL-004063,ORD-004063,2026-08-26 09:11:45.728,140.01,139.51,1.855,232,0.1035,SUCCESS,0.3581,EMERGENCY_PAUSE
FIL-004065,ORD-004065,2026-08-26 09:11:46.221,139.98,140.22,1.558,798,0.0874,SUCCESS,0.1699,EMERGENCY_PAUSE
FIL-004067,ORD-004067,2026-08-26 09:11:46.610,3004.07,2991.32,1.214,198,1.4526,SUCCESS,0.4243,EMERGENCY_PAUSE
FIL-004068,ORD-004068,2026-08-26 09:11:46.823,2997.94,2984.6,1.475,203,1.7609,SUCCESS,0.4451,EMERGENCY_PAUSE
FIL-004069,ORD-004069,2026-08-26 09:11:46.908,59982.81,59787.69,1.607,570,38.4315,SUCCESS,0.3253,EMERGENCY_PAUSE
FIL-004070,ORD-004070,2026-08-26 09:11:47.177,140.29,139.97,0.453,800,0.0254,SUCCESS,0.2253,EMERGENCY_PAUSE
FIL-004071,ORD-004071,2026-08-26 09:11:47.476,60092.67,60106.73,1.373,13,33.0106,SUCCESS,0.0234,EMERGENCY_PAUSE
FIL-004072,ORD-004072,2026-08-26 09:11:47.645,59981.41,59971.21,2.19,22,52.5348,SUCCESS,0.017,EMERGENCY_PAUSE
FIL-004073,ORD-004073,2026-08-26 09:11:47.807,59943.63,59941.53,1.452,39,34.814,SUCCESS,0.0035,EMERGENCY_PAUSE
FIL-004074,ORD-004074,2026-08-26 09:11:48.013,140.03,140.03,1.205,8,0.0675,SUCCESS,0.0032,EMERGENCY_PAUSE
FIL-004075,ORD-004075,2026-08-26 09:11:48.251,2996.76,2996.83,2.258,15,2.7067,SUCCESS,0.0025,EMERGENCY_PAUSE
FIL-004076,ORD-004076,2026-08-26 09:11:48.334,3004.23,3004.69,1.911,5,2.2968,SUCCESS,0.0153,EMERGENCY_PAUSE
FIL-004077,ORD-004077,2026-08-26 09:11:48.515,140.17,140.17,1.051,31,0.0589,SUCCESS,0.0035,EMERGENCY_PAUSE
FIL-004078,ORD-004078,2026-08-26 09:11:48.621,3001.63,3002.25,1.652,22,1.9839,SUCCESS,0.0205,EMERGENCY_PAUSE
FIL-004079,ORD-004079,2026-08-26 09:11:48.767,59952.15,59938.72,1.834,13,43.971,SUCCESS,0.0224,THROTTLE
FIL-004080,ORD-004080,2026-08-26 09:11:49.054,140.04,140.03,1.253,5,0.0702,SUCCESS,0.0106,WARNING
FIL-004081,ORD-004081,2026-08-26 09:11:49.104,139.93,139.95,0.562,5,0.0315,SUCCESS,0.0112,NORMAL
FIL-004082,ORD-004082,2026-08-26 09:11:49.318,3004.37,3004.04,1.677,15,2.0151,SUCCESS,0.0109,NORMAL
FIL-004083,ORD-004083,2026-08-26 09:11:49.596,140.09,140.09,1.371,13,0.0768,SUCCESS,0.0014,NORMAL
FIL-004084,ORD-004084,2026-08-26 09:11:49.872,59972.83,59952.32,1.969,55,47.2184,SUCCESS,0.0342,NORMAL
FIL-004085,ORD-004085,2026-08-26 09:11:50.062,2990.86,2989.6,1.094,21,1.3082,SUCCESS,0.0421,NORMAL
FIL-004086,ORD-004086,2026-08-26 09:11:50.229,140.16,140.16,0.665,7,0.0373,SUCCESS,0.0023,NORMAL
FIL-004087,ORD-004087,2026-08-26 09:11:50.407,139.83,139.85,1.181,10,0.0661,SUCCESS,0.0137,NORMAL
FIL-004088,ORD-004088,2026-08-26 09:11:50.630,140.18,140.24,0.647,6,0.0363,SUCCESS,0.0448,NORMAL
FIL-004089,ORD-004089,2026-08-26 09:11:50.789,140.1,140.14,1.931,7,0.1082,SUCCESS,0.0275,NORMAL
FIL-004090,ORD-004090,2026-08-26 09:11:50.953,2997.89,2997.86,1.606,12,1.9258,SUCCESS,0.001,NORMAL
FIL-004091,ORD-004091,2026-08-26 09:11:51.183,59942.91,59925.35,1.494,5,35.8114,SUCCESS,0.0293,NORMAL
FIL-004092,ORD-004092,2026-08-26 09:11:51.313,3002.06,3002.39,1.291,10,1.5504,SUCCESS,0.0111,NORMAL
FIL-004093,ORD-004093,2026-08-26 09:11:51.522,60032.43,60037.53,1.407,19,33.7891,SUCCESS,0.0085,NORMAL
FIL-004094,ORD-004094,2026-08-26 09:11:51.588,140.08,140.14,1.211,49,0.0679,SUCCESS,0.0441,NORMAL
FIL-004095,ORD-004095,2026-08-26 09:11:51.715,3002.27,3002.76,1.439,19,1.7284,SUCCESS,0.0163,NORMAL
FIL-004096,ORD-004096,2026-08-26 09:11:51.832,2996.99,2996.08,0.604,9,0.7239,SUCCESS,0.0303,NORMAL
FIL-004097,ORD-004097,2026-08-26 09:11:52.127,139.89,139.85,2.167,14,0.1212,SUCCESS,0.0295,NORMAL
FIL-004098,ORD-004098,2026-08-26 09:11:52.351,60037.43,60036.59,1.525,6,36.6223,SUCCESS,0.0014,NORMAL
FIL-004099,ORD-004099,2026-08-26 09:11:52.408,60027.75,60047.74,1.703,7,40.9045,SUCCESS,0.0333,NORMAL
FIL-004100,ORD-004100,2026-08-26 09:11:52.483,139.74,139.72,2.037,9,0.1138,SUCCESS,0.0168,NORMAL
FIL-004101,ORD-004101,2026-08-26 09:11:52.729,59961.72,59957.94,0.336,56,8.0583,SUCCESS,0.0063,NORMAL
FIL-004102,ORD-004102,2026-08-26 09:11:52.878,60009.59,60013.49,2.297,10,55.1404,SUCCESS,0.0065,NORMAL
FIL-004103,ORD-004103,2026-08-26 09:11:52.984,139.82,139.87,1.507,18,0.0843,SUCCESS,0.0369,NORMAL
FIL-004104,ORD-004104,2026-08-26 09:11:53.262,3003.06,3004.02,1.428,6,1.7159,SUCCESS,0.0321,NORMAL
FIL-004105,ORD-004105,2026-08-26 09:11:53.529,59929.35,59946.25,1.691,5,40.5476,SUCCESS,0.0282,NORMAL
FIL-004106,ORD-004106,2026-08-26 09:11:53.761,2995.13,2994.26,0.211,12,0.2527,SUCCESS,0.029,NORMAL
FIL-004107,ORD-004107,2026-08-26 09:11:53.916,2997.18,2998.15,1.326,9,1.5902,SUCCESS,0.0323,NORMAL
FIL-004108,ORD-004108,2026-08-26 09:11:54.080,140.03,140.03,0.95,15,0.0532,SUCCESS,0.0021,NORMAL
FIL-004109,ORD-004109,2026-08-26 09:11:54.345,60073.49,60067.84,1.938,14,46.5646,SUCCESS,0.0094,NORMAL
FIL-004110,ORD-004110,2026-08-26 09:11:54.569,140.17,140.24,1.617,17,0.0907,SUCCESS,0.052,NORMAL
FIL-004111,ORD-004111,2026-08-26 09:11:54.642,2995.89,2995.01,0.405,6,0.4852,SUCCESS,0.0293,NORMAL
FIL-004112,ORD-004112,2026-08-26 09:11:54.824,140.05,140.04,1.874,29,0.105,SUCCESS,0.0103,NORMAL
FIL-004113,ORD-004113,2026-08-26 09:11:55.011,2996.14,2996.04,2.456,21,2.9433,SUCCESS,0.0035,NORMAL
FIL-004114,ORD-004114,2026-08-26 09:11:55.184,60067.38,60077.05,0.841,5,20.2099,SUCCESS,0.0161,NORMAL
FIL-004115,ORD-004115,2026-08-26 09:11:55.437,59984.3,59992.46,2.447,13,58.7206,SUCCESS,0.0136,NORMAL
FIL-004116,ORD-004116,2026-08-26 09:11:55.570,2994.48,2994.61,1.166,29,1.3967,SUCCESS,0.0044,NORMAL
FIL-004117,ORD-004117,2026-08-26 09:11:55.810,139.92,139.9,1.544,22,0.0864,SUCCESS,0.0108,NORMAL
FIL-004118,ORD-004118,2026-08-26 09:11:55.873,59971.93,59956.76,1.171,15,28.0837,SUCCESS,0.0253,NORMAL
FIL-004119,ORD-004119,2026-08-26 09:11:55.991,59996.37,59999.01,1.967,6,47.2072,SUCCESS,0.0044,NORMAL
FIL-004120,ORD-004120,2026-08-26 09:11:56.188,3001.97,3001.89,2.443,10,2.9334,SUCCESS,0.0025,NORMAL
FIL-004121,ORD-004121,2026-08-26 09:11:56.346,2994.56,2995.92,2.067,12,2.477,SUCCESS,0.0455,NORMAL
FIL-004122,ORD-004122,2026-08-26 09:11:56.451,139.83,139.76,0.259,5,0.0145,SUCCESS,0.0471,NORMAL
FIL-004123,ORD-004123,2026-08-26 09:11:56.554,60075.92,60070.45,1.314,6,31.573,SUCCESS,0.0091,NORMAL
FIL-004124,ORD-004124,2026-08-26 09:11:56.838,60040.97,60023.86,1.187,14,28.4993,SUCCESS,0.0285,NORMAL
FIL-004125,ORD-004125,2026-08-26 09:11:57.134,60065.74,60070.79,1.322,22,31.7654,SUCCESS,0.0084,NORMAL
FIL-004126,ORD-004126,2026-08-26 09:11:57.268,140.08,140.11,2.092,17,0.1172,SUCCESS,0.0199,NORMAL
FIL-004127,ORD-004127,2026-08-26 09:11:57.528,140.14,140.13,1.642,36,0.092,SUCCESS,0.0075,NORMAL
FIL-004128,ORD-004128,2026-08-26 09:11:57.766,59988.89,60006.41,2.151,6,51.6295,SUCCESS,0.0292,NORMAL
FIL-004129,ORD-004129,2026-08-26 09:11:57.879,3000.07,3000.77,0.71,19,0.8522,SUCCESS,0.0232,NORMAL
FIL-004130,ORD-004130,2026-08-26 09:11:57.982,139.99,139.97,1.22,13,0.0683,SUCCESS,0.0157,NORMAL
FIL-004131,ORD-004131,2026-08-26 09:11:58.131,3007.84,3006.64,1.802,13,2.1672,SUCCESS,0.04,NORMAL
FIL-004132,ORD-004132,2026-08-26 09:11:58.253,59949.32,59963.17,0.956,32,22.9299,SUCCESS,0.0231,NORMAL
FIL-004133,ORD-004133,2026-08-26 09:11:58.539,140.0,140.02,1.878,13,0.1052,SUCCESS,0.0136,NORMAL
FIL-004134,ORD-004134,2026-08-26 09:11:58.831,140.07,140.07,0.908,31,0.0509,SUCCESS,0.0002,NORMAL
FIL-004135,ORD-004135,2026-08-26 09:11:59.022,59993.05,60012.73,1.071,22,25.7095,SUCCESS,0.0328,NORMAL
FIL-004136,ORD-004136,2026-08-26 09:11:59.148,59966.89,59942.48,1.991,69,47.7382,SUCCESS,0.0407,NORMAL
FIL-004137,ORD-004137,2026-08-26 09:11:59.263,3003.59,3003.34,1.793,25,2.154,SUCCESS,0.0084,NORMAL
FIL-004138,ORD-004138,2026-08-26 09:11:59.501,139.98,140.01,0.791,40,0.0443,SUCCESS,0.02,NORMAL
FIL-004139,ORD-004139,2026-08-26 09:11:59.612,60080.25,60083.13,1.629,12,39.1502,SUCCESS,0.0048,NORMAL
FIL-004140,ORD-004140,2026-08-26 09:11:59.751,60038.16,60053.41,2.147,7,51.5739,SUCCESS,0.0254,NORMAL
FIL-004141,ORD-004141,2026-08-26 09:12:00.010,139.97,140.0,1.023,13,0.0573,SUCCESS,0.0224,NORMAL
FIL-004142,ORD-004142,2026-08-26 09:12:00.177,59932.7,59935.22,1.005,10,24.094,SUCCESS,0.0042,NORMAL
FIL-004143,ORD-004143,2026-08-26 09:12:00.227,59960.81,59959.91,2.386,7,57.2257,SUCCESS,0.0015,NORMAL
FIL-004144,ORD-004144,2026-08-26 09:12:00.484,60080.22,60074.87,0.767,15,18.431,SUCCESS,0.0089,NORMAL
FIL-004145,ORD-004145,2026-08-26 09:12:00.712,60022.86,60038.59,0.421,19,10.1105,SUCCESS,0.0262,NORMAL
FIL-004146,ORD-004146,2026-08-26 09:12:00.815,59958.51,59929.01,0.274,19,6.5682,SUCCESS,0.0492,NORMAL
FIL-004147,ORD-004147,2026-08-26 09:12:00.989,139.89,139.85,2.239,22,0.1252,SUCCESS,0.0257,NORMAL
FIL-004148,ORD-004148,2026-08-26 09:12:01.122,3002.44,3003.09,1.574,5,1.8907,SUCCESS,0.0216,NORMAL
FIL-004149,ORD-004149,2026-08-26 09:12:01.178,60107.35,60101.22,0.758,7,18.2227,SUCCESS,0.0102,NORMAL
FIL-004150,ORD-004150,2026-08-26 09:12:01.345,139.92,139.94,0.941,7,0.0527,SUCCESS,0.0148,NORMAL
FIL-004151,ORD-004151,2026-08-26 09:12:01.617,3006.11,3006.01,0.837,6,1.0064,SUCCESS,0.0033,NORMAL
FIL-004152,ORD-004152,2026-08-26 09:12:01.699,2998.73,2998.77,1.275,8,1.5294,SUCCESS,0.0012,NORMAL
FIL-004153,ORD-004153,2026-08-26 09:12:01.937,2998.73,2999.25,1.901,17,2.2806,SUCCESS,0.0173,NORMAL
FIL-004154,ORD-004154,2026-08-26 09:12:02.181,140.2,140.2,0.954,20,0.0535,SUCCESS,0.0034,NORMAL
FIL-004155,ORD-004155,2026-08-26 09:12:02.298,60076.64,60104.7,2.142,57,51.4977,SUCCESS,0.0467,NORMAL
FIL-004156,ORD-004156,2026-08-26 09:12:02.595,59981.06,59963.85,2.326,10,55.7904,SUCCESS,0.0287,NORMAL
FIL-004157,ORD-004157,2026-08-26 09:12:02.732,139.88,139.88,2.024,6,0.1132,SUCCESS,0.0006,NORMAL
FIL-004158,ORD-004158,2026-08-26 09:12:02.855,59958.71,59965.43,0.751,44,18.0136,SUCCESS,0.0112,NORMAL
FIL-004159,ORD-004159,2026-08-26 09:12:03.041,140.02,140.01,0.438,10,0.0245,SUCCESS,0.0107,NORMAL
FIL-004160,ORD-004160,2026-08-26 09:12:03.335,139.74,139.74,1.912,7,0.1069,SUCCESS,0.0005,NORMAL
FIL-004161,ORD-004161,2026-08-26 09:12:03.574,59991.18,59998.74,1.007,7,24.1675,SUCCESS,0.0126,NORMAL
FIL-004162,ORD-004162,2026-08-26 09:12:03.674,139.88,139.88,1.493,12,0.0835,SUCCESS,0.0033,NORMAL
FIL-004163,ORD-004163,2026-08-26 09:12:03.841,59943.08,59933.37,1.976,6,47.3713,SUCCESS,0.0162,NORMAL
FIL-004164,ORD-004164,2026-08-26 09:12:04.114,140.03,140.02,0.252,9,0.0141,SUCCESS,0.0091,NORMAL
FIL-004165,ORD-004165,2026-08-26 09:12:04.276,140.14,140.17,0.785,5,0.044,SUCCESS,0.0181,NORMAL
FIL-004166,ORD-004166,2026-08-26 09:12:04.461,3000.52,3000.23,0.224,22,0.2688,SUCCESS,0.0096,NORMAL
FIL-004167,ORD-004167,2026-08-26 09:12:04.758,3001.44,3002.15,1.386,22,1.6644,SUCCESS,0.0238,NORMAL
FIL-004168,ORD-004168,2026-08-26 09:12:05.048,60054.35,60060.9,0.879,25,21.1174,SUCCESS,0.0109,NORMAL
FIL-004169,ORD-004169,2026-08-26 09:12:05.259,60021.58,60004.59,1.09,9,26.162,SUCCESS,0.0283,NORMAL
FIL-004170,ORD-004170,2026-08-26 09:12:05.333,59905.83,59920.33,1.417,6,33.9628,SUCCESS,0.0242,NORMAL
FIL-004171,ORD-004171,2026-08-26 09:12:05.467,60014.96,60004.88,0.823,25,19.7536,SUCCESS,0.0168,NORMAL
FIL-004172,ORD-004172,2026-08-26 09:12:05.553,2996.38,2997.53,2.111,9,2.5311,SUCCESS,0.0383,NORMAL
FIL-004173,ORD-004173,2026-08-26 09:12:05.844,3000.99,3001.13,0.273,13,0.3277,SUCCESS,0.0045,NORMAL
FIL-004174,ORD-004174,2026-08-26 09:12:05.907,3002.67,3003.0,1.07,5,1.2853,SUCCESS,0.011,NORMAL
FIL-004175,ORD-004175,2026-08-26 09:12:06.042,60001.3,60001.48,1.136,5,27.2647,SUCCESS,0.0003,NORMAL
FIL-004176,ORD-004176,2026-08-26 09:12:06.304,140.01,139.95,0.883,5,0.0494,SUCCESS,0.0393,NORMAL
FIL-004177,ORD-004177,2026-08-26 09:12:06.393,60012.72,60013.26,0.794,24,19.0602,SUCCESS,0.0009,NORMAL
FIL-004178,ORD-004178,2026-08-26 09:12:06.508,60100.14,60081.93,0.856,24,20.5721,SUCCESS,0.0303,NORMAL
FIL-004179,ORD-004179,2026-08-26 09:12:06.786,2996.28,2996.9,1.064,16,1.2755,SUCCESS,0.0208,NORMAL
FIL-004180,ORD-004180,2026-08-26 09:12:06.844,60089.38,60202.71,2.147,422,51.7021,SUCCESS,0.1886,WARNING
FIL-004181,ORD-004181,2026-08-26 09:12:06.929,3002.58,3008.74,0.523,1050,0.6294,SUCCESS,0.2053,THROTTLE
FIL-004183,ORD-004183,2026-08-26 09:12:07.316,60020.67,59826.92,0.562,299,13.4491,SUCCESS,0.3228,EMERGENCY_PAUSE
FIL-004184,ORD-004184,2026-08-26 09:12:07.451,60039.45,59910.73,0.684,190,16.3916,SUCCESS,0.2144,EMERGENCY_PAUSE
FIL-004185,ORD-004185,2026-08-26 09:12:07.577,3002.66,2996.48,1.059,377,1.2693,SUCCESS,0.2057,EMERGENCY_PAUSE
FIL-004186,ORD-004186,2026-08-26 09:12:07.695,140.18,139.86,1.329,325,0.0743,SUCCESS,0.2291,EMERGENCY_PAUSE
FIL-004187,ORD-004187,2026-08-26 09:12:07.916,59952.75,60106.83,1.149,446,27.6251,SUCCESS,0.257,EMERGENCY_PAUSE
FIL-004188,ORD-004188,2026-08-26 09:12:08.178,2996.47,3006.69,0.965,318,1.1606,SUCCESS,0.3411,EMERGENCY_PAUSE
FIL-004189,ORD-004189,2026-08-26 09:12:08.473,59924.99,59774.94,0.526,219,12.5766,SUCCESS,0.2504,EMERGENCY_PAUSE
FIL-004190,ORD-004190,2026-08-26 09:12:08.768,2998.3,2993.21,1.271,307,1.5217,SUCCESS,0.1699,EMERGENCY_PAUSE
FIL-004191,ORD-004191,2026-08-26 09:12:08.976,60055.47,60012.17,1.326,31,31.8305,SUCCESS,0.0721,EMERGENCY_PAUSE
FIL-004192,ORD-004192,2026-08-26 09:12:09.120,2998.99,2998.4,1.979,42,2.3735,SUCCESS,0.0196,EMERGENCY_PAUSE
FIL-004193,ORD-004193,2026-08-26 09:12:09.243,60004.37,60012.59,0.99,10,23.765,SUCCESS,0.0137,EMERGENCY_PAUSE
FIL-004194,ORD-004194,2026-08-26 09:12:09.463,2998.2,2997.39,1.827,6,2.1905,SUCCESS,0.027,EMERGENCY_PAUSE
FIL-004195,ORD-004195,2026-08-26 09:12:09.750,60039.44,60036.62,1.755,46,42.1457,SUCCESS,0.0047,EMERGENCY_PAUSE
FIL-004196,ORD-004196,2026-08-26 09:12:10.027,3002.65,3003.31,1.484,5,1.7828,SUCCESS,0.0221,EMERGENCY_PAUSE
FIL-004197,ORD-004197,2026-08-26 09:12:10.270,2999.46,2999.94,2.286,15,2.7431,SUCCESS,0.0161,EMERGENCY_PAUSE
FIL-004198,ORD-004198,2026-08-26 09:12:10.441,2999.03,2998.42,0.348,65,0.4174,SUCCESS,0.0205,EMERGENCY_PAUSE
FIL-004199,ORD-004199,2026-08-26 09:12:10.598,59862.68,59865.31,1.775,34,42.5044,SUCCESS,0.0044,THROTTLE
FIL-004200,ORD-004200,2026-08-26 09:12:10.753,60008.12,60012.2,1.682,11,40.3762,SUCCESS,0.0068,WARNING
FIL-004201,ORD-004201,2026-08-26 09:12:10.809,139.89,139.89,1.705,5,0.0954,SUCCESS,0.0009,NORMAL
FIL-004202,ORD-004202,2026-08-26 09:12:10.979,3001.87,3002.4,0.81,9,0.9728,SUCCESS,0.0176,NORMAL
FIL-004203,ORD-004203,2026-08-26 09:12:11.230,140.09,140.11,1.921,7,0.1077,SUCCESS,0.0137,NORMAL
FIL-004204,ORD-004204,2026-08-26 09:12:11.522,139.96,139.97,0.639,10,0.0358,SUCCESS,0.0037,NORMAL
FIL-004205,ORD-004205,2026-08-26 09:12:11.622,140.22,140.28,1.337,10,0.075,SUCCESS,0.0424,NORMAL
FIL-004206,ORD-004206,2026-08-26 09:12:11.725,139.95,139.94,1.293,32,0.0724,SUCCESS,0.0107,NORMAL
FIL-004207,ORD-004207,2026-08-26 09:12:11.987,2998.37,2999.28,0.499,5,0.5987,SUCCESS,0.0302,NORMAL
FIL-004208,ORD-004208,2026-08-26 09:12:12.282,60001.03,60009.25,2.055,10,49.3276,SUCCESS,0.0137,NORMAL
FIL-004209,ORD-004209,2026-08-26 09:12:12.478,140.1,140.1,1.857,37,0.1041,SUCCESS,0.002,NORMAL
FIL-004210,ORD-004210,2026-08-26 09:12:12.728,60021.49,60029.35,0.785,8,18.8492,SUCCESS,0.0131,NORMAL
FIL-004211,ORD-004211,2026-08-26 09:12:12.942,59971.8,59958.67,0.541,13,12.9751,SUCCESS,0.0219,NORMAL
FIL-004212,ORD-004212,2026-08-26 09:12:13.091,3000.19,3000.33,1.619,11,1.943,SUCCESS,0.0046,NORMAL
FIL-004213,ORD-004213,2026-08-26 09:12:13.189,140.04,140.02,2.301,13,0.1289,SUCCESS,0.0121,NORMAL
FIL-004214,ORD-004214,2026-08-26 09:12:13.445,139.77,139.78,1.504,10,0.0841,SUCCESS,0.0063,NORMAL
FIL-004215,ORD-004215,2026-08-26 09:12:13.624,140.17,140.11,1.474,13,0.0826,SUCCESS,0.041,NORMAL
FIL-004216,ORD-004216,2026-08-26 09:12:13.853,140.0,140.02,1.641,6,0.0919,SUCCESS,0.0177,NORMAL
FIL-004217,ORD-004217,2026-08-26 09:12:14.075,3001.48,3001.06,1.084,29,1.3013,SUCCESS,0.0139,NORMAL
FIL-004218,ORD-004218,2026-08-26 09:12:14.181,59921.55,59920.59,0.624,15,14.9562,SUCCESS,0.0016,NORMAL
FIL-004219,ORD-004219,2026-08-26 09:12:14.320,139.89,139.91,0.358,11,0.02,SUCCESS,0.0174,NORMAL
FIL-004220,ORD-004220,2026-08-26 09:12:14.524,139.71,139.78,0.693,15,0.0387,SUCCESS,0.0483,NORMAL
FIL-004221,ORD-004221,2026-08-26 09:12:14.643,3002.79,3003.3,0.643,9,0.7724,SUCCESS,0.017,NORMAL
FIL-004222,ORD-004222,2026-08-26 09:12:14.861,2998.8,2998.84,2.1,27,2.519,SUCCESS,0.0015,NORMAL
FIL-004223,ORD-004223,2026-08-26 09:12:15.055,59903.41,59872.56,0.209,13,5.0053,SUCCESS,0.0515,NORMAL
FIL-004224,ORD-004224,2026-08-26 09:12:15.216,140.05,140.04,0.271,5,0.0152,SUCCESS,0.0051,NORMAL
FIL-004225,ORD-004225,2026-08-26 09:12:15.289,3000.67,3000.86,2.281,12,2.738,SUCCESS,0.0062,NORMAL
FIL-004226,ORD-004226,2026-08-26 09:12:15.490,60070.14,60069.72,1.671,6,40.1506,SUCCESS,0.0007,NORMAL
FIL-004227,ORD-004227,2026-08-26 09:12:15.770,140.21,140.23,0.848,7,0.0476,SUCCESS,0.011,NORMAL
FIL-004228,ORD-004228,2026-08-26 09:12:16.038,60047.79,60057.16,2.216,27,53.2347,SUCCESS,0.0156,NORMAL
FIL-004229,ORD-004229,2026-08-26 09:12:16.334,2996.62,2997.01,0.179,55,0.2146,SUCCESS,0.0129,NORMAL
FIL-004230,ORD-004230,2026-08-26 09:12:16.581,60010.17,60011.31,2.391,7,57.3948,SUCCESS,0.0019,NORMAL
FIL-004231,ORD-004231,2026-08-26 09:12:16.772,59992.6,59969.62,0.89,12,21.3492,SUCCESS,0.0383,NORMAL
FIL-004232,ORD-004232,2026-08-26 09:12:16.930,2999.07,2999.26,0.574,10,0.6886,SUCCESS,0.0063,NORMAL
FIL-004233,ORD-004233,2026-08-26 09:12:17.220,60004.83,60001.53,1.266,20,30.3848,SUCCESS,0.0055,NORMAL
FIL-004234,ORD-004234,2026-08-26 09:12:17.352,140.41,140.41,0.241,26,0.0135,SUCCESS,0.0005,NORMAL
FIL-004235,ORD-004235,2026-08-26 09:12:17.431,2998.31,2999.15,1.998,6,2.3969,SUCCESS,0.028,NORMAL
FIL-004236,ORD-004236,2026-08-26 09:12:17.718,59959.89,59972.96,1.736,28,41.6452,SUCCESS,0.0218,NORMAL
FIL-004237,ORD-004237,2026-08-26 09:12:17.809,60081.57,60085.23,2.182,13,52.4424,SUCCESS,0.0061,NORMAL
FIL-004238,ORD-004238,2026-08-26 09:12:17.976,140.23,140.28,2.117,27,0.1188,SUCCESS,0.0337,NORMAL
FIL-004239,ORD-004239,2026-08-26 09:12:18.045,140.14,140.13,2.341,14,0.1312,SUCCESS,0.0036,NORMAL
FIL-004240,ORD-004240,2026-08-26 09:12:18.220,140.08,140.09,1.324,10,0.0742,SUCCESS,0.0092,NORMAL
FIL-004241,ORD-004241,2026-08-26 09:12:18.411,3004.3,3003.86,0.272,31,0.3268,SUCCESS,0.0147,NORMAL
FIL-004242,ORD-004242,2026-08-26 09:12:18.489,59918.89,59940.64,1.575,31,37.7626,SUCCESS,0.0363,NORMAL
FIL-004243,ORD-004243,2026-08-26 09:12:18.602,139.58,139.54,0.787,9,0.0439,SUCCESS,0.0278,NORMAL
FIL-004244,ORD-004244,2026-08-26 09:12:18.833,139.83,139.85,0.215,6,0.012,SUCCESS,0.0158,NORMAL
FIL-004245,ORD-004245,2026-08-26 09:12:19.035,60029.64,60045.85,0.223,7,5.3561,SUCCESS,0.027,NORMAL
FIL-004246,ORD-004246,2026-08-26 09:12:19.225,140.21,140.21,0.259,7,0.0145,SUCCESS,0.0026,NORMAL
FIL-004247,ORD-004247,2026-08-26 09:12:19.442,2994.99,2994.39,0.521,19,0.624,SUCCESS,0.0201,NORMAL
FIL-004248,ORD-004248,2026-08-26 09:12:19.564,3006.25,3005.57,1.619,22,1.9464,SUCCESS,0.0225,NORMAL
FIL-004249,ORD-004249,2026-08-26 09:12:19.794,3004.41,3005.19,1.403,23,1.6865,SUCCESS,0.0258,NORMAL
FIL-004250,ORD-004250,2026-08-26 09:12:19.943,139.94,139.92,0.961,16,0.0538,SUCCESS,0.0137,NORMAL
FIL-004251,ORD-004251,2026-08-26 09:12:20.007,140.17,140.12,1.535,7,0.086,SUCCESS,0.0334,NORMAL
FIL-004252,ORD-004252,2026-08-26 09:12:20.144,60036.83,60015.76,1.782,19,42.7792,SUCCESS,0.0351,NORMAL
FIL-004253,ORD-004253,2026-08-26 09:12:20.287,2999.43,2999.1,1.065,18,1.2776,SUCCESS,0.011,NORMAL
FIL-004254,ORD-004254,2026-08-26 09:12:20.500,3001.75,3001.19,0.542,54,0.6507,SUCCESS,0.0186,NORMAL
FIL-004255,ORD-004255,2026-08-26 09:12:20.717,140.08,140.1,0.42,9,0.0235,SUCCESS,0.0124,NORMAL
FIL-004256,ORD-004256,2026-08-26 09:12:20.888,3000.03,2999.63,2.198,14,2.6373,SUCCESS,0.0134,NORMAL
FIL-004257,ORD-004257,2026-08-26 09:12:21.008,59937.41,59942.98,1.669,17,40.0179,SUCCESS,0.0093,NORMAL
FIL-004258,ORD-004258,2026-08-26 09:12:21.302,59858.26,59866.46,1.322,30,31.6574,SUCCESS,0.0137,NORMAL
FIL-004259,ORD-004259,2026-08-26 09:12:21.551,2999.56,2999.57,1.329,7,1.5946,SUCCESS,0.0002,NORMAL
FIL-004260,ORD-004260,2026-08-26 09:12:21.705,60091.64,60092.6,2.051,29,49.3,SUCCESS,0.0016,NORMAL
FIL-004261,ORD-004261,2026-08-26 09:12:21.780,140.01,140.03,2.03,20,0.1137,SUCCESS,0.0141,NORMAL
FIL-004262,ORD-004262,2026-08-26 09:12:21.879,2999.47,3000.5,1.078,7,1.2938,SUCCESS,0.0343,NORMAL
FIL-004263,ORD-004263,2026-08-26 09:12:21.964,139.91,139.95,1.683,42,0.0942,SUCCESS,0.0319,NORMAL
FIL-004264,ORD-004264,2026-08-26 09:12:22.086,59980.32,59992.98,1.435,7,34.436,SUCCESS,0.0211,NORMAL
FIL-004265,ORD-004265,2026-08-26 09:12:22.227,60058.99,60056.05,1.362,7,32.7185,SUCCESS,0.0049,NORMAL
FIL-004266,ORD-004266,2026-08-26 09:12:22.469,139.93,139.9,0.194,10,0.0109,SUCCESS,0.0213,NORMAL
FIL-004267,ORD-004267,2026-08-26 09:12:22.746,139.83,139.82,0.648,67,0.0362,SUCCESS,0.0105,NORMAL
FIL-004268,ORD-004268,2026-08-26 09:12:23.014,59988.75,59994.93,0.171,15,4.1037,SUCCESS,0.0103,NORMAL
FIL-004269,ORD-004269,2026-08-26 09:12:23.101,3002.9,3003.64,1.163,14,1.3973,SUCCESS,0.0247,NORMAL
FIL-004270,ORD-004270,2026-08-26 09:12:23.225,59993.23,59994.31,2.331,5,55.9387,SUCCESS,0.0018,NORMAL
FIL-004271,ORD-004271,2026-08-26 09:12:23.469,59986.77,59976.75,0.198,14,4.7502,SUCCESS,0.0167,NORMAL
FIL-004272,ORD-004272,2026-08-26 09:12:23.537,2994.57,2994.6,0.141,6,0.1689,SUCCESS,0.0009,NORMAL
FIL-004273,ORD-004273,2026-08-26 09:12:23.828,59929.35,59926.53,2.18,16,52.2559,SUCCESS,0.0047,NORMAL
FIL-004274,ORD-004274,2026-08-26 09:12:23.910,2998.1,2998.8,2.192,8,2.6293,SUCCESS,0.0233,NORMAL
FIL-004275,ORD-004275,2026-08-26 09:12:24.064,140.37,140.4,1.227,37,0.0689,SUCCESS,0.0192,NORMAL
FIL-004276,ORD-004276,2026-08-26 09:12:24.158,3005.58,3005.49,1.421,5,1.7083,SUCCESS,0.003,NORMAL
FIL-004277,ORD-004277,2026-08-26 09:12:24.441,60060.19,60081.57,0.926,31,22.2542,SUCCESS,0.0356,NORMAL
FIL-004278,ORD-004278,2026-08-26 09:12:24.688,140.06,140.07,1.44,11,0.0807,SUCCESS,0.0067,NORMAL
FIL-004279,ORD-004279,2026-08-26 09:12:24.969,59947.72,59953.12,1.589,12,38.1062,SUCCESS,0.009,NORMAL
FIL-004280,ORD-004280,2026-08-26 09:12:25.203,140.01,140.0,0.675,62,0.0378,SUCCESS,0.0048,NORMAL
FIL-004281,ORD-004281,2026-08-26 09:12:25.341,2998.42,2999.55,0.876,13,1.051,SUCCESS,0.0376,NORMAL
FIL-004282,ORD-004282,2026-08-26 09:12:25.530,3004.11,3002.35,1.944,22,2.3346,SUCCESS,0.0585,NORMAL
FIL-004283,ORD-004283,2026-08-26 09:12:25.734,3001.41,3001.75,2.102,20,2.5239,SUCCESS,0.0112,NORMAL
FIL-004284,ORD-004284,2026-08-26 09:12:25.939,2999.11,2999.38,0.468,30,0.5615,SUCCESS,0.009,NORMAL
FIL-004285,ORD-004285,2026-08-26 09:12:26.073,139.95,139.95,0.216,36,0.0121,SUCCESS,0.0018,NORMAL
FIL-004286,ORD-004286,2026-08-26 09:12:26.236,2993.41,2992.21,0.756,52,0.9048,SUCCESS,0.0402,NORMAL
FIL-004287,ORD-004287,2026-08-26 09:12:26.523,59827.97,59832.64,1.094,26,26.1828,SUCCESS,0.0078,NORMAL
FIL-004288,ORD-004288,2026-08-26 09:12:26.714,60048.15,60028.39,1.511,5,36.2812,SUCCESS,0.0329,NORMAL
FIL-004289,ORD-004289,2026-08-26 09:12:26.813,60002.11,60013.57,1.329,32,31.9032,SUCCESS,0.0191,NORMAL
FIL-004290,ORD-004290,2026-08-26 09:12:26.964,3006.01,3005.55,1.571,22,1.8887,SUCCESS,0.0153,NORMAL
FIL-004291,ORD-004291,2026-08-26 09:12:27.246,3004.74,3004.49,1.297,6,1.5587,SUCCESS,0.0084,NORMAL
FIL-004292,ORD-004292,2026-08-26 09:12:27.468,60040.93,60017.33,1.376,10,33.0335,SUCCESS,0.0393,NORMAL
FIL-004293,ORD-004293,2026-08-26 09:12:27.595,60071.56,60071.68,0.518,7,12.4469,SUCCESS,0.0002,NORMAL
FIL-004294,ORD-004294,2026-08-26 09:12:27.677,140.12,140.18,1.19,7,0.0667,SUCCESS,0.041,NORMAL
FIL-004295,ORD-004295,2026-08-26 09:12:27.828,2998.41,2999.17,2.362,45,2.8336,SUCCESS,0.0252,NORMAL
FIL-004296,ORD-004296,2026-08-26 09:12:28.094,140.08,140.09,1.2,26,0.0672,SUCCESS,0.008,NORMAL
FIL-004297,ORD-004297,2026-08-26 09:12:28.240,139.77,139.8,1.451,13,0.0811,SUCCESS,0.0201,NORMAL
FIL-004298,ORD-004298,2026-08-26 09:12:28.485,59918.54,59937.23,0.247,12,5.9218,SUCCESS,0.0312,NORMAL
FIL-004299,ORD-004299,2026-08-26 09:12:28.688,59957.99,59976.94,0.911,5,21.8556,SUCCESS,0.0316,NORMAL
FIL-004300,ORD-004300,2026-08-26 09:12:28.773,3000.54,2995.3,1.636,180,1.9601,SUCCESS,0.1748,WARNING
FIL-004301,ORD-004301,2026-08-26 09:12:28.870,139.84,139.25,0.436,304,0.0243,SUCCESS,0.4235,THROTTLE
FIL-004304,ORD-004304,2026-08-26 09:12:29.329,60010.68,60138.5,2.16,587,51.9597,SUCCESS,0.213,EMERGENCY_PAUSE
FIL-004308,ORD-004308,2026-08-26 09:12:29.917,3005.59,3015.92,0.541,536,0.6526,SUCCESS,0.3438,EMERGENCY_PAUSE
FIL-004309,ORD-004309,2026-08-26 09:12:30.146,2998.79,3006.35,1.817,243,2.185,SUCCESS,0.2522,EMERGENCY_PAUSE
FIL-004310,ORD-004310,2026-08-26 09:12:30.344,2997.26,3010.47,0.842,291,1.0139,SUCCESS,0.4409,EMERGENCY_PAUSE
FIL-004311,ORD-004311,2026-08-26 09:12:30.580,140.07,140.1,1.971,24,0.1105,SUCCESS,0.0191,EMERGENCY_PAUSE
FIL-004312,ORD-004312,2026-08-26 09:12:30.790,59971.38,59992.01,1.024,58,24.5727,SUCCESS,0.0344,EMERGENCY_PAUSE
FIL-004313,ORD-004313,2026-08-26 09:12:30.924,2994.72,2993.49,0.281,26,0.3365,SUCCESS,0.041,EMERGENCY_PAUSE
FIL-004314,ORD-004314,2026-08-26 09:12:30.977,3002.45,3001.64,0.688,7,0.8261,SUCCESS,0.0269,EMERGENCY_PAUSE
FIL-004315,ORD-004315,2026-08-26 09:12:31.200,140.17,140.18,0.947,13,0.0531,SUCCESS,0.008,EMERGENCY_PAUSE
FIL-004316,ORD-004316,2026-08-26 09:12:31.359,140.12,140.18,2.438,27,0.1367,SUCCESS,0.0442,EMERGENCY_PAUSE
FIL-004317,ORD-004317,2026-08-26 09:12:31.574,3001.46,3000.76,1.681,6,2.0177,SUCCESS,0.0234,EMERGENCY_PAUSE
FIL-004318,ORD-004318,2026-08-26 09:12:31.646,3003.62,3004.46,0.484,5,0.5817,SUCCESS,0.0281,EMERGENCY_PAUSE
FIL-004319,ORD-004319,2026-08-26 09:12:31.900,139.87,139.81,1.689,6,0.0945,SUCCESS,0.0449,THROTTLE
FIL-004320,ORD-004320,2026-08-26 09:12:32.050,139.83,139.83,1.72,11,0.0962,SUCCESS,0.0031,WARNING
FIL-004321,ORD-004321,2026-08-26 09:12:32.209,3004.0,3003.88,1.247,22,1.4983,SUCCESS,0.0039,NORMAL
FIL-004322,ORD-004322,2026-08-26 09:12:32.290,59976.67,59969.89,1.741,37,41.763,SUCCESS,0.0113,NORMAL
FIL-004323,ORD-004323,2026-08-26 09:12:32.549,139.92,139.89,0.431,15,0.0241,SUCCESS,0.0206,NORMAL
FIL-004324,ORD-004324,2026-08-26 09:12:32.726,139.65,139.64,0.63,31,0.0352,SUCCESS,0.0103,NORMAL
FIL-004325,ORD-004325,2026-08-26 09:12:32.781,59959.63,59964.25,0.848,40,20.3399,SUCCESS,0.0077,NORMAL
FIL-004326,ORD-004326,2026-08-26 09:12:33.028,60020.06,60032.48,2.092,12,50.2352,SUCCESS,0.0207,NORMAL
FIL-004327,ORD-004327,2026-08-26 09:12:33.114,59932.46,59940.07,0.276,5,6.6174,SUCCESS,0.0127,NORMAL
FIL-004328,ORD-004328,2026-08-26 09:12:33.261,2996.49,2996.33,1.305,7,1.5641,SUCCESS,0.0055,NORMAL
FIL-004329,ORD-004329,2026-08-26 09:12:33.493,3002.92,3003.59,2.415,12,2.9015,SUCCESS,0.0222,NORMAL
FIL-004330,ORD-004330,2026-08-26 09:12:33.670,2998.74,2999.04,2.023,5,2.4268,SUCCESS,0.0101,NORMAL
FIL-004331,ORD-004331,2026-08-26 09:12:33.773,3000.6,2999.91,0.918,21,1.1016,SUCCESS,0.0231,NORMAL
FIL-004332,ORD-004332,2026-08-26 09:12:34.045,139.79,139.85,0.759,6,0.0425,SUCCESS,0.0406,NORMAL
FIL-004333,ORD-004333,2026-08-26 09:12:34.169,59958.04,59937.23,1.127,20,27.0197,SUCCESS,0.0347,NORMAL
FIL-004334,ORD-004334,2026-08-26 09:12:34.446,60096.93,60089.78,0.629,33,15.1186,SUCCESS,0.0119,NORMAL
FIL-004335,ORD-004335,2026-08-26 09:12:34.576,3000.5,3001.29,2.484,13,2.9821,SUCCESS,0.0264,NORMAL
FIL-004336,ORD-004336,2026-08-26 09:12:34.839,3000.84,3001.08,1.274,12,1.5294,SUCCESS,0.0081,NORMAL
FIL-004337,ORD-004337,2026-08-26 09:12:35.139,2999.14,2998.82,1.573,6,1.8869,SUCCESS,0.0108,NORMAL
FIL-004338,ORD-004338,2026-08-26 09:12:35.229,3008.38,3008.01,1.513,9,1.8204,SUCCESS,0.0124,NORMAL
FIL-004339,ORD-004339,2026-08-26 09:12:35.491,60028.74,60017.15,1.8,10,43.2123,SUCCESS,0.0193,NORMAL
FIL-004340,ORD-004340,2026-08-26 09:12:35.786,60000.59,60025.91,0.856,7,20.5529,SUCCESS,0.0422,NORMAL
FIL-004341,ORD-004341,2026-08-26 09:12:36.073,2999.26,2999.46,1.019,6,1.2226,SUCCESS,0.0068,NORMAL
FIL-004342,ORD-004342,2026-08-26 09:12:36.319,2995.1,2996.08,2.179,9,2.6114,SUCCESS,0.0326,NORMAL
FIL-004343,ORD-004343,2026-08-26 09:12:36.610,59925.83,59917.08,0.53,23,12.7024,SUCCESS,0.0146,NORMAL
FIL-004344,ORD-004344,2026-08-26 09:12:36.715,60050.36,60035.65,1.502,20,36.0694,SUCCESS,0.0245,NORMAL
FIL-004345,ORD-004345,2026-08-26 09:12:36.842,2995.05,2993.85,1.481,13,1.7736,SUCCESS,0.0401,NORMAL
FIL-004346,ORD-004346,2026-08-26 09:12:36.966,3001.05,3000.56,1.99,6,2.3884,SUCCESS,0.0164,NORMAL
FIL-004347,ORD-004347,2026-08-26 09:12:37.195,3003.67,3003.64,2.344,11,2.8162,SUCCESS,0.001,NORMAL
FIL-004348,ORD-004348,2026-08-26 09:12:37.390,139.88,139.91,1.283,16,0.0718,SUCCESS,0.0248,NORMAL
FIL-004349,ORD-004349,2026-08-26 09:12:37.607,3000.3,3000.62,0.799,7,0.959,SUCCESS,0.0107,NORMAL
FIL-004350,ORD-004350,2026-08-26 09:12:37.691,60094.24,60061.73,1.566,7,37.6227,SUCCESS,0.0541,NORMAL
FIL-004351,ORD-004351,2026-08-26 09:12:37.983,60058.39,60041.93,2.372,8,56.9678,SUCCESS,0.0274,NORMAL
FIL-004352,ORD-004352,2026-08-26 09:12:38.210,60085.91,60087.59,2.214,12,53.2136,SUCCESS,0.0028,NORMAL
FIL-004353,ORD-004353,2026-08-26 09:12:38.362,60032.74,60018.27,1.047,18,25.1357,SUCCESS,0.0241,NORMAL
FIL-004354,ORD-004354,2026-08-26 09:12:38.583,139.78,139.75,1.612,11,0.0901,SUCCESS,0.019,NORMAL
FIL-004355,ORD-004355,2026-08-26 09:12:38.859,60037.38,60016.49,2.472,7,59.3443,SUCCESS,0.0348,NORMAL
FIL-004356,ORD-004356,2026-08-26 09:12:39.093,60014.01,60016.11,2.239,8,53.7504,SUCCESS,0.0035,NORMAL
FIL-004357,ORD-004357,2026-08-26 09:12:39.207,140.23,140.22,1.03,14,0.0578,SUCCESS,0.01,NORMAL
FIL-004358,ORD-004358,2026-08-26 09:12:39.372,139.91,139.92,1.115,15,0.0624,SUCCESS,0.0066,NORMAL
FIL-004359,ORD-004359,2026-08-26 09:12:39.672,139.79,139.78,0.499,5,0.0279,SUCCESS,0.0104,NORMAL
FIL-004360,ORD-004360,2026-08-26 09:12:39.774,140.14,140.13,0.306,27,0.0172,SUCCESS,0.0081,NORMAL
FIL-004361,ORD-004361,2026-08-26 09:12:40.058,3005.93,3006.29,0.708,7,0.8514,SUCCESS,0.0121,NORMAL
FIL-004362,ORD-004362,2026-08-26 09:12:40.202,2996.35,2995.5,0.158,26,0.1893,SUCCESS,0.0285,NORMAL
FIL-004363,ORD-004363,2026-08-26 09:12:40.300,2999.91,2999.68,0.373,6,0.4476,SUCCESS,0.0078,NORMAL
FIL-004364,ORD-004364,2026-08-26 09:12:40.494,59972.47,59958.08,0.325,17,7.7946,SUCCESS,0.024,NORMAL
FIL-004365,ORD-004365,2026-08-26 09:12:40.544,59857.02,59853.61,2.236,17,53.5331,SUCCESS,0.0057,NORMAL
FIL-004366,ORD-004366,2026-08-26 09:12:40.682,60017.49,60032.31,0.363,24,8.7167,SUCCESS,0.0247,NORMAL
FIL-004367,ORD-004367,2026-08-26 09:12:40.919,139.93,139.98,2.384,29,0.1335,SUCCESS,0.0365,NORMAL
FIL-004368,ORD-004368,2026-08-26 09:12:40.984,140.15,140.2,0.247,5,0.0139,SUCCESS,0.0382,NORMAL
FIL-004369,ORD-004369,2026-08-26 09:12:41.121,3001.56,3001.87,2.245,20,2.6957,SUCCESS,0.0103,NORMAL
FIL-004370,ORD-004370,2026-08-26 09:12:41.197,59940.73,59949.72,1.622,12,38.8954,SUCCESS,0.015,NORMAL
FIL-004371,ORD-004371,2026-08-26 09:12:41.259,3000.1,3001.14,0.945,29,1.1344,SUCCESS,0.0345,NORMAL
FIL-004372,ORD-004372,2026-08-26 09:12:41.441,60001.91,60008.45,2.313,31,55.5198,SUCCESS,0.0109,NORMAL
FIL-004373,ORD-004373,2026-08-26 09:12:41.606,3004.73,3004.55,2.118,6,2.5455,SUCCESS,0.0061,NORMAL
FIL-004374,ORD-004374,2026-08-26 09:12:41.695,139.83,139.8,1.56,11,0.0872,SUCCESS,0.0248,NORMAL
FIL-004375,ORD-004375,2026-08-26 09:12:41.910,2999.72,2999.84,1.765,6,2.1179,SUCCESS,0.0039,NORMAL
FIL-004376,ORD-004376,2026-08-26 09:12:42.053,139.87,139.89,0.324,39,0.0181,SUCCESS,0.0166,NORMAL
FIL-004377,ORD-004377,2026-08-26 09:12:42.131,139.94,139.92,2.447,37,0.137,SUCCESS,0.0116,NORMAL
FIL-004378,ORD-004378,2026-08-26 09:12:42.369,59958.22,59951.86,0.955,10,22.9016,SUCCESS,0.0106,NORMAL
FIL-004379,ORD-004379,2026-08-26 09:12:42.641,139.98,139.99,0.258,18,0.0144,SUCCESS,0.0043,NORMAL
FIL-004380,ORD-004380,2026-08-26 09:12:42.744,59855.28,59854.08,2.45,6,58.657,SUCCESS,0.002,NORMAL
FIL-004381,ORD-004381,2026-08-26 09:12:42.883,2999.14,2999.29,0.261,24,0.3131,SUCCESS,0.0051,NORMAL
FIL-004382,ORD-004382,2026-08-26 09:12:43.026,3000.51,3000.19,0.987,10,1.1845,SUCCESS,0.0106,NORMAL
FIL-004383,ORD-004383,2026-08-26 09:12:43.117,60043.95,60052.9,1.927,12,46.2888,SUCCESS,0.0149,NORMAL
FIL-004384,ORD-004384,2026-08-26 09:12:43.398,3004.96,3005.66,0.326,13,0.3919,SUCCESS,0.0234,NORMAL
FIL-004385,ORD-004385,2026-08-26 09:12:43.586,140.07,140.03,1.735,18,0.0972,SUCCESS,0.0262,NORMAL
FIL-004386,ORD-004386,2026-08-26 09:12:43.637,2999.6,2999.57,2.186,5,2.6228,SUCCESS,0.0009,NORMAL
FIL-004387,ORD-004387,2026-08-26 09:12:43.917,60021.22,60031.0,0.591,29,14.1913,SUCCESS,0.0163,NORMAL
FIL-004388,ORD-004388,2026-08-26 09:12:44.174,3005.5,3006.22,1.522,6,1.8302,SUCCESS,0.0238,NORMAL
FIL-004389,ORD-004389,2026-08-26 09:12:44.413,140.12,140.16,0.99,33,0.0555,SUCCESS,0.0268,NORMAL
FIL-004390,ORD-004390,2026-08-26 09:12:44.704,140.08,140.12,1.343,31,0.0753,SUCCESS,0.0296,NORMAL
FIL-004391,ORD-004391,2026-08-26 09:12:44.873,3000.1,3000.03,2.029,15,2.4348,SUCCESS,0.0022,NORMAL
FIL-004392,ORD-004392,2026-08-26 09:12:45.149,60006.95,60007.43,1.233,16,29.5957,SUCCESS,0.0008,NORMAL
FIL-004393,ORD-004393,2026-08-26 09:12:45.420,139.92,139.93,0.637,17,0.0357,SUCCESS,0.0066,NORMAL
FIL-004394,ORD-004394,2026-08-26 09:12:45.705,140.17,140.18,1.226,10,0.0687,SUCCESS,0.008,NORMAL
FIL-004395,ORD-004395,2026-08-26 09:12:45.836,139.96,139.98,0.802,5,0.0449,SUCCESS,0.0152,NORMAL
FIL-004396,ORD-004396,2026-08-26 09:12:46.085,59937.42,59932.33,0.576,25,13.8084,SUCCESS,0.0085,NORMAL
FIL-004397,ORD-004397,2026-08-26 09:12:46.147,139.92,139.98,0.451,19,0.0253,SUCCESS,0.0432,NORMAL
FIL-004398,ORD-004398,2026-08-26 09:12:46.252,60014.58,60012.84,0.797,27,19.1321,SUCCESS,0.0029,NORMAL
FIL-004399,ORD-004399,2026-08-26 09:12:46.479,140.29,140.31,2.137,8,0.1199,SUCCESS,0.0109,NORMAL
FIL-004400,ORD-004400,2026-08-26 09:12:46.766,139.78,139.75,1.586,9,0.0887,SUCCESS,0.0223,NORMAL
FIL-004401,ORD-004401,2026-08-26 09:12:46.937,140.17,140.11,1.498,12,0.084,SUCCESS,0.0411,NORMAL
FIL-004402,ORD-004402,2026-08-26 09:12:47.089,59879.69,59874.48,0.94,7,22.5128,SUCCESS,0.0087,NORMAL
FIL-004403,ORD-004403,2026-08-26 09:12:47.313,3003.85,3003.31,1.563,7,1.8777,SUCCESS,0.0179,NORMAL
FIL-004404,ORD-004404,2026-08-26 09:12:47.520,3001.18,3001.2,0.139,9,0.1669,SUCCESS,0.0008,NORMAL
FIL-004405,ORD-004405,2026-08-26 09:12:47.811,139.99,139.97,2.115,9,0.1184,SUCCESS,0.0108,NORMAL
FIL-004406,ORD-004406,2026-08-26 09:12:48.020,60006.45,59990.37,1.973,5,47.3444,SUCCESS,0.0268,NORMAL
FIL-004407,ORD-004407,2026-08-26 09:12:48.136,60010.67,60035.21,0.282,5,6.772,SUCCESS,0.0409,NORMAL
FIL-004408,ORD-004408,2026-08-26 09:12:48.357,59958.42,59986.06,0.783,13,18.7876,SUCCESS,0.0461,NORMAL
FIL-004409,ORD-004409,2026-08-26 09:12:48.570,60009.76,59998.36,1.283,51,30.7912,SUCCESS,0.019,NORMAL
FIL-004410,ORD-004410,2026-08-26 09:12:48.799,139.98,139.98,0.189,8,0.0106,SUCCESS,0.0025,NORMAL
FIL-004411,ORD-004411,2026-08-26 09:12:48.956,59966.2,59976.69,2.283,25,54.7707,SUCCESS,0.0175,NORMAL
FIL-004412,ORD-004412,2026-08-26 09:12:49.152,60133.94,60148.01,0.937,13,22.5435,SUCCESS,0.0234,NORMAL
FIL-004413,ORD-004413,2026-08-26 09:12:49.355,139.82,139.83,2.283,13,0.1277,SUCCESS,0.0043,NORMAL
FIL-004414,ORD-004414,2026-08-26 09:12:49.457,3004.21,3004.25,1.301,22,1.5634,SUCCESS,0.0013,NORMAL
FIL-004415,ORD-004415,2026-08-26 09:12:49.653,2999.93,2999.1,0.359,28,0.4307,SUCCESS,0.0278,NORMAL
FIL-004416,ORD-004416,2026-08-26 09:12:49.951,2999.83,2999.71,1.023,14,1.2275,SUCCESS,0.0039,NORMAL
FIL-004417,ORD-004417,2026-08-26 09:12:50.213,139.92,139.89,0.781,29,0.0437,SUCCESS,0.019,NORMAL
FIL-004418,ORD-004418,2026-08-26 09:12:50.506,60067.77,60068.13,2.362,31,56.7524,SUCCESS,0.0006,NORMAL
FIL-004419,ORD-004419,2026-08-26 09:12:50.755,3001.65,3002.06,0.976,34,1.172,SUCCESS,0.0136,NORMAL
FIL-004420,ORD-004420,2026-08-26 09:12:50.989,139.88,140.2,2.234,333,0.1253,SUCCESS,0.2292,WARNING
FIL-004421,ORD-004421,2026-08-26 09:12:51.075,3000.04,3004.85,2.213,297,2.6599,SUCCESS,0.1603,THROTTLE
FIL-004423,ORD-004423,2026-08-26 09:12:51.299,140.29,140.59,0.444,1458,0.025,SUCCESS,0.2125,EMERGENCY_PAUSE
FIL-004427,ORD-004427,2026-08-26 09:12:52.146,2998.74,3006.02,2.077,581,2.4974,SUCCESS,0.2429,EMERGENCY_PAUSE
FIL-004428,ORD-004428,2026-08-26 09:12:52.389,139.81,140.05,1.405,534,0.0787,SUCCESS,0.1693,EMERGENCY_PAUSE
FIL-004429,ORD-004429,2026-08-26 09:12:52.545,60010.74,60266.99,1.795,436,43.2717,SUCCESS,0.427,EMERGENCY_PAUSE
FIL-004431,ORD-004431,2026-08-26 09:12:52.863,59974.24,59983.48,1.13,18,27.1125,SUCCESS,0.0154,EMERGENCY_PAUSE
FIL-004432,ORD-004432,2026-08-26 09:12:53.109,3003.33,3002.79,2.455,12,2.9487,SUCCESS,0.0181,EMERGENCY_PAUSE
FIL-004433,ORD-004433,2026-08-26 09:12:53.371,3003.15,3003.66,0.629,7,0.7557,SUCCESS,0.017,EMERGENCY_PAUSE
FIL-004434,ORD-004434,2026-08-26 09:12:53.593,60041.47,60063.14,2.373,5,57.0119,SUCCESS,0.0361,EMERGENCY_PAUSE
FIL-004435,ORD-004435,2026-08-26 09:12:53.694,139.91,139.97,1.293,10,0.0724,SUCCESS,0.0411,EMERGENCY_PAUSE
FIL-004436,ORD-004436,2026-08-26 09:12:53.886,139.94,139.92,0.435,17,0.0243,SUCCESS,0.0165,EMERGENCY_PAUSE
FIL-004437,ORD-004437,2026-08-26 09:12:53.995,140.0,140.06,1.113,38,0.0624,SUCCESS,0.0436,EMERGENCY_PAUSE
FIL-004438,ORD-004438,2026-08-26 09:12:54.231,2992.67,2991.98,0.169,21,0.2023,SUCCESS,0.0231,EMERGENCY_PAUSE
FIL-004439,ORD-004439,2026-08-26 09:12:54.306,60013.73,60001.55,1.756,20,42.1451,SUCCESS,0.0203,THROTTLE
FIL-004440,ORD-004440,2026-08-26 09:12:54.491,140.11,140.07,0.401,19,0.0225,SUCCESS,0.0317,WARNING
FIL-004441,ORD-004441,2026-08-26 09:12:54.772,139.92,139.95,1.407,32,0.0788,SUCCESS,0.0213,NORMAL
FIL-004442,ORD-004442,2026-08-26 09:12:55.020,139.81,139.8,1.052,10,0.0588,SUCCESS,0.0098,NORMAL
FIL-004443,ORD-004443,2026-08-26 09:12:55.117,140.05,140.11,1.521,8,0.0852,SUCCESS,0.0409,NORMAL
FIL-004444,ORD-004444,2026-08-26 09:12:55.169,2996.14,2995.44,1.759,5,2.1076,SUCCESS,0.0235,NORMAL
FIL-004445,ORD-004445,2026-08-26 09:12:55.428,140.03,140.04,2.379,27,0.1333,SUCCESS,0.007,NORMAL
FIL-004446,ORD-004446,2026-08-26 09:12:55.706,3001.8,3002.31,1.545,5,1.8554,SUCCESS,0.0169,NORMAL
FIL-004447,ORD-004447,2026-08-26 09:12:55.837,139.96,140.0,0.68,5,0.0381,SUCCESS,0.0252,NORMAL
FIL-004448,ORD-004448,2026-08-26 09:12:56.006,139.9,139.93,1.244,15,0.0696,SUCCESS,0.0241,NORMAL
FIL-004449,ORD-004449,2026-08-26 09:12:56.131,60042.57,60039.45,1.29,5,30.9804,SUCCESS,0.0052,NORMAL
FIL-004450,ORD-004450,2026-08-26 09:12:56.187,60026.85,60033.39,1.881,14,45.1691,SUCCESS,0.0109,NORMAL
FIL-004451,ORD-004451,2026-08-26 09:12:56.311,3001.66,3001.78,2.359,49,2.8325,SUCCESS,0.004,NORMAL
FIL-004452,ORD-004452,2026-08-26 09:12:56.484,59992.88,59966.78,1.03,38,24.7063,SUCCESS,0.0435,NORMAL
FIL-004453,ORD-004453,2026-08-26 09:12:56.779,140.11,140.12,0.434,13,0.0243,SUCCESS,0.0055,NORMAL
FIL-004454,ORD-004454,2026-08-26 09:12:56.849,2994.51,2994.33,1.379,5,1.6517,SUCCESS,0.0061,NORMAL
FIL-004455,ORD-004455,2026-08-26 09:12:56.913,140.23,140.23,1.128,8,0.0633,SUCCESS,0.0028,NORMAL
FIL-004456,ORD-004456,2026-08-26 09:12:57.030,140.15,140.12,1.548,14,0.0868,SUCCESS,0.0218,NORMAL
FIL-004457,ORD-004457,2026-08-26 09:12:57.205,2996.37,2998.0,2.105,5,2.5243,SUCCESS,0.0544,NORMAL
FIL-004458,ORD-004458,2026-08-26 09:12:57.453,2999.18,2998.07,1.642,35,1.9691,SUCCESS,0.0369,NORMAL
FIL-004459,ORD-004459,2026-08-26 09:12:57.590,59969.89,59973.91,2.205,15,52.897,SUCCESS,0.0067,NORMAL
FIL-004460,ORD-004460,2026-08-26 09:12:57.649,140.11,140.12,2.105,9,0.118,SUCCESS,0.007,NORMAL
FIL-004461,ORD-004461,2026-08-26 09:12:57.868,3003.04,3002.6,0.155,5,0.1862,SUCCESS,0.0148,NORMAL
FIL-004462,ORD-004462,2026-08-26 09:12:57.966,139.94,139.93,0.645,16,0.0361,SUCCESS,0.0072,NORMAL
FIL-004463,ORD-004463,2026-08-26 09:12:58.059,3006.35,3007.23,0.138,5,0.166,SUCCESS,0.0294,NORMAL
FIL-004464,ORD-004464,2026-08-26 09:12:58.349,60032.6,60033.14,0.569,20,13.6635,SUCCESS,0.0009,NORMAL
FIL-004465,ORD-004465,2026-08-26 09:12:58.507,60024.15,60015.81,1.663,31,39.9225,SUCCESS,0.0139,NORMAL
FIL-004466,ORD-004466,2026-08-26 09:12:58.677,60035.53,60018.18,0.972,8,23.3351,SUCCESS,0.0289,NORMAL
FIL-004467,ORD-004467,2026-08-26 09:12:58.953,139.98,139.98,0.884,6,0.0495,SUCCESS,0.0009,NORMAL
FIL-004468,ORD-004468,2026-08-26 09:12:59.245,140.13,140.14,0.832,24,0.0466,SUCCESS,0.0073,NORMAL
FIL-004469,ORD-004469,2026-08-26 09:12:59.360,140.1,140.08,2.28,10,0.1278,SUCCESS,0.0127,NORMAL
FIL-004470,ORD-004470,2026-08-26 09:12:59.575,60078.33,60071.78,0.6,18,14.4172,SUCCESS,0.0109,NORMAL
FIL-004471,ORD-004471,2026-08-26 09:12:59.641,3000.81,3000.0,0.893,27,1.0716,SUCCESS,0.0269,NORMAL
FIL-004472,ORD-004472,2026-08-26 09:12:59.860,2997.0,2996.61,2.44,9,2.9247,SUCCESS,0.0131,NORMAL
FIL-004473,ORD-004473,2026-08-26 09:13:00.133,2996.37,2995.47,1.699,21,2.0357,SUCCESS,0.03,NORMAL
FIL-004474,ORD-004474,2026-08-26 09:13:00.352,3000.75,3001.7,2.155,9,2.5875,SUCCESS,0.0315,NORMAL
FIL-004475,ORD-004475,2026-08-26 09:13:00.457,3002.14,3002.1,2.097,6,2.5182,SUCCESS,0.0014,NORMAL
FIL-004476,ORD-004476,2026-08-26 09:13:00.514,2992.22,2991.21,0.677,10,0.81,SUCCESS,0.0336,NORMAL
FIL-004477,ORD-004477,2026-08-26 09:13:00.694,139.83,139.81,0.111,7,0.0062,SUCCESS,0.0167,NORMAL
FIL-004478,ORD-004478,2026-08-26 09:13:00.941,140.01,140.01,1.661,14,0.093,SUCCESS,0.0032,NORMAL
FIL-004479,ORD-004479,2026-08-26 09:13:01.214,140.03,140.07,0.822,28,0.0461,SUCCESS,0.026,NORMAL
FIL-004480,ORD-004480,2026-08-26 09:13:01.272,139.78,139.72,2.18,51,0.1218,SUCCESS,0.0412,NORMAL
FIL-004481,ORD-004481,2026-08-26 09:13:01.337,3002.29,3002.62,0.866,12,1.0401,SUCCESS,0.011,NORMAL
FIL-004482,ORD-004482,2026-08-26 09:13:01.429,2996.61,2997.53,1.062,15,1.2734,SUCCESS,0.0307,NORMAL
FIL-004483,ORD-004483,2026-08-26 09:13:01.673,139.93,139.93,0.513,12,0.0287,SUCCESS,0.002,NORMAL
FIL-004484,ORD-004484,2026-08-26 09:13:01.957,139.75,139.78,1.172,10,0.0655,SUCCESS,0.0204,NORMAL
FIL-004485,ORD-004485,2026-08-26 09:13:02.076,140.04,140.01,1.517,58,0.085,SUCCESS,0.018,NORMAL
FIL-004486,ORD-004486,2026-08-26 09:13:02.269,139.99,139.96,0.111,12,0.0062,SUCCESS,0.0203,NORMAL
FIL-004487,ORD-004487,2026-08-26 09:13:02.347,60121.34,60121.7,2.483,7,59.7129,SUCCESS,0.0006,NORMAL
FIL-004488,ORD-004488,2026-08-26 09:13:02.473,3003.7,3004.27,1.626,9,1.954,SUCCESS,0.0191,NORMAL
FIL-004489,ORD-004489,2026-08-26 09:13:02.576,3003.52,3004.64,0.326,32,0.3918,SUCCESS,0.0373,NORMAL
FIL-004490,ORD-004490,2026-08-26 09:13:02.693,3002.51,3002.61,1.214,26,1.4581,SUCCESS,0.0032,NORMAL
FIL-004491,ORD-004491,2026-08-26 09:13:02.956,140.03,140.05,1.589,13,0.089,SUCCESS,0.014,NORMAL
FIL-004492,ORD-004492,2026-08-26 09:13:03.034,2999.23,2999.72,2.274,14,2.7285,SUCCESS,0.0162,NORMAL
FIL-004493,ORD-004493,2026-08-26 09:13:03.306,60034.89,60052.42,0.759,16,18.2319,SUCCESS,0.0292,NORMAL
FIL-004494,ORD-004494,2026-08-26 09:13:03.394,60051.79,60030.17,2.061,25,49.4889,SUCCESS,0.036,NORMAL
FIL-004495,ORD-004495,2026-08-26 09:13:03.614,139.84,139.82,0.54,13,0.0302,SUCCESS,0.0146,NORMAL
FIL-004496,ORD-004496,2026-08-26 09:13:03.799,2996.26,2997.29,1.29,11,1.5466,SUCCESS,0.0344,NORMAL
FIL-004497,ORD-004497,2026-08-26 09:13:04.010,59968.0,59961.7,0.293,11,7.0275,SUCCESS,0.0105,NORMAL
FIL-004498,ORD-004498,2026-08-26 09:13:04.209,3004.57,3005.44,1.602,38,1.9259,SUCCESS,0.0289,NORMAL
FIL-004499,ORD-004499,2026-08-26 09:13:04.336,60020.76,60019.68,2.265,22,54.3778,SUCCESS,0.0018,NORMAL
FIL-004500,ORD-004500,2026-08-26 09:13:04.564,2992.7,2991.82,1.753,7,2.0979,SUCCESS,0.0293,NORMAL
FIL-004501,ORD-004501,2026-08-26 09:13:04.720,59950.62,59947.86,2.128,31,51.0276,SUCCESS,0.0046,NORMAL
FIL-004502,ORD-004502,2026-08-26 09:13:04.985,3005.57,3005.78,0.329,6,0.3956,SUCCESS,0.0069,NORMAL
FIL-004503,ORD-004503,2026-08-26 09:13:05.143,59972.9,59980.34,0.999,12,23.9681,SUCCESS,0.0124,NORMAL
FIL-004504,ORD-004504,2026-08-26 09:13:05.385,140.18,140.21,0.344,6,0.0193,SUCCESS,0.023,NORMAL
FIL-004505,ORD-004505,2026-08-26 09:13:05.635,3003.06,3003.29,1.327,13,1.5941,SUCCESS,0.0075,NORMAL
FIL-004506,ORD-004506,2026-08-26 09:13:05.700,139.99,139.96,1.591,17,0.0891,SUCCESS,0.0191,NORMAL
FIL-004507,ORD-004507,2026-08-26 09:13:05.952,2999.5,3000.08,0.677,9,0.8124,SUCCESS,0.0195,NORMAL
FIL-004508,ORD-004508,2026-08-26 09:13:06.017,60119.67,60105.42,1.286,15,30.9182,SUCCESS,0.0237,NORMAL
FIL-004509,ORD-004509,2026-08-26 09:13:06.218,2997.57,2996.75,1.577,5,1.8903,SUCCESS,0.0272,NORMAL
FIL-004510,ORD-004510,2026-08-26 09:13:06.453,140.13,140.15,1.725,18,0.0967,SUCCESS,0.0154,NORMAL
FIL-004511,ORD-004511,2026-08-26 09:13:06.746,3001.84,3001.56,2.374,5,2.8503,SUCCESS,0.0092,NORMAL
FIL-004512,ORD-004512,2026-08-26 09:13:06.938,60077.25,60057.91,1.374,9,33.0078,SUCCESS,0.0322,NORMAL
FIL-004513,ORD-004513,2026-08-26 09:13:07.156,139.93,139.95,2.346,35,0.1313,SUCCESS,0.0112,NORMAL
FIL-004514,ORD-004514,2026-08-26 09:13:07.308,3002.99,3003.05,2.058,7,2.4721,SUCCESS,0.0021,NORMAL
FIL-004515,ORD-004515,2026-08-26 09:13:07.559,3001.59,3001.24,1.427,8,1.7131,SUCCESS,0.0118,NORMAL
FIL-004516,ORD-004516,2026-08-26 09:13:07.805,139.79,139.8,1.231,9,0.0688,SUCCESS,0.0068,NORMAL
FIL-004517,ORD-004517,2026-08-26 09:13:07.883,2996.13,2995.23,1.563,29,1.8726,SUCCESS,0.0301,NORMAL
FIL-004518,ORD-004518,2026-08-26 09:13:07.999,140.02,140.0,0.785,7,0.044,SUCCESS,0.0155,NORMAL
FIL-004519,ORD-004519,2026-08-26 09:13:08.112,59933.73,59953.03,1.653,12,39.6409,SUCCESS,0.0322,NORMAL
FIL-004520,ORD-004520,2026-08-26 09:13:08.337,3001.51,3001.29,2.228,21,2.6747,SUCCESS,0.0072,NORMAL
FIL-004521,ORD-004521,2026-08-26 09:13:08.560,140.09,140.1,1.261,7,0.0707,SUCCESS,0.0095,NORMAL
FIL-004522,ORD-004522,2026-08-26 09:13:08.639,140.03,140.03,1.74,9,0.0975,SUCCESS,0.0008,NORMAL
FIL-004523,ORD-004523,2026-08-26 09:13:08.775,139.81,139.79,1.977,6,0.1105,SUCCESS,0.0114,NORMAL
FIL-004524,ORD-004524,2026-08-26 09:13:08.934,59981.2,59963.45,0.368,16,8.8266,SUCCESS,0.0296,NORMAL
FIL-004525,ORD-004525,2026-08-26 09:13:09.193,60082.24,60084.64,1.274,6,30.6191,SUCCESS,0.004,NORMAL
FIL-004526,ORD-004526,2026-08-26 09:13:09.388,139.95,139.96,0.691,27,0.0387,SUCCESS,0.0056,NORMAL
FIL-004527,ORD-004527,2026-08-26 09:13:09.561,60032.64,60025.56,1.144,10,27.4677,SUCCESS,0.0118,NORMAL
FIL-004528,ORD-004528,2026-08-26 09:13:09.735,60032.08,60036.16,1.738,24,41.7371,SUCCESS,0.0068,NORMAL
FIL-004529,ORD-004529,2026-08-26 09:13:09.943,59953.15,59933.61,1.528,23,36.6314,SUCCESS,0.0326,NORMAL
FIL-004530,ORD-004530,2026-08-26 09:13:10.074,140.17,140.23,0.71,14,0.0398,SUCCESS,0.0427,NORMAL
FIL-004531,ORD-004531,2026-08-26 09:13:10.289,60032.46,60049.03,0.414,8,9.9441,SUCCESS,0.0276,NORMAL
FIL-004532,ORD-004532,2026-08-26 09:13:10.393,2999.25,3000.64,0.182,9,0.2184,SUCCESS,0.0465,NORMAL
FIL-004533,ORD-004533,2026-08-26 09:13:10.523,140.05,140.01,0.508,118,0.0285,SUCCESS,0.0281,NORMAL
FIL-004534,ORD-004534,2026-08-26 09:13:10.772,139.75,139.72,0.671,27,0.0375,SUCCESS,0.0225,NORMAL
FIL-004535,ORD-004535,2026-08-26 09:13:10.891,60043.4,60025.57,1.993,12,47.8524,SUCCESS,0.0297,NORMAL
FIL-004536,ORD-004536,2026-08-26 09:13:11.123,2994.91,2994.49,0.265,30,0.3174,SUCCESS,0.0139,NORMAL
FIL-004537,ORD-004537,2026-08-26 09:13:11.184,139.67,139.68,1.312,50,0.0733,SUCCESS,0.0077,NORMAL
FIL-004538,ORD-004538,2026-08-26 09:13:11.252,60107.68,60112.31,1.171,5,28.1566,SUCCESS,0.0077,NORMAL
FIL-004539,ORD-004539,2026-08-26 09:13:11.327,60002.59,59999.65,1.001,26,24.0239,SUCCESS,0.0049,NORMAL
FIL-004541,ORD-004541,2026-08-26 09:13:11.802,59987.72,60113.15,1.855,251,44.604,SUCCESS,0.2091,THROTTLE
FIL-004543,ORD-004543,2026-08-26 09:13:12.165,140.08,140.71,1.872,234,0.1054,SUCCESS,0.4471,EMERGENCY_PAUSE
FIL-004544,ORD-004544,2026-08-26 09:13:12.235,140.06,139.77,0.203,218,0.0113,SUCCESS,0.2053,EMERGENCY_PAUSE
FIL-004545,ORD-004545,2026-08-26 09:13:12.353,2998.12,3010.83,1.196,506,1.4404,SUCCESS,0.424,EMERGENCY_PAUSE
FIL-004546,ORD-004546,2026-08-26 09:13:12.429,140.1,139.61,1.38,252,0.0771,SUCCESS,0.3463,EMERGENCY_PAUSE
FIL-004547,ORD-004547,2026-08-26 09:13:12.671,60018.47,60123.08,0.364,250,8.7539,SUCCESS,0.1743,EMERGENCY_PAUSE
FIL-004548,ORD-004548,2026-08-26 09:13:12.757,59991.3,59854.58,0.972,298,23.2715,SUCCESS,0.2279,EMERGENCY_PAUSE
FIL-004549,ORD-004549,2026-08-26 09:13:12.827,139.9,139.64,0.547,348,0.0306,SUCCESS,0.1845,EMERGENCY_PAUSE
FIL-004550,ORD-004550,2026-08-26 09:13:12.983,59974.2,59863.31,1.913,298,45.8074,SUCCESS,0.1849,EMERGENCY_PAUSE
FIL-004551,ORD-004551,2026-08-26 09:13:13.222,60049.45,60036.66,0.356,14,8.5492,SUCCESS,0.0213,EMERGENCY_PAUSE
FIL-004552,ORD-004552,2026-08-26 09:13:13.278,2999.98,2999.9,0.625,5,0.75,SUCCESS,0.0027,EMERGENCY_PAUSE
FIL-004553,ORD-004553,2026-08-26 09:13:13.544,3004.32,3003.44,0.569,7,0.6836,SUCCESS,0.0294,EMERGENCY_PAUSE
FIL-004554,ORD-004554,2026-08-26 09:13:13.780,139.91,139.87,0.212,15,0.0119,SUCCESS,0.0287,EMERGENCY_PAUSE
FIL-004555,ORD-004555,2026-08-26 09:13:13.903,59990.86,60003.88,1.927,25,46.251,SUCCESS,0.0217,EMERGENCY_PAUSE
FIL-004556,ORD-004556,2026-08-26 09:13:14.179,140.1,140.06,1.99,23,0.1115,SUCCESS,0.0256,EMERGENCY_PAUSE
FIL-004557,ORD-004557,2026-08-26 09:13:14.304,3001.18,3001.36,0.624,7,0.7491,SUCCESS,0.0061,EMERGENCY_PAUSE
FIL-004558,ORD-004558,2026-08-26 09:13:14.529,140.06,140.13,1.97,6,0.1104,SUCCESS,0.0494,EMERGENCY_PAUSE
FIL-004559,ORD-004559,2026-08-26 09:13:14.709,3000.82,3001.62,0.545,27,0.6544,SUCCESS,0.0265,THROTTLE
FIL-004560,ORD-004560,2026-08-26 09:13:14.812,60057.97,60081.69,1.869,13,44.9171,SUCCESS,0.0395,WARNING
FIL-004561,ORD-004561,2026-08-26 09:13:14.958,2997.65,2997.57,1.032,11,1.2374,SUCCESS,0.0028,NORMAL
FIL-004562,ORD-004562,2026-08-26 09:13:15.063,139.72,139.69,2.325,5,0.1299,SUCCESS,0.0218,NORMAL
FIL-004563,ORD-004563,2026-08-26 09:13:15.287,3003.99,3005.61,0.628,5,0.755,SUCCESS,0.054,NORMAL
FIL-004564,ORD-004564,2026-08-26 09:13:15.532,139.91,139.96,2.123,21,0.1189,SUCCESS,0.0358,NORMAL
FIL-004565,ORD-004565,2026-08-26 09:13:15.824,2998.21,2998.41,2.392,22,2.8689,SUCCESS,0.0068,NORMAL
FIL-004566,ORD-004566,2026-08-26 09:13:15.972,140.01,140.01,2.344,20,0.1313,SUCCESS,0.003,NORMAL
FIL-004567,ORD-004567,2026-08-26 09:13:16.118,2996.32,2996.32,0.734,22,0.8797,SUCCESS,0.0,NORMAL
FIL-004568,ORD-004568,2026-08-26 09:13:16.200,140.03,140.08,1.184,10,0.0663,SUCCESS,0.0372,NORMAL
FIL-004569,ORD-004569,2026-08-26 09:13:16.272,140.13,140.14,0.562,9,0.0315,SUCCESS,0.0067,NORMAL
FIL-004570,ORD-004570,2026-08-26 09:13:16.424,139.74,139.77,2.473,19,0.1383,SUCCESS,0.0186,NORMAL
FIL-004571,ORD-004571,2026-08-26 09:13:16.608,140.04,140.07,1.725,12,0.0966,SUCCESS,0.0221,NORMAL
FIL-004572,ORD-004572,2026-08-26 09:13:16.815,140.08,140.03,0.784,5,0.0439,SUCCESS,0.0345,NORMAL
FIL-004573,ORD-004573,2026-08-26 09:13:16.990,3004.15,3004.35,0.424,9,0.5095,SUCCESS,0.0066,NORMAL
FIL-004574,ORD-004574,2026-08-26 09:13:17.146,60052.36,60055.72,1.997,26,47.9725,SUCCESS,0.0056,NORMAL
FIL-004575,ORD-004575,2026-08-26 09:13:17.436,2996.64,2997.46,0.345,6,0.4136,SUCCESS,0.0273,NORMAL
FIL-004576,ORD-004576,2026-08-26 09:13:17.704,60020.8,60005.31,2.022,5,48.5323,SUCCESS,0.0258,NORMAL
FIL-004577,ORD-004577,2026-08-26 09:13:17.805,139.96,139.95,2.484,16,0.1391,SUCCESS,0.0045,NORMAL
FIL-004578,ORD-004578,2026-08-26 09:13:17.945,60062.51,60094.34,0.98,8,23.557,SUCCESS,0.053,NORMAL
FIL-004579,ORD-004579,2026-08-26 09:13:18.147,2997.97,2998.12,0.348,8,0.4173,SUCCESS,0.005,NORMAL
FIL-004580,ORD-004580,2026-08-26 09:13:18.219,3001.68,3001.24,1.317,17,1.5811,SUCCESS,0.0147,NORMAL
FIL-004581,ORD-004581,2026-08-26 09:13:18.417,140.05,140.05,1.516,8,0.0849,SUCCESS,0.0029,NORMAL
FIL-004582,ORD-004582,2026-08-26 09:13:18.479,140.24,140.26,0.5,11,0.0281,SUCCESS,0.014,NORMAL
FIL-004583,ORD-004583,2026-08-26 09:13:18.655,59958.48,59966.81,0.284,10,6.8122,SUCCESS,0.0139,NORMAL
FIL-004584,ORD-004584,2026-08-26 09:13:18.761,2996.09,2996.27,0.376,24,0.4506,SUCCESS,0.0061,NORMAL
FIL-004585,ORD-004585,2026-08-26 09:13:18.830,139.95,139.95,2.11,10,0.1181,SUCCESS,0.0001,NORMAL
FIL-004586,ORD-004586,2026-08-26 09:13:18.959,2999.65,2999.31,2.135,8,2.5614,SUCCESS,0.0112,NORMAL
FIL-004587,ORD-004587,2026-08-26 09:13:19.200,139.79,139.87,1.543,11,0.0863,SUCCESS,0.0537,NORMAL
FIL-004588,ORD-004588,2026-08-26 09:13:19.427,2998.45,2998.32,0.64,5,0.7676,SUCCESS,0.0043,NORMAL
FIL-004589,ORD-004589,2026-08-26 09:13:19.689,3004.88,3005.64,1.416,10,1.7024,SUCCESS,0.0254,NORMAL
FIL-004590,ORD-004590,2026-08-26 09:13:19.893,60076.14,60093.98,1.858,37,44.6618,SUCCESS,0.0297,NORMAL
FIL-004591,ORD-004591,2026-08-26 09:13:20.030,140.06,140.11,2.407,6,0.1349,SUCCESS,0.0375,NORMAL
FIL-004592,ORD-004592,2026-08-26 09:13:20.269,59937.62,59930.97,1.54,14,36.9175,SUCCESS,0.0111,NORMAL
FIL-004593,ORD-004593,2026-08-26 09:13:20.534,59979.79,59975.41,1.61,20,38.6242,SUCCESS,0.0073,NORMAL
FIL-004594,ORD-004594,2026-08-26 09:13:20.611,2998.4,2997.6,2.271,6,2.723,SUCCESS,0.0266,NORMAL
FIL-004595,ORD-004595,2026-08-26 09:13:20.839,140.05,140.1,0.19,32,0.0106,SUCCESS,0.0371,NORMAL
FIL-004596,ORD-004596,2026-08-26 09:13:20.914,140.09,140.08,0.959,31,0.0537,SUCCESS,0.0099,NORMAL
FIL-004597,ORD-004597,2026-08-26 09:13:21.162,60036.04,60028.54,1.035,9,24.8518,SUCCESS,0.0125,NORMAL
FIL-004598,ORD-004598,2026-08-26 09:13:21.314,59979.39,59983.83,1.229,15,29.4881,SUCCESS,0.0074,NORMAL
FIL-004599,ORD-004599,2026-08-26 09:13:21.473,140.12,140.09,1.661,6,0.0931,SUCCESS,0.0249,NORMAL
FIL-004600,ORD-004600,2026-08-26 09:13:21.557,139.81,139.8,1.392,18,0.0778,SUCCESS,0.0056,NORMAL
FIL-004601,ORD-004601,2026-08-26 09:13:21.763,139.88,139.87,2.465,27,0.1379,SUCCESS,0.0096,NORMAL
FIL-004602,ORD-004602,2026-08-26 09:13:22.041,139.95,139.96,1.627,13,0.0911,SUCCESS,0.0093,NORMAL
FIL-004603,ORD-004603,2026-08-26 09:13:22.193,59902.47,59889.89,0.323,14,7.7378,SUCCESS,0.021,NORMAL
FIL-004604,ORD-004604,2026-08-26 09:13:22.363,139.83,139.85,2.411,5,0.1349,SUCCESS,0.0133,NORMAL
FIL-004605,ORD-004605,2026-08-26 09:13:22.535,60023.14,59991.87,0.427,12,10.2466,SUCCESS,0.0521,NORMAL
FIL-004606,ORD-004606,2026-08-26 09:13:22.631,139.73,139.74,1.795,7,0.1003,SUCCESS,0.0106,NORMAL
FIL-004607,ORD-004607,2026-08-26 09:13:22.922,2997.98,2998.67,1.864,18,2.2358,SUCCESS,0.0231,NORMAL
FIL-004608,ORD-004608,2026-08-26 09:13:23.156,3000.81,3001.82,2.001,37,2.4027,SUCCESS,0.0336,NORMAL
FIL-004609,ORD-004609,2026-08-26 09:13:23.266,60006.02,60006.68,0.544,28,13.0575,SUCCESS,0.0011,NORMAL
FIL-004610,ORD-004610,2026-08-26 09:13:23.341,2994.92,2994.24,2.24,11,2.6828,SUCCESS,0.0226,NORMAL
FIL-004611,ORD-004611,2026-08-26 09:13:23.532,140.09,140.07,1.926,5,0.1079,SUCCESS,0.0165,NORMAL
FIL-004612,ORD-004612,2026-08-26 09:13:23.653,2999.67,2999.68,0.478,8,0.5735,SUCCESS,0.0003,NORMAL
FIL-004613,ORD-004613,2026-08-26 09:13:23.792,59942.46,59939.76,1.154,7,27.6682,SUCCESS,0.0045,NORMAL
FIL-004614,ORD-004614,2026-08-26 09:13:23.858,139.96,139.96,1.122,8,0.0628,SUCCESS,0.0014,NORMAL
FIL-004615,ORD-004615,2026-08-26 09:13:23.980,2999.01,2998.61,2.026,26,2.4301,SUCCESS,0.0134,NORMAL
FIL-004616,ORD-004616,2026-08-26 09:13:24.210,59902.0,59900.86,1.394,15,33.4007,SUCCESS,0.0019,NORMAL
FIL-004617,ORD-004617,2026-08-26 09:13:24.294,60037.42,60050.69,2.094,31,50.2985,SUCCESS,0.0221,NORMAL
FIL-004618,ORD-004618,2026-08-26 09:13:24.474,2998.92,2998.64,1.597,30,1.9155,SUCCESS,0.0092,NORMAL
FIL-004619,ORD-004619,2026-08-26 09:13:24.542,59994.48,59988.6,2.072,9,49.7186,SUCCESS,0.0098,NORMAL
FIL-004620,ORD-004620,2026-08-26 09:13:24.783,59982.31,59986.93,0.741,9,17.7801,SUCCESS,0.0077,NORMAL
FIL-004621,ORD-004621,2026-08-26 09:13:24.930,139.95,139.96,0.68,10,0.0381,SUCCESS,0.0083,NORMAL
FIL-004622,ORD-004622,2026-08-26 09:13:25.133,139.91,139.9,2.498,30,0.1398,SUCCESS,0.0042,NORMAL
FIL-004623,ORD-004623,2026-08-26 09:13:25.206,59905.67,59905.97,1.389,15,33.2838,SUCCESS,0.0005,NORMAL
FIL-004624,ORD-004624,2026-08-26 09:13:25.456,139.93,139.93,2.075,14,0.1161,SUCCESS,0.0028,NORMAL
FIL-004625,ORD-004625,2026-08-26 09:13:25.584,60051.54,60058.87,1.98,13,47.5666,SUCCESS,0.0122,NORMAL
FIL-004626,ORD-004626,2026-08-26 09:13:25.730,59973.96,59970.66,0.806,9,19.3345,SUCCESS,0.0055,NORMAL
FIL-004627,ORD-004627,2026-08-26 09:13:25.831,3001.34,3001.41,1.084,22,1.3014,SUCCESS,0.0022,NORMAL
FIL-004628,ORD-004628,2026-08-26 09:13:25.907,3009.08,3009.5,1.234,5,1.4855,SUCCESS,0.0141,NORMAL
FIL-004629,ORD-004629,2026-08-26 09:13:26.086,140.19,140.17,1.856,15,0.1041,SUCCESS,0.0154,NORMAL
FIL-004630,ORD-004630,2026-08-26 09:13:26.279,3002.29,3001.86,0.698,10,0.8381,SUCCESS,0.0142,NORMAL
FIL-004631,ORD-004631,2026-08-26 09:13:26.416,59944.63,59903.03,1.431,10,34.2885,SUCCESS,0.0694,NORMAL
FIL-004632,ORD-004632,2026-08-26 09:13:26.613,60030.64,60020.43,2.099,5,50.3932,SUCCESS,0.017,NORMAL
FIL-004633,ORD-004633,2026-08-26 09:13:26.902,3000.36,3001.11,1.621,19,1.9459,SUCCESS,0.0251,NORMAL
FIL-004634,ORD-004634,2026-08-26 09:13:27.167,139.98,139.93,2.311,26,0.1294,SUCCESS,0.0331,NORMAL
FIL-004635,ORD-004635,2026-08-26 09:13:27.440,139.96,139.96,2.27,17,0.1271,SUCCESS,0.0031,NORMAL
FIL-004636,ORD-004636,2026-08-26 09:13:27.710,3000.86,2999.25,0.331,9,0.3971,SUCCESS,0.0537,NORMAL
FIL-004637,ORD-004637,2026-08-26 09:13:27.900,3000.36,2999.06,0.399,16,0.4786,SUCCESS,0.0434,NORMAL
FIL-004638,ORD-004638,2026-08-26 09:13:28.037,140.07,140.08,2.016,15,0.113,SUCCESS,0.0081,NORMAL
FIL-004639,ORD-004639,2026-08-26 09:13:28.157,3005.33,3005.97,0.609,21,0.7323,SUCCESS,0.0212,NORMAL
FIL-004640,ORD-004640,2026-08-26 09:13:28.322,2999.25,2998.64,1.141,5,1.3686,SUCCESS,0.0204,NORMAL
FIL-004641,ORD-004641,2026-08-26 09:13:28.551,139.66,139.63,0.356,5,0.0199,SUCCESS,0.0186,NORMAL
FIL-004642,ORD-004642,2026-08-26 09:13:28.614,139.86,139.89,1.14,60,0.0638,SUCCESS,0.0222,NORMAL
FIL-004643,ORD-004643,2026-08-26 09:13:28.910,60007.19,59995.97,0.294,57,7.0555,SUCCESS,0.0187,NORMAL
FIL-004644,ORD-004644,2026-08-26 09:13:29.074,59993.32,59981.2,2.338,19,56.0944,SUCCESS,0.0202,NORMAL
FIL-004645,ORD-004645,2026-08-26 09:13:29.310,59985.25,59979.67,1.105,24,26.511,SUCCESS,0.0093,NORMAL
FIL-004646,ORD-004646,2026-08-26 09:13:29.468,3006.0,3006.33,1.847,21,2.2211,SUCCESS,0.011,NORMAL
FIL-004647,ORD-004647,2026-08-26 09:13:29.745,60038.78,60040.46,0.726,12,17.4357,SUCCESS,0.0028,NORMAL
FIL-004648,ORD-004648,2026-08-26 09:13:29.889,140.07,140.07,2.427,11,0.136,SUCCESS,0.0034,NORMAL
FIL-004649,ORD-004649,2026-08-26 09:13:30.176,140.03,139.97,2.219,10,0.1242,SUCCESS,0.0422,NORMAL
FIL-004650,ORD-004650,2026-08-26 09:13:30.330,3000.75,2999.68,0.904,10,1.0847,SUCCESS,0.0357,NORMAL
FIL-004651,ORD-004651,2026-08-26 09:13:30.562,3004.38,3004.9,0.426,35,0.512,SUCCESS,0.0173,NORMAL
FIL-004652,ORD-004652,2026-08-26 09:13:30.732,140.02,140.0,1.143,22,0.064,SUCCESS,0.013,NORMAL
FIL-004653,ORD-004653,2026-08-26 09:13:31.027,140.03,140.09,0.398,16,0.0223,SUCCESS,0.0423,NORMAL
FIL-004654,ORD-004654,2026-08-26 09:13:31.138,60043.95,60055.72,1.738,22,41.7507,SUCCESS,0.0196,NORMAL
FIL-004655,ORD-004655,2026-08-26 09:13:31.232,139.93,139.92,1.127,10,0.0631,SUCCESS,0.0089,NORMAL
FIL-004656,ORD-004656,2026-08-26 09:13:31.476,2999.3,2999.04,1.61,18,1.9314,SUCCESS,0.0087,NORMAL
FIL-004657,ORD-004657,2026-08-26 09:13:31.669,60024.13,60010.68,1.077,45,25.8526,SUCCESS,0.0224,NORMAL
FIL-004658,ORD-004658,2026-08-26 09:13:31.903,59960.75,59957.57,0.63,5,15.1093,SUCCESS,0.0053,NORMAL
FIL-004659,ORD-004659,2026-08-26 09:13:32.093,59910.88,59921.12,0.439,8,10.5221,SUCCESS,0.0171,NORMAL
FIL-004661,ORD-004661,2026-08-26 09:13:32.462,140.16,139.65,1.203,439,0.0672,SUCCESS,0.3624,THROTTLE
FIL-004663,ORD-004663,2026-08-26 09:13:32.823,60002.53,59799.3,0.72,472,17.2222,SUCCESS,0.3387,EMERGENCY_PAUSE
FIL-004665,ORD-004665,2026-08-26 09:13:33.249,139.95,139.43,0.215,350,0.012,SUCCESS,0.3728,EMERGENCY_PAUSE
FIL-004667,ORD-004667,2026-08-26 09:13:33.684,59852.22,59665.78,1.772,439,42.2911,SUCCESS,0.3115,EMERGENCY_PAUSE
FIL-004668,ORD-004668,2026-08-26 09:13:33.803,140.0,139.58,1.956,184,0.1092,SUCCESS,0.2987,EMERGENCY_PAUSE
FIL-004670,ORD-004670,2026-08-26 09:13:34.193,59974.16,59726.17,2.186,580,52.2246,SUCCESS,0.4135,EMERGENCY_PAUSE
FIL-004671,ORD-004671,2026-08-26 09:13:34.249,59872.31,59870.33,1.241,5,29.7196,SUCCESS,0.0033,EMERGENCY_PAUSE
FIL-004672,ORD-004672,2026-08-26 09:13:34.389,2996.95,2997.14,1.111,8,1.3319,SUCCESS,0.0063,EMERGENCY_PAUSE
FIL-004673,ORD-004673,2026-08-26 09:13:34.458,60024.33,60010.7,0.815,9,19.5635,SUCCESS,0.0227,EMERGENCY_PAUSE
FIL-004674,ORD-004674,2026-08-26 09:13:34.667,2998.17,2998.1,0.599,18,0.7183,SUCCESS,0.0024,EMERGENCY_PAUSE
FIL-004675,ORD-004675,2026-08-26 09:13:34.934,139.82,139.86,0.212,13,0.0119,SUCCESS,0.0299,EMERGENCY_PAUSE
FIL-004676,ORD-004676,2026-08-26 09:13:35.113,3000.52,3000.75,0.957,10,1.1487,SUCCESS,0.0075,EMERGENCY_PAUSE
FIL-004677,ORD-004677,2026-08-26 09:13:35.297,60058.04,60083.68,0.924,21,22.2069,SUCCESS,0.0427,EMERGENCY_PAUSE
FIL-004678,ORD-004678,2026-08-26 09:13:35.398,2997.03,2996.51,0.533,17,0.6389,SUCCESS,0.0172,EMERGENCY_PAUSE
FIL-004679,ORD-004679,2026-08-26 09:13:35.622,139.98,139.99,0.177,31,0.0099,SUCCESS,0.0095,THROTTLE
FIL-004680,ORD-004680,2026-08-26 09:13:35.890,140.09,140.12,1.219,6,0.0683,SUCCESS,0.0238,WARNING
FIL-004681,ORD-004681,2026-08-26 09:13:36.089,140.15,140.22,2.056,10,0.1153,SUCCESS,0.0496,NORMAL
FIL-004682,ORD-004682,2026-08-26 09:13:36.334,140.23,140.2,1.54,9,0.0864,SUCCESS,0.0191,NORMAL
FIL-004683,ORD-004683,2026-08-26 09:13:36.410,140.28,140.27,0.308,9,0.0173,SUCCESS,0.0089,NORMAL
FIL-004684,ORD-004684,2026-08-26 09:13:36.697,139.98,139.9,1.175,7,0.0658,SUCCESS,0.0555,NORMAL
FIL-004685,ORD-004685,2026-08-26 09:13:36.861,3002.52,3002.03,0.835,16,1.0027,SUCCESS,0.0162,NORMAL
FIL-004686,ORD-004686,2026-08-26 09:13:37.035,2994.72,2995.2,1.08,26,1.2939,SUCCESS,0.0161,NORMAL
FIL-004687,ORD-004687,2026-08-26 09:13:37.187,140.01,140.01,1.501,11,0.0841,SUCCESS,0.0012,NORMAL
FIL-004688,ORD-004688,2026-08-26 09:13:37.426,140.01,139.98,1.574,17,0.0881,SUCCESS,0.0187,NORMAL
FIL-004689,ORD-004689,2026-08-26 09:13:37.571,3006.87,3007.26,1.541,14,1.8537,SUCCESS,0.0131,NORMAL
FIL-004690,ORD-004690,2026-08-26 09:13:37.680,59996.97,60011.85,0.658,33,15.7951,SUCCESS,0.0248,NORMAL
FIL-004691,ORD-004691,2026-08-26 09:13:37.803,59982.06,59989.8,1.115,6,26.7555,SUCCESS,0.0129,NORMAL
FIL-004692,ORD-004692,2026-08-26 09:13:37.989,60061.32,60041.38,0.681,33,16.3553,SUCCESS,0.0332,NORMAL
FIL-004693,ORD-004693,2026-08-26 09:13:38.056,3004.39,3005.78,0.232,14,0.2789,SUCCESS,0.0463,NORMAL
FIL-004694,ORD-004694,2026-08-26 09:13:38.184,60025.38,60046.99,0.84,5,20.1758,SUCCESS,0.036,NORMAL
FIL-004695,ORD-004695,2026-08-26 09:13:38.350,3002.24,3002.38,0.317,23,0.3807,SUCCESS,0.0046,NORMAL
FIL-004696,ORD-004696,2026-08-26 09:13:38.611,140.09,140.08,2.175,49,0.1219,SUCCESS,0.0069,NORMAL
FIL-004697,ORD-004697,2026-08-26 09:13:38.665,60025.13,60033.41,0.777,19,18.6584,SUCCESS,0.0138,NORMAL
FIL-004698,ORD-004698,2026-08-26 09:13:38.880,140.0,140.06,1.311,6,0.0734,SUCCESS,0.0457,NORMAL
FIL-004699,ORD-004699,2026-08-26 09:13:39.109,59988.77,59984.03,1.895,9,45.4679,SUCCESS,0.0079,NORMAL
FIL-004700,ORD-004700,2026-08-26 09:13:39.236,3000.76,3000.68,1.293,20,1.552,SUCCESS,0.0026,NORMAL
FIL-004701,ORD-004701,2026-08-26 09:13:39.415,60062.77,60064.15,0.98,9,23.5451,SUCCESS,0.0023,NORMAL
FIL-004702,ORD-004702,2026-08-26 09:13:39.533,140.01,140.02,0.997,39,0.0558,SUCCESS,0.0095,NORMAL
FIL-004703,ORD-004703,2026-08-26 09:13:39.742,3002.63,3002.35,0.604,20,0.7254,SUCCESS,0.0092,NORMAL
FIL-004704,ORD-004704,2026-08-26 09:13:39.946,140.01,139.95,1.274,37,0.0713,SUCCESS,0.0437,NORMAL
FIL-004705,ORD-004705,2026-08-26 09:13:40.143,2998.67,2998.02,0.239,13,0.2866,SUCCESS,0.0218,NORMAL
FIL-004706,ORD-004706,2026-08-26 09:13:40.427,140.11,140.06,2.436,7,0.1365,SUCCESS,0.0351,NORMAL
FIL-004707,ORD-004707,2026-08-26 09:13:40.726,60090.41,60069.86,2.115,10,50.8191,SUCCESS,0.0342,NORMAL
FIL-004708,ORD-004708,2026-08-26 09:13:40.913,60059.7,60054.17,0.527,5,12.6594,SUCCESS,0.0092,NORMAL
FIL-004709,ORD-004709,2026-08-26 09:13:41.109,59900.68,59900.98,1.929,6,46.2196,SUCCESS,0.0005,NORMAL
FIL-004710,ORD-004710,2026-08-26 09:13:41.175,60108.61,60116.66,2.405,23,57.8322,SUCCESS,0.0134,NORMAL
FIL-004711,ORD-004711,2026-08-26 09:13:41.434,3001.88,3000.53,1.556,7,1.8675,SUCCESS,0.0451,NORMAL
FIL-004712,ORD-004712,2026-08-26 09:13:41.578,60040.47,60017.29,1.56,9,37.4508,SUCCESS,0.0386,NORMAL
FIL-004713,ORD-004713,2026-08-26 09:13:41.641,139.89,139.84,1.932,36,0.1081,SUCCESS,0.0346,NORMAL
FIL-004714,ORD-004714,2026-08-26 09:13:41.922,140.09,140.11,0.471,7,0.0264,SUCCESS,0.0133,NORMAL
FIL-004715,ORD-004715,2026-08-26 09:13:41.994,59905.93,59895.09,1.837,7,44.0109,SUCCESS,0.0181,NORMAL
FIL-004716,ORD-004716,2026-08-26 09:13:42.094,60060.61,60064.69,0.955,23,22.9447,SUCCESS,0.0068,NORMAL
FIL-004717,ORD-004717,2026-08-26 09:13:42.222,60088.35,60089.67,0.241,7,5.7926,SUCCESS,0.0022,NORMAL
FIL-004718,ORD-004718,2026-08-26 09:13:42.297,3000.61,3000.92,1.712,5,2.055,SUCCESS,0.0103,NORMAL
FIL-004719,ORD-004719,2026-08-26 09:13:42.427,59958.04,59957.74,1.693,25,40.6034,SUCCESS,0.0005,NORMAL
FIL-004720,ORD-004720,2026-08-26 09:13:42.668,3001.74,3001.27,1.137,9,1.365,SUCCESS,0.0156,NORMAL
FIL-004721,ORD-004721,2026-08-26 09:13:42.907,2999.15,2998.87,1.979,13,2.3739,SUCCESS,0.0094,NORMAL
FIL-004722,ORD-004722,2026-08-26 09:13:43.110,60113.39,60126.31,2.158,16,51.901,SUCCESS,0.0215,NORMAL
FIL-004723,ORD-004723,2026-08-26 09:13:43.399,2996.34,2995.66,1.743,17,2.0886,SUCCESS,0.0226,NORMAL
FIL-004724,ORD-004724,2026-08-26 09:13:43.640,140.11,140.13,2.303,6,0.1291,SUCCESS,0.0134,NORMAL
FIL-004725,ORD-004725,2026-08-26 09:13:43.882,2994.27,2994.14,0.241,16,0.2886,SUCCESS,0.0045,NORMAL
FIL-004726,ORD-004726,2026-08-26 09:13:43.963,139.92,139.98,2.02,13,0.1131,SUCCESS,0.0428,NORMAL
FIL-004727,ORD-004727,2026-08-26 09:13:44.188,2998.79,2999.65,0.402,8,0.4823,SUCCESS,0.0288,NORMAL
FIL-004728,ORD-004728,2026-08-26 09:13:44.438,60007.9,60004.18,0.509,33,12.2169,SUCCESS,0.0062,NORMAL
FIL-004729,ORD-004729,2026-08-26 09:13:44.557,3000.57,2999.47,0.565,7,0.6779,SUCCESS,0.0365,NORMAL
FIL-004730,ORD-004730,2026-08-26 09:13:44.642,3002.51,3002.95,1.465,36,1.7597,SUCCESS,0.0146,NORMAL
FIL-004731,ORD-004731,2026-08-26 09:13:44.808,140.0,139.97,1.423,10,0.0797,SUCCESS,0.0219,NORMAL
FIL-004732,ORD-004732,2026-08-26 09:13:45.027,59881.53,59897.46,2.404,10,57.5974,SUCCESS,0.0266,NORMAL
FIL-004733,ORD-004733,2026-08-26 09:13:45.142,3002.23,3001.2,1.864,10,2.2377,SUCCESS,0.0343,NORMAL
FIL-004734,ORD-004734,2026-08-26 09:13:45.267,60015.18,60008.88,0.939,5,22.5393,SUCCESS,0.0105,NORMAL
FIL-004735,ORD-004735,2026-08-26 09:13:45.448,3000.81,3001.12,0.895,6,1.0744,SUCCESS,0.0104,NORMAL
FIL-004736,ORD-004736,2026-08-26 09:13:45.630,140.09,140.11,1.616,53,0.0906,SUCCESS,0.0124,NORMAL
FIL-004737,ORD-004737,2026-08-26 09:13:45.724,2998.38,2998.43,1.426,10,1.7103,SUCCESS,0.0018,NORMAL
FIL-004738,ORD-004738,2026-08-26 09:13:46.000,60054.92,60053.12,2.133,8,51.2373,SUCCESS,0.003,NORMAL
FIL-004739,ORD-004739,2026-08-26 09:13:46.205,3002.68,3001.42,1.762,5,2.1154,SUCCESS,0.0421,NORMAL
FIL-004740,ORD-004740,2026-08-26 09:13:46.417,2996.88,2996.97,2.189,8,2.6241,SUCCESS,0.003,NORMAL
FIL-004741,ORD-004741,2026-08-26 09:13:46.476,139.98,139.98,0.723,15,0.0405,SUCCESS,0.0,NORMAL
FIL-004742,ORD-004742,2026-08-26 09:13:46.560,60083.07,60077.84,1.135,11,27.2753,SUCCESS,0.0087,NORMAL
FIL-004743,ORD-004743,2026-08-26 09:13:46.835,59921.25,59907.53,1.163,14,27.869,SUCCESS,0.0229,NORMAL
FIL-004744,ORD-004744,2026-08-26 09:13:47.044,3006.98,3006.85,2.444,13,2.9395,SUCCESS,0.0044,NORMAL
FIL-004745,ORD-004745,2026-08-26 09:13:47.259,60027.18,60035.28,0.226,5,5.4272,SUCCESS,0.0135,NORMAL
FIL-004746,ORD-004746,2026-08-26 09:13:47.334,60084.3,60088.27,0.312,5,7.499,SUCCESS,0.0066,NORMAL
FIL-004747,ORD-004747,2026-08-26 09:13:47.596,139.86,139.87,0.771,16,0.0431,SUCCESS,0.0036,NORMAL
FIL-004748,ORD-004748,2026-08-26 09:13:47.838,139.82,139.79,2.217,12,0.124,SUCCESS,0.0189,NORMAL
FIL-004749,ORD-004749,2026-08-26 09:13:48.082,140.0,140.02,0.89,5,0.0498,SUCCESS,0.0121,NORMAL
FIL-004750,ORD-004750,2026-08-26 09:13:48.327,140.07,140.04,2.014,24,0.1128,SUCCESS,0.0196,NORMAL
FIL-004751,ORD-004751,2026-08-26 09:13:48.455,2993.61,2993.76,1.467,30,1.7567,SUCCESS,0.0049,NORMAL
FIL-004752,ORD-004752,2026-08-26 09:13:48.750,60028.96,60046.31,1.855,7,44.5544,SUCCESS,0.0289,NORMAL
FIL-004753,ORD-004753,2026-08-26 09:13:48.891,3000.27,3001.36,0.674,9,0.8092,SUCCESS,0.0363,NORMAL
FIL-004754,ORD-004754,2026-08-26 09:13:49.025,60051.6,60033.34,2.068,23,49.6596,SUCCESS,0.0304,NORMAL
FIL-004755,ORD-004755,2026-08-26 09:13:49.281,140.2,140.26,1.284,45,0.072,SUCCESS,0.0396,NORMAL
FIL-004756,ORD-004756,2026-08-26 09:13:49.491,140.09,140.07,1.07,10,0.0599,SUCCESS,0.0137,NORMAL
FIL-004757,ORD-004757,2026-08-26 09:13:49.579,140.11,140.09,1.753,8,0.0982,SUCCESS,0.0136,NORMAL
FIL-004758,ORD-004758,2026-08-26 09:13:49.798,140.27,140.3,1.69,18,0.0948,SUCCESS,0.0231,NORMAL
FIL-004759,ORD-004759,2026-08-26 09:13:49.848,59914.36,59927.48,1.388,12,33.2717,SUCCESS,0.0219,NORMAL
FIL-004760,ORD-004760,2026-08-26 09:13:50.127,60050.42,60051.86,0.2,20,4.8041,SUCCESS,0.0024,NORMAL
FIL-004761,ORD-004761,2026-08-26 09:13:50.389,140.1,140.05,1.736,9,0.0973,SUCCESS,0.0354,NORMAL
FIL-004762,ORD-004762,2026-08-26 09:13:50.595,3002.85,3002.59,1.306,19,1.5686,SUCCESS,0.0088,NORMAL
FIL-004763,ORD-004763,2026-08-26 09:13:50.713,3004.5,3004.4,1.251,11,1.5034,SUCCESS,0.0034,NORMAL
FIL-004764,ORD-004764,2026-08-26 09:13:50.800,139.92,139.9,1.24,19,0.0694,SUCCESS,0.0153,NORMAL
FIL-004765,ORD-004765,2026-08-26 09:13:50.932,60020.46,60039.85,2.35,33,56.4375,SUCCESS,0.0323,NORMAL
FIL-004766,ORD-004766,2026-08-26 09:13:51.141,2998.82,2997.83,1.307,7,1.5673,SUCCESS,0.0329,NORMAL
FIL-004767,ORD-004767,2026-08-26 09:13:51.438,3002.07,3001.94,0.763,8,0.9162,SUCCESS,0.0044,NORMAL
FIL-004768,ORD-004768,2026-08-26 09:13:51.663,140.03,140.06,1.364,26,0.0764,SUCCESS,0.0205,NORMAL
FIL-004769,ORD-004769,2026-08-26 09:13:51.879,59941.3,59935.73,2.114,8,50.6817,SUCCESS,0.0093,NORMAL
FIL-004770,ORD-004770,2026-08-26 09:13:52.033,59948.14,59943.28,0.744,7,17.8391,SUCCESS,0.0081,NORMAL
FIL-004771,ORD-004771,2026-08-26 09:13:52.162,3002.07,3001.35,1.639,10,1.9677,SUCCESS,0.0241,NORMAL
FIL-004772,ORD-004772,2026-08-26 09:13:52.396,60026.06,60025.64,0.67,10,16.0869,SUCCESS,0.0007,NORMAL
FIL-004773,ORD-004773,2026-08-26 09:13:52.655,60033.31,60036.91,1.867,6,44.8356,SUCCESS,0.006,NORMAL
FIL-004774,ORD-004774,2026-08-26 09:13:52.714,59897.25,59918.03,0.56,14,13.4216,SUCCESS,0.0347,NORMAL
FIL-004775,ORD-004775,2026-08-26 09:13:53.000,59961.34,59943.65,0.473,5,11.3413,SUCCESS,0.0295,NORMAL
FIL-004776,ORD-004776,2026-08-26 09:13:53.240,2996.87,2997.18,1.399,17,1.6772,SUCCESS,0.0102,NORMAL
FIL-004777,ORD-004777,2026-08-26 09:13:53.395,60025.65,60023.91,1.251,57,30.036,SUCCESS,0.0029,NORMAL
FIL-004778,ORD-004778,2026-08-26 09:13:53.612,139.85,139.86,0.71,9,0.0397,SUCCESS,0.007,NORMAL
FIL-004779,ORD-004779,2026-08-26 09:13:53.910,139.89,139.89,2.198,9,0.123,SUCCESS,0.0026,NORMAL
FIL-004781,ORD-004781,2026-08-26 09:13:54.419,3003.54,3015.21,1.365,416,1.6463,SUCCESS,0.3884,THROTTLE
FIL-004782,ORD-004782,2026-08-26 09:13:54.618,2997.31,3004.26,2.214,319,2.6606,SUCCESS,0.2318,EMERGENCY_PAUSE
FIL-004783,ORD-004783,2026-08-26 09:13:54.771,59954.52,59777.41,0.742,404,17.7419,SUCCESS,0.2954,EMERGENCY_PAUSE
FIL-004784,ORD-004784,2026-08-26 09:13:55.039,139.83,140.18,0.595,287,0.0334,SUCCESS,0.2498,EMERGENCY_PAUSE
FIL-004785,ORD-004785,2026-08-26 09:13:55.202,2999.28,3010.17,2.07,709,2.4924,SUCCESS,0.3632,EMERGENCY_PAUSE
FIL-004786,ORD-004786,2026-08-26 09:13:55.495,139.97,140.2,2.455,325,0.1377,SUCCESS,0.1628,EMERGENCY_PAUSE
FIL-004787,ORD-004787,2026-08-26 09:13:55.765,2999.16,2988.82,1.675,695,2.0025,SUCCESS,0.3447,EMERGENCY_PAUSE
FIL-004789,ORD-004789,2026-08-26 09:13:56.102,3002.12,2994.04,1.639,497,1.9629,SUCCESS,0.2693,EMERGENCY_PAUSE
FIL-004790,ORD-004790,2026-08-26 09:13:56.173,3000.19,3012.18,2.095,209,2.5242,SUCCESS,0.3997,EMERGENCY_PAUSE
FIL-004791,ORD-004791,2026-08-26 09:13:56.317,140.08,140.08,1.26,26,0.0706,SUCCESS,0.0015,EMERGENCY_PAUSE
FIL-004792,ORD-004792,2026-08-26 09:13:56.570,60135.13,60162.61,0.817,16,19.6611,SUCCESS,0.0457,EMERGENCY_PAUSE
FIL-004793,ORD-004793,2026-08-26 09:13:56.690,3005.89,3005.97,1.131,6,1.3599,SUCCESS,0.0026,EMERGENCY_PAUSE
FIL-004794,ORD-004794,2026-08-26 09:13:56.939,139.81,139.85,0.687,7,0.0384,SUCCESS,0.0307,EMERGENCY_PAUSE
FIL-004795,ORD-004795,2026-08-26 09:13:57.100,140.23,140.22,1.156,17,0.0648,SUCCESS,0.0095,EMERGENCY_PAUSE
FIL-004796,ORD-004796,2026-08-26 09:13:57.154,3004.11,3003.49,0.188,25,0.2259,SUCCESS,0.0205,EMERGENCY_PAUSE
FIL-004797,ORD-004797,2026-08-26 09:13:57.385,2999.56,2999.52,1.657,22,1.9881,SUCCESS,0.0012,EMERGENCY_PAUSE
FIL-004798,ORD-004798,2026-08-26 09:13:57.603,60117.08,60103.55,1.389,13,33.3935,SUCCESS,0.0225,EMERGENCY_PAUSE
FIL-004799,ORD-004799,2026-08-26 09:13:57.896,2997.61,2997.9,1.453,7,1.7424,SUCCESS,0.0096,THROTTLE
FIL-004800,ORD-004800,2026-08-26 09:13:58.175,59941.91,59943.53,1.57,44,37.6445,SUCCESS,0.0027,WARNING
FIL-004801,ORD-004801,2026-08-26 09:13:58.446,59984.81,59973.83,0.678,17,16.2649,SUCCESS,0.0183,NORMAL
FIL-004802,ORD-004802,2026-08-26 09:13:58.509,60074.43,60066.68,1.22,16,29.3125,SUCCESS,0.0129,NORMAL
FIL-004803,ORD-004803,2026-08-26 09:13:58.677,140.02,140.08,1.644,32,0.0921,SUCCESS,0.0436,NORMAL
FIL-004804,ORD-004804,2026-08-26 09:13:58.896,3000.46,3001.3,0.731,16,0.8776,SUCCESS,0.0279,NORMAL
FIL-004805,ORD-004805,2026-08-26 09:13:59.187,59934.45,59933.85,0.515,32,12.3464,SUCCESS,0.001,NORMAL
FIL-004806,ORD-004806,2026-08-26 09:13:59.294,2998.31,2997.84,0.711,53,0.8526,SUCCESS,0.0158,NORMAL
FIL-004807,ORD-004807,2026-08-26 09:13:59.368,3001.8,3001.22,1.271,5,1.5258,SUCCESS,0.0192,NORMAL
FIL-004808,ORD-004808,2026-08-26 09:13:59.588,3005.46,3005.13,0.614,14,0.7381,SUCCESS,0.011,NORMAL
FIL-004809,ORD-004809,2026-08-26 09:13:59.733,3003.36,3003.98,0.98,10,1.1776,SUCCESS,0.0207,NORMAL
FIL-004810,ORD-004810,2026-08-26 09:14:00.030,2999.57,3000.02,1.497,8,1.7964,SUCCESS,0.015,NORMAL
FIL-004811,ORD-004811,2026-08-26 09:14:00.317,2999.32,2999.27,1.271,10,1.5248,SUCCESS,0.0016,NORMAL
FIL-004812,ORD-004812,2026-08-26 09:14:00.596,140.09,140.13,0.473,11,0.0265,SUCCESS,0.0321,NORMAL
FIL-004813,ORD-004813,2026-08-26 09:14:00.688,139.93,139.91,0.564,7,0.0316,SUCCESS,0.0131,NORMAL
FIL-004814,ORD-004814,2026-08-26 09:14:00.815,60093.83,60115.64,2.41,22,57.9515,SUCCESS,0.0363,NORMAL
FIL-004815,ORD-004815,2026-08-26 09:14:01.071,3004.98,3005.09,0.704,18,0.8462,SUCCESS,0.0036,NORMAL
FIL-004816,ORD-004816,2026-08-26 09:14:01.247,140.29,140.25,1.851,84,0.1038,SUCCESS,0.032,NORMAL
FIL-004817,ORD-004817,2026-08-26 09:14:01.546,140.01,139.98,1.764,10,0.0988,SUCCESS,0.0185,NORMAL
FIL-004818,ORD-004818,2026-08-26 09:14:01.606,2995.6,2995.99,1.473,5,1.7652,SUCCESS,0.013,NORMAL
FIL-004819,ORD-004819,2026-08-26 09:14:01.759,139.75,139.79,1.813,7,0.1014,SUCCESS,0.0264,NORMAL
FIL-004820,ORD-004820,2026-08-26 09:14:01.834,59985.77,59990.21,2.079,41,49.8879,SUCCESS,0.0074,NORMAL
FIL-004821,ORD-004821,2026-08-26 09:14:02.100,60082.26,60092.23,0.175,11,4.2065,SUCCESS,0.0166,NORMAL
FIL-004822,ORD-004822,2026-08-26 09:14:02.296,60003.71,60020.81,1.02,15,24.4885,SUCCESS,0.0285,NORMAL
FIL-004823,ORD-004823,2026-08-26 09:14:02.498,140.23,140.22,1.138,15,0.0638,SUCCESS,0.0088,NORMAL
FIL-004824,ORD-004824,2026-08-26 09:14:02.587,59952.36,59951.7,2.269,16,54.4122,SUCCESS,0.0011,NORMAL
FIL-004825,ORD-004825,2026-08-26 09:14:02.834,59938.68,59932.99,1.695,11,40.6346,SUCCESS,0.0095,NORMAL
FIL-004826,ORD-004826,2026-08-26 09:14:02.934,140.17,140.15,0.947,5,0.0531,SUCCESS,0.0112,NORMAL
FIL-004827,ORD-004827,2026-08-26 09:14:03.075,3002.86,3002.86,1.717,17,2.0624,SUCCESS,0.0001,NORMAL
FIL-004828,ORD-004828,2026-08-26 09:14:03.261,140.1,140.1,0.407,13,0.0228,SUCCESS,0.0004,NORMAL
FIL-004829,ORD-004829,2026-08-26 09:14:03.516,140.07,140.08,0.613,40,0.0343,SUCCESS,0.01,NORMAL
FIL-004830,ORD-004830,2026-08-26 09:14:03.614,2997.46,2997.54,0.279,9,0.3345,SUCCESS,0.0026,NORMAL
FIL-004831,ORD-004831,2026-08-26 09:14:03.743,60030.59,60026.33,1.282,29,30.7815,SUCCESS,0.0071,NORMAL
FIL-004832,ORD-004832,2026-08-26 09:14:03.873,140.4,140.43,2.315,5,0.13,SUCCESS,0.0198,NORMAL
FIL-004833,ORD-004833,2026-08-26 09:14:04.100,2997.9,2997.34,0.25,29,0.2997,SUCCESS,0.0186,NORMAL
FIL-004834,ORD-004834,2026-08-26 09:14:04.320,2996.59,2997.28,2.436,7,2.9205,SUCCESS,0.0231,NORMAL
FIL-004835,ORD-004835,2026-08-26 09:14:04.463,60053.53,60062.54,0.648,20,15.5682,SUCCESS,0.015,NORMAL
FIL-004836,ORD-004836,2026-08-26 09:14:04.724,140.13,140.09,0.468,9,0.0262,SUCCESS,0.0255,NORMAL
FIL-004837,ORD-004837,2026-08-26 09:14:04.945,59930.08,59958.67,2.377,16,57.0087,SUCCESS,0.0477,NORMAL
FIL-004838,ORD-004838,2026-08-26 09:14:05.062,2999.86,3000.13,1.519,11,1.8229,SUCCESS,0.009,NORMAL
FIL-004839,ORD-004839,2026-08-26 09:14:05.211,140.04,140.07,1.933,6,0.1083,SUCCESS,0.0226,NORMAL
FIL-004840,ORD-004840,2026-08-26 09:14:05.311,2999.29,2999.93,0.408,8,0.4896,SUCCESS,0.0212,NORMAL
FIL-004841,ORD-004841,2026-08-26 09:14:05.401,60044.98,60059.45,0.873,14,20.9728,SUCCESS,0.0241,NORMAL
FIL-004842,ORD-004842,2026-08-26 09:14:05.590,3005.77,3006.03,1.995,9,2.3988,SUCCESS,0.0086,NORMAL
FIL-004843,ORD-004843,2026-08-26 09:14:05.740,139.93,139.96,2.176,23,0.1218,SUCCESS,0.0202,NORMAL
FIL-004844,ORD-004844,2026-08-26 09:14:06.024,3003.47,3002.49,0.755,12,0.9068,SUCCESS,0.0325,NORMAL
FIL-004845,ORD-004845,2026-08-26 09:14:06.147,2998.53,2998.97,0.861,27,1.0328,SUCCESS,0.0147,NORMAL
FIL-004846,ORD-004846,2026-08-26 09:14:06.367,60100.75,60112.83,1.75,5,42.079,SUCCESS,0.0201,NORMAL
FIL-004847,ORD-004847,2026-08-26 09:14:06.547,139.93,139.85,1.18,21,0.066,SUCCESS,0.0588,NORMAL
FIL-004848,ORD-004848,2026-08-26 09:14:06.761,59989.14,59970.36,2.081,34,49.9193,SUCCESS,0.0313,NORMAL
FIL-004849,ORD-004849,2026-08-26 09:14:06.995,139.89,139.9,2.11,9,0.1181,SUCCESS,0.0054,NORMAL
FIL-004850,ORD-004850,2026-08-26 09:14:07.265,2994.15,2994.1,2.255,10,2.7007,SUCCESS,0.0017,NORMAL
FIL-004851,ORD-004851,2026-08-26 09:14:07.557,3004.34,3005.01,0.498,20,0.5986,SUCCESS,0.0224,NORMAL
FIL-004852,ORD-004852,2026-08-26 09:14:07.675,60141.16,60122.64,0.683,5,16.4255,SUCCESS,0.0308,NORMAL
FIL-004853,ORD-004853,2026-08-26 09:14:07.958,60050.82,60060.67,1.4,28,33.634,SUCCESS,0.0164,NORMAL
FIL-004854,ORD-004854,2026-08-26 09:14:08.109,3000.3,3001.11,2.208,14,2.6506,SUCCESS,0.027,NORMAL
FIL-004855,ORD-004855,2026-08-26 09:14:08.266,3000.13,2999.08,1.475,13,1.7695,SUCCESS,0.0351,NORMAL
FIL-004856,ORD-004856,2026-08-26 09:14:08.435,140.0,139.98,0.669,33,0.0375,SUCCESS,0.012,NORMAL
FIL-004857,ORD-004857,2026-08-26 09:14:08.652,3000.69,3001.29,1.26,27,1.5127,SUCCESS,0.0201,NORMAL
FIL-004858,ORD-004858,2026-08-26 09:14:08.739,3000.87,3001.02,0.325,7,0.3901,SUCCESS,0.005,NORMAL
FIL-004859,ORD-004859,2026-08-26 09:14:08.801,60020.63,59999.98,1.047,7,25.128,SUCCESS,0.0344,NORMAL
FIL-004860,ORD-004860,2026-08-26 09:14:08.862,140.27,140.26,1.478,17,0.0829,SUCCESS,0.0042,NORMAL
FIL-004861,ORD-004861,2026-08-26 09:14:09.014,60059.9,60063.92,0.888,13,21.3347,SUCCESS,0.0067,NORMAL
FIL-004862,ORD-004862,2026-08-26 09:14:09.166,2997.51,2997.2,1.571,35,1.8834,SUCCESS,0.0102,NORMAL
FIL-004863,ORD-004863,2026-08-26 09:14:09.390,60000.91,59991.19,0.654,24,15.6937,SUCCESS,0.0162,NORMAL
FIL-004864,ORD-004864,2026-08-26 09:14:09.448,60002.59,59990.71,2.014,8,48.3285,SUCCESS,0.0198,NORMAL
FIL-004865,ORD-004865,2026-08-26 09:14:09.706,140.04,139.98,0.414,28,0.0232,SUCCESS,0.0407,NORMAL
FIL-004866,ORD-004866,2026-08-26 09:14:09.787,140.05,140.09,1.738,20,0.0974,SUCCESS,0.0255,NORMAL
FIL-004867,ORD-004867,2026-08-26 09:14:09.885,139.71,139.75,1.477,17,0.0826,SUCCESS,0.0284,NORMAL
FIL-004868,ORD-004868,2026-08-26 09:14:10.005,2999.79,3000.59,0.126,9,0.1512,SUCCESS,0.0267,NORMAL
FIL-004869,ORD-004869,2026-08-26 09:14:10.118,59935.98,59954.14,0.261,5,6.2592,SUCCESS,0.0303,NORMAL
FIL-004870,ORD-004870,2026-08-26 09:14:10.211,139.42,139.4,0.918,15,0.0512,SUCCESS,0.0123,NORMAL
FIL-004871,ORD-004871,2026-08-26 09:14:10.498,3004.18,3004.82,1.471,30,1.768,SUCCESS,0.0214,NORMAL
FIL-004872,ORD-004872,2026-08-26 09:14:10.769,60000.0,59987.46,0.125,5,2.9994,SUCCESS,0.0209,NORMAL
FIL-004873,ORD-004873,2026-08-26 09:14:11.012,139.88,139.88,1.409,6,0.0788,SUCCESS,0.0016,NORMAL
FIL-004874,ORD-004874,2026-08-26 09:14:11.063,140.0,139.96,1.633,19,0.0914,SUCCESS,0.0284,NORMAL
FIL-004875,ORD-004875,2026-08-26 09:14:11.134,3001.14,3000.52,0.883,30,1.0598,SUCCESS,0.0208,NORMAL
FIL-004876,ORD-004876,2026-08-26 09:14:11.381,2999.51,2998.92,1.477,41,1.7718,SUCCESS,0.0197,NORMAL
FIL-004877,ORD-004877,2026-08-26 09:14:11.508,139.95,139.93,1.863,18,0.1043,SUCCESS,0.0133,NORMAL
FIL-004878,ORD-004878,2026-08-26 09:14:11.704,60042.58,60051.95,0.555,10,13.3315,SUCCESS,0.0156,NORMAL
FIL-004879,ORD-004879,2026-08-26 09:14:11.898,2999.12,2998.8,1.796,9,2.1543,SUCCESS,0.0107,NORMAL
FIL-004880,ORD-004880,2026-08-26 09:14:12.102,140.02,140.03,1.92,25,0.1075,SUCCESS,0.0045,NORMAL
FIL-004881,ORD-004881,2026-08-26 09:14:12.331,3000.71,3001.28,2.157,7,2.5895,SUCCESS,0.0189,NORMAL
FIL-004882,ORD-004882,2026-08-26 09:14:12.395,60007.83,60014.43,1.185,5,28.4468,SUCCESS,0.011,NORMAL
FIL-004883,ORD-004883,2026-08-26 09:14:12.542,139.93,139.91,2.339,6,0.1309,SUCCESS,0.0116,NORMAL
FIL-004884,ORD-004884,2026-08-26 09:14:12.651,60125.84,60105.4,1.398,5,33.6109,SUCCESS,0.034,NORMAL
FIL-004885,ORD-004885,2026-08-26 09:14:12.730,140.16,140.14,1.441,20,0.0808,SUCCESS,0.0151,NORMAL
FIL-004886,ORD-004886,2026-08-26 09:14:12.950,140.03,140.02,1.215,18,0.068,SUCCESS,0.0103,NORMAL
FIL-004887,ORD-004887,2026-08-26 09:14:13.241,3001.94,3002.68,0.844,17,1.0137,SUCCESS,0.0245,NORMAL
FIL-004888,ORD-004888,2026-08-26 09:14:13.311,140.13,140.1,0.66,18,0.037,SUCCESS,0.0218,NORMAL
FIL-004889,ORD-004889,2026-08-26 09:14:13.428,139.84,139.81,0.642,32,0.0359,SUCCESS,0.02,NORMAL
FIL-004890,ORD-004890,2026-08-26 09:14:13.711,139.99,139.97,1.183,66,0.0662,SUCCESS,0.0113,NORMAL
FIL-004891,ORD-004891,2026-08-26 09:14:13.838,2998.07,2997.28,1.971,12,2.3631,SUCCESS,0.0265,NORMAL
FIL-004892,ORD-004892,2026-08-26 09:14:14.067,139.83,139.82,1.508,11,0.0843,SUCCESS,0.0081,NORMAL
FIL-004893,ORD-004893,2026-08-26 09:14:14.216,3004.78,3005.3,2.478,25,2.9789,SUCCESS,0.0172,NORMAL
FIL-004894,ORD-004894,2026-08-26 09:14:14.418,59935.75,59933.47,0.224,18,5.37,SUCCESS,0.0038,NORMAL
FIL-004895,ORD-004895,2026-08-26 09:14:14.590,140.09,140.07,0.817,5,0.0458,SUCCESS,0.0158,NORMAL
FIL-004896,ORD-004896,2026-08-26 09:14:14.787,3000.51,3001.52,2.388,16,2.8671,SUCCESS,0.0335,NORMAL
FIL-004897,ORD-004897,2026-08-26 09:14:15.027,2999.28,2999.07,0.796,8,0.9549,SUCCESS,0.0071,NORMAL
FIL-004898,ORD-004898,2026-08-26 09:14:15.193,2999.78,2999.07,1.457,25,1.7479,SUCCESS,0.0237,NORMAL
FIL-004899,ORD-004899,2026-08-26 09:14:15.329,60039.91,60064.11,0.811,14,19.4848,SUCCESS,0.0403,NORMAL
FIL-004900,ORD-004900,2026-08-26 09:14:15.514,3001.55,3011.54,0.719,385,0.8661,SUCCESS,0.3327,WARNING
FIL-004902,ORD-004902,2026-08-26 09:14:15.994,140.07,139.47,1.976,364,0.1102,SUCCESS,0.4294,EMERGENCY_PAUSE
FIL-004903,ORD-004903,2026-08-26 09:14:16.189,2995.63,2987.77,0.198,181,0.2366,SUCCESS,0.2624,EMERGENCY_PAUSE
FIL-004904,ORD-004904,2026-08-26 09:14:16.433,140.06,139.65,0.541,451,0.0302,SUCCESS,0.2905,EMERGENCY_PAUSE
FIL-004905,ORD-004905,2026-08-26 09:14:16.514,3002.87,3015.9,1.922,197,2.3186,SUCCESS,0.4339,EMERGENCY_PAUSE
FIL-004906,ORD-004906,2026-08-26 09:14:16.798,60028.42,59932.55,1.395,676,33.4424,SUCCESS,0.1597,EMERGENCY_PAUSE
FIL-004908,ORD-004908,2026-08-26 09:14:17.147,59995.34,60227.04,2.055,289,49.5066,SUCCESS,0.3862,EMERGENCY_PAUSE
FIL-004909,ORD-004909,2026-08-26 09:14:17.245,2996.11,2991.59,1.569,466,1.8775,SUCCESS,0.1507,EMERGENCY_PAUSE
FIL-004911,ORD-004911,2026-08-26 09:14:17.571,3001.27,3001.84,0.179,32,0.2149,SUCCESS,0.0191,EMERGENCY_PAUSE
FIL-004912,ORD-004912,2026-08-26 09:14:17.757,3000.21,2999.92,0.907,7,1.0884,SUCCESS,0.0097,EMERGENCY_PAUSE
FIL-004913,ORD-004913,2026-08-26 09:14:17.999,2997.96,2997.48,1.489,12,1.7853,SUCCESS,0.0159,EMERGENCY_PAUSE
FIL-004914,ORD-004914,2026-08-26 09:14:18.280,139.99,140.0,2.411,25,0.135,SUCCESS,0.0094,EMERGENCY_PAUSE
FIL-004915,ORD-004915,2026-08-26 09:14:18.407,60033.96,60034.44,1.084,20,26.0309,SUCCESS,0.0008,EMERGENCY_PAUSE
FIL-004916,ORD-004916,2026-08-26 09:14:18.705,60091.88,60091.64,1.437,36,34.5407,SUCCESS,0.0004,EMERGENCY_PAUSE
FIL-004917,ORD-004917,2026-08-26 09:14:18.813,2997.46,2996.85,0.533,5,0.6389,SUCCESS,0.0202,EMERGENCY_PAUSE
FIL-004918,ORD-004918,2026-08-26 09:14:18.986,140.18,140.19,0.28,9,0.0157,SUCCESS,0.0065,EMERGENCY_PAUSE
FIL-004919,ORD-004919,2026-08-26 09:14:19.138,59931.21,59944.04,0.882,8,21.1483,SUCCESS,0.0214,THROTTLE
FIL-004920,ORD-004920,2026-08-26 09:14:19.326,2999.21,2999.3,1.688,13,2.0251,SUCCESS,0.003,WARNING
FIL-004921,ORD-004921,2026-08-26 09:14:19.587,2992.94,2992.43,1.293,7,1.5477,SUCCESS,0.0172,NORMAL
FIL-004922,ORD-004922,2026-08-26 09:14:19.729,139.99,140.01,0.843,6,0.0472,SUCCESS,0.0143,NORMAL
FIL-004923,ORD-004923,2026-08-26 09:14:19.926,3000.5,3000.95,2.298,50,2.7585,SUCCESS,0.0149,NORMAL
FIL-004924,ORD-004924,2026-08-26 09:14:20.170,2999.38,2998.25,0.663,7,0.7951,SUCCESS,0.0376,NORMAL
FIL-004925,ORD-004925,2026-08-26 09:14:20.230,60039.56,60057.63,0.289,21,6.9427,SUCCESS,0.0301,NORMAL
FIL-004926,ORD-004926,2026-08-26 09:14:20.285,60023.82,60010.85,0.46,18,11.042,SUCCESS,0.0216,NORMAL
FIL-004927,ORD-004927,2026-08-26 09:14:20.520,60018.25,60034.63,0.109,21,2.6175,SUCCESS,0.0273,NORMAL
FIL-004928,ORD-004928,2026-08-26 09:14:20.640,2998.98,2998.46,0.26,24,0.3118,SUCCESS,0.0175,NORMAL
FIL-004929,ORD-004929,2026-08-26 09:14:20.704,140.01,139.99,1.771,7,0.0992,SUCCESS,0.015,NORMAL
FIL-004930,ORD-004930,2026-08-26 09:14:20.943,3001.89,3001.42,0.867,33,1.0409,SUCCESS,0.0156,NORMAL
FIL-004931,ORD-004931,2026-08-26 09:14:21.107,59962.54,59973.51,1.733,23,41.5736,SUCCESS,0.0183,NORMAL
FIL-004932,ORD-004932,2026-08-26 09:14:21.258,2999.3,2998.97,2.183,27,2.6187,SUCCESS,0.011,NORMAL
FIL-004933,ORD-004933,2026-08-26 09:14:21.446,59935.34,59898.9,0.802,31,19.2156,SUCCESS,0.0608,NORMAL
FIL-004934,ORD-004934,2026-08-26 09:14:21.622,59915.4,59927.44,1.318,6,31.5937,SUCCESS,0.0201,NORMAL
FIL-004935,ORD-004935,2026-08-26 09:14:21.836,59945.51,59966.73,1.384,14,33.1976,SUCCESS,0.0354,NORMAL
FIL-004936,ORD-004936,2026-08-26 09:14:22.000,60054.32,60041.53,0.723,6,17.364,SUCCESS,0.0213,NORMAL
FIL-004937,ORD-004937,2026-08-26 09:14:22.239,140.15,140.19,0.281,31,0.0158,SUCCESS,0.029,NORMAL
FIL-004938,ORD-004938,2026-08-26 09:14:22.290,139.97,139.93,1.622,29,0.0908,SUCCESS,0.0308,NORMAL
FIL-004939,ORD-004939,2026-08-26 09:14:22.495,59930.63,59920.2,1.137,37,27.2517,SUCCESS,0.0174,NORMAL
FIL-004940,ORD-004940,2026-08-26 09:14:22.578,3000.85,3001.1,0.277,24,0.3325,SUCCESS,0.0082,NORMAL
FIL-004941,ORD-004941,2026-08-26 09:14:22.718,60021.57,60030.87,1.837,9,44.1107,SUCCESS,0.0155,NORMAL
FIL-004942,ORD-004942,2026-08-26 09:14:22.983,59973.81,59979.75,1.456,20,34.9322,SUCCESS,0.0099,NORMAL
FIL-004943,ORD-004943,2026-08-26 09:14:23.182,59930.57,59914.45,1.909,12,45.7507,SUCCESS,0.0269,NORMAL
FIL-004944,ORD-004944,2026-08-26 09:14:23.472,2998.99,2999.45,1.385,24,1.6617,SUCCESS,0.0153,NORMAL
FIL-004945,ORD-004945,2026-08-26 09:14:23.737,140.15,140.11,0.286,13,0.016,SUCCESS,0.0293,NORMAL
FIL-004946,ORD-004946,2026-08-26 09:14:24.018,59953.66,59932.38,2.437,27,58.4221,SUCCESS,0.0355,NORMAL
FIL-004947,ORD-004947,2026-08-26 09:14:24.096,2999.51,2999.04,1.77,6,2.1233,SUCCESS,0.0158,NORMAL
FIL-004948,ORD-004948,2026-08-26 09:14:24.295,3008.15,3008.87,2.084,13,2.5082,SUCCESS,0.024,NORMAL
FIL-004949,ORD-004949,2026-08-26 09:14:24.581,2997.56,2998.91,0.291,6,0.3491,SUCCESS,0.045,NORMAL
FIL-004950,ORD-004950,2026-08-26 09:14:24.874,140.26,140.28,1.668,34,0.0936,SUCCESS,0.0125,NORMAL
FIL-004951,ORD-004951,2026-08-26 09:14:25.126,2999.94,2999.63,1.142,15,1.3702,SUCCESS,0.0103,NORMAL
FIL-004952,ORD-004952,2026-08-26 09:14:25.338,2998.18,2997.43,0.813,6,0.9748,SUCCESS,0.025,NORMAL
FIL-004953,ORD-004953,2026-08-26 09:14:25.617,3000.14,3000.86,0.83,20,0.9963,SUCCESS,0.0241,NORMAL
FIL-004954,ORD-004954,2026-08-26 09:14:25.788,3000.63,3000.17,1.003,5,1.2037,SUCCESS,0.0152,NORMAL
FIL-004955,ORD-004955,2026-08-26 09:14:25.895,60073.04,60071.9,2.143,14,51.4936,SUCCESS,0.0019,NORMAL
FIL-004956,ORD-004956,2026-08-26 09:14:26.140,140.15,140.18,1.471,14,0.0825,SUCCESS,0.0211,NORMAL
FIL-004957,ORD-004957,2026-08-26 09:14:26.222,60054.28,60053.56,1.638,15,39.3471,SUCCESS,0.0012,NORMAL
FIL-004958,ORD-004958,2026-08-26 09:14:26.279,2998.46,2997.95,0.221,10,0.265,SUCCESS,0.017,NORMAL
FIL-004959,ORD-004959,2026-08-26 09:14:26.507,140.04,140.05,0.258,12,0.0145,SUCCESS,0.0055,NORMAL
FIL-004960,ORD-004960,2026-08-26 09:14:26.599,3000.54,2999.38,0.791,33,0.949,SUCCESS,0.0388,NORMAL
FIL-004961,ORD-004961,2026-08-26 09:14:26.681,3000.76,3000.34,2.1,23,2.5203,SUCCESS,0.014,NORMAL
FIL-004962,ORD-004962,2026-08-26 09:14:26.931,2994.67,2994.21,0.63,43,0.7545,SUCCESS,0.0153,NORMAL
FIL-004963,ORD-004963,2026-08-26 09:14:27.049,139.93,139.97,1.823,44,0.1021,SUCCESS,0.0253,NORMAL
FIL-004964,ORD-004964,2026-08-26 09:14:27.160,139.95,139.96,0.456,37,0.0255,SUCCESS,0.0065,NORMAL
FIL-004965,ORD-004965,2026-08-26 09:14:27.289,60051.57,60062.2,0.537,9,12.9014,SUCCESS,0.0177,NORMAL
FIL-004966,ORD-004966,2026-08-26 09:14:27.587,60054.46,60047.01,1.111,10,26.6849,SUCCESS,0.0124,NORMAL
FIL-004967,ORD-004967,2026-08-26 09:14:27.793,59993.84,60002.6,0.402,20,9.6484,SUCCESS,0.0146,NORMAL
FIL-004968,ORD-004968,2026-08-26 09:14:27.912,60030.85,60045.5,2.464,26,59.1808,SUCCESS,0.0244,NORMAL
FIL-004969,ORD-004969,2026-08-26 09:14:28.175,3003.75,3003.28,1.63,11,1.9581,SUCCESS,0.0155,NORMAL
FIL-004970,ORD-004970,2026-08-26 09:14:28.348,140.09,140.08,2.288,11,0.1282,SUCCESS,0.0052,NORMAL
FIL-004971,ORD-004971,2026-08-26 09:14:28.600,2998.88,2999.12,1.528,14,1.8331,SUCCESS,0.008,NORMAL
FIL-004972,ORD-004972,2026-08-26 09:14:28.769,59962.48,59973.93,1.88,13,45.1004,SUCCESS,0.0191,NORMAL
FIL-004973,ORD-004973,2026-08-26 09:14:28.855,139.94,139.96,1.827,12,0.1023,SUCCESS,0.0124,NORMAL
FIL-004974,ORD-004974,2026-08-26 09:14:29.015,140.04,140.09,1.627,9,0.0912,SUCCESS,0.0356,NORMAL
FIL-004975,ORD-004975,2026-08-26 09:14:29.142,2998.58,2997.95,1.648,22,1.9762,SUCCESS,0.021,NORMAL
FIL-004976,ORD-004976,2026-08-26 09:14:29.275,59915.02,59887.7,1.87,8,44.796,SUCCESS,0.0456,NORMAL
FIL-004977,ORD-004977,2026-08-26 09:14:29.370,3001.4,3000.52,2.311,24,2.7737,SUCCESS,0.0293,NORMAL
FIL-004978,ORD-004978,2026-08-26 09:14:29.605,140.16,140.22,1.537,43,0.0862,SUCCESS,0.0442,NORMAL
FIL-004979,ORD-004979,2026-08-26 09:14:29.875,140.18,140.23,0.973,27,0.0546,SUCCESS,0.034,NORMAL
FIL-004980,ORD-004980,2026-08-26 09:14:30.072,3002.92,3003.22,0.655,8,0.7868,SUCCESS,0.0101,NORMAL
FIL-004981,ORD-004981,2026-08-26 09:14:30.293,2999.2,2999.55,1.874,13,2.2485,SUCCESS,0.0117,NORMAL
FIL-004982,ORD-004982,2026-08-26 09:14:30.463,140.01,140.01,0.519,16,0.0291,SUCCESS,0.0029,NORMAL
FIL-004983,ORD-004983,2026-08-26 09:14:30.724,140.17,140.23,2.085,26,0.117,SUCCESS,0.0406,NORMAL
FIL-004984,ORD-004984,2026-08-26 09:14:30.833,140.14,140.21,2.342,9,0.1313,SUCCESS,0.0521,NORMAL
FIL-004985,ORD-004985,2026-08-26 09:14:30.895,3001.99,3001.68,1.73,15,2.0772,SUCCESS,0.0102,NORMAL
FIL-004986,ORD-004986,2026-08-26 09:14:31.020,60007.9,60008.2,0.529,47,12.6977,SUCCESS,0.0005,NORMAL
FIL-004987,ORD-004987,2026-08-26 09:14:31.252,3001.98,3001.94,0.998,11,1.1984,SUCCESS,0.0012,NORMAL
FIL-004988,ORD-004988,2026-08-26 09:14:31.536,3005.28,3005.97,0.208,9,0.2501,SUCCESS,0.0228,NORMAL
FIL-004989,ORD-004989,2026-08-26 09:14:31.610,60024.32,60023.36,0.417,49,10.0119,SUCCESS,0.0016,NORMAL
FIL-004990,ORD-004990,2026-08-26 09:14:31.796,60122.09,60119.93,0.956,9,22.9899,SUCCESS,0.0036,NORMAL
FIL-004991,ORD-004991,2026-08-26 09:14:32.024,2998.32,2998.34,0.74,11,0.8875,SUCCESS,0.0008,NORMAL
FIL-004992,ORD-004992,2026-08-26 09:14:32.246,59962.66,59961.4,2.063,20,49.4801,SUCCESS,0.0021,NORMAL
FIL-004993,ORD-004993,2026-08-26 09:14:32.336,2993.44,2993.22,1.525,6,1.8259,SUCCESS,0.0075,NORMAL
FIL-004994,ORD-004994,2026-08-26 09:14:32.591,2999.07,2998.71,0.658,14,0.7893,SUCCESS,0.0121,NORMAL
FIL-004995,ORD-004995,2026-08-26 09:14:32.704,59985.32,59984.24,0.319,15,7.654,SUCCESS,0.0018,NORMAL
FIL-004996,ORD-004996,2026-08-26 09:14:32.940,140.22,140.2,1.883,10,0.1056,SUCCESS,0.0111,NORMAL
FIL-004997,ORD-004997,2026-08-26 09:14:33.007,139.86,139.8,1.929,13,0.1079,SUCCESS,0.0437,NORMAL
FIL-004998,ORD-004998,2026-08-26 09:14:33.137,139.96,139.96,2.16,26,0.1209,SUCCESS,0.0021,NORMAL
FIL-004999,ORD-004999,2026-08-26 09:14:33.391,3000.98,3000.54,1.042,16,1.2506,SUCCESS,0.0147,NORMAL
FIL-005000,ORD-005000,2026-08-26 09:14:33.512,59975.65,59988.48,0.416,10,9.9821,SUCCESS,0.0214,NORMAL
