timestamp,symbol,best_bid,best_ask,bid_depth,ask_depth
2026-08-26 09:00:00.238,SOLUSDT,140.06,140.08,5.5002,10.5006
2026-08-26 09:00:00.347,BTCUSDT,59927.3,59939.28,16.8099,5.6357
2026-08-26 09:00:00.504,SOLUSDT,140.21,140.23,16.2249,19.3204
2026-08-26 09:00:00.760,BTCUSDT,59959.15,59971.15,16.7853,21.1886
2026-08-26 09:00:00.896,BTCUSDT,60008.52,60020.52,11.805,8.1096
2026-08-26 09:00:01.013,BTCUSDT,60042.99,60054.99,12.5985,12.1796
2026-08-26 09:00:01.204,BTCUSDT,59939.53,59951.51,15.7246,24.4623
2026-08-26 09:00:01.312,ETHUSDT,2997.81,2998.41,16.547,19.0914
2026-08-26 09:00:01.478,ETHUSDT,2998.07,2998.67,22.1064,22.3297
2026-08-26 09:00:01.707,SOLUSDT,139.91,139.93,8.2531,12.1054
2026-08-26 09:00:01.798,SOLUSDT,139.91,139.93,17.1826,8.4228
2026-08-26 09:00:01.904,ETHUSDT,2998.1,2998.7,10.399,23.5078
2026-08-26 09:00:01.962,SOLUSDT,140.11,140.13,21.857,20.52
2026-08-26 09:00:02.236,ETHUSDT,3008.03,3008.63,10.3548,9.2197
2026-08-26 09:00:02.450,SOLUSDT,140.09,140.11,9.2525,14.9846
2026-08-26 09:00:02.567,ETHUSDT,2996.67,2997.27,10.2976,9.9326
2026-08-26 09:00:02.652,SOLUSDT,139.93,139.95,22.9565,12.988
2026-08-26 09:00:02.862,SOLUSDT,139.83,139.85,6.8182,5.9423
2026-08-26 09:00:03.031,BTCUSDT,59953.38,59965.38,16.9282,12.6953
2026-08-26 09:00:03.265,SOLUSDT,140.07,140.09,24.4216,22.2156
2026-08-26 09:00:03.355,BTCUSDT,59943.66,59955.64,20.372,11.8035
2026-08-26 09:00:03.533,ETHUSDT,2995.18,2995.78,24.0763,22.5171
2026-08-26 09:00:03.738,BTCUSDT,59927.63,59939.61,22.4104,10.9689
2026-08-26 09:00:04.024,BTCUSDT,60044.08,60056.1,12.4783,8.231
2026-08-26 09:00:04.166,SOLUSDT,140.04,140.06,16.9789,14.7721
2026-08-26 09:00:04.237,ETHUSDT,3004.19,3004.79,6.1585,22.5602
2026-08-26 09:00:04.319,SOLUSDT,139.62,139.64,21.3205,24.5597
2026-08-26 09:00:04.524,BTCUSDT,59908.88,59920.86,23.937,8.3025
2026-08-26 09:00:04.756,ETHUSDT,2999.04,2999.64,23.5783,20.1053
2026-08-26 09:00:04.938,ETHUSDT,2997.33,2997.93,24.903,17.9976
2026-08-26 09:00:05.129,ETHUSDT,2997.27,2997.87,9.9581,6.2805
2026-08-26 09:00:05.196,BTCUSDT,60024.09,60036.09,5.1438,19.1568
2026-08-26 09:00:05.300,BTCUSDT,59962.21,59974.21,6.4171,9.7601
2026-08-26 09:00:05.412,SOLUSDT,140.18,140.2,19.4671,22.6477
2026-08-26 09:00:05.570,ETHUSDT,2997.59,2998.19,8.8082,6.9386
2026-08-26 09:00:05.785,ETHUSDT,3003.52,3004.12,22.2767,6.0834
2026-08-26 09:00:05.898,BTCUSDT,59994.31,60006.31,13.0524,11.7861
2026-08-26 09:00:06.066,BTCUSDT,59970.27,59982.27,15.7257,7.8036
2026-08-26 09:00:06.128,BTCUSDT,59984.32,59996.32,13.8626,22.227
2026-08-26 09:00:06.220,SOLUSDT,139.86,139.88,24.3799,23.5273
2026-08-26 09:00:06.312,ETHUSDT,2993.94,2994.54,14.6272,22.293
2026-08-26 09:00:06.478,ETHUSDT,3000.01,3000.61,24.7062,10.3041
2026-08-26 09:00:06.697,ETHUSDT,2999.12,2999.72,18.9318,19.6101
2026-08-26 09:00:06.895,SOLUSDT,140.04,140.06,8.0959,10.9342
2026-08-26 09:00:07.073,SOLUSDT,140.15,140.17,19.9595,6.1433
2026-08-26 09:00:07.140,SOLUSDT,139.88,139.9,6.1376,15.1566
2026-08-26 09:00:07.417,SOLUSDT,140.07,140.09,18.5043,9.7041
2026-08-26 09:00:07.635,SOLUSDT,139.92,139.94,16.5784,5.7948
2026-08-26 09:00:07.746,SOLUSDT,140.0,140.02,23.6941,9.0852
2026-08-26 09:00:08.033,ETHUSDT,2999.73,3000.33,7.6176,17.91
2026-08-26 09:00:08.101,BTCUSDT,59930.27,59942.25,14.1657,24.9691
2026-08-26 09:00:08.168,SOLUSDT,140.08,140.1,15.1177,7.6491
2026-08-26 09:00:08.295,BTCUSDT,59947.0,59959.0,10.6997,13.7637
2026-08-26 09:00:08.371,SOLUSDT,139.94,139.96,18.3573,16.092
2026-08-26 09:00:08.490,BTCUSDT,60007.65,60019.65,7.3086,7.1407
2026-08-26 09:00:08.607,ETHUSDT,2998.73,2999.33,19.3522,9.0719
2026-08-26 09:00:08.819,SOLUSDT,140.03,140.05,10.0224,23.1632
2026-08-26 09:00:09.119,ETHUSDT,3003.6,3004.2,5.8817,11.6711
2026-08-26 09:00:09.171,ETHUSDT,3000.45,3001.05,19.8246,16.0336
2026-08-26 09:00:09.230,BTCUSDT,60007.58,60019.58,23.901,18.8204
2026-08-26 09:00:09.518,ETHUSDT,3000.58,3001.18,13.5957,5.8366
2026-08-26 09:00:09.767,BTCUSDT,60004.49,60016.49,9.2015,9.9906
2026-08-26 09:00:09.877,SOLUSDT,139.82,139.84,24.4767,19.9896
2026-08-26 09:00:10.012,BTCUSDT,59948.93,59960.93,22.6283,5.4957
2026-08-26 09:00:10.285,ETHUSDT,3002.59,3003.19,10.3361,20.7475
2026-08-26 09:00:10.413,BTCUSDT,59941.95,59953.93,9.4487,21.3317
2026-08-26 09:00:10.684,BTCUSDT,59940.64,59952.62,5.4733,8.8626
2026-08-26 09:00:10.949,BTCUSDT,60046.71,60058.73,12.0229,15.1881
2026-08-26 09:00:11.044,SOLUSDT,139.99,140.01,23.7847,7.3068
2026-08-26 09:00:11.295,SOLUSDT,139.79,139.81,5.7651,16.9314
2026-08-26 09:00:11.492,ETHUSDT,2996.49,2997.09,17.1242,15.2285
2026-08-26 09:00:11.748,BTCUSDT,59986.55,59998.55,5.8877,13.7212
2026-08-26 09:00:11.882,SOLUSDT,139.87,139.89,12.2844,6.3995
2026-08-26 09:00:12.061,SOLUSDT,139.86,139.88,18.2677,7.4925
2026-08-26 09:00:12.160,ETHUSDT,3000.22,3000.82,11.5237,18.9442
2026-08-26 09:00:12.287,ETHUSDT,3000.39,3000.99,18.5464,23.0561
2026-08-26 09:00:12.492,ETHUSDT,2999.87,3000.47,11.0775,9.2037
2026-08-26 09:00:12.663,SOLUSDT,140.11,140.13,14.2998,13.8432
2026-08-26 09:00:12.871,SOLUSDT,139.8,139.82,18.177,10.6757
2026-08-26 09:00:12.978,ETHUSDT,3000.61,3001.21,21.3685,20.0228
2026-08-26 09:00:13.245,BTCUSDT,60024.9,60036.9,5.4885,9.8969
2026-08-26 09:00:13.473,BTCUSDT,60073.84,60085.86,13.2888,17.5953
2026-08-26 09:00:13.751,ETHUSDT,2998.75,2999.35,12.9931,7.9514
2026-08-26 09:00:13.919,BTCUSDT,60003.9,60015.9,9.3768,21.0822
2026-08-26 09:00:14.087,BTCUSDT,60132.87,60144.89,23.3494,7.4272
2026-08-26 09:00:14.321,SOLUSDT,139.93,139.95,24.0008,22.8285
2026-08-26 09:00:14.561,SOLUSDT,139.92,139.94,21.6114,15.9574
2026-08-26 09:00:14.807,ETHUSDT,3004.38,3004.98,10.1838,9.9448
2026-08-26 09:00:14.930,SOLUSDT,139.89,139.91,17.535,10.4919
2026-08-26 09:00:15.018,BTCUSDT,60137.33,60149.35,11.717,22.8605
2026-08-26 09:00:15.172,BTCUSDT,59872.5,59884.48,18.879,19.1284
2026-08-26 09:00:15.453,ETHUSDT,2998.37,2998.97,13.3155,9.1367
2026-08-26 09:00:15.504,SOLUSDT,140.06,140.08,22.1346,20.3119
2026-08-26 09:00:15.661,ETHUSDT,2998.7,2999.3,20.0695,22.069
2026-08-26 09:00:15.810,SOLUSDT,140.24,140.26,14.7646,10.4587
2026-08-26 09:00:16.019,ETHUSDT,3000.83,3001.43,19.4836,21.8101
2026-08-26 09:00:16.090,SOLUSDT,139.78,139.8,23.1386,16.8379
2026-08-26 09:00:16.237,SOLUSDT,139.96,139.98,7.714,14.234
2026-08-26 09:00:16.358,ETHUSDT,2989.98,2990.58,14.094,11.75
2026-08-26 09:00:16.465,ETHUSDT,2993.72,2994.32,0.434,0.2881
2026-08-26 09:00:16.520,SOLUSDT,139.81,139.83,0.4125,0.3607
2026-08-26 09:00:16.635,SOLUSDT,139.97,139.99,0.1954,0.2894
2026-08-26 09:00:16.764,ETHUSDT,2998.3,2998.9,0.3424,0.4855
2026-08-26 09:00:16.864,BTCUSDT,60018.3,60030.3,0.4716,0.3303
2026-08-26 09:00:17.058,BTCUSDT,60048.57,60060.59,0.1408,0.409
2026-08-26 09:00:17.215,BTCUSDT,59981.85,59993.85,0.3131,0.3646
2026-08-26 09:00:17.310,ETHUSDT,2999.88,3000.48,0.2734,0.2449
2026-08-26 09:00:17.511,SOLUSDT,139.72,139.74,0.3464,0.4678
2026-08-26 09:00:17.679,ETHUSDT,3003.54,3004.14,0.4407,0.4323
2026-08-26 09:00:17.795,SOLUSDT,140.09,140.11,0.2346,0.2977
2026-08-26 09:00:17.847,ETHUSDT,2999.91,3000.51,22.6064,19.0237
2026-08-26 09:00:18.091,SOLUSDT,140.02,140.04,6.7123,19.4015
2026-08-26 09:00:18.164,BTCUSDT,60044.97,60056.99,17.9181,14.8164
2026-08-26 09:00:18.308,ETHUSDT,3004.06,3004.66,13.088,9.8661
2026-08-26 09:00:18.537,ETHUSDT,3001.59,3002.19,13.5101,19.9187
2026-08-26 09:00:18.667,ETHUSDT,2997.57,2998.17,11.1325,9.6108
2026-08-26 09:00:18.867,BTCUSDT,60001.04,60013.04,8.8308,19.7721
2026-08-26 09:00:19.009,SOLUSDT,140.15,140.17,24.6102,21.6526
2026-08-26 09:00:19.308,BTCUSDT,60059.92,60071.94,5.283,15.6827
2026-08-26 09:00:19.483,BTCUSDT,60009.7,60021.7,18.9483,7.5256
2026-08-26 09:00:19.580,BTCUSDT,59995.26,60007.26,16.4813,14.3879
2026-08-26 09:00:19.732,BTCUSDT,60045.23,60057.25,23.8213,14.5546
2026-08-26 09:00:19.989,ETHUSDT,2999.31,2999.91,16.5404,18.729
2026-08-26 09:00:20.145,SOLUSDT,140.14,140.16,6.7036,9.9638
2026-08-26 09:00:20.271,SOLUSDT,139.82,139.84,20.5139,12.6076
2026-08-26 09:00:20.510,SOLUSDT,140.08,140.1,11.1076,17.4205
2026-08-26 09:00:20.621,BTCUSDT,59940.17,59952.15,17.5103,10.2929
2026-08-26 09:00:20.791,BTCUSDT,60100.22,60112.24,8.1307,13.1704
2026-08-26 09:00:20.957,ETHUSDT,2998.74,2999.34,9.6295,19.1391
2026-08-26 09:00:21.176,BTCUSDT,60075.46,60087.48,23.4782,20.7566
2026-08-26 09:00:21.294,BTCUSDT,59963.58,59975.58,7.2955,9.4962
2026-08-26 09:00:21.555,BTCUSDT,60046.34,60058.36,6.1928,20.8526
2026-08-26 09:00:21.708,SOLUSDT,139.79,139.81,13.7831,14.374
2026-08-26 09:00:21.946,ETHUSDT,3003.78,3004.38,13.7552,16.9607
2026-08-26 09:00:22.216,ETHUSDT,3004.13,3004.73,5.5173,9.5785
2026-08-26 09:00:22.276,SOLUSDT,139.99,140.01,24.9914,18.4456
2026-08-26 09:00:22.475,BTCUSDT,59944.37,59956.37,15.3793,13.8446
2026-08-26 09:00:22.607,ETHUSDT,2999.97,3000.57,24.3811,14.4002
2026-08-26 09:00:22.730,SOLUSDT,139.93,139.95,22.1547,11.5961
2026-08-26 09:00:22.860,SOLUSDT,140.13,140.15,21.2713,16.0019
2026-08-26 09:00:23.121,ETHUSDT,2997.38,2997.98,7.3184,20.451
2026-08-26 09:00:23.364,BTCUSDT,60018.37,60030.37,13.265,8.7517
2026-08-26 09:00:23.651,ETHUSDT,2997.4,2998.0,20.1998,9.0712
2026-08-26 09:00:23.862,ETHUSDT,3002.63,3003.23,22.6169,14.6942
2026-08-26 09:00:24.016,SOLUSDT,139.91,139.93,19.1957,11.215
2026-08-26 09:00:24.096,BTCUSDT,59885.4,59897.38,24.8451,23.2586
2026-08-26 09:00:24.215,SOLUSDT,140.25,140.27,14.9675,19.3321
2026-08-26 09:00:24.363,ETHUSDT,3002.61,3003.21,24.6049,9.8746
2026-08-26 09:00:24.519,BTCUSDT,60103.88,60115.9,22.2805,10.5249
2026-08-26 09:00:24.719,ETHUSDT,2998.85,2999.45,21.411,10.6568
2026-08-26 09:00:24.854,SOLUSDT,140.18,140.2,22.3052,13.9309
2026-08-26 09:00:25.082,SOLUSDT,140.03,140.05,14.1069,11.4355
2026-08-26 09:00:25.322,BTCUSDT,59958.04,59970.04,9.6712,20.5109
2026-08-26 09:00:25.410,ETHUSDT,3000.61,3001.21,12.7216,18.2738
2026-08-26 09:00:25.485,ETHUSDT,2999.84,3000.44,7.5249,24.3071
2026-08-26 09:00:25.639,ETHUSDT,2994.9,2995.5,15.519,14.1386
2026-08-26 09:00:25.848,SOLUSDT,140.06,140.08,6.4966,20.6305
2026-08-26 09:00:26.117,SOLUSDT,140.21,140.23,17.9967,22.0353
2026-08-26 09:00:26.291,SOLUSDT,139.89,139.91,24.0828,17.536
2026-08-26 09:00:26.414,SOLUSDT,140.21,140.23,17.3492,9.6954
2026-08-26 09:00:26.687,BTCUSDT,60099.31,60111.33,13.6794,6.9689
2026-08-26 09:00:26.820,BTCUSDT,59977.85,59989.85,8.3273,10.9893
2026-08-26 09:00:26.975,BTCUSDT,60076.11,60088.13,12.1693,13.6137
2026-08-26 09:00:27.183,SOLUSDT,139.94,139.96,8.3997,6.5794
2026-08-26 09:00:27.396,SOLUSDT,139.74,139.76,14.9533,16.6631
2026-08-26 09:00:27.676,ETHUSDT,2999.29,2999.89,10.1065,5.1879
2026-08-26 09:00:27.802,ETHUSDT,2999.92,3000.52,6.4772,23.9047
2026-08-26 09:00:27.950,SOLUSDT,140.04,140.06,18.8063,14.1367
2026-08-26 09:00:28.179,ETHUSDT,2999.53,3000.13,9.7441,16.4385
2026-08-26 09:00:28.373,ETHUSDT,3000.91,3001.51,24.5589,18.1646
2026-08-26 09:00:28.654,SOLUSDT,140.08,140.1,23.2123,19.9034
2026-08-26 09:00:28.862,ETHUSDT,3001.16,3001.76,17.1413,12.0464
2026-08-26 09:00:28.991,ETHUSDT,3002.57,3003.17,17.565,23.0681
2026-08-26 09:00:29.116,ETHUSDT,2998.27,2998.87,16.5915,19.6472
2026-08-26 09:00:29.414,ETHUSDT,2997.32,2997.92,8.5128,7.6432
2026-08-26 09:00:29.587,ETHUSDT,2999.13,2999.73,21.6095,10.1394
2026-08-26 09:00:29.830,ETHUSDT,2999.81,3000.41,21.0847,14.3666
2026-08-26 09:00:30.082,BTCUSDT,60066.27,60078.29,24.3454,21.0918
2026-08-26 09:00:30.323,ETHUSDT,2999.04,2999.64,10.2892,7.4718
2026-08-26 09:00:30.400,SOLUSDT,140.07,140.09,16.6912,21.4483
2026-08-26 09:00:30.533,SOLUSDT,139.67,139.69,14.4295,17.3909
2026-08-26 09:00:30.762,SOLUSDT,139.68,139.7,17.953,17.7081
2026-08-26 09:00:30.938,ETHUSDT,3000.63,3001.23,7.3335,5.9069
2026-08-26 09:00:31.082,BTCUSDT,59998.77,60010.77,9.696,15.7509
2026-08-26 09:00:31.299,SOLUSDT,140.02,140.04,16.7468,19.532
2026-08-26 09:00:31.525,BTCUSDT,59991.13,60003.13,17.313,23.7811
2026-08-26 09:00:31.600,ETHUSDT,2996.46,2997.06,13.8677,24.0111
2026-08-26 09:00:31.751,SOLUSDT,140.12,140.14,15.8893,24.5569
2026-08-26 09:00:31.824,ETHUSDT,3004.14,3004.74,24.3641,23.9802
2026-08-26 09:00:32.075,SOLUSDT,140.13,140.15,17.8341,16.9429
2026-08-26 09:00:32.337,ETHUSDT,2999.13,2999.73,24.7764,20.7396
2026-08-26 09:00:32.585,SOLUSDT,139.81,139.83,16.7277,21.2611
2026-08-26 09:00:32.773,BTCUSDT,60027.78,60039.78,10.5455,24.6806
2026-08-26 09:00:32.914,ETHUSDT,2997.82,2998.42,7.1985,22.329
2026-08-26 09:00:33.071,BTCUSDT,59942.17,59954.15,5.3156,10.3074
2026-08-26 09:00:33.252,SOLUSDT,140.09,140.11,19.9133,14.5249
2026-08-26 09:00:33.488,SOLUSDT,139.86,139.88,14.0401,9.431
2026-08-26 09:00:33.660,SOLUSDT,140.03,140.05,14.1609,24.2805
2026-08-26 09:00:33.728,ETHUSDT,2996.77,2997.37,18.7219,14.8054
2026-08-26 09:00:33.940,BTCUSDT,60091.17,60103.19,17.1659,6.3136
2026-08-26 09:00:34.119,SOLUSDT,140.07,140.09,12.6181,16.9478
2026-08-26 09:00:34.335,SOLUSDT,139.61,139.63,6.9836,19.0356
2026-08-26 09:00:34.596,SOLUSDT,139.86,139.88,13.6014,22.7618
2026-08-26 09:00:34.816,ETHUSDT,3000.5,3001.1,13.3198,6.9017
2026-08-26 09:00:34.889,ETHUSDT,2999.84,3000.44,24.0719,18.7364
2026-08-26 09:00:34.972,BTCUSDT,60039.62,60051.62,13.6375,19.8918
2026-08-26 09:00:35.053,SOLUSDT,140.19,140.21,16.7293,16.2317
2026-08-26 09:00:35.337,ETHUSDT,2996.6,2997.2,22.4721,23.8226
2026-08-26 09:00:35.534,SOLUSDT,139.91,139.93,24.368,17.0082
2026-08-26 09:00:35.673,SOLUSDT,140.21,140.23,8.0946,14.6438
2026-08-26 09:00:35.832,SOLUSDT,139.93,139.95,7.2977,10.5714
2026-08-26 09:00:35.889,SOLUSDT,139.95,139.97,17.1799,18.1566
2026-08-26 09:00:35.940,BTCUSDT,60118.51,60130.53,19.054,11.1797
2026-08-26 09:00:36.152,BTCUSDT,60050.85,60062.87,16.3264,13.0157
2026-08-26 09:00:36.289,BTCUSDT,59933.52,59945.5,19.9222,9.3027
2026-08-26 09:00:36.491,BTCUSDT,59943.4,59955.38,11.2327,11.4877
2026-08-26 09:00:36.561,BTCUSDT,59980.85,59992.85,8.1116,20.0887
2026-08-26 09:00:36.680,ETHUSDT,2999.99,3000.59,18.2388,14.7132
2026-08-26 09:00:36.881,BTCUSDT,60062.62,60074.64,11.9035,7.2178
2026-08-26 09:00:36.985,ETHUSDT,3003.44,3004.04,0.1182,0.2581
2026-08-26 09:00:37.171,BTCUSDT,60004.91,60016.91,0.2158,0.148
2026-08-26 09:00:37.231,SOLUSDT,140.02,140.04,0.3001,0.4333
2026-08-26 09:00:37.444,ETHUSDT,3002.19,3002.79,0.2839,0.1311
2026-08-26 09:00:37.706,ETHUSDT,2997.13,2997.73,0.1461,0.1083
2026-08-26 09:00:37.857,SOLUSDT,140.06,140.08,0.1353,0.4378
2026-08-26 09:00:37.956,ETHUSDT,3000.7,3001.3,0.1886,0.4116
2026-08-26 09:00:38.056,ETHUSDT,2998.89,2999.49,0.391,0.4276
2026-08-26 09:00:38.299,BTCUSDT,59935.28,59947.26,0.4041,0.3622
2026-08-26 09:00:38.597,SOLUSDT,140.1,140.12,0.3725,0.4528
2026-08-26 09:00:38.661,SOLUSDT,139.86,139.88,0.1604,0.1273
2026-08-26 09:00:38.923,ETHUSDT,3000.94,3001.54,11.2082,14.0383
2026-08-26 09:00:39.125,ETHUSDT,2996.52,2997.12,17.8933,24.5474
2026-08-26 09:00:39.404,SOLUSDT,139.74,139.76,14.2542,16.0863
2026-08-26 09:00:39.608,BTCUSDT,60004.83,60016.83,23.181,16.4331
2026-08-26 09:00:39.872,ETHUSDT,3000.03,3000.63,24.1544,14.0105
2026-08-26 09:00:40.034,ETHUSDT,3000.35,3000.95,15.091,8.4512
2026-08-26 09:00:40.282,ETHUSDT,3005.35,3005.95,12.278,23.3587
2026-08-26 09:00:40.356,ETHUSDT,3000.25,3000.85,20.7845,17.9461
2026-08-26 09:00:40.638,SOLUSDT,139.85,139.87,10.6829,19.4747
2026-08-26 09:00:40.777,SOLUSDT,140.35,140.37,11.6672,16.6548
2026-08-26 09:00:40.970,ETHUSDT,2999.23,2999.83,7.579,19.1767
2026-08-26 09:00:41.209,ETHUSDT,3002.26,3002.86,21.2637,18.4023
2026-08-26 09:00:41.351,SOLUSDT,139.81,139.83,17.9205,13.4681
2026-08-26 09:00:41.450,ETHUSDT,2995.19,2995.79,24.0234,11.8346
2026-08-26 09:00:41.629,BTCUSDT,59979.26,59991.26,8.0989,10.9158
2026-08-26 09:00:41.831,SOLUSDT,140.1,140.12,18.2386,22.5279
2026-08-26 09:00:42.088,ETHUSDT,3005.25,3005.85,8.2449,21.6269
2026-08-26 09:00:42.386,BTCUSDT,59932.98,59944.96,5.8738,12.286
2026-08-26 09:00:42.497,ETHUSDT,2998.89,2999.49,20.0478,20.676
2026-08-26 09:00:42.693,ETHUSDT,2999.7,3000.3,23.0795,8.8803
2026-08-26 09:00:42.850,ETHUSDT,2999.74,3000.34,20.3888,20.5625
2026-08-26 09:00:43.064,BTCUSDT,59987.11,59999.11,21.0252,7.768
2026-08-26 09:00:43.331,ETHUSDT,2999.6,3000.2,16.0908,7.0518
2026-08-26 09:00:43.512,BTCUSDT,60077.3,60089.32,6.6775,8.2062
2026-08-26 09:00:43.788,BTCUSDT,60068.76,60080.78,6.8343,23.2101
2026-08-26 09:00:43.936,ETHUSDT,3000.57,3001.17,13.2979,12.9291
2026-08-26 09:00:44.168,BTCUSDT,59909.56,59921.54,9.4908,11.3737
2026-08-26 09:00:44.430,SOLUSDT,139.94,139.96,20.8276,7.752
2026-08-26 09:00:44.711,ETHUSDT,3002.51,3003.11,20.1768,14.3822
2026-08-26 09:00:44.947,BTCUSDT,59951.73,59963.73,10.1185,21.6993
2026-08-26 09:00:45.009,SOLUSDT,139.92,139.94,7.2237,10.762
2026-08-26 09:00:45.273,BTCUSDT,59972.96,59984.96,17.779,17.4562
2026-08-26 09:00:45.397,ETHUSDT,3001.83,3002.43,17.6391,16.5009
2026-08-26 09:00:45.617,ETHUSDT,3004.64,3005.24,17.2962,9.8113
2026-08-26 09:00:45.806,SOLUSDT,140.07,140.09,15.4697,12.2121
2026-08-26 09:00:45.951,SOLUSDT,139.76,139.78,12.8091,14.4027
2026-08-26 09:00:46.169,ETHUSDT,2998.13,2998.73,12.1419,6.3512
2026-08-26 09:00:46.230,SOLUSDT,140.17,140.19,20.43,19.7037
2026-08-26 09:00:46.398,ETHUSDT,2995.86,2996.46,21.2702,8.5018
2026-08-26 09:00:46.646,SOLUSDT,139.74,139.76,17.6347,21.23
2026-08-26 09:00:46.706,ETHUSDT,2998.07,2998.67,10.8689,5.8761
2026-08-26 09:00:46.820,ETHUSDT,3002.62,3003.22,15.3077,24.7825
2026-08-26 09:00:47.037,BTCUSDT,59972.18,59984.18,10.7222,22.2428
2026-08-26 09:00:47.277,ETHUSDT,3006.17,3006.77,7.4895,12.3604
2026-08-26 09:00:47.421,ETHUSDT,3000.21,3000.81,11.7807,8.7363
2026-08-26 09:00:47.625,SOLUSDT,139.81,139.83,21.023,19.5416
2026-08-26 09:00:47.753,BTCUSDT,60005.75,60017.75,11.4242,6.6014
2026-08-26 09:00:47.989,ETHUSDT,3005.72,3006.32,8.3329,13.8782
2026-08-26 09:00:48.058,ETHUSDT,3000.47,3001.07,10.4911,24.6005
2026-08-26 09:00:48.351,SOLUSDT,139.85,139.87,12.2662,21.0219
2026-08-26 09:00:48.433,BTCUSDT,59883.56,59895.54,21.9734,18.5618
2026-08-26 09:00:48.628,BTCUSDT,59973.12,59985.12,20.5703,12.3266
2026-08-26 09:00:48.873,BTCUSDT,59957.31,59969.31,18.5812,23.9765
2026-08-26 09:00:48.986,BTCUSDT,60074.47,60086.49,15.5892,12.9607
2026-08-26 09:00:49.179,BTCUSDT,59937.05,59949.03,19.7135,14.9809
2026-08-26 09:00:49.385,BTCUSDT,59999.72,60011.72,20.4993,19.0808
2026-08-26 09:00:49.479,ETHUSDT,2997.97,2998.57,9.0036,7.7146
2026-08-26 09:00:49.610,SOLUSDT,139.75,139.77,24.9452,21.2103
2026-08-26 09:00:49.736,SOLUSDT,139.99,140.01,19.1908,15.9999
2026-08-26 09:00:49.837,BTCUSDT,59900.53,59912.51,20.8739,15.1751
2026-08-26 09:00:49.981,BTCUSDT,60031.94,60043.94,20.8075,5.5257
2026-08-26 09:00:50.214,ETHUSDT,2994.41,2995.01,17.239,6.7243
2026-08-26 09:00:50.282,SOLUSDT,139.98,140.0,15.5139,20.3833
2026-08-26 09:00:50.420,BTCUSDT,60057.86,60069.88,17.8468,13.9995
2026-08-26 09:00:50.692,BTCUSDT,60027.59,60039.59,20.3556,7.5807
2026-08-26 09:00:50.981,BTCUSDT,59966.78,59978.78,15.362,11.0825
2026-08-26 09:00:51.247,SOLUSDT,140.05,140.07,11.9205,23.8181
2026-08-26 09:00:51.457,BTCUSDT,60043.11,60055.11,8.926,24.127
2026-08-26 09:00:51.546,ETHUSDT,2996.46,2997.06,15.0515,8.3727
2026-08-26 09:00:51.603,BTCUSDT,60061.73,60073.75,21.8506,16.2724
2026-08-26 09:00:51.706,BTCUSDT,60050.29,60062.31,23.9709,20.4204
2026-08-26 09:00:51.895,SOLUSDT,139.79,139.81,17.3622,5.6057
2026-08-26 09:00:52.021,ETHUSDT,3000.37,3000.97,14.6589,21.0938
2026-08-26 09:00:52.189,ETHUSDT,2998.92,2999.52,18.7723,8.1616
2026-08-26 09:00:52.426,BTCUSDT,60080.81,60092.83,17.1332,11.2516
2026-08-26 09:00:52.557,ETHUSDT,3002.3,3002.9,7.6153,12.4108
2026-08-26 09:00:52.619,BTCUSDT,59998.94,60010.94,7.4504,13.9919
2026-08-26 09:00:52.899,ETHUSDT,3003.37,3003.97,22.2833,13.3627
2026-08-26 09:00:52.989,BTCUSDT,60131.92,60143.94,23.675,19.4226
2026-08-26 09:00:53.280,ETHUSDT,2994.65,2995.25,14.9752,11.1708
2026-08-26 09:00:53.342,ETHUSDT,2998.44,2999.04,24.3337,9.3029
2026-08-26 09:00:53.465,ETHUSDT,2996.68,2997.28,16.9504,21.857
2026-08-26 09:00:53.701,SOLUSDT,139.99,140.01,21.9434,13.6186
2026-08-26 09:00:53.800,ETHUSDT,2996.49,2997.09,12.3187,13.0116
2026-08-26 09:00:53.921,ETHUSDT,3002.65,3003.25,6.4706,15.0851
2026-08-26 09:00:54.057,SOLUSDT,140.31,140.33,7.5733,6.9336
2026-08-26 09:00:54.235,SOLUSDT,140.01,140.03,20.0993,8.9812
2026-08-26 09:00:54.417,BTCUSDT,59899.81,59911.79,5.7783,19.2718
2026-08-26 09:00:54.623,ETHUSDT,2997.83,2998.43,17.1252,15.3101
2026-08-26 09:00:54.824,ETHUSDT,2998.21,2998.81,12.8591,17.33
2026-08-26 09:00:54.968,ETHUSDT,3003.96,3004.56,19.1748,10.9958
2026-08-26 09:00:55.203,ETHUSDT,3000.73,3001.33,24.598,16.674
2026-08-26 09:00:55.501,SOLUSDT,140.02,140.04,16.9382,10.3106
2026-08-26 09:00:55.712,SOLUSDT,139.87,139.89,19.428,16.6705
2026-08-26 09:00:56.004,SOLUSDT,139.9,139.92,7.9555,18.6145
2026-08-26 09:00:56.159,SOLUSDT,140.07,140.09,8.8157,13.8208
2026-08-26 09:00:56.432,SOLUSDT,139.97,139.99,13.2075,20.4994
2026-08-26 09:00:56.651,SOLUSDT,140.11,140.13,19.1155,15.3737
2026-08-26 09:00:56.788,ETHUSDT,2998.15,2998.75,11.2751,8.4636
2026-08-26 09:00:57.043,SOLUSDT,139.5,139.52,18.5174,22.3531
2026-08-26 09:00:57.235,SOLUSDT,139.92,139.94,17.2015,8.8453
2026-08-26 09:00:57.465,ETHUSDT,2994.78,2995.38,23.8297,24.6452
2026-08-26 09:00:57.718,BTCUSDT,60029.44,60041.44,11.3408,11.9761
2026-08-26 09:00:57.997,SOLUSDT,140.05,140.07,10.7558,16.4695
2026-08-26 09:00:58.120,ETHUSDT,3002.9,3003.5,24.0922,21.0923
2026-08-26 09:00:58.292,SOLUSDT,139.9,139.92,11.9273,13.8475
2026-08-26 09:00:58.411,BTCUSDT,59983.97,59995.97,21.559,10.4227
2026-08-26 09:00:58.632,BTCUSDT,59952.63,59964.63,17.3135,16.7366
2026-08-26 09:00:58.865,SOLUSDT,139.99,140.01,17.7589,6.0498
2026-08-26 09:00:59.082,ETHUSDT,3002.15,3002.75,0.3725,0.155
2026-08-26 09:00:59.328,ETHUSDT,2995.23,2995.83,0.3602,0.4024
2026-08-26 09:00:59.603,BTCUSDT,60039.2,60051.2,0.3141,0.3892
2026-08-26 09:00:59.890,BTCUSDT,59913.0,59924.98,0.4989,0.2588
2026-08-26 09:01:00.104,ETHUSDT,3000.5,3001.1,0.1037,0.3272
2026-08-26 09:01:00.238,SOLUSDT,139.93,139.95,0.4557,0.1537
2026-08-26 09:01:00.460,BTCUSDT,60066.53,60078.55,0.3593,0.3874
2026-08-26 09:01:00.612,BTCUSDT,59907.52,59919.5,0.3444,0.3555
2026-08-26 09:01:00.722,SOLUSDT,140.01,140.03,0.1739,0.1562
2026-08-26 09:01:00.949,ETHUSDT,3000.93,3001.53,0.4816,0.2208
2026-08-26 09:01:01.226,BTCUSDT,59972.22,59984.22,0.3671,0.2862
2026-08-26 09:01:01.370,SOLUSDT,140.01,140.03,18.8058,17.7742
2026-08-26 09:01:01.611,SOLUSDT,140.01,140.03,9.3826,7.6714
2026-08-26 09:01:01.798,SOLUSDT,140.04,140.06,13.3169,15.9847
2026-08-26 09:01:02.049,SOLUSDT,139.71,139.73,20.2372,18.6068
2026-08-26 09:01:02.127,BTCUSDT,60106.86,60118.88,15.5635,12.2357
2026-08-26 09:01:02.310,BTCUSDT,59983.34,59995.34,16.454,7.997
2026-08-26 09:01:02.590,ETHUSDT,3001.83,3002.43,18.6059,19.3384
2026-08-26 09:01:02.756,SOLUSDT,140.17,140.19,21.1738,14.0686
2026-08-26 09:01:02.811,SOLUSDT,139.98,140.0,16.1759,18.4554
2026-08-26 09:01:02.872,ETHUSDT,3004.68,3005.28,21.3291,19.9161
2026-08-26 09:01:03.150,ETHUSDT,3000.43,3001.03,19.0077,15.8233
2026-08-26 09:01:03.396,BTCUSDT,59953.85,59965.85,5.6347,13.1773
2026-08-26 09:01:03.680,SOLUSDT,140.19,140.21,12.4892,22.8267
2026-08-26 09:01:03.764,ETHUSDT,2999.61,3000.21,6.605,24.2829
2026-08-26 09:01:03.846,SOLUSDT,140.05,140.07,7.3727,24.8569
2026-08-26 09:01:04.014,SOLUSDT,140.08,140.1,21.6964,20.1236
2026-08-26 09:01:04.152,SOLUSDT,140.09,140.11,15.6387,21.4672
2026-08-26 09:01:04.210,BTCUSDT,59991.01,60003.01,8.7696,22.5042
2026-08-26 09:01:04.321,SOLUSDT,140.24,140.26,17.2985,23.7248
2026-08-26 09:01:04.551,BTCUSDT,59993.14,60005.14,7.0179,5.6715
2026-08-26 09:01:04.656,BTCUSDT,59954.84,59966.84,19.8108,13.0453
2026-08-26 09:01:04.893,BTCUSDT,59992.48,60004.48,15.0779,10.7853
2026-08-26 09:01:05.003,SOLUSDT,139.65,139.67,16.5495,20.4508
2026-08-26 09:01:05.123,ETHUSDT,2996.42,2997.02,24.7139,15.425
2026-08-26 09:01:05.421,BTCUSDT,59991.14,60003.14,17.5199,13.544
2026-08-26 09:01:05.509,ETHUSDT,2999.63,3000.23,20.7161,11.3747
2026-08-26 09:01:05.616,ETHUSDT,2999.78,3000.38,8.6776,15.7586
2026-08-26 09:01:05.913,ETHUSDT,2999.81,3000.41,21.1155,23.2948
2026-08-26 09:01:05.983,ETHUSDT,2998.86,2999.46,12.7684,10.0999
2026-08-26 09:01:06.101,ETHUSDT,3001.57,3002.17,6.8493,19.4917
2026-08-26 09:01:06.336,ETHUSDT,3002.47,3003.07,22.4724,8.7633
2026-08-26 09:01:06.630,SOLUSDT,140.04,140.06,14.5879,22.3895
2026-08-26 09:01:06.873,BTCUSDT,60032.11,60044.11,23.7432,24.2416
2026-08-26 09:01:06.984,ETHUSDT,3002.55,3003.15,18.9125,19.0754
2026-08-26 09:01:07.125,SOLUSDT,139.89,139.91,20.5103,12.6132
2026-08-26 09:01:07.380,ETHUSDT,3000.31,3000.91,12.1929,22.6562
2026-08-26 09:01:07.510,SOLUSDT,139.92,139.94,20.2326,11.4047
2026-08-26 09:01:07.626,ETHUSDT,2998.11,2998.71,16.2505,9.4255
2026-08-26 09:01:07.821,SOLUSDT,140.29,140.31,10.9038,8.9238
2026-08-26 09:01:08.066,BTCUSDT,60039.2,60051.2,16.0129,23.8693
2026-08-26 09:01:08.151,ETHUSDT,3000.06,3000.66,14.2166,19.6554
2026-08-26 09:01:08.446,SOLUSDT,140.02,140.04,8.681,22.7873
2026-08-26 09:01:08.508,BTCUSDT,59893.89,59905.87,21.7814,6.4866
2026-08-26 09:01:08.596,BTCUSDT,60046.38,60058.4,7.7498,17.614
2026-08-26 09:01:08.816,BTCUSDT,59906.15,59918.13,15.1147,12.464
2026-08-26 09:01:08.971,SOLUSDT,140.27,140.29,18.1857,5.3146
2026-08-26 09:01:09.025,BTCUSDT,59991.69,60003.69,15.5884,10.4948
2026-08-26 09:01:09.099,SOLUSDT,139.91,139.93,21.1234,23.1955
2026-08-26 09:01:09.239,SOLUSDT,140.18,140.2,9.8194,17.3956
2026-08-26 09:01:09.351,ETHUSDT,2997.64,2998.24,6.5804,24.186
2026-08-26 09:01:09.620,SOLUSDT,139.9,139.92,10.9995,21.5612
2026-08-26 09:01:09.684,SOLUSDT,139.95,139.97,6.87,12.5853
2026-08-26 09:01:09.899,SOLUSDT,139.94,139.96,19.0569,6.6537
2026-08-26 09:01:10.179,ETHUSDT,3000.41,3001.01,22.8958,23.383
2026-08-26 09:01:10.300,SOLUSDT,139.83,139.85,10.4219,23.4832
2026-08-26 09:01:10.403,SOLUSDT,139.82,139.84,8.5871,22.0086
2026-08-26 09:01:10.472,SOLUSDT,140.04,140.06,20.0451,19.2542
2026-08-26 09:01:10.695,ETHUSDT,2998.88,2999.48,16.2792,16.3339
2026-08-26 09:01:10.921,SOLUSDT,139.81,139.83,12.6769,19.7949
2026-08-26 09:01:11.082,SOLUSDT,140.16,140.18,15.0159,24.4865
2026-08-26 09:01:11.233,BTCUSDT,60045.0,60057.02,11.8119,20.3801
2026-08-26 09:01:11.341,ETHUSDT,3003.37,3003.97,17.6825,20.671
2026-08-26 09:01:11.412,ETHUSDT,3000.99,3001.59,13.637,18.5939
2026-08-26 09:01:11.501,SOLUSDT,140.04,140.06,20.9611,19.2622
2026-08-26 09:01:11.552,ETHUSDT,2999.59,3000.19,19.7931,11.3336
2026-08-26 09:01:11.649,ETHUSDT,2996.6,2997.2,12.1983,10.3953
2026-08-26 09:01:11.721,ETHUSDT,2993.71,2994.31,16.1397,15.2488
2026-08-26 09:01:11.774,ETHUSDT,3001.06,3001.66,16.9385,20.6888
2026-08-26 09:01:12.055,ETHUSDT,2991.01,2991.61,12.756,6.694
2026-08-26 09:01:12.173,BTCUSDT,60018.2,60030.2,18.7063,8.39
2026-08-26 09:01:12.346,ETHUSDT,2996.58,2997.18,6.2653,13.6935
2026-08-26 09:01:12.548,BTCUSDT,59954.96,59966.96,10.034,9.9318
2026-08-26 09:01:12.699,SOLUSDT,140.02,140.04,14.1572,7.7098
2026-08-26 09:01:12.957,ETHUSDT,3005.71,3006.31,21.0815,11.5908
2026-08-26 09:01:13.129,SOLUSDT,140.14,140.16,11.0087,17.0642
2026-08-26 09:01:13.356,ETHUSDT,3001.05,3001.65,24.2915,24.3745
2026-08-26 09:01:13.477,SOLUSDT,139.83,139.85,24.3553,20.6395
2026-08-26 09:01:13.666,ETHUSDT,3000.59,3001.19,7.2778,16.277
2026-08-26 09:01:13.828,BTCUSDT,60013.73,60025.73,24.0601,14.2324
2026-08-26 09:01:14.005,ETHUSDT,3004.01,3004.61,21.3793,20.9131
2026-08-26 09:01:14.257,BTCUSDT,60051.84,60063.86,9.8404,18.1733
2026-08-26 09:01:14.443,ETHUSDT,3001.41,3002.01,13.9813,16.9587
2026-08-26 09:01:14.722,SOLUSDT,140.18,140.2,15.8729,20.8144
2026-08-26 09:01:14.814,SOLUSDT,139.85,139.87,7.1874,9.9646
2026-08-26 09:01:15.111,SOLUSDT,139.79,139.81,16.2644,17.9006
2026-08-26 09:01:15.352,ETHUSDT,3004.36,3004.96,7.1189,6.9721
2026-08-26 09:01:15.552,SOLUSDT,139.8,139.82,13.9156,12.8227
2026-08-26 09:01:15.708,SOLUSDT,139.89,139.91,11.8993,5.4913
2026-08-26 09:01:15.845,BTCUSDT,60129.14,60141.16,21.6264,19.603
2026-08-26 09:01:16.079,ETHUSDT,3003.08,3003.68,15.4223,11.966
2026-08-26 09:01:16.158,SOLUSDT,139.76,139.78,11.3782,11.0053
2026-08-26 09:01:16.397,BTCUSDT,60037.51,60049.51,17.9594,18.5428
2026-08-26 09:01:16.565,BTCUSDT,60045.19,60057.21,16.0382,11.6198
2026-08-26 09:01:16.716,BTCUSDT,60017.53,60029.53,17.5952,8.7277
2026-08-26 09:01:16.820,BTCUSDT,59977.16,59989.16,13.9915,13.5911
2026-08-26 09:01:16.896,BTCUSDT,59934.95,59946.93,20.0465,21.1746
2026-08-26 09:01:17.117,SOLUSDT,140.18,140.2,12.3159,8.9415
2026-08-26 09:01:17.256,ETHUSDT,3002.02,3002.62,16.9394,17.2262
2026-08-26 09:01:17.382,ETHUSDT,2999.03,2999.63,17.3473,21.2748
2026-08-26 09:01:17.461,SOLUSDT,140.07,140.09,18.4422,11.2637
2026-08-26 09:01:17.546,BTCUSDT,60013.19,60025.19,18.8687,15.2165
2026-08-26 09:01:17.831,SOLUSDT,139.98,140.0,13.4608,14.7334
2026-08-26 09:01:17.961,SOLUSDT,139.93,139.95,16.0983,14.7928
2026-08-26 09:01:18.060,ETHUSDT,3000.85,3001.45,22.3104,24.0368
2026-08-26 09:01:18.223,ETHUSDT,2997.71,2998.31,13.1827,14.8345
2026-08-26 09:01:18.347,ETHUSDT,2998.8,2999.4,6.6534,5.6172
2026-08-26 09:01:18.541,BTCUSDT,59952.43,59964.43,9.4969,10.7734
2026-08-26 09:01:18.789,SOLUSDT,139.91,139.93,15.9945,7.2642
2026-08-26 09:01:18.951,SOLUSDT,140.03,140.05,15.8409,20.1357
2026-08-26 09:01:19.009,SOLUSDT,139.82,139.84,0.4959,0.141
2026-08-26 09:01:19.119,ETHUSDT,3001.6,3002.2,0.2394,0.4267
2026-08-26 09:01:19.377,BTCUSDT,60018.83,60030.83,0.4444,0.3441
2026-08-26 09:01:19.501,BTCUSDT,59996.63,60008.63,0.328,0.3129
2026-08-26 09:01:19.743,ETHUSDT,2999.26,2999.86,0.481,0.3058
2026-08-26 09:01:19.975,ETHUSDT,2998.03,2998.63,0.497,0.4468
2026-08-26 09:01:20.131,ETHUSDT,2995.59,2996.19,0.4046,0.3705
2026-08-26 09:01:20.358,ETHUSDT,2997.29,2997.89,0.1302,0.4178
2026-08-26 09:01:20.595,ETHUSDT,3004.62,3005.22,0.4801,0.2309
2026-08-26 09:01:20.771,ETHUSDT,3001.41,3002.01,0.44,0.4183
2026-08-26 09:01:20.908,ETHUSDT,3004.59,3005.19,0.4313,0.2351
2026-08-26 09:01:20.962,SOLUSDT,139.91,139.93,5.9189,17.5236
2026-08-26 09:01:21.063,BTCUSDT,59958.81,59970.81,13.8257,5.0135
2026-08-26 09:01:21.337,SOLUSDT,140.02,140.04,22.643,11.0373
2026-08-26 09:01:21.618,ETHUSDT,3001.09,3001.69,18.0918,10.0078
2026-08-26 09:01:21.861,SOLUSDT,140.16,140.18,6.0357,17.5121
2026-08-26 09:01:22.033,BTCUSDT,60035.7,60047.7,18.1097,19.074
2026-08-26 09:01:22.085,BTCUSDT,59951.7,59963.7,16.8736,15.3889
2026-08-26 09:01:22.168,SOLUSDT,139.85,139.87,21.3422,24.7631
2026-08-26 09:01:22.244,ETHUSDT,2999.37,2999.97,9.5789,6.7866
2026-08-26 09:01:22.486,ETHUSDT,3003.64,3004.24,22.6198,7.7426
2026-08-26 09:01:22.578,BTCUSDT,59928.47,59940.45,6.3682,16.2658
2026-08-26 09:01:22.733,ETHUSDT,2999.92,3000.52,19.4486,17.5616
2026-08-26 09:01:22.975,SOLUSDT,140.31,140.33,22.1993,6.7338
2026-08-26 09:01:23.088,BTCUSDT,59962.35,59974.35,12.0307,13.5878
2026-08-26 09:01:23.210,ETHUSDT,3001.82,3002.42,9.9633,17.02
2026-08-26 09:01:23.392,SOLUSDT,139.84,139.86,21.9578,18.1681
2026-08-26 09:01:23.671,SOLUSDT,139.73,139.75,19.9569,10.9108
2026-08-26 09:01:23.739,BTCUSDT,60123.33,60135.35,12.7177,9.8216
2026-08-26 09:01:24.009,SOLUSDT,139.99,140.01,24.7377,23.6785
2026-08-26 09:01:24.303,SOLUSDT,139.94,139.96,12.3082,18.6588
2026-08-26 09:01:24.589,BTCUSDT,59998.91,60010.91,16.7473,5.2759
2026-08-26 09:01:24.745,BTCUSDT,60028.11,60040.11,15.1322,17.5714
2026-08-26 09:01:24.866,ETHUSDT,2999.18,2999.78,6.6486,15.7313
2026-08-26 09:01:24.955,BTCUSDT,59931.82,59943.8,6.5804,23.4185
2026-08-26 09:01:25.179,SOLUSDT,140.14,140.16,12.8146,17.6859
2026-08-26 09:01:25.290,SOLUSDT,140.34,140.36,11.2034,13.7497
2026-08-26 09:01:25.495,BTCUSDT,59994.62,60006.62,6.7243,13.6897
2026-08-26 09:01:25.548,BTCUSDT,59971.7,59983.7,18.3216,18.161
2026-08-26 09:01:25.731,SOLUSDT,140.0,140.02,19.03,8.2767
2026-08-26 09:01:25.849,SOLUSDT,139.74,139.76,8.3393,7.5386
2026-08-26 09:01:25.968,SOLUSDT,139.86,139.88,20.4286,5.5871
2026-08-26 09:01:26.145,SOLUSDT,140.07,140.09,10.259,24.501
2026-08-26 09:01:26.235,ETHUSDT,2999.06,2999.66,6.1088,22.1872
2026-08-26 09:01:26.474,ETHUSDT,2998.01,2998.61,22.8854,18.4824
2026-08-26 09:01:26.644,SOLUSDT,139.9,139.92,5.8808,22.2586
2026-08-26 09:01:26.703,ETHUSDT,2999.75,3000.35,23.4045,8.5792
2026-08-26 09:01:26.834,SOLUSDT,140.05,140.07,9.4903,9.9653
2026-08-26 09:01:26.897,ETHUSDT,3001.2,3001.8,16.4307,7.388
2026-08-26 09:01:26.964,BTCUSDT,59912.0,59923.98,21.0868,24.6283
2026-08-26 09:01:27.130,ETHUSDT,3003.32,3003.92,20.4705,11.214
2026-08-26 09:01:27.339,BTCUSDT,59959.41,59971.41,9.0134,16.2761
2026-08-26 09:01:27.587,BTCUSDT,60045.78,60057.8,12.3655,24.4372
2026-08-26 09:01:27.775,BTCUSDT,59905.28,59917.26,8.0113,23.648
2026-08-26 09:01:28.042,ETHUSDT,2996.72,2997.32,24.0198,5.0292
2026-08-26 09:01:28.217,SOLUSDT,140.16,140.18,7.079,15.5963
2026-08-26 09:01:28.496,BTCUSDT,59922.43,59934.41,19.233,6.8605
2026-08-26 09:01:28.567,SOLUSDT,139.97,139.99,19.0169,12.4498
2026-08-26 09:01:28.768,SOLUSDT,139.87,139.89,15.1086,17.7443
2026-08-26 09:01:28.884,SOLUSDT,139.9,139.92,13.6997,24.2844
2026-08-26 09:01:29.003,ETHUSDT,2994.9,2995.5,19.0145,19.7071
2026-08-26 09:01:29.080,BTCUSDT,60123.43,60135.45,23.8711,7.7222
2026-08-26 09:01:29.267,BTCUSDT,60010.59,60022.59,8.2875,14.3211
2026-08-26 09:01:29.340,ETHUSDT,2999.8,3000.4,14.0383,14.2669
2026-08-26 09:01:29.603,BTCUSDT,59999.32,60011.32,21.5277,18.9376
2026-08-26 09:01:29.784,ETHUSDT,2998.6,2999.2,6.8243,9.9644
2026-08-26 09:01:29.937,BTCUSDT,59945.85,59957.85,10.2033,24.8135
2026-08-26 09:01:30.018,ETHUSDT,3003.3,3003.9,6.8945,7.0381
2026-08-26 09:01:30.278,BTCUSDT,59966.92,59978.92,21.6074,24.6513
2026-08-26 09:01:30.478,ETHUSDT,3003.26,3003.86,18.7257,23.7515
2026-08-26 09:01:30.641,ETHUSDT,3001.52,3002.12,5.436,6.2894
2026-08-26 09:01:30.701,BTCUSDT,59974.64,59986.64,23.1016,21.5871
2026-08-26 09:01:30.852,ETHUSDT,3001.63,3002.23,8.3598,16.4777
2026-08-26 09:01:31.134,ETHUSDT,2997.77,2998.37,12.6546,13.5333
2026-08-26 09:01:31.342,BTCUSDT,60081.33,60093.35,10.5971,22.6685
2026-08-26 09:01:31.514,SOLUSDT,140.07,140.09,17.9456,14.9778
2026-08-26 09:01:31.790,BTCUSDT,60027.41,60039.41,10.5955,7.7447
2026-08-26 09:01:31.937,SOLUSDT,139.84,139.86,17.6151,21.0434
2026-08-26 09:01:32.131,SOLUSDT,140.07,140.09,14.5937,20.6287
2026-08-26 09:01:32.237,SOLUSDT,139.96,139.98,12.7676,8.5963
2026-08-26 09:01:32.483,BTCUSDT,59913.58,59925.56,6.1718,24.8306
2026-08-26 09:01:32.601,SOLUSDT,139.97,139.99,24.4796,7.0027
2026-08-26 09:01:32.855,SOLUSDT,140.16,140.18,20.281,23.956
2026-08-26 09:01:32.965,ETHUSDT,3001.69,3002.29,23.7041,24.8308
2026-08-26 09:01:33.022,SOLUSDT,140.04,140.06,21.1242,18.9525
2026-08-26 09:01:33.120,SOLUSDT,140.05,140.07,23.9512,16.2721
2026-08-26 09:01:33.324,ETHUSDT,2999.79,3000.39,8.5111,5.7593
2026-08-26 09:01:33.425,BTCUSDT,60012.53,60024.53,15.529,5.0137
2026-08-26 09:01:33.557,BTCUSDT,59880.06,59892.04,19.3388,23.3756
2026-08-26 09:01:33.635,BTCUSDT,60039.2,60051.2,7.9542,19.0939
2026-08-26 09:01:33.786,SOLUSDT,139.9,139.92,24.2112,12.4718
2026-08-26 09:01:34.023,SOLUSDT,139.96,139.98,11.7312,11.4521
2026-08-26 09:01:34.250,ETHUSDT,3000.48,3001.08,17.9836,8.4841
2026-08-26 09:01:34.378,SOLUSDT,139.82,139.84,9.4647,16.779
2026-08-26 09:01:34.670,SOLUSDT,140.03,140.05,7.547,19.5766
2026-08-26 09:01:34.766,SOLUSDT,139.88,139.9,22.0151,20.4166
2026-08-26 09:01:34.960,SOLUSDT,139.79,139.81,23.4208,24.3506
2026-08-26 09:01:35.091,BTCUSDT,60037.34,60049.34,7.8129,19.9069
2026-08-26 09:01:35.226,BTCUSDT,59944.97,59956.97,21.4332,18.4005
2026-08-26 09:01:35.341,ETHUSDT,3000.37,3000.97,10.3042,9.9908
2026-08-26 09:01:35.433,BTCUSDT,60094.86,60106.88,5.9629,13.7644
2026-08-26 09:01:35.695,ETHUSDT,2995.12,2995.72,22.6354,12.0246
2026-08-26 09:01:35.820,ETHUSDT,3000.24,3000.84,8.2531,6.4742
2026-08-26 09:01:36.097,BTCUSDT,59960.15,59972.15,10.2226,7.0945
2026-08-26 09:01:36.170,ETHUSDT,3005.28,3005.88,19.6397,15.9409
2026-08-26 09:01:36.375,ETHUSDT,3002.77,3003.37,19.0901,13.6265
2026-08-26 09:01:36.529,ETHUSDT,2999.68,3000.28,6.0711,11.6219
2026-08-26 09:01:36.679,SOLUSDT,139.97,139.99,18.212,10.948
2026-08-26 09:01:36.804,SOLUSDT,140.12,140.14,8.0718,12.2166
2026-08-26 09:01:36.928,SOLUSDT,139.83,139.85,8.9935,5.5147
2026-08-26 09:01:37.103,BTCUSDT,59943.41,59955.39,21.8754,11.1671
2026-08-26 09:01:37.379,SOLUSDT,140.2,140.22,6.8227,15.8825
2026-08-26 09:01:37.496,ETHUSDT,3000.27,3000.87,8.7317,5.8923
2026-08-26 09:01:37.570,BTCUSDT,60067.25,60079.27,16.2849,8.0226
2026-08-26 09:01:37.678,BTCUSDT,60062.83,60074.85,21.1636,13.2797
2026-08-26 09:01:37.865,SOLUSDT,140.25,140.27,21.8159,21.3681
2026-08-26 09:01:38.016,SOLUSDT,139.79,139.81,16.4543,9.7128
2026-08-26 09:01:38.239,SOLUSDT,140.01,140.03,15.042,23.0091
2026-08-26 09:01:38.331,SOLUSDT,140.13,140.15,7.4056,20.1438
2026-08-26 09:01:38.492,BTCUSDT,60024.82,60036.82,7.5237,13.4675
2026-08-26 09:01:38.641,BTCUSDT,59927.33,59939.31,0.4336,0.2032
2026-08-26 09:01:38.870,SOLUSDT,139.98,140.0,0.3208,0.4426
2026-08-26 09:01:38.945,SOLUSDT,139.59,139.61,0.145,0.1599
2026-08-26 09:01:39.162,BTCUSDT,59984.35,59996.35,0.4143,0.447
2026-08-26 09:01:39.221,ETHUSDT,3000.76,3001.36,0.115,0.2102
2026-08-26 09:01:39.357,ETHUSDT,2996.41,2997.01,0.3762,0.1197
2026-08-26 09:01:39.441,ETHUSDT,3000.76,3001.36,0.2121,0.2966
2026-08-26 09:01:39.604,ETHUSDT,3000.06,3000.66,0.4096,0.2283
2026-08-26 09:01:39.694,BTCUSDT,59935.43,59947.41,0.3964,0.4038
2026-08-26 09:01:39.788,BTCUSDT,59940.46,59952.44,0.3838,0.2614
2026-08-26 09:01:39.908,BTCUSDT,59943.59,59955.57,0.4348,0.1998
2026-08-26 09:01:39.965,ETHUSDT,2996.93,2997.53,15.1025,17.7082
2026-08-26 09:01:40.136,BTCUSDT,59993.16,60005.16,14.7757,13.9221
2026-08-26 09:01:40.398,SOLUSDT,140.11,140.13,11.885,21.7531
2026-08-26 09:01:40.594,SOLUSDT,140.0,140.02,10.7014,12.7313
2026-08-26 09:01:40.748,BTCUSDT,59962.26,59974.26,17.9476,18.5539
2026-08-26 09:01:40.919,SOLUSDT,140.07,140.09,22.2926,24.3428
2026-08-26 09:01:41.175,BTCUSDT,59991.86,60003.86,17.0228,5.1693
2026-08-26 09:01:41.289,ETHUSDT,2998.75,2999.35,13.4761,12.5295
2026-08-26 09:01:41.488,BTCUSDT,59945.38,59957.38,11.0429,15.4128
2026-08-26 09:01:41.633,BTCUSDT,60153.77,60165.81,15.2303,18.2471
2026-08-26 09:01:41.753,SOLUSDT,140.09,140.11,10.9695,7.1621
2026-08-26 09:01:42.031,SOLUSDT,140.24,140.26,22.2298,10.2229
2026-08-26 09:01:42.095,SOLUSDT,139.58,139.6,8.7672,15.3459
2026-08-26 09:01:42.312,SOLUSDT,140.27,140.29,18.2106,18.6151
2026-08-26 09:01:42.371,ETHUSDT,3005.87,3006.47,10.1885,13.3713
2026-08-26 09:01:42.584,SOLUSDT,140.0,140.02,11.8633,19.2674
2026-08-26 09:01:42.858,ETHUSDT,2997.3,2997.9,15.1463,21.9084
2026-08-26 09:01:43.093,SOLUSDT,139.88,139.9,10.8757,14.4156
2026-08-26 09:01:43.199,SOLUSDT,139.95,139.97,23.9385,22.9918
2026-08-26 09:01:43.333,ETHUSDT,3001.23,3001.83,19.8842,11.1417
2026-08-26 09:01:43.396,ETHUSDT,2999.47,3000.07,16.7114,14.2752
2026-08-26 09:01:43.620,SOLUSDT,139.99,140.01,14.4444,8.8909
2026-08-26 09:01:43.721,ETHUSDT,3003.15,3003.75,13.2621,22.417
2026-08-26 09:01:43.807,ETHUSDT,3000.3,3000.9,24.7438,22.8569
2026-08-26 09:01:43.902,ETHUSDT,3002.94,3003.54,20.5788,14.7516
2026-08-26 09:01:43.995,ETHUSDT,2999.12,2999.72,5.0943,10.4706
2026-08-26 09:01:44.202,SOLUSDT,139.87,139.89,14.7915,20.2714
2026-08-26 09:01:44.261,ETHUSDT,2998.42,2999.02,13.0679,24.3066
2026-08-26 09:01:44.504,SOLUSDT,139.93,139.95,19.6132,24.0014
2026-08-26 09:01:44.611,SOLUSDT,140.1,140.12,5.3583,5.0825
2026-08-26 09:01:44.739,SOLUSDT,139.84,139.86,11.2418,7.0542
2026-08-26 09:01:44.975,BTCUSDT,60008.47,60020.47,21.4769,10.964
2026-08-26 09:01:45.255,SOLUSDT,140.05,140.07,13.6733,18.7356
2026-08-26 09:01:45.512,ETHUSDT,3004.0,3004.6,20.0023,8.2977
2026-08-26 09:01:45.749,ETHUSDT,3002.66,3003.26,9.5684,19.5434
2026-08-26 09:01:45.895,BTCUSDT,59977.99,59989.99,7.4632,19.2222
2026-08-26 09:01:45.957,SOLUSDT,140.04,140.06,20.425,17.4627
2026-08-26 09:01:46.113,SOLUSDT,140.07,140.09,18.0714,5.3948
2026-08-26 09:01:46.215,ETHUSDT,3003.65,3004.25,7.4719,10.0548
2026-08-26 09:01:46.334,SOLUSDT,139.72,139.74,11.0223,18.2333
2026-08-26 09:01:46.542,SOLUSDT,139.9,139.92,13.3765,22.9724
2026-08-26 09:01:46.643,BTCUSDT,60053.55,60065.57,7.2803,7.1253
2026-08-26 09:01:46.833,ETHUSDT,3001.34,3001.94,12.1584,13.1951
2026-08-26 09:01:46.886,ETHUSDT,2998.47,2999.07,18.7641,14.6133
2026-08-26 09:01:46.974,SOLUSDT,139.94,139.96,23.1376,21.7046
2026-08-26 09:01:47.083,BTCUSDT,60068.62,60080.64,19.4713,7.0258
2026-08-26 09:01:47.356,ETHUSDT,2999.63,3000.23,10.2825,6.0016
2026-08-26 09:01:47.435,BTCUSDT,59946.6,59958.6,12.2043,18.5353
2026-08-26 09:01:47.569,BTCUSDT,60006.07,60018.07,5.1934,7.7679
2026-08-26 09:01:47.714,ETHUSDT,3001.27,3001.87,24.1018,10.3662
2026-08-26 09:01:47.977,ETHUSDT,2995.66,2996.26,7.2766,13.005
2026-08-26 09:01:48.055,ETHUSDT,3000.08,3000.68,20.998,17.9769
2026-08-26 09:01:48.338,BTCUSDT,60004.77,60016.77,24.6314,21.887
2026-08-26 09:01:48.485,SOLUSDT,140.08,140.1,21.0453,18.5679
2026-08-26 09:01:48.763,ETHUSDT,2998.98,2999.58,22.2515,22.599
2026-08-26 09:01:48.824,BTCUSDT,60003.01,60015.01,23.408,7.2587
2026-08-26 09:01:49.008,BTCUSDT,59986.78,59998.78,18.0995,5.2472
2026-08-26 09:01:49.191,SOLUSDT,139.98,140.0,24.5579,18.3969
2026-08-26 09:01:49.410,SOLUSDT,139.98,140.0,13.657,19.533
2026-08-26 09:01:49.616,SOLUSDT,140.05,140.07,7.9731,21.5288
2026-08-26 09:01:49.884,BTCUSDT,59978.43,59990.43,17.868,8.1385
2026-08-26 09:01:50.182,ETHUSDT,2998.12,2998.72,6.4973,14.833
2026-08-26 09:01:50.441,ETHUSDT,3005.21,3005.81,15.1386,16.0099
2026-08-26 09:01:50.710,BTCUSDT,59976.22,59988.22,14.1819,21.0252
2026-08-26 09:01:50.764,ETHUSDT,2996.5,2997.1,11.3212,24.6134
2026-08-26 09:01:50.837,BTCUSDT,60047.94,60059.96,13.2468,16.1426
2026-08-26 09:01:51.003,SOLUSDT,139.97,139.99,22.8022,16.2467
2026-08-26 09:01:51.137,ETHUSDT,2998.3,2998.9,21.5062,21.3318
2026-08-26 09:01:51.211,SOLUSDT,140.15,140.17,19.3332,12.2659
2026-08-26 09:01:51.465,SOLUSDT,140.15,140.17,5.0439,12.1028
2026-08-26 09:01:51.550,ETHUSDT,3001.2,3001.8,19.0419,5.9156
2026-08-26 09:01:51.838,SOLUSDT,140.37,140.39,7.1392,17.217
2026-08-26 09:01:51.915,ETHUSDT,2994.21,2994.81,14.1409,20.6284
2026-08-26 09:01:52.162,ETHUSDT,3000.39,3000.99,23.5325,21.7493
2026-08-26 09:01:52.339,ETHUSDT,3003.64,3004.24,18.1691,24.1238
2026-08-26 09:01:52.625,BTCUSDT,60040.97,60052.97,16.0645,13.6562
2026-08-26 09:01:52.701,SOLUSDT,139.87,139.89,18.8364,8.473
2026-08-26 09:01:52.985,ETHUSDT,3000.13,3000.73,15.0822,12.6933
2026-08-26 09:01:53.150,SOLUSDT,140.23,140.25,10.4719,24.2719
2026-08-26 09:01:53.276,BTCUSDT,59982.94,59994.94,13.2549,19.0003
2026-08-26 09:01:53.377,SOLUSDT,139.98,140.0,19.2375,23.7102
2026-08-26 09:01:53.608,BTCUSDT,59869.94,59881.92,18.7322,23.4238
2026-08-26 09:01:53.687,SOLUSDT,140.1,140.12,15.0779,18.8862
2026-08-26 09:01:53.909,ETHUSDT,2999.72,3000.32,16.6561,23.8535
2026-08-26 09:01:53.986,SOLUSDT,139.88,139.9,22.5495,13.4477
2026-08-26 09:01:54.228,BTCUSDT,60157.83,60169.87,7.9065,18.4051
2026-08-26 09:01:54.478,BTCUSDT,60034.28,60046.28,18.6678,7.9286
2026-08-26 09:01:54.554,ETHUSDT,3000.51,3001.11,20.0719,5.6461
2026-08-26 09:01:54.804,SOLUSDT,139.99,140.01,19.8483,16.2254
2026-08-26 09:01:54.960,SOLUSDT,139.9,139.92,18.8587,5.9396
2026-08-26 09:01:55.061,SOLUSDT,139.77,139.79,24.3167,6.076
2026-08-26 09:01:55.276,SOLUSDT,140.2,140.22,21.5997,23.2297
2026-08-26 09:01:55.371,ETHUSDT,3000.14,3000.74,20.5229,24.2858
2026-08-26 09:01:55.517,SOLUSDT,139.9,139.92,8.7395,8.4759
2026-08-26 09:01:55.783,BTCUSDT,59940.54,59952.52,10.5822,10.2848
2026-08-26 09:01:55.872,ETHUSDT,2998.78,2999.38,11.6113,19.1938
2026-08-26 09:01:55.999,ETHUSDT,2999.93,3000.53,20.4732,17.5073
2026-08-26 09:01:56.293,ETHUSDT,2999.2,2999.8,6.4576,19.1536
2026-08-26 09:01:56.446,BTCUSDT,60078.65,60090.67,20.7252,8.1874
2026-08-26 09:01:56.588,BTCUSDT,60039.54,60051.54,9.424,9.2671
2026-08-26 09:01:56.781,ETHUSDT,3000.78,3001.38,24.0062,17.3656
2026-08-26 09:01:56.995,SOLUSDT,139.89,139.91,7.2944,11.9201
2026-08-26 09:01:57.279,SOLUSDT,139.96,139.98,24.1779,18.651
2026-08-26 09:01:57.461,BTCUSDT,59964.86,59976.86,10.1318,19.4795
2026-08-26 09:01:57.593,ETHUSDT,2996.62,2997.22,14.7361,10.9287
2026-08-26 09:01:57.780,SOLUSDT,140.17,140.19,23.9642,8.3479
2026-08-26 09:01:57.884,SOLUSDT,140.24,140.26,17.5387,9.2156
2026-08-26 09:01:58.158,SOLUSDT,139.84,139.86,21.7133,9.1116
2026-08-26 09:01:58.247,SOLUSDT,139.95,139.97,17.9312,23.795
2026-08-26 09:01:58.315,BTCUSDT,59952.41,59964.41,0.3867,0.1152
2026-08-26 09:01:58.464,SOLUSDT,140.17,140.19,0.4644,0.2631
2026-08-26 09:01:58.693,SOLUSDT,139.76,139.78,0.3139,0.3566
2026-08-26 09:01:58.938,BTCUSDT,59928.55,59940.53,0.4712,0.1425
2026-08-26 09:01:59.088,ETHUSDT,2998.47,2999.07,0.258,0.3643
2026-08-26 09:01:59.324,SOLUSDT,139.95,139.97,0.4841,0.1576
2026-08-26 09:01:59.520,SOLUSDT,140.1,140.12,0.483,0.1045
2026-08-26 09:01:59.658,SOLUSDT,140.17,140.19,0.3149,0.4788
2026-08-26 09:01:59.772,BTCUSDT,60077.73,60089.75,0.4623,0.4406
2026-08-26 09:01:59.962,BTCUSDT,59893.0,59904.98,0.1725,0.4199
2026-08-26 09:02:00.096,ETHUSDT,2997.28,2997.88,0.2163,0.1269
2026-08-26 09:02:00.163,ETHUSDT,2996.0,2996.6,18.4259,9.6907
2026-08-26 09:02:00.390,BTCUSDT,60107.47,60119.49,14.7172,11.5669
2026-08-26 09:02:00.549,SOLUSDT,139.92,139.94,16.311,12.2899
2026-08-26 09:02:00.763,BTCUSDT,59987.87,59999.87,11.2643,20.7132
2026-08-26 09:02:01.037,ETHUSDT,2999.43,3000.03,21.8022,7.6861
2026-08-26 09:02:01.114,ETHUSDT,2994.29,2994.89,13.9072,20.4953
2026-08-26 09:02:01.301,BTCUSDT,60035.82,60047.82,21.8359,22.1743
2026-08-26 09:02:01.579,BTCUSDT,59901.63,59913.61,19.6709,17.5324
2026-08-26 09:02:01.683,BTCUSDT,59922.37,59934.35,21.2528,16.578
2026-08-26 09:02:01.931,BTCUSDT,60088.36,60100.38,15.8694,24.9746
2026-08-26 09:02:02.200,BTCUSDT,59885.95,59897.93,12.85,22.8288
2026-08-26 09:02:02.378,ETHUSDT,2995.92,2996.52,14.294,15.2082
2026-08-26 09:02:02.470,BTCUSDT,59875.25,59887.23,21.9596,21.1308
2026-08-26 09:02:02.688,SOLUSDT,139.97,139.99,13.9244,8.5829
2026-08-26 09:02:02.797,BTCUSDT,59842.2,59854.16,23.7835,5.8084
2026-08-26 09:02:03.079,BTCUSDT,60011.51,60023.51,12.3887,5.8562
2026-08-26 09:02:03.295,ETHUSDT,2996.01,2996.61,14.3935,14.0929
2026-08-26 09:02:03.558,ETHUSDT,2999.61,3000.21,19.0747,15.4275
2026-08-26 09:02:03.704,SOLUSDT,140.03,140.05,16.5726,16.4032
2026-08-26 09:02:03.886,ETHUSDT,2998.61,2999.21,15.3333,12.5266
2026-08-26 09:02:04.163,ETHUSDT,3001.56,3002.16,21.3447,11.9006
2026-08-26 09:02:04.232,SOLUSDT,139.97,139.99,15.0367,7.7794
2026-08-26 09:02:04.465,SOLUSDT,140.15,140.17,9.2303,8.7381
2026-08-26 09:02:04.687,BTCUSDT,59907.13,59919.11,13.2923,11.6045
2026-08-26 09:02:04.742,ETHUSDT,2997.91,2998.51,9.2141,8.2249
2026-08-26 09:02:04.923,BTCUSDT,60156.94,60168.98,7.5577,16.847
2026-08-26 09:02:05.218,BTCUSDT,59990.71,60002.71,6.1182,10.1652
2026-08-26 09:02:05.510,ETHUSDT,3000.94,3001.54,22.5702,19.5595
2026-08-26 09:02:05.603,BTCUSDT,59982.16,59994.16,13.9841,24.8555
2026-08-26 09:02:05.699,BTCUSDT,60063.94,60075.96,17.0168,20.8923
2026-08-26 09:02:05.901,SOLUSDT,140.07,140.09,8.3544,18.7118
2026-08-26 09:02:06.002,SOLUSDT,140.26,140.28,9.5963,12.7092
2026-08-26 09:02:06.282,SOLUSDT,139.88,139.9,21.5303,17.1102
2026-08-26 09:02:06.355,SOLUSDT,140.15,140.17,22.5551,15.6286
2026-08-26 09:02:06.645,ETHUSDT,3002.56,3003.16,23.0397,15.7857
2026-08-26 09:02:06.830,SOLUSDT,140.06,140.08,15.4409,12.4075
2026-08-26 09:02:06.969,ETHUSDT,3002.1,3002.7,23.7684,14.6425
2026-08-26 09:02:07.251,SOLUSDT,140.07,140.09,13.5098,10.0904
2026-08-26 09:02:07.302,BTCUSDT,59992.41,60004.41,16.9658,15.8746
2026-08-26 09:02:07.519,SOLUSDT,139.76,139.78,16.5597,7.3566
2026-08-26 09:02:07.718,BTCUSDT,59946.45,59958.45,13.1769,7.1317
2026-08-26 09:02:07.838,ETHUSDT,2999.79,3000.39,22.0995,13.4712
2026-08-26 09:02:08.011,SOLUSDT,139.99,140.01,20.0994,13.2646
2026-08-26 09:02:08.208,BTCUSDT,59983.25,59995.25,16.1819,14.6752
2026-08-26 09:02:08.449,ETHUSDT,2994.88,2995.48,19.7156,22.1
2026-08-26 09:02:08.629,BTCUSDT,60046.37,60058.39,20.6622,23.9849
2026-08-26 09:02:08.692,ETHUSDT,3002.19,3002.79,21.0171,17.2805
2026-08-26 09:02:08.779,BTCUSDT,59901.56,59913.54,24.2914,5.1058
2026-08-26 09:02:08.984,ETHUSDT,2999.88,3000.48,6.7628,10.2618
2026-08-26 09:02:09.107,BTCUSDT,59942.73,59954.71,23.6137,13.0129
2026-08-26 09:02:09.269,SOLUSDT,139.57,139.59,23.9143,21.4046
2026-08-26 09:02:09.368,BTCUSDT,59955.07,59967.07,22.0114,23.6152
2026-08-26 09:02:09.585,BTCUSDT,60042.43,60054.43,17.3038,18.4805
2026-08-26 09:02:09.806,BTCUSDT,60008.19,60020.19,6.7369,10.5187
2026-08-26 09:02:09.873,ETHUSDT,3000.88,3001.48,16.7216,15.3549
2026-08-26 09:02:10.011,BTCUSDT,59884.01,59895.99,19.5228,16.1823
2026-08-26 09:02:10.208,ETHUSDT,2998.13,2998.73,17.1273,8.8905
2026-08-26 09:02:10.386,BTCUSDT,59956.43,59968.43,8.5007,15.1248
2026-08-26 09:02:10.660,ETHUSDT,2998.72,2999.32,23.9403,21.0588
2026-08-26 09:02:10.907,SOLUSDT,139.87,139.89,18.8838,24.3211
2026-08-26 09:02:11.107,BTCUSDT,59913.26,59925.24,24.2248,14.177
2026-08-26 09:02:11.213,BTCUSDT,60055.64,60067.66,7.3254,6.3511
2026-08-26 09:02:11.400,SOLUSDT,140.11,140.13,21.0032,13.2485
2026-08-26 09:02:11.660,BTCUSDT,59990.07,60002.07,9.9652,6.8602
2026-08-26 09:02:11.765,ETHUSDT,3003.97,3004.57,16.091,8.5697
2026-08-26 09:02:11.863,SOLUSDT,140.06,140.08,8.6557,19.9231
2026-08-26 09:02:11.971,ETHUSDT,2999.97,3000.57,9.6972,9.8411
2026-08-26 09:02:12.051,BTCUSDT,60006.2,60018.2,21.7267,12.1205
2026-08-26 09:02:12.111,BTCUSDT,59985.63,59997.63,17.2765,20.2849
2026-08-26 09:02:12.390,ETHUSDT,2991.2,2991.8,17.4133,14.8468
2026-08-26 09:02:12.511,SOLUSDT,139.91,139.93,14.8161,24.6879
2026-08-26 09:02:12.669,ETHUSDT,3003.41,3004.01,20.0034,7.5649
2026-08-26 09:02:12.763,ETHUSDT,3001.57,3002.17,15.0495,12.8743
2026-08-26 09:02:12.816,ETHUSDT,2998.88,2999.48,18.9649,14.2014
2026-08-26 09:02:13.086,SOLUSDT,139.77,139.79,12.5886,7.015
2026-08-26 09:02:13.292,ETHUSDT,3003.52,3004.12,15.9713,9.7428
2026-08-26 09:02:13.534,ETHUSDT,2996.13,2996.73,8.6783,13.4789
2026-08-26 09:02:13.617,ETHUSDT,3000.28,3000.88,22.0865,10.5926
2026-08-26 09:02:13.809,SOLUSDT,139.91,139.93,21.2838,19.4163
2026-08-26 09:02:13.980,ETHUSDT,2994.47,2995.07,8.9213,21.0007
2026-08-26 09:02:14.191,BTCUSDT,59980.28,59992.28,13.4304,7.6894
2026-08-26 09:02:14.386,SOLUSDT,140.1,140.12,20.7067,11.0007
2026-08-26 09:02:14.501,BTCUSDT,59992.84,60004.84,6.9795,8.2668
2026-08-26 09:02:14.694,ETHUSDT,3005.75,3006.35,13.9971,11.6931
2026-08-26 09:02:14.917,SOLUSDT,140.09,140.11,11.8828,13.2352
2026-08-26 09:02:15.217,SOLUSDT,139.96,139.98,16.5371,17.9973
2026-08-26 09:02:15.381,ETHUSDT,3000.01,3000.61,11.5018,15.2089
2026-08-26 09:02:15.653,BTCUSDT,60053.31,60065.33,17.2733,14.275
2026-08-26 09:02:15.935,BTCUSDT,60004.4,60016.4,13.4363,17.2462
2026-08-26 09:02:16.059,BTCUSDT,59857.6,59869.58,8.24,9.5644
2026-08-26 09:02:16.308,SOLUSDT,139.98,140.0,17.1077,12.9091
2026-08-26 09:02:16.544,ETHUSDT,2997.61,2998.21,13.2798,8.6777
2026-08-26 09:02:16.636,BTCUSDT,59995.25,60007.25,23.8087,19.0139
2026-08-26 09:02:16.699,ETHUSDT,2999.08,2999.68,6.9111,23.7359
2026-08-26 09:02:16.907,BTCUSDT,59971.49,59983.49,15.4797,24.9203
2026-08-26 09:02:17.020,BTCUSDT,60017.6,60029.6,18.0967,22.7094
2026-08-26 09:02:17.113,SOLUSDT,140.06,140.08,13.8632,7.5282
2026-08-26 09:02:17.284,BTCUSDT,59923.81,59935.79,18.271,22.2074
2026-08-26 09:02:17.472,ETHUSDT,2999.0,2999.6,15.9709,7.7023
2026-08-26 09:02:17.656,BTCUSDT,60013.8,60025.8,17.621,17.717
2026-08-26 09:02:17.728,SOLUSDT,139.87,139.89,23.1785,14.633
2026-08-26 09:02:17.778,ETHUSDT,2999.81,3000.41,12.3157,10.1961
2026-08-26 09:02:18.064,SOLUSDT,140.27,140.29,11.8777,14.384
2026-08-26 09:02:18.266,ETHUSDT,3002.22,3002.82,10.9922,20.3174
2026-08-26 09:02:18.427,BTCUSDT,59861.3,59873.28,15.9642,8.7714
2026-08-26 09:02:18.573,ETHUSDT,2999.1,2999.7,8.2654,19.7424
2026-08-26 09:02:18.827,BTCUSDT,59968.25,59980.25,6.5842,17.5065
2026-08-26 09:02:18.982,SOLUSDT,140.0,140.02,10.6935,19.8585
2026-08-26 09:02:19.190,BTCUSDT,60115.45,60127.47,8.6481,10.7919
2026-08-26 09:02:19.245,ETHUSDT,3000.19,3000.79,0.3802,0.2968
2026-08-26 09:02:19.298,BTCUSDT,59996.48,60008.48,0.2128,0.15
2026-08-26 09:02:19.550,ETHUSDT,2999.78,3000.38,0.2368,0.2246
2026-08-26 09:02:19.739,BTCUSDT,60028.33,60040.33,0.1321,0.4002
2026-08-26 09:02:19.985,ETHUSDT,2999.45,3000.05,0.1769,0.4366
2026-08-26 09:02:20.223,SOLUSDT,139.82,139.84,0.2539,0.49
2026-08-26 09:02:20.283,BTCUSDT,60077.54,60089.56,0.2891,0.3726
2026-08-26 09:02:20.388,SOLUSDT,140.15,140.17,0.2013,0.3554
2026-08-26 09:02:20.640,BTCUSDT,59993.62,60005.62,0.3532,0.2298
2026-08-26 09:02:20.887,BTCUSDT,60087.73,60099.75,0.4875,0.3324
2026-08-26 09:02:21.097,BTCUSDT,60031.11,60043.11,0.1631,0.1366
2026-08-26 09:02:21.174,BTCUSDT,59981.55,59993.55,12.1104,8.0784
2026-08-26 09:02:21.417,BTCUSDT,59928.96,59940.94,9.6535,24.6335
2026-08-26 09:02:21.652,ETHUSDT,3000.5,3001.1,19.6638,5.4271
2026-08-26 09:02:21.777,BTCUSDT,59964.81,59976.81,22.9733,14.706
2026-08-26 09:02:22.014,SOLUSDT,139.9,139.92,8.7955,8.7325
2026-08-26 09:02:22.105,ETHUSDT,2994.89,2995.49,22.3532,16.9736
2026-08-26 09:02:22.271,BTCUSDT,60054.44,60066.46,13.9877,21.3884
2026-08-26 09:02:22.414,BTCUSDT,59899.23,59911.21,19.6732,22.6586
2026-08-26 09:02:22.673,SOLUSDT,140.09,140.11,11.4139,6.2668
2026-08-26 09:02:22.879,ETHUSDT,2999.8,3000.4,15.4814,14.951
2026-08-26 09:02:23.097,ETHUSDT,3001.76,3002.36,13.1961,11.4405
2026-08-26 09:02:23.198,BTCUSDT,60112.99,60125.01,21.7039,7.5955
2026-08-26 09:02:23.347,BTCUSDT,60000.26,60012.26,8.8323,5.6363
2026-08-26 09:02:23.490,SOLUSDT,139.95,139.97,15.5164,19.0263
2026-08-26 09:02:23.777,BTCUSDT,60049.29,60061.31,5.2617,23.4207
2026-08-26 09:02:24.067,BTCUSDT,59785.73,59797.69,21.0204,6.214
2026-08-26 09:02:24.252,ETHUSDT,3000.79,3001.39,20.885,6.166
2026-08-26 09:02:24.434,BTCUSDT,60020.63,60032.63,21.6891,6.5587
2026-08-26 09:02:24.618,BTCUSDT,60005.94,60017.94,19.5034,15.6332
2026-08-26 09:02:24.810,SOLUSDT,140.12,140.14,16.4006,23.9501
2026-08-26 09:02:25.039,ETHUSDT,3003.28,3003.88,20.3257,16.5313
2026-08-26 09:02:25.191,SOLUSDT,140.14,140.16,22.6565,8.3362
2026-08-26 09:02:25.479,SOLUSDT,139.98,140.0,18.1506,15.678
2026-08-26 09:02:25.634,ETHUSDT,2992.02,2992.62,16.0016,24.937
2026-08-26 09:02:25.823,SOLUSDT,139.84,139.86,21.5231,11.469
2026-08-26 09:02:26.119,BTCUSDT,60043.23,60055.23,20.3142,23.5229
2026-08-26 09:02:26.241,ETHUSDT,2997.67,2998.27,24.1965,5.0039
2026-08-26 09:02:26.367,SOLUSDT,140.07,140.09,15.3522,24.8682
2026-08-26 09:02:26.593,BTCUSDT,59978.91,59990.91,22.1144,5.434
2026-08-26 09:02:26.710,ETHUSDT,2994.54,2995.14,6.8857,14.2074
2026-08-26 09:02:26.862,ETHUSDT,2997.28,2997.88,9.6599,21.2215
2026-08-26 09:02:26.956,SOLUSDT,139.91,139.93,19.6853,19.4716
2026-08-26 09:02:27.153,ETHUSDT,2995.19,2995.79,16.9046,11.0079
2026-08-26 09:02:27.428,ETHUSDT,3002.11,3002.71,20.6024,23.4374
2026-08-26 09:02:27.669,ETHUSDT,3009.03,3009.63,23.6049,7.4108
2026-08-26 09:02:27.853,SOLUSDT,140.13,140.15,17.6777,17.6439
2026-08-26 09:02:27.959,BTCUSDT,60023.86,60035.86,15.7986,7.9916
2026-08-26 09:02:28.201,BTCUSDT,60034.6,60046.6,18.4727,24.9473
2026-08-26 09:02:28.284,SOLUSDT,139.84,139.86,9.4417,10.7957
2026-08-26 09:02:28.401,ETHUSDT,3002.51,3003.11,14.5171,19.9063
2026-08-26 09:02:28.485,BTCUSDT,60034.12,60046.12,15.0365,20.4765
2026-08-26 09:02:28.692,ETHUSDT,2998.1,2998.7,14.7572,18.045
2026-08-26 09:02:28.917,SOLUSDT,139.98,140.0,9.8463,10.3251
2026-08-26 09:02:29.015,SOLUSDT,140.05,140.07,7.2506,13.2716
2026-08-26 09:02:29.154,ETHUSDT,3001.43,3002.03,16.8775,5.4841
2026-08-26 09:02:29.263,SOLUSDT,140.0,140.02,17.4636,13.8093
2026-08-26 09:02:29.502,BTCUSDT,59962.44,59974.44,8.1198,19.5697
2026-08-26 09:02:29.761,BTCUSDT,59977.21,59989.21,23.9788,23.5346
2026-08-26 09:02:29.931,ETHUSDT,2997.11,2997.71,11.8654,21.0856
2026-08-26 09:02:30.114,BTCUSDT,60042.59,60054.59,9.1802,15.7601
2026-08-26 09:02:30.335,ETHUSDT,2995.6,2996.2,17.4608,24.846
2026-08-26 09:02:30.428,BTCUSDT,59955.61,59967.61,16.6601,18.2706
2026-08-26 09:02:30.597,BTCUSDT,59912.85,59924.83,9.0139,18.9305
2026-08-26 09:02:30.880,SOLUSDT,139.87,139.89,6.332,18.2075
2026-08-26 09:02:31.096,SOLUSDT,139.75,139.77,22.2856,5.3816
2026-08-26 09:02:31.377,ETHUSDT,2999.21,2999.81,24.5959,15.1708
2026-08-26 09:02:31.555,ETHUSDT,3001.21,3001.81,22.3355,15.6312
2026-08-26 09:02:31.730,ETHUSDT,3001.26,3001.86,5.795,23.4454
2026-08-26 09:02:31.857,ETHUSDT,3000.48,3001.08,5.3674,18.6862
2026-08-26 09:02:32.134,BTCUSDT,59893.9,59905.88,21.2379,17.5158
2026-08-26 09:02:32.219,BTCUSDT,59948.49,59960.49,9.5117,11.8357
2026-08-26 09:02:32.444,BTCUSDT,59957.2,59969.2,15.4144,18.5599
2026-08-26 09:02:32.726,BTCUSDT,59938.24,59950.22,9.8072,8.055
2026-08-26 09:02:32.924,SOLUSDT,139.9,139.92,13.9834,7.6354
2026-08-26 09:02:33.108,SOLUSDT,139.85,139.87,22.2518,11.18
2026-08-26 09:02:33.396,BTCUSDT,60017.76,60029.76,24.9137,24.5155
2026-08-26 09:02:33.476,SOLUSDT,139.95,139.97,11.3499,16.1468
2026-08-26 09:02:33.607,BTCUSDT,60068.86,60080.88,21.7905,7.9105
2026-08-26 09:02:33.820,ETHUSDT,2996.26,2996.86,11.067,19.9122
2026-08-26 09:02:33.876,SOLUSDT,140.12,140.14,8.0391,8.7587
2026-08-26 09:02:33.985,SOLUSDT,140.03,140.05,17.1121,17.2472
2026-08-26 09:02:34.163,SOLUSDT,140.03,140.05,12.1852,18.7628
2026-08-26 09:02:34.338,SOLUSDT,140.15,140.17,19.2404,12.4792
2026-08-26 09:02:34.636,ETHUSDT,2998.93,2999.53,8.2757,9.5255
2026-08-26 09:02:34.737,BTCUSDT,59990.27,60002.27,24.004,9.4511
2026-08-26 09:02:34.944,BTCUSDT,60019.23,60031.23,8.5416,24.094
2026-08-26 09:02:35.192,ETHUSDT,2999.18,2999.78,22.3355,22.7517
2026-08-26 09:02:35.388,BTCUSDT,60005.38,60017.38,19.404,12.883
2026-08-26 09:02:35.448,SOLUSDT,139.77,139.79,15.413,14.0322
2026-08-26 09:02:35.693,BTCUSDT,59988.79,60000.79,24.6766,5.785
2026-08-26 09:02:35.941,SOLUSDT,140.09,140.11,8.797,13.7911
2026-08-26 09:02:36.167,ETHUSDT,3001.4,3002.0,8.3297,10.8884
2026-08-26 09:02:36.345,SOLUSDT,139.89,139.91,14.2716,17.922
2026-08-26 09:02:36.429,BTCUSDT,59975.95,59987.95,20.5746,23.7568
2026-08-26 09:02:36.708,ETHUSDT,3000.42,3001.02,11.4692,5.4982
2026-08-26 09:02:36.924,SOLUSDT,140.05,140.07,22.651,6.8036
2026-08-26 09:02:37.089,SOLUSDT,140.09,140.11,19.3675,7.4709
2026-08-26 09:02:37.388,SOLUSDT,140.09,140.11,6.7061,19.1456
2026-08-26 09:02:37.671,SOLUSDT,140.0,140.02,12.5736,12.6121
2026-08-26 09:02:37.734,ETHUSDT,3002.0,3002.6,8.2425,7.8921
2026-08-26 09:02:37.944,ETHUSDT,2995.56,2996.16,11.1904,20.3726
2026-08-26 09:02:38.189,BTCUSDT,60032.47,60044.47,22.9708,24.2087
2026-08-26 09:02:38.240,ETHUSDT,3001.78,3002.38,14.1729,22.1082
2026-08-26 09:02:38.394,SOLUSDT,139.71,139.73,9.7576,16.7772
2026-08-26 09:02:38.515,ETHUSDT,3002.28,3002.88,17.0243,5.1315
2026-08-26 09:02:38.574,SOLUSDT,139.99,140.01,5.9784,7.9651
2026-08-26 09:02:38.859,BTCUSDT,60080.61,60092.63,18.3399,21.7603
2026-08-26 09:02:38.981,BTCUSDT,59964.46,59976.46,7.1778,24.8747
2026-08-26 09:02:39.040,SOLUSDT,140.04,140.06,24.3259,19.9867
2026-08-26 09:02:39.284,BTCUSDT,60013.8,60025.8,11.4564,22.9506
2026-08-26 09:02:39.404,ETHUSDT,2997.22,2997.82,10.8567,7.6909
2026-08-26 09:02:39.481,ETHUSDT,3001.3,3001.9,15.4929,18.9166
2026-08-26 09:02:39.711,SOLUSDT,140.07,140.09,14.6733,18.7731
2026-08-26 09:02:39.920,ETHUSDT,2995.61,2996.21,17.1769,11.3298
2026-08-26 09:02:40.097,ETHUSDT,2997.15,2997.75,17.2858,14.9279
2026-08-26 09:02:40.196,ETHUSDT,2999.74,3000.34,22.6733,9.6544
2026-08-26 09:02:40.463,BTCUSDT,60022.96,60034.96,5.4797,17.5092
2026-08-26 09:02:40.676,BTCUSDT,60089.44,60101.46,13.2808,11.6758
2026-08-26 09:02:40.743,BTCUSDT,59938.43,59950.41,17.8124,18.8003
2026-08-26 09:02:40.978,ETHUSDT,3001.93,3002.53,0.3027,0.2296
2026-08-26 09:02:41.149,SOLUSDT,140.13,140.15,0.4328,0.1776
2026-08-26 09:02:41.399,BTCUSDT,60049.1,60061.12,0.2926,0.3509
2026-08-26 09:02:41.502,ETHUSDT,2997.57,2998.17,0.434,0.2197
2026-08-26 09:02:41.559,SOLUSDT,139.81,139.83,0.4198,0.4552
2026-08-26 09:02:41.830,ETHUSDT,3006.98,3007.58,0.3506,0.437
2026-08-26 09:02:42.092,ETHUSDT,3001.0,3001.6,0.3839,0.2086
2026-08-26 09:02:42.165,ETHUSDT,2995.57,2996.17,0.31,0.17
2026-08-26 09:02:42.438,ETHUSDT,2998.01,2998.61,0.4196,0.462
2026-08-26 09:02:42.661,SOLUSDT,140.13,140.15,0.4102,0.1573
2026-08-26 09:02:42.949,BTCUSDT,60119.3,60131.32,0.3898,0.2837
2026-08-26 09:02:43.195,BTCUSDT,60106.25,60118.27,11.6658,22.7837
2026-08-26 09:02:43.298,SOLUSDT,139.99,140.01,5.4496,20.1699
2026-08-26 09:02:43.460,ETHUSDT,3000.68,3001.28,8.8509,10.533
2026-08-26 09:02:43.755,SOLUSDT,140.03,140.05,10.4531,8.1499
2026-08-26 09:02:43.841,SOLUSDT,139.86,139.88,9.1315,12.0064
2026-08-26 09:02:44.119,SOLUSDT,139.92,139.94,16.4817,8.4255
2026-08-26 09:02:44.181,ETHUSDT,2999.81,3000.41,6.0145,5.5799
2026-08-26 09:02:44.383,BTCUSDT,59991.26,60003.26,6.076,13.5293
2026-08-26 09:02:44.615,SOLUSDT,140.19,140.21,17.3263,11.2488
2026-08-26 09:02:44.698,SOLUSDT,140.16,140.18,24.4736,20.1149
2026-08-26 09:02:44.944,BTCUSDT,59990.81,60002.81,6.9453,11.2078
2026-08-26 09:02:45.151,ETHUSDT,2998.98,2999.58,9.6339,9.4759
2026-08-26 09:02:45.402,ETHUSDT,2997.3,2997.9,12.8415,18.9923
2026-08-26 09:02:45.574,ETHUSDT,2998.87,2999.47,14.7501,6.3073
2026-08-26 09:02:45.754,ETHUSDT,2997.88,2998.48,10.6451,11.9723
2026-08-26 09:02:45.970,BTCUSDT,59976.31,59988.31,21.3511,20.9352
2026-08-26 09:02:46.178,BTCUSDT,59881.42,59893.4,15.6549,13.0163
2026-08-26 09:02:46.436,BTCUSDT,59918.75,59930.73,24.4778,12.6763
2026-08-26 09:02:46.625,SOLUSDT,139.91,139.93,20.6863,13.7071
2026-08-26 09:02:46.857,SOLUSDT,140.17,140.19,8.4617,18.3921
2026-08-26 09:02:46.931,SOLUSDT,140.08,140.1,7.2865,16.9215
2026-08-26 09:02:47.156,ETHUSDT,3000.51,3001.11,11.1607,13.1159
2026-08-26 09:02:47.261,SOLUSDT,140.05,140.07,11.5482,17.8998
2026-08-26 09:02:47.385,BTCUSDT,60039.07,60051.07,20.1416,18.2176
2026-08-26 09:02:47.580,ETHUSDT,3000.93,3001.53,8.9133,18.6303
2026-08-26 09:02:47.864,SOLUSDT,139.89,139.91,23.37,23.7335
2026-08-26 09:02:48.130,ETHUSDT,3000.59,3001.19,16.6545,17.2298
2026-08-26 09:02:48.180,BTCUSDT,60026.48,60038.48,6.2482,23.0215
2026-08-26 09:02:48.340,SOLUSDT,140.02,140.04,7.194,10.6442
2026-08-26 09:02:48.501,SOLUSDT,139.98,140.0,17.5043,19.2355
2026-08-26 09:02:48.649,SOLUSDT,139.87,139.89,18.2498,14.4974
2026-08-26 09:02:48.733,ETHUSDT,2997.43,2998.03,8.0853,24.9491
2026-08-26 09:02:48.951,BTCUSDT,59994.94,60006.94,17.9678,7.8799
2026-08-26 09:02:49.117,ETHUSDT,3000.37,3000.97,6.6933,17.8449
2026-08-26 09:02:49.376,SOLUSDT,140.06,140.08,17.465,14.0879
2026-08-26 09:02:49.573,ETHUSDT,3002.48,3003.08,12.1061,8.7158
2026-08-26 09:02:49.770,ETHUSDT,3000.22,3000.82,19.2426,10.385
2026-08-26 09:02:49.848,ETHUSDT,2997.25,2997.85,24.5647,16.363
2026-08-26 09:02:50.032,SOLUSDT,140.05,140.07,24.2348,6.6013
2026-08-26 09:02:50.144,ETHUSDT,3002.83,3003.43,15.339,15.4671
2026-08-26 09:02:50.350,ETHUSDT,2997.61,2998.21,18.6815,15.7839
2026-08-26 09:02:50.631,BTCUSDT,59937.04,59949.02,15.7007,5.2157
2026-08-26 09:02:50.755,ETHUSDT,3000.75,3001.35,13.4203,24.2116
2026-08-26 09:02:51.005,BTCUSDT,59919.89,59931.87,18.901,16.9527
2026-08-26 09:02:51.068,SOLUSDT,139.94,139.96,6.2284,14.4632
2026-08-26 09:02:51.139,SOLUSDT,139.92,139.94,21.1779,17.4863
2026-08-26 09:02:51.260,BTCUSDT,60039.41,60051.41,22.0289,10.557
2026-08-26 09:02:51.461,ETHUSDT,2999.41,3000.01,5.2841,7.231
2026-08-26 09:02:51.711,SOLUSDT,139.98,140.0,18.1831,12.3953
2026-08-26 09:02:51.848,SOLUSDT,139.74,139.76,14.6984,20.9874
2026-08-26 09:02:52.090,BTCUSDT,60031.32,60043.32,16.9109,21.4345
2026-08-26 09:02:52.193,ETHUSDT,3002.91,3003.51,9.7589,13.8037
2026-08-26 09:02:52.256,SOLUSDT,140.02,140.04,6.0865,10.2879
2026-08-26 09:02:52.498,BTCUSDT,60100.12,60112.14,12.9749,11.0273
2026-08-26 09:02:52.585,SOLUSDT,140.06,140.08,12.596,19.1122
2026-08-26 09:02:52.808,SOLUSDT,139.96,139.98,5.2373,23.5445
2026-08-26 09:02:53.074,ETHUSDT,3001.58,3002.18,6.9473,15.6259
2026-08-26 09:02:53.291,ETHUSDT,2999.5,3000.1,11.6993,10.3418
2026-08-26 09:02:53.513,SOLUSDT,139.84,139.86,14.2222,18.5058
2026-08-26 09:02:53.643,SOLUSDT,139.99,140.01,15.399,18.5544
2026-08-26 09:02:53.718,SOLUSDT,140.13,140.15,18.456,21.6338
2026-08-26 09:02:53.832,SOLUSDT,140.05,140.07,18.71,12.0303
2026-08-26 09:02:54.050,BTCUSDT,60027.77,60039.77,5.474,6.8388
2026-08-26 09:02:54.133,BTCUSDT,60051.15,60063.17,19.1615,7.3995
2026-08-26 09:02:54.302,ETHUSDT,3004.36,3004.96,22.92,18.9131
2026-08-26 09:02:54.461,SOLUSDT,139.85,139.87,17.7756,23.4539
2026-08-26 09:02:54.526,SOLUSDT,140.02,140.04,10.1467,20.6146
2026-08-26 09:02:54.643,ETHUSDT,3000.15,3000.75,11.6531,6.2012
2026-08-26 09:02:54.793,BTCUSDT,59966.05,59978.05,6.388,24.5884
2026-08-26 09:02:55.000,BTCUSDT,59945.55,59957.55,7.1686,15.8126
2026-08-26 09:02:55.068,SOLUSDT,139.83,139.85,23.2522,19.308
2026-08-26 09:02:55.285,BTCUSDT,59984.01,59996.01,20.5447,5.3753
2026-08-26 09:02:55.514,SOLUSDT,140.12,140.14,23.6579,18.2921
2026-08-26 09:02:55.689,ETHUSDT,3000.57,3001.17,16.4928,15.3077
2026-08-26 09:02:55.756,ETHUSDT,2998.15,2998.75,13.0783,19.5553
2026-08-26 09:02:55.929,SOLUSDT,140.04,140.06,5.0661,24.0831
2026-08-26 09:02:56.224,BTCUSDT,59981.65,59993.65,11.6688,11.0566
2026-08-26 09:02:56.489,SOLUSDT,139.9,139.92,12.3071,22.0668
2026-08-26 09:02:56.637,ETHUSDT,2998.23,2998.83,17.9559,8.5324
2026-08-26 09:02:56.863,SOLUSDT,139.75,139.77,10.9774,12.8021
2026-08-26 09:02:56.948,ETHUSDT,2996.09,2996.69,6.6972,17.6558
2026-08-26 09:02:57.097,BTCUSDT,59971.11,59983.11,5.5073,24.9277
2026-08-26 09:02:57.394,BTCUSDT,59966.63,59978.63,14.9937,24.2991
2026-08-26 09:02:57.547,BTCUSDT,59971.24,59983.24,11.7857,11.7544
2026-08-26 09:02:57.770,BTCUSDT,59992.11,60004.11,21.1421,18.3463
2026-08-26 09:02:58.008,SOLUSDT,140.18,140.2,19.821,9.6597
2026-08-26 09:02:58.069,BTCUSDT,60005.03,60017.03,18.0766,14.4244
2026-08-26 09:02:58.329,BTCUSDT,59908.43,59920.41,5.2873,17.6532
2026-08-26 09:02:58.588,BTCUSDT,59989.16,60001.16,17.2245,21.707
2026-08-26 09:02:58.843,BTCUSDT,59922.86,59934.84,14.9429,20.9835
2026-08-26 09:02:58.995,BTCUSDT,60103.94,60115.96,11.7469,21.7179
2026-08-26 09:02:59.259,ETHUSDT,2998.46,2999.06,24.5171,16.5193
2026-08-26 09:02:59.345,BTCUSDT,59977.27,59989.27,16.8617,11.7101
2026-08-26 09:02:59.631,ETHUSDT,3004.81,3005.41,18.9259,16.0682
2026-08-26 09:02:59.777,SOLUSDT,140.16,140.18,7.6674,20.821
2026-08-26 09:03:00.064,BTCUSDT,59977.61,59989.61,22.5925,6.6145
2026-08-26 09:03:00.291,BTCUSDT,60087.76,60099.78,13.3244,21.1482
2026-08-26 09:03:00.402,BTCUSDT,60009.72,60021.72,7.8618,10.419
2026-08-26 09:03:00.474,BTCUSDT,60127.12,60139.14,16.9254,19.344
2026-08-26 09:03:00.554,SOLUSDT,139.7,139.72,11.9571,5.0914
2026-08-26 09:03:00.733,SOLUSDT,140.02,140.04,17.3784,22.2546
2026-08-26 09:03:00.832,BTCUSDT,59939.49,59951.47,20.4066,18.1865
2026-08-26 09:03:00.927,BTCUSDT,59961.1,59973.1,18.7049,24.3715
2026-08-26 09:03:01.041,BTCUSDT,59998.05,60010.05,6.0806,12.2839
2026-08-26 09:03:01.136,ETHUSDT,3003.35,3003.95,5.8663,19.8083
2026-08-26 09:03:01.370,BTCUSDT,60000.97,60012.97,14.7012,7.3213
2026-08-26 09:03:01.478,ETHUSDT,2998.11,2998.71,13.3813,19.9417
2026-08-26 09:03:01.579,BTCUSDT,59953.06,59965.06,9.5556,9.7424
2026-08-26 09:03:01.740,ETHUSDT,2997.18,2997.78,6.4706,16.7018
2026-08-26 09:03:01.951,BTCUSDT,60011.77,60023.77,0.4712,0.282
2026-08-26 09:03:02.219,ETHUSDT,3000.83,3001.43,0.1809,0.1509
2026-08-26 09:03:02.472,ETHUSDT,2999.27,2999.87,0.2673,0.4041
2026-08-26 09:03:02.742,SOLUSDT,139.82,139.84,0.3312,0.3211
2026-08-26 09:03:02.875,BTCUSDT,60043.75,60055.75,0.4348,0.2117
2026-08-26 09:03:03.175,ETHUSDT,2999.62,3000.22,0.4567,0.3367
2026-08-26 09:03:03.432,BTCUSDT,59954.63,59966.63,0.4965,0.3934
2026-08-26 09:03:03.725,SOLUSDT,139.89,139.91,0.281,0.1962
2026-08-26 09:03:03.816,BTCUSDT,60089.45,60101.47,0.2434,0.1956
2026-08-26 09:03:04.089,SOLUSDT,139.96,139.98,0.4432,0.3989
2026-08-26 09:03:04.299,SOLUSDT,140.26,140.28,0.174,0.4486
2026-08-26 09:03:04.458,BTCUSDT,59909.95,59921.93,22.8687,11.6581
2026-08-26 09:03:04.696,ETHUSDT,2998.6,2999.2,20.7538,6.6192
2026-08-26 09:03:04.904,BTCUSDT,59866.18,59878.16,22.7596,7.2193
2026-08-26 09:03:05.097,BTCUSDT,60047.19,60059.21,12.3287,17.9635
2026-08-26 09:03:05.313,SOLUSDT,140.23,140.25,7.7681,11.6986
2026-08-26 09:03:05.592,ETHUSDT,2998.8,2999.4,20.0635,20.2177
2026-08-26 09:03:05.766,ETHUSDT,3000.69,3001.29,10.5429,6.2674
2026-08-26 09:03:06.046,SOLUSDT,139.91,139.93,14.4033,15.6381
2026-08-26 09:03:06.303,ETHUSDT,3003.47,3004.07,17.419,20.9981
2026-08-26 09:03:06.582,BTCUSDT,59967.23,59979.23,22.8381,14.1575
2026-08-26 09:03:06.660,BTCUSDT,60104.91,60116.93,24.1651,6.5389
2026-08-26 09:03:06.870,SOLUSDT,139.97,139.99,14.9266,22.4999
2026-08-26 09:03:07.041,BTCUSDT,60071.74,60083.76,13.3307,18.6481
2026-08-26 09:03:07.107,ETHUSDT,2996.09,2996.69,13.8772,17.8937
2026-08-26 09:03:07.305,BTCUSDT,60009.13,60021.13,21.699,15.3924
2026-08-26 09:03:07.495,ETHUSDT,2995.31,2995.91,14.723,18.3171
2026-08-26 09:03:07.588,ETHUSDT,2998.33,2998.93,11.0816,7.6391
2026-08-26 09:03:07.650,ETHUSDT,3001.3,3001.9,14.6849,24.4145
2026-08-26 09:03:07.741,BTCUSDT,60082.35,60094.37,10.6876,24.1243
2026-08-26 09:03:08.022,SOLUSDT,139.81,139.83,8.6456,8.5072
2026-08-26 09:03:08.219,SOLUSDT,139.94,139.96,8.2251,7.3383
2026-08-26 09:03:08.277,BTCUSDT,59924.73,59936.71,10.2081,8.6899
2026-08-26 09:03:08.576,SOLUSDT,139.83,139.85,24.5605,7.9589
2026-08-26 09:03:08.822,BTCUSDT,60023.09,60035.09,7.4298,5.4985
2026-08-26 09:03:09.011,BTCUSDT,59896.18,59908.16,23.5562,8.1211
2026-08-26 09:03:09.309,SOLUSDT,140.1,140.12,17.9449,10.9111
2026-08-26 09:03:09.445,SOLUSDT,140.23,140.25,20.9915,19.5709
2026-08-26 09:03:09.636,SOLUSDT,140.07,140.09,19.6328,23.0035
2026-08-26 09:03:09.777,BTCUSDT,59957.48,59969.48,5.4959,17.3504
2026-08-26 09:03:09.883,BTCUSDT,59880.92,59892.9,6.1007,17.8263
2026-08-26 09:03:10.104,ETHUSDT,2997.99,2998.59,5.451,15.7682
2026-08-26 09:03:10.395,BTCUSDT,59882.97,59894.95,8.889,11.3552
2026-08-26 09:03:10.543,BTCUSDT,60113.23,60125.25,12.9512,19.3193
2026-08-26 09:03:10.816,ETHUSDT,2996.67,2997.27,10.693,12.0271
2026-08-26 09:03:10.972,SOLUSDT,139.87,139.89,9.3139,22.7561
2026-08-26 09:03:11.208,ETHUSDT,3002.13,3002.73,8.2758,19.56
2026-08-26 09:03:11.335,ETHUSDT,2996.82,2997.42,21.7102,16.9587
2026-08-26 09:03:11.407,ETHUSDT,3001.22,3001.82,6.3223,24.2019
2026-08-26 09:03:11.575,BTCUSDT,60138.69,60150.71,17.7761,10.4666
2026-08-26 09:03:11.750,SOLUSDT,139.89,139.91,8.9852,21.6457
2026-08-26 09:03:11.918,BTCUSDT,59981.27,59993.27,21.6917,11.0783
2026-08-26 09:03:12.131,BTCUSDT,60028.93,60040.93,20.8244,8.0805
2026-08-26 09:03:12.226,SOLUSDT,139.87,139.89,7.4835,18.3183
2026-08-26 09:03:12.524,ETHUSDT,2998.8,2999.4,5.5689,20.2944
2026-08-26 09:03:12.734,BTCUSDT,59913.88,59925.86,16.6213,16.3115
2026-08-26 09:03:12.971,SOLUSDT,140.13,140.15,24.4852,21.3656
2026-08-26 09:03:13.102,SOLUSDT,140.18,140.2,21.9056,8.2569
2026-08-26 09:03:13.314,ETHUSDT,2998.14,2998.74,12.1477,6.0578
2026-08-26 09:03:13.495,ETHUSDT,2991.2,2991.8,10.7971,15.5922
2026-08-26 09:03:13.627,BTCUSDT,59915.93,59927.91,20.2938,16.9752
2026-08-26 09:03:13.813,ETHUSDT,3003.16,3003.76,10.4292,18.9594
2026-08-26 09:03:13.958,SOLUSDT,139.96,139.98,21.4663,5.258
2026-08-26 09:03:14.047,ETHUSDT,3001.05,3001.65,11.8063,23.2158
2026-08-26 09:03:14.273,SOLUSDT,139.92,139.94,21.6315,20.9021
2026-08-26 09:03:14.356,SOLUSDT,139.85,139.87,13.3469,23.3206
2026-08-26 09:03:14.519,BTCUSDT,60023.95,60035.95,11.9642,18.821
2026-08-26 09:03:14.599,SOLUSDT,139.96,139.98,8.4441,11.0937
2026-08-26 09:03:14.681,BTCUSDT,60023.24,60035.24,22.1363,7.8472
2026-08-26 09:03:14.759,BTCUSDT,59871.01,59882.99,24.6222,13.4961
2026-08-26 09:03:14.836,BTCUSDT,60019.66,60031.66,20.4938,20.1467
2026-08-26 09:03:14.963,BTCUSDT,59951.43,59963.43,14.3816,23.1706
2026-08-26 09:03:15.065,SOLUSDT,139.74,139.76,20.091,20.6474
2026-08-26 09:03:15.331,SOLUSDT,140.02,140.04,8.6956,12.0307
2026-08-26 09:03:15.509,SOLUSDT,139.94,139.96,23.9758,11.9567
2026-08-26 09:03:15.754,SOLUSDT,139.92,139.94,15.0982,6.3667
2026-08-26 09:03:15.997,BTCUSDT,60055.08,60067.1,19.3162,24.2853
2026-08-26 09:03:16.176,SOLUSDT,139.99,140.01,24.4716,6.9737
2026-08-26 09:03:16.471,SOLUSDT,139.95,139.97,12.3293,16.7876
2026-08-26 09:03:16.652,BTCUSDT,60035.56,60047.56,21.6948,24.626
2026-08-26 09:03:16.730,BTCUSDT,59960.3,59972.3,7.2569,24.6923
2026-08-26 09:03:16.964,SOLUSDT,140.24,140.26,14.9163,12.225
2026-08-26 09:03:17.167,BTCUSDT,60010.44,60022.44,11.5623,7.3145
2026-08-26 09:03:17.321,SOLUSDT,140.01,140.03,18.7409,21.8218
2026-08-26 09:03:17.492,ETHUSDT,2999.06,2999.66,8.7757,6.3922
2026-08-26 09:03:17.568,SOLUSDT,140.16,140.18,8.5859,24.9745
2026-08-26 09:03:17.719,ETHUSDT,2994.41,2995.01,15.4532,18.5304
2026-08-26 09:03:17.862,ETHUSDT,3000.96,3001.56,19.8286,22.8486
2026-08-26 09:03:17.971,BTCUSDT,59923.28,59935.26,9.0053,21.8806
2026-08-26 09:03:18.090,ETHUSDT,3001.44,3002.04,10.5704,19.2699
2026-08-26 09:03:18.264,SOLUSDT,139.94,139.96,12.1219,18.3335
2026-08-26 09:03:18.439,SOLUSDT,140.04,140.06,7.9475,14.0927
2026-08-26 09:03:18.502,ETHUSDT,2996.24,2996.84,17.5674,7.6922
2026-08-26 09:03:18.725,BTCUSDT,59881.82,59893.8,18.5621,24.4415
2026-08-26 09:03:18.944,ETHUSDT,2998.68,2999.28,11.0551,17.4647
2026-08-26 09:03:19.119,SOLUSDT,140.03,140.05,20.8546,9.0386
2026-08-26 09:03:19.173,SOLUSDT,139.96,139.98,15.8488,21.1896
2026-08-26 09:03:19.441,BTCUSDT,60093.31,60105.33,22.6025,7.3827
2026-08-26 09:03:19.711,ETHUSDT,2998.18,2998.78,14.1931,5.6572
2026-08-26 09:03:19.885,ETHUSDT,3001.92,3002.52,14.8296,7.6898
2026-08-26 09:03:20.056,BTCUSDT,59962.8,59974.8,18.2016,18.7075
2026-08-26 09:03:20.354,SOLUSDT,139.93,139.95,15.1337,12.8277
2026-08-26 09:03:20.555,ETHUSDT,3002.71,3003.31,20.3294,10.6888
2026-08-26 09:03:20.611,BTCUSDT,60083.69,60095.71,21.7387,11.9775
2026-08-26 09:03:20.766,SOLUSDT,140.04,140.06,12.6115,13.563
2026-08-26 09:03:20.967,ETHUSDT,2998.9,2999.5,18.2248,9.9523
2026-08-26 09:03:21.154,BTCUSDT,59998.2,60010.2,22.3788,7.2894
2026-08-26 09:03:21.434,ETHUSDT,3001.11,3001.71,14.2182,22.2674
2026-08-26 09:03:21.565,ETHUSDT,2998.05,2998.65,5.408,14.394
2026-08-26 09:03:21.791,ETHUSDT,2997.01,2997.61,11.4484,6.9545
2026-08-26 09:03:21.927,SOLUSDT,139.88,139.9,11.7193,15.0554
2026-08-26 09:03:22.193,BTCUSDT,59971.51,59983.51,12.2667,13.7198
2026-08-26 09:03:22.345,BTCUSDT,59851.79,59863.77,10.7471,5.9506
2026-08-26 09:03:22.464,BTCUSDT,60012.79,60024.79,19.3541,16.5639
2026-08-26 09:03:22.724,BTCUSDT,59983.82,59995.82,13.5421,11.9463
2026-08-26 09:03:22.876,ETHUSDT,2994.44,2995.04,13.6582,15.799
2026-08-26 09:03:23.086,ETHUSDT,2997.12,2997.72,18.4312,15.9512
2026-08-26 09:03:23.326,SOLUSDT,140.1,140.12,16.5369,9.2591
2026-08-26 09:03:23.572,ETHUSDT,3001.53,3002.13,23.7433,15.6544
2026-08-26 09:03:23.660,ETHUSDT,2998.2,2998.8,15.4454,12.2855
2026-08-26 09:03:23.926,SOLUSDT,140.13,140.15,0.4376,0.2641
2026-08-26 09:03:24.005,ETHUSDT,2996.39,2996.99,0.4295,0.3584
2026-08-26 09:03:24.163,BTCUSDT,59974.15,59986.15,0.1111,0.4188
2026-08-26 09:03:24.353,SOLUSDT,139.82,139.84,0.1808,0.2091
2026-08-26 09:03:24.557,BTCUSDT,60047.61,60059.63,0.4855,0.2943
2026-08-26 09:03:24.848,ETHUSDT,3002.38,3002.98,0.4602,0.2628
2026-08-26 09:03:25.046,SOLUSDT,140.25,140.27,0.1944,0.3284
2026-08-26 09:03:25.309,SOLUSDT,140.31,140.33,0.2986,0.1361
2026-08-26 09:03:25.413,SOLUSDT,139.9,139.92,0.4223,0.3976
2026-08-26 09:03:25.491,ETHUSDT,3001.84,3002.44,0.2634,0.4452
2026-08-26 09:03:25.662,ETHUSDT,2994.05,2994.65,0.2899,0.1985
2026-08-26 09:03:25.867,SOLUSDT,140.02,140.04,21.4273,5.4215
2026-08-26 09:03:26.058,BTCUSDT,60082.16,60094.18,18.8136,20.7761
2026-08-26 09:03:26.283,ETHUSDT,2996.84,2997.44,17.779,19.0123
2026-08-26 09:03:26.433,BTCUSDT,60029.18,60041.18,22.1529,12.7694
2026-08-26 09:03:26.536,ETHUSDT,3002.4,3003.0,6.805,21.4542
2026-08-26 09:03:26.690,BTCUSDT,60048.09,60060.11,17.6271,22.5893
2026-08-26 09:03:26.860,BTCUSDT,60038.14,60050.14,22.3289,21.464
2026-08-26 09:03:27.145,SOLUSDT,140.12,140.14,23.5299,11.6544
2026-08-26 09:03:27.349,BTCUSDT,59931.0,59942.98,18.9696,15.1267
2026-08-26 09:03:27.563,SOLUSDT,139.88,139.9,14.0652,5.547
2026-08-26 09:03:27.773,BTCUSDT,60011.03,60023.03,20.8204,7.7218
2026-08-26 09:03:28.005,ETHUSDT,2998.84,2999.44,16.5162,7.2166
2026-08-26 09:03:28.136,SOLUSDT,139.93,139.95,21.9392,18.7151
2026-08-26 09:03:28.337,ETHUSDT,2999.14,2999.74,22.4701,7.6702
2026-08-26 09:03:28.611,ETHUSDT,2996.49,2997.09,8.9733,13.2899
2026-08-26 09:03:28.817,ETHUSDT,2998.06,2998.66,5.4147,5.4594
2026-08-26 09:03:29.046,SOLUSDT,140.02,140.04,23.1369,24.4826
2026-08-26 09:03:29.118,BTCUSDT,59947.61,59959.61,13.0207,13.5781
2026-08-26 09:03:29.279,ETHUSDT,2994.69,2995.29,23.9449,7.347
2026-08-26 09:03:29.549,ETHUSDT,2996.5,2997.1,7.3702,19.2713
2026-08-26 09:03:29.651,ETHUSDT,3000.39,3000.99,19.9289,12.6415
2026-08-26 09:03:29.808,SOLUSDT,140.01,140.03,24.9041,10.6593
2026-08-26 09:03:29.918,BTCUSDT,60016.06,60028.06,20.8493,5.5755
2026-08-26 09:03:30.085,SOLUSDT,140.08,140.1,23.1466,12.3928
2026-08-26 09:03:30.236,BTCUSDT,59979.71,59991.71,14.3776,22.4289
2026-08-26 09:03:30.351,SOLUSDT,140.15,140.17,19.2667,19.1691
2026-08-26 09:03:30.521,BTCUSDT,59941.31,59953.29,16.14,6.0423
2026-08-26 09:03:30.821,ETHUSDT,2997.42,2998.02,5.1072,15.0908
2026-08-26 09:03:30.916,ETHUSDT,3002.34,3002.94,7.6448,22.8445
2026-08-26 09:03:30.999,ETHUSDT,2995.81,2996.41,15.0749,23.6065
2026-08-26 09:03:31.129,BTCUSDT,60064.2,60076.22,19.2051,13.6586
2026-08-26 09:03:31.271,BTCUSDT,60030.5,60042.5,14.9842,24.4674
2026-08-26 09:03:31.558,ETHUSDT,2993.24,2993.84,23.0559,10.2643
2026-08-26 09:03:31.733,ETHUSDT,2995.53,2996.13,13.7155,8.2997
2026-08-26 09:03:31.792,BTCUSDT,59956.34,59968.34,6.0644,7.9724
2026-08-26 09:03:32.071,ETHUSDT,2999.61,3000.21,8.2711,14.3427
2026-08-26 09:03:32.238,ETHUSDT,3003.53,3004.13,13.8304,24.7764
2026-08-26 09:03:32.311,ETHUSDT,2997.25,2997.85,21.9168,22.3376
2026-08-26 09:03:32.430,BTCUSDT,59924.81,59936.79,8.6131,8.3659
2026-08-26 09:03:32.626,SOLUSDT,139.86,139.88,16.6709,24.4325
2026-08-26 09:03:32.700,BTCUSDT,60060.04,60072.06,23.4083,9.9231
2026-08-26 09:03:32.845,ETHUSDT,2999.7,3000.3,10.6856,24.6267
2026-08-26 09:03:33.107,SOLUSDT,139.82,139.84,21.7395,8.0755
2026-08-26 09:03:33.158,SOLUSDT,139.93,139.95,14.0811,24.104
2026-08-26 09:03:33.395,ETHUSDT,2998.62,2999.22,18.1235,24.0179
2026-08-26 09:03:33.527,SOLUSDT,140.35,140.37,9.2273,5.9736
2026-08-26 09:03:33.642,BTCUSDT,60005.77,60017.77,15.9431,17.0458
2026-08-26 09:03:33.910,BTCUSDT,60033.44,60045.44,24.301,22.3103
2026-08-26 09:03:34.204,BTCUSDT,59993.86,60005.86,12.7701,13.0479
2026-08-26 09:03:34.460,SOLUSDT,139.87,139.89,7.412,14.8169
2026-08-26 09:03:34.561,ETHUSDT,3004.47,3005.07,12.1809,6.9222
2026-08-26 09:03:34.719,ETHUSDT,2998.14,2998.74,22.7083,14.5288
2026-08-26 09:03:34.878,BTCUSDT,60024.17,60036.17,21.2199,17.2774
2026-08-26 09:03:35.093,BTCUSDT,59971.55,59983.55,15.2668,24.4654
2026-08-26 09:03:35.164,SOLUSDT,139.85,139.87,23.6134,15.5456
2026-08-26 09:03:35.252,ETHUSDT,3003.98,3004.58,13.7471,23.1442
2026-08-26 09:03:35.314,BTCUSDT,60034.74,60046.74,21.8308,15.4618
2026-08-26 09:03:35.469,SOLUSDT,140.02,140.04,23.346,15.2683
2026-08-26 09:03:35.584,BTCUSDT,59958.37,59970.37,18.2171,16.3696
2026-08-26 09:03:35.752,SOLUSDT,139.81,139.83,20.3729,5.3254
2026-08-26 09:03:35.982,BTCUSDT,59924.81,59936.79,21.8582,5.9052
2026-08-26 09:03:36.191,ETHUSDT,2999.06,2999.66,16.7442,14.1
2026-08-26 09:03:36.288,ETHUSDT,2997.57,2998.17,24.3344,22.4269
2026-08-26 09:03:36.339,BTCUSDT,60004.35,60016.35,22.4323,7.1266
2026-08-26 09:03:36.492,ETHUSDT,2999.47,3000.07,5.2661,18.116
2026-08-26 09:03:36.718,SOLUSDT,139.74,139.76,11.056,21.2626
2026-08-26 09:03:36.816,SOLUSDT,139.95,139.97,21.0928,6.7527
2026-08-26 09:03:36.989,BTCUSDT,59943.59,59955.57,18.9206,8.7644
2026-08-26 09:03:37.241,SOLUSDT,140.29,140.31,17.9948,13.7158
2026-08-26 09:03:37.399,SOLUSDT,139.73,139.75,6.7219,20.3944
2026-08-26 09:03:37.695,BTCUSDT,59945.03,59957.03,8.3221,8.0484
2026-08-26 09:03:37.820,ETHUSDT,2999.09,2999.69,5.3926,13.9903
2026-08-26 09:03:38.052,SOLUSDT,139.98,140.0,6.0184,5.1575
2026-08-26 09:03:38.243,ETHUSDT,2997.43,2998.03,21.9723,19.7416
2026-08-26 09:03:38.449,ETHUSDT,3001.22,3001.82,14.7499,14.722
2026-08-26 09:03:38.646,SOLUSDT,139.98,140.0,9.6381,6.2141
2026-08-26 09:03:38.725,ETHUSDT,3001.17,3001.77,10.357,17.966
2026-08-26 09:03:38.960,ETHUSDT,3001.38,3001.98,13.9665,13.7246
2026-08-26 09:03:39.242,BTCUSDT,60020.16,60032.16,11.8769,9.6421
2026-08-26 09:03:39.411,SOLUSDT,140.02,140.04,23.4347,22.0691
2026-08-26 09:03:39.701,BTCUSDT,59953.5,59965.5,19.4599,12.8074
2026-08-26 09:03:39.910,SOLUSDT,139.81,139.83,20.9195,20.9951
2026-08-26 09:03:40.004,BTCUSDT,60044.43,60056.45,18.814,6.7238
2026-08-26 09:03:40.180,BTCUSDT,59976.4,59988.4,17.115,7.0181
2026-08-26 09:03:40.455,ETHUSDT,3000.98,3001.58,9.1887,5.941
2026-08-26 09:03:40.633,ETHUSDT,3003.12,3003.72,18.5386,8.4943
2026-08-26 09:03:40.826,BTCUSDT,60020.65,60032.65,11.7547,7.2794
2026-08-26 09:03:40.887,BTCUSDT,59902.71,59914.69,10.1564,11.8065
2026-08-26 09:03:41.091,SOLUSDT,140.31,140.33,22.9264,22.0682
2026-08-26 09:03:41.258,SOLUSDT,140.14,140.16,19.1281,23.5326
2026-08-26 09:03:41.334,BTCUSDT,60002.73,60014.73,20.633,17.1931
2026-08-26 09:03:41.436,SOLUSDT,139.77,139.79,15.1461,8.3409
2026-08-26 09:03:41.613,ETHUSDT,2999.37,2999.97,19.567,19.1633
2026-08-26 09:03:41.694,SOLUSDT,139.92,139.94,8.0859,12.2747
2026-08-26 09:03:41.957,BTCUSDT,59986.34,59998.34,24.3927,20.3844
2026-08-26 09:03:42.190,ETHUSDT,2992.57,2993.17,10.7352,8.4252
2026-08-26 09:03:42.375,ETHUSDT,2999.76,3000.36,17.5888,9.909
2026-08-26 09:03:42.654,ETHUSDT,3000.08,3000.68,7.7599,13.5765
2026-08-26 09:03:42.887,ETHUSDT,3000.17,3000.77,23.8748,13.8516
2026-08-26 09:03:42.979,SOLUSDT,140.28,140.3,6.6956,11.2961
2026-08-26 09:03:43.067,ETHUSDT,2998.34,2998.94,12.8653,5.7419
2026-08-26 09:03:43.341,SOLUSDT,139.76,139.78,24.5547,24.6009
2026-08-26 09:03:43.614,SOLUSDT,140.13,140.15,13.3861,22.7157
2026-08-26 09:03:43.799,ETHUSDT,2996.36,2996.96,23.1846,5.158
2026-08-26 09:03:43.988,SOLUSDT,139.94,139.96,19.0059,13.9238
2026-08-26 09:03:44.141,SOLUSDT,140.01,140.03,18.9494,22.7535
2026-08-26 09:03:44.375,BTCUSDT,59938.54,59950.52,6.6856,15.7487
2026-08-26 09:03:44.555,SOLUSDT,140.08,140.1,15.4094,15.8158
2026-08-26 09:03:44.612,SOLUSDT,140.1,140.12,15.4267,20.1409
2026-08-26 09:03:44.677,SOLUSDT,139.86,139.88,0.1965,0.4097
2026-08-26 09:03:44.803,ETHUSDT,2995.76,2996.36,0.3508,0.2418
2026-08-26 09:03:45.081,SOLUSDT,140.06,140.08,0.2813,0.4932
2026-08-26 09:03:45.313,SOLUSDT,139.94,139.96,0.2401,0.2138
2026-08-26 09:03:45.400,ETHUSDT,2995.12,2995.72,0.1421,0.3066
2026-08-26 09:03:45.564,SOLUSDT,139.75,139.77,0.4314,0.1328
2026-08-26 09:03:45.763,BTCUSDT,59958.15,59970.15,0.3707,0.2611
2026-08-26 09:03:45.854,ETHUSDT,3002.93,3003.53,0.4986,0.3756
2026-08-26 09:03:46.081,BTCUSDT,60066.05,60078.07,0.2939,0.2831
2026-08-26 09:03:46.285,BTCUSDT,60010.98,60022.98,0.2893,0.3986
2026-08-26 09:03:46.430,ETHUSDT,3000.18,3000.78,0.1483,0.3287
2026-08-26 09:03:46.630,ETHUSDT,2998.6,2999.2,14.7185,20.8241
2026-08-26 09:03:46.726,ETHUSDT,3003.01,3003.61,23.7364,11.1033
2026-08-26 09:03:46.787,SOLUSDT,140.22,140.24,5.0417,15.9507
2026-08-26 09:03:47.037,ETHUSDT,2996.19,2996.79,16.4612,16.3153
2026-08-26 09:03:47.122,ETHUSDT,2996.55,2997.15,21.6892,21.6737
2026-08-26 09:03:47.358,SOLUSDT,140.03,140.05,20.2336,18.3444
2026-08-26 09:03:47.467,ETHUSDT,3004.48,3005.08,20.9962,18.29
2026-08-26 09:03:47.705,ETHUSDT,2997.83,2998.43,15.8199,24.1616
2026-08-26 09:03:47.958,ETHUSDT,2996.47,2997.07,22.3191,19.1442
2026-08-26 09:03:48.057,SOLUSDT,140.11,140.13,16.2209,7.4756
2026-08-26 09:03:48.235,SOLUSDT,139.98,140.0,24.1459,15.4351
2026-08-26 09:03:48.355,BTCUSDT,59905.56,59917.54,18.1651,15.6372
2026-08-26 09:03:48.426,BTCUSDT,59992.06,60004.06,21.5938,21.7783
2026-08-26 09:03:48.481,SOLUSDT,139.94,139.96,13.036,5.8997
2026-08-26 09:03:48.628,ETHUSDT,2995.8,2996.4,8.6102,5.4811
2026-08-26 09:03:48.714,ETHUSDT,3006.06,3006.66,7.2929,6.9867
2026-08-26 09:03:48.937,BTCUSDT,59997.1,60009.1,20.3661,8.0845
2026-08-26 09:03:49.001,BTCUSDT,60005.09,60017.09,17.2895,11.5058
2026-08-26 09:03:49.117,ETHUSDT,3003.64,3004.24,6.9749,7.8492
2026-08-26 09:03:49.227,ETHUSDT,3002.18,3002.78,6.0376,9.7925
2026-08-26 09:03:49.418,ETHUSDT,2997.79,2998.39,23.9871,10.3858
2026-08-26 09:03:49.694,ETHUSDT,2994.2,2994.8,14.6834,13.1499
2026-08-26 09:03:49.939,BTCUSDT,59920.64,59932.62,16.0815,16.7235
2026-08-26 09:03:50.151,SOLUSDT,140.0,140.02,11.0923,13.1349
2026-08-26 09:03:50.244,SOLUSDT,139.93,139.95,20.6576,7.8473
2026-08-26 09:03:50.502,BTCUSDT,60064.94,60076.96,24.227,16.103
2026-08-26 09:03:50.787,ETHUSDT,2995.26,2995.86,18.0612,8.3476
2026-08-26 09:03:50.926,ETHUSDT,3000.3,3000.9,16.9574,21.7898
2026-08-26 09:03:51.165,SOLUSDT,140.13,140.15,16.7032,15.2066
2026-08-26 09:03:51.250,SOLUSDT,140.05,140.07,11.0128,12.9061
2026-08-26 09:03:51.505,SOLUSDT,139.99,140.01,22.5656,9.217
2026-08-26 09:03:51.624,ETHUSDT,3002.06,3002.66,17.7034,24.5928
2026-08-26 09:03:51.678,BTCUSDT,59969.09,59981.09,11.8326,14.196
2026-08-26 09:03:51.958,SOLUSDT,140.02,140.04,17.9289,5.041
2026-08-26 09:03:52.203,BTCUSDT,60038.08,60050.08,13.2633,22.9054
2026-08-26 09:03:52.260,ETHUSDT,3000.95,3001.55,20.7461,17.9819
2026-08-26 09:03:52.521,SOLUSDT,140.12,140.14,18.4449,12.0599
2026-08-26 09:03:52.573,SOLUSDT,139.79,139.81,12.735,21.7829
2026-08-26 09:03:52.813,BTCUSDT,59937.14,59949.12,12.4096,8.8598
2026-08-26 09:03:53.071,BTCUSDT,59908.93,59920.91,18.6111,19.184
2026-08-26 09:03:53.368,SOLUSDT,139.9,139.92,21.1683,9.423
2026-08-26 09:03:53.471,ETHUSDT,2997.62,2998.22,10.6151,23.0902
2026-08-26 09:03:53.592,BTCUSDT,60016.2,60028.2,24.6853,17.7687
2026-08-26 09:03:53.814,SOLUSDT,139.83,139.85,8.4095,8.8754
2026-08-26 09:03:53.930,SOLUSDT,139.99,140.01,6.3072,7.5649
2026-08-26 09:03:54.197,SOLUSDT,139.91,139.93,22.6201,19.578
2026-08-26 09:03:54.311,SOLUSDT,139.93,139.95,24.839,18.8597
2026-08-26 09:03:54.527,SOLUSDT,140.05,140.07,5.0391,13.5423
2026-08-26 09:03:54.751,BTCUSDT,60015.85,60027.85,13.651,24.9021
2026-08-26 09:03:54.985,SOLUSDT,139.99,140.01,14.9115,15.3451
2026-08-26 09:03:55.036,BTCUSDT,59950.32,59962.32,10.5587,13.4012
2026-08-26 09:03:55.274,ETHUSDT,3000.72,3001.32,11.6941,22.602
2026-08-26 09:03:55.408,BTCUSDT,60029.43,60041.43,24.1555,23.3399
2026-08-26 09:03:55.664,ETHUSDT,2998.42,2999.02,17.5199,6.9345
2026-08-26 09:03:55.959,BTCUSDT,60046.33,60058.35,21.8102,9.9431
2026-08-26 09:03:56.027,ETHUSDT,2998.6,2999.2,21.4327,15.3935
2026-08-26 09:03:56.098,SOLUSDT,139.97,139.99,20.282,17.507
2026-08-26 09:03:56.348,BTCUSDT,60056.99,60069.01,12.5479,22.8017
2026-08-26 09:03:56.558,BTCUSDT,60067.74,60079.76,23.3823,13.8384
2026-08-26 09:03:56.825,ETHUSDT,3005.12,3005.72,7.0366,6.1158
2026-08-26 09:03:57.028,ETHUSDT,2999.24,2999.84,6.9166,20.0393
2026-08-26 09:03:57.236,SOLUSDT,140.03,140.05,14.0682,14.2842
2026-08-26 09:03:57.402,SOLUSDT,140.14,140.16,11.7923,23.7517
2026-08-26 09:03:57.634,SOLUSDT,140.08,140.1,16.7563,7.1601
2026-08-26 09:03:57.774,BTCUSDT,59980.64,59992.64,23.0874,7.5196
2026-08-26 09:03:58.028,ETHUSDT,3000.26,3000.86,19.4925,13.8925
2026-08-26 09:03:58.244,BTCUSDT,59943.79,59955.77,7.5536,16.6904
2026-08-26 09:03:58.414,ETHUSDT,2997.51,2998.11,16.6733,15.8229
2026-08-26 09:03:58.632,ETHUSDT,2999.82,3000.42,10.8213,24.4054
2026-08-26 09:03:58.901,SOLUSDT,139.81,139.83,6.1464,15.1422
2026-08-26 09:03:59.002,BTCUSDT,59984.51,59996.51,11.8763,24.5302
2026-08-26 09:03:59.171,BTCUSDT,59995.46,60007.46,8.7871,14.5145
2026-08-26 09:03:59.297,SOLUSDT,139.98,140.0,22.0402,16.3219
2026-08-26 09:03:59.357,ETHUSDT,3004.94,3005.54,8.2456,14.086
2026-08-26 09:03:59.526,ETHUSDT,3001.45,3002.05,23.3991,17.7753
2026-08-26 09:03:59.660,SOLUSDT,140.25,140.27,9.7804,19.6917
2026-08-26 09:03:59.802,SOLUSDT,139.87,139.89,9.1063,8.6849
2026-08-26 09:03:59.964,BTCUSDT,59893.68,59905.66,12.1577,16.0938
2026-08-26 09:04:00.058,BTCUSDT,59986.68,59998.68,5.8781,5.5937
2026-08-26 09:04:00.153,BTCUSDT,59969.48,59981.48,19.3767,11.7963
2026-08-26 09:04:00.415,BTCUSDT,60025.28,60037.28,8.5215,10.2358
2026-08-26 09:04:00.704,SOLUSDT,139.95,139.97,12.5785,20.7483
2026-08-26 09:04:00.797,BTCUSDT,59983.11,59995.11,14.1241,12.3928
2026-08-26 09:04:01.083,SOLUSDT,139.78,139.8,22.5678,6.3076
2026-08-26 09:04:01.286,BTCUSDT,60013.75,60025.75,8.8336,12.5639
2026-08-26 09:04:01.554,ETHUSDT,2998.34,2998.94,23.4203,20.2616
2026-08-26 09:04:01.807,SOLUSDT,139.71,139.73,20.7918,11.5536
2026-08-26 09:04:01.910,ETHUSDT,2999.78,3000.38,22.0301,24.3677
2026-08-26 09:04:02.002,SOLUSDT,139.99,140.01,20.6933,20.8199
2026-08-26 09:04:02.179,SOLUSDT,139.76,139.78,20.0262,17.9014
2026-08-26 09:04:02.352,SOLUSDT,140.17,140.19,8.58,19.2497
2026-08-26 09:04:02.604,SOLUSDT,139.92,139.94,14.4752,16.6237
2026-08-26 09:04:02.714,SOLUSDT,139.92,139.94,9.144,22.8977
2026-08-26 09:04:03.003,ETHUSDT,2997.33,2997.93,11.12,22.7742
2026-08-26 09:04:03.166,ETHUSDT,3001.11,3001.71,16.011,7.6866
2026-08-26 09:04:03.302,SOLUSDT,139.95,139.97,9.6036,5.8229
2026-08-26 09:04:03.433,ETHUSDT,2999.44,3000.04,14.351,13.1791
2026-08-26 09:04:03.502,ETHUSDT,2996.52,2997.12,5.4944,13.8338
2026-08-26 09:04:03.572,ETHUSDT,2998.05,2998.65,10.8904,15.0353
2026-08-26 09:04:03.673,ETHUSDT,3000.66,3001.26,6.9682,6.427
2026-08-26 09:04:03.919,ETHUSDT,3003.61,3004.21,18.5021,10.0005
2026-08-26 09:04:04.187,SOLUSDT,140.02,140.04,8.8128,17.0807
2026-08-26 09:04:04.437,SOLUSDT,139.94,139.96,5.1707,10.9895
2026-08-26 09:04:04.654,ETHUSDT,2997.03,2997.63,21.4372,20.1561
2026-08-26 09:04:04.757,SOLUSDT,139.77,139.79,22.3093,9.5516
2026-08-26 09:04:04.991,ETHUSDT,2997.1,2997.7,15.3165,20.7195
2026-08-26 09:04:05.238,ETHUSDT,2993.79,2994.39,20.8383,11.2615
2026-08-26 09:04:05.383,SOLUSDT,140.17,140.19,9.1917,13.9994
2026-08-26 09:04:05.601,BTCUSDT,59999.86,60011.86,11.1114,19.7561
2026-08-26 09:04:05.727,ETHUSDT,2999.42,3000.02,0.1902,0.2703
2026-08-26 09:04:05.922,ETHUSDT,2998.55,2999.15,0.327,0.1129
2026-08-26 09:04:05.999,SOLUSDT,139.97,139.99,0.4921,0.1817
2026-08-26 09:04:06.260,ETHUSDT,2998.5,2999.1,0.3556,0.2219
2026-08-26 09:04:06.384,SOLUSDT,140.03,140.05,0.1107,0.1796
2026-08-26 09:04:06.534,SOLUSDT,139.9,139.92,0.2819,0.2475
2026-08-26 09:04:06.636,BTCUSDT,60064.29,60076.31,0.1517,0.2674
2026-08-26 09:04:06.765,BTCUSDT,60064.9,60076.92,0.2239,0.4272
2026-08-26 09:04:06.831,SOLUSDT,140.06,140.08,0.301,0.3739
2026-08-26 09:04:07.069,ETHUSDT,3002.81,3003.41,0.3103,0.4641
2026-08-26 09:04:07.219,BTCUSDT,59908.63,59920.61,0.3585,0.4676
2026-08-26 09:04:07.379,SOLUSDT,140.16,140.18,13.3011,8.5916
2026-08-26 09:04:07.529,ETHUSDT,2998.87,2999.47,23.2167,8.6689
2026-08-26 09:04:07.739,SOLUSDT,140.13,140.15,9.7939,22.4108
2026-08-26 09:04:08.019,SOLUSDT,139.85,139.87,18.3331,6.3349
2026-08-26 09:04:08.163,BTCUSDT,59985.0,59997.0,13.2256,20.2372
2026-08-26 09:04:08.255,BTCUSDT,59974.32,59986.32,15.0879,20.5902
2026-08-26 09:04:08.482,ETHUSDT,2998.6,2999.2,15.1213,14.2433
2026-08-26 09:04:08.633,SOLUSDT,139.91,139.93,12.6231,19.9191
2026-08-26 09:04:08.854,BTCUSDT,59966.88,59978.88,10.0121,19.182
2026-08-26 09:04:08.966,SOLUSDT,139.84,139.86,14.6952,6.3647
2026-08-26 09:04:09.059,SOLUSDT,140.03,140.05,7.8051,21.4085
2026-08-26 09:04:09.152,BTCUSDT,60086.71,60098.73,8.5447,7.483
2026-08-26 09:04:09.257,BTCUSDT,59928.17,59940.15,18.5477,8.0699
2026-08-26 09:04:09.319,SOLUSDT,140.04,140.06,22.8538,15.646
2026-08-26 09:04:09.370,SOLUSDT,140.12,140.14,12.8124,11.1665
2026-08-26 09:04:09.481,BTCUSDT,59979.58,59991.58,20.3423,23.5764
2026-08-26 09:04:09.741,BTCUSDT,60012.1,60024.1,5.3208,5.5589
2026-08-26 09:04:10.003,BTCUSDT,60011.84,60023.84,9.4114,22.6457
2026-08-26 09:04:10.261,SOLUSDT,139.68,139.7,19.4802,5.8803
2026-08-26 09:04:10.449,ETHUSDT,3004.24,3004.84,16.2411,8.791
2026-08-26 09:04:10.543,ETHUSDT,2997.3,2997.9,7.4161,9.2756
2026-08-26 09:04:10.649,BTCUSDT,60065.61,60077.63,18.0799,5.2396
2026-08-26 09:04:10.754,BTCUSDT,60077.6,60089.62,17.9989,12.3796
2026-08-26 09:04:10.986,ETHUSDT,2998.7,2999.3,20.3509,14.9915
2026-08-26 09:04:11.197,SOLUSDT,140.22,140.24,10.0388,6.8949
2026-08-26 09:04:11.332,SOLUSDT,139.89,139.91,18.558,24.4473
2026-08-26 09:04:11.386,BTCUSDT,60029.15,60041.15,24.5604,18.3274
2026-08-26 09:04:11.586,SOLUSDT,139.9,139.92,12.6474,17.8118
2026-08-26 09:04:11.715,SOLUSDT,139.78,139.8,9.6521,17.327
2026-08-26 09:04:11.860,BTCUSDT,59940.96,59952.94,20.1449,17.3953
2026-08-26 09:04:11.970,ETHUSDT,3005.27,3005.87,9.0402,12.515
2026-08-26 09:04:12.184,SOLUSDT,139.84,139.86,19.7851,11.5738
2026-08-26 09:04:12.450,BTCUSDT,60051.61,60063.63,17.9609,10.7691
2026-08-26 09:04:12.734,SOLUSDT,140.06,140.08,11.8546,9.1163
2026-08-26 09:04:13.007,SOLUSDT,140.11,140.13,21.029,18.9256
2026-08-26 09:04:13.182,ETHUSDT,2994.12,2994.72,8.6709,17.5957
2026-08-26 09:04:13.264,BTCUSDT,59973.03,59985.03,6.0421,24.8403
2026-08-26 09:04:13.374,BTCUSDT,59895.27,59907.25,16.8526,21.6244
2026-08-26 09:04:13.474,SOLUSDT,139.93,139.95,13.5248,14.3415
2026-08-26 09:04:13.638,BTCUSDT,59999.82,60011.82,8.5287,9.9794
2026-08-26 09:04:13.936,SOLUSDT,139.95,139.97,10.4372,20.6258
2026-08-26 09:04:14.142,ETHUSDT,3000.64,3001.24,12.5543,14.4143
2026-08-26 09:04:14.197,SOLUSDT,139.91,139.93,20.2065,21.3921
2026-08-26 09:04:14.399,ETHUSDT,3001.59,3002.19,22.0808,20.1772
2026-08-26 09:04:14.527,SOLUSDT,139.89,139.91,16.057,8.514
2026-08-26 09:04:14.611,ETHUSDT,3000.7,3001.3,12.5029,17.1205
2026-08-26 09:04:14.881,SOLUSDT,139.9,139.92,8.9143,23.3226
2026-08-26 09:04:15.179,SOLUSDT,140.34,140.36,14.8291,23.5138
2026-08-26 09:04:15.247,SOLUSDT,139.93,139.95,12.6807,11.1562
2026-08-26 09:04:15.338,ETHUSDT,2999.93,3000.53,24.8494,7.4896
2026-08-26 09:04:15.477,BTCUSDT,60028.09,60040.09,24.1419,20.4254
2026-08-26 09:04:15.625,SOLUSDT,139.96,139.98,17.6996,12.3636
2026-08-26 09:04:15.836,ETHUSDT,3000.43,3001.03,9.8471,5.6902
2026-08-26 09:04:16.002,SOLUSDT,139.92,139.94,18.9494,17.9067
2026-08-26 09:04:16.267,SOLUSDT,140.26,140.28,10.0858,17.043
2026-08-26 09:04:16.415,BTCUSDT,60020.61,60032.61,7.3346,6.8461
2026-08-26 09:04:16.677,ETHUSDT,2993.5,2994.1,15.3707,8.7765
2026-08-26 09:04:16.953,ETHUSDT,2999.61,3000.21,18.8367,15.0129
2026-08-26 09:04:17.225,ETHUSDT,3004.63,3005.23,19.6787,20.0492
2026-08-26 09:04:17.311,BTCUSDT,60137.44,60149.46,17.7236,20.5338
2026-08-26 09:04:17.404,ETHUSDT,2991.59,2992.19,23.6003,12.9594
2026-08-26 09:04:17.560,ETHUSDT,2997.55,2998.15,6.9374,20.4749
2026-08-26 09:04:17.790,SOLUSDT,139.85,139.87,19.6608,8.4127
2026-08-26 09:04:17.985,BTCUSDT,60064.64,60076.66,14.7294,15.0523
2026-08-26 09:04:18.084,BTCUSDT,59962.94,59974.94,9.0188,19.9983
2026-08-26 09:04:18.296,ETHUSDT,3004.75,3005.35,13.8146,23.2594
2026-08-26 09:04:18.433,BTCUSDT,59953.28,59965.28,10.8625,12.5546
2026-08-26 09:04:18.498,BTCUSDT,60007.04,60019.04,14.5579,18.4561
2026-08-26 09:04:18.602,ETHUSDT,3004.5,3005.1,18.3064,20.7841
2026-08-26 09:04:18.720,SOLUSDT,139.89,139.91,12.5133,15.4015
2026-08-26 09:04:18.944,ETHUSDT,2997.27,2997.87,20.1382,17.0874
2026-08-26 09:04:19.090,ETHUSDT,3002.32,3002.92,21.3369,23.8198
2026-08-26 09:04:19.140,SOLUSDT,139.76,139.78,24.5061,22.4615
2026-08-26 09:04:19.344,ETHUSDT,3000.28,3000.88,19.5044,22.7594
2026-08-26 09:04:19.509,BTCUSDT,59987.74,59999.74,24.0212,20.0288
2026-08-26 09:04:19.722,SOLUSDT,140.02,140.04,15.2983,18.2046
2026-08-26 09:04:19.960,ETHUSDT,2996.64,2997.24,17.6755,22.4687
2026-08-26 09:04:20.213,ETHUSDT,2998.2,2998.8,9.6712,14.6907
2026-08-26 09:04:20.431,BTCUSDT,60038.99,60050.99,13.5583,23.6297
2026-08-26 09:04:20.517,SOLUSDT,139.93,139.95,19.6856,10.8773
2026-08-26 09:04:20.739,SOLUSDT,140.02,140.04,7.5572,20.9364
2026-08-26 09:04:20.958,SOLUSDT,139.86,139.88,8.3611,13.9257
2026-08-26 09:04:21.187,SOLUSDT,139.77,139.79,9.8671,8.4087
2026-08-26 09:04:21.474,BTCUSDT,59988.42,60000.42,13.6979,19.3153
2026-08-26 09:04:21.645,ETHUSDT,2998.53,2999.13,20.3262,9.4075
2026-08-26 09:04:21.820,SOLUSDT,139.93,139.95,18.3095,23.4547
2026-08-26 09:04:22.023,BTCUSDT,60072.66,60084.68,22.4388,23.6356
2026-08-26 09:04:22.170,BTCUSDT,59998.79,60010.79,12.5402,19.3489
2026-08-26 09:04:22.242,SOLUSDT,140.15,140.17,21.1689,9.471
2026-08-26 09:04:22.533,BTCUSDT,60004.02,60016.02,11.8048,16.844
2026-08-26 09:04:22.771,BTCUSDT,59987.19,59999.19,7.5483,11.2674
2026-08-26 09:04:23.071,BTCUSDT,60055.05,60067.07,6.2377,15.7121
2026-08-26 09:04:23.153,ETHUSDT,3001.49,3002.09,20.4256,20.9504
2026-08-26 09:04:23.283,SOLUSDT,139.97,139.99,7.1317,5.1838
2026-08-26 09:04:23.486,BTCUSDT,60075.05,60087.07,21.7443,14.9967
2026-08-26 09:04:23.544,ETHUSDT,3003.34,3003.94,19.9412,21.9825
2026-08-26 09:04:23.811,SOLUSDT,139.96,139.98,11.1778,24.8067
2026-08-26 09:04:24.108,SOLUSDT,139.9,139.92,17.6215,9.3141
2026-08-26 09:04:24.211,ETHUSDT,3004.38,3004.98,24.6229,11.6629
2026-08-26 09:04:24.306,SOLUSDT,139.87,139.89,19.0081,6.0513
2026-08-26 09:04:24.396,ETHUSDT,2998.97,2999.57,10.982,21.3002
2026-08-26 09:04:24.639,BTCUSDT,59924.51,59936.49,11.7482,18.558
2026-08-26 09:04:24.925,ETHUSDT,3002.57,3003.17,6.4365,19.5351
2026-08-26 09:04:25.196,BTCUSDT,60095.05,60107.07,6.9464,11.4684
2026-08-26 09:04:25.424,BTCUSDT,59949.89,59961.89,14.1507,8.2739
2026-08-26 09:04:25.524,ETHUSDT,2998.85,2999.45,22.9444,9.1953
2026-08-26 09:04:25.775,SOLUSDT,139.98,140.0,12.2445,22.1228
2026-08-26 09:04:26.062,BTCUSDT,60009.37,60021.37,24.008,13.5422
2026-08-26 09:04:26.142,BTCUSDT,60016.88,60028.88,12.1117,14.4775
2026-08-26 09:04:26.253,SOLUSDT,139.66,139.68,0.3374,0.4879
2026-08-26 09:04:26.506,ETHUSDT,2998.16,2998.76,0.2211,0.3385
2026-08-26 09:04:26.650,SOLUSDT,139.88,139.9,0.4111,0.446
2026-08-26 09:04:26.850,BTCUSDT,59991.93,60003.93,0.1467,0.1488
2026-08-26 09:04:27.065,SOLUSDT,139.96,139.98,0.2095,0.3981
2026-08-26 09:04:27.252,SOLUSDT,140.03,140.05,0.2193,0.1501
2026-08-26 09:04:27.427,BTCUSDT,59882.29,59894.27,0.4251,0.1079
2026-08-26 09:04:27.654,BTCUSDT,60000.74,60012.74,0.4014,0.183
2026-08-26 09:04:27.745,BTCUSDT,59936.93,59948.91,0.3219,0.4202
2026-08-26 09:04:27.934,BTCUSDT,59957.77,59969.77,0.4406,0.114
2026-08-26 09:04:28.215,BTCUSDT,59984.83,59996.83,0.4908,0.3633
2026-08-26 09:04:28.498,ETHUSDT,3004.22,3004.82,7.7971,14.8089
2026-08-26 09:04:28.557,ETHUSDT,2999.18,2999.78,18.7586,18.2523
2026-08-26 09:04:28.761,BTCUSDT,60012.42,60024.42,10.9942,21.6526
2026-08-26 09:04:28.919,SOLUSDT,140.13,140.15,16.8357,10.5479
2026-08-26 09:04:29.085,BTCUSDT,59963.45,59975.45,10.2135,17.9954
2026-08-26 09:04:29.187,BTCUSDT,59927.53,59939.51,18.5305,23.804
2026-08-26 09:04:29.332,BTCUSDT,59990.21,60002.21,24.9072,18.9361
2026-08-26 09:04:29.493,SOLUSDT,140.12,140.14,13.3937,8.0698
2026-08-26 09:04:29.679,ETHUSDT,2998.21,2998.81,24.2804,9.95
2026-08-26 09:04:29.814,BTCUSDT,60038.08,60050.08,6.3192,17.8035
2026-08-26 09:04:29.960,ETHUSDT,3001.41,3002.01,22.3771,9.5153
2026-08-26 09:04:30.144,BTCUSDT,60030.28,60042.28,24.0357,20.6547
2026-08-26 09:04:30.283,SOLUSDT,139.9,139.92,16.7765,21.136
2026-08-26 09:04:30.376,SOLUSDT,139.83,139.85,16.0308,17.1493
2026-08-26 09:04:30.627,ETHUSDT,2996.32,2996.92,8.6134,21.1217
2026-08-26 09:04:30.808,SOLUSDT,140.05,140.07,14.5372,7.5514
2026-08-26 09:04:30.926,SOLUSDT,140.07,140.09,18.1513,7.8534
2026-08-26 09:04:31.156,BTCUSDT,59895.46,59907.44,19.15,9.9822
2026-08-26 09:04:31.279,ETHUSDT,2994.29,2994.89,13.7792,12.08
2026-08-26 09:04:31.387,ETHUSDT,2998.69,2999.29,15.4119,19.3693
2026-08-26 09:04:31.460,ETHUSDT,3003.24,3003.84,23.9491,13.1303
2026-08-26 09:04:31.657,SOLUSDT,139.78,139.8,6.5339,9.8007
2026-08-26 09:04:31.930,BTCUSDT,59994.51,60006.51,19.8682,16.0832
2026-08-26 09:04:32.107,BTCUSDT,59957.4,59969.4,18.5407,23.6488
2026-08-26 09:04:32.347,SOLUSDT,139.82,139.84,13.1094,17.3257
2026-08-26 09:04:32.586,BTCUSDT,60084.6,60096.62,19.0518,19.9934
2026-08-26 09:04:32.861,SOLUSDT,140.11,140.13,17.1475,24.2929
2026-08-26 09:04:33.001,SOLUSDT,139.89,139.91,8.4963,12.341
2026-08-26 09:04:33.137,BTCUSDT,60125.76,60137.78,14.9102,8.4097
2026-08-26 09:04:33.261,SOLUSDT,140.06,140.08,21.6345,22.0155
2026-08-26 09:04:33.456,ETHUSDT,2996.43,2997.03,10.8709,9.2613
2026-08-26 09:04:33.637,ETHUSDT,3001.57,3002.17,23.4611,23.5822
2026-08-26 09:04:33.688,BTCUSDT,59940.74,59952.72,22.8499,21.967
2026-08-26 09:04:33.965,SOLUSDT,140.07,140.09,11.571,12.0779
2026-08-26 09:04:34.065,SOLUSDT,139.95,139.97,13.0414,5.1773
2026-08-26 09:04:34.311,BTCUSDT,59958.21,59970.21,13.2144,23.2622
2026-08-26 09:04:34.470,SOLUSDT,140.12,140.14,9.5219,12.9072
2026-08-26 09:04:34.561,BTCUSDT,59920.75,59932.73,7.1739,13.7714
2026-08-26 09:04:34.792,BTCUSDT,59987.92,59999.92,19.9418,5.1162
2026-08-26 09:04:35.032,BTCUSDT,59866.59,59878.57,8.7913,5.8051
2026-08-26 09:04:35.252,ETHUSDT,3002.62,3003.22,8.2063,8.9798
2026-08-26 09:04:35.484,ETHUSDT,2997.87,2998.47,13.4219,16.0025
2026-08-26 09:04:35.719,BTCUSDT,60030.34,60042.34,20.0218,20.6067
2026-08-26 09:04:35.801,SOLUSDT,140.16,140.18,7.6284,24.1536
2026-08-26 09:04:36.024,BTCUSDT,59902.38,59914.36,15.0,20.3477
2026-08-26 09:04:36.148,ETHUSDT,2997.66,2998.26,24.5288,19.7486
2026-08-26 09:04:36.384,ETHUSDT,2995.6,2996.2,6.6523,13.579
2026-08-26 09:04:36.613,SOLUSDT,139.82,139.84,9.9893,20.3346
2026-08-26 09:04:36.842,BTCUSDT,60037.92,60049.92,8.9682,19.1292
2026-08-26 09:04:36.930,SOLUSDT,139.87,139.89,8.7734,22.0974
2026-08-26 09:04:37.217,BTCUSDT,60017.01,60029.01,7.6459,5.7673
2026-08-26 09:04:37.364,BTCUSDT,59931.3,59943.28,5.3532,8.9929
2026-08-26 09:04:37.523,ETHUSDT,2998.69,2999.29,19.0032,24.6025
2026-08-26 09:04:37.641,ETHUSDT,2996.95,2997.55,15.1973,17.8775
2026-08-26 09:04:37.920,ETHUSDT,3002.81,3003.41,23.86,19.2317
2026-08-26 09:04:38.024,BTCUSDT,59886.73,59898.71,5.8178,6.0426
2026-08-26 09:04:38.138,ETHUSDT,2996.24,2996.84,10.6032,17.1304
2026-08-26 09:04:38.362,ETHUSDT,3004.37,3004.97,11.6856,7.2306
2026-08-26 09:04:38.611,SOLUSDT,139.95,139.97,11.6242,19.8258
2026-08-26 09:04:38.683,SOLUSDT,140.12,140.14,9.765,10.5189
2026-08-26 09:04:38.980,BTCUSDT,59995.64,60007.64,17.5912,17.0367
2026-08-26 09:04:39.271,SOLUSDT,139.98,140.0,8.8586,13.9154
2026-08-26 09:04:39.457,SOLUSDT,140.0,140.02,11.0295,14.484
2026-08-26 09:04:39.571,SOLUSDT,139.97,139.99,5.8762,8.8341
2026-08-26 09:04:39.854,SOLUSDT,140.09,140.11,22.8983,13.9696
2026-08-26 09:04:40.106,ETHUSDT,3001.45,3002.05,14.6564,15.4753
2026-08-26 09:04:40.167,BTCUSDT,59944.52,59956.52,16.9831,18.9341
2026-08-26 09:04:40.318,SOLUSDT,140.13,140.15,20.8878,18.8761
2026-08-26 09:04:40.567,ETHUSDT,2999.8,3000.4,8.3104,20.0146
2026-08-26 09:04:40.763,ETHUSDT,2997.29,2997.89,17.1444,9.1385
2026-08-26 09:04:40.994,BTCUSDT,60002.12,60014.12,22.5831,20.8129
2026-08-26 09:04:41.185,SOLUSDT,140.05,140.07,11.0682,9.4067
2026-08-26 09:04:41.398,BTCUSDT,60116.51,60128.53,9.4786,15.6713
2026-08-26 09:04:41.612,BTCUSDT,60015.67,60027.67,23.545,10.4087
2026-08-26 09:04:41.816,BTCUSDT,60005.88,60017.88,15.6919,5.028
2026-08-26 09:04:42.050,ETHUSDT,2997.85,2998.45,6.6649,19.1092
2026-08-26 09:04:42.260,BTCUSDT,60029.12,60041.12,22.9667,10.8979
2026-08-26 09:04:42.558,BTCUSDT,60014.3,60026.3,9.3856,24.3045
2026-08-26 09:04:42.673,BTCUSDT,59912.56,59924.54,19.452,18.7623
2026-08-26 09:04:42.871,SOLUSDT,139.97,139.99,21.3369,9.4128
2026-08-26 09:04:43.015,SOLUSDT,140.12,140.14,8.1128,9.6345
2026-08-26 09:04:43.285,BTCUSDT,60073.25,60085.27,6.8738,8.6303
2026-08-26 09:04:43.407,BTCUSDT,60044.8,60056.82,16.3932,23.8671
2026-08-26 09:04:43.612,BTCUSDT,59966.62,59978.62,8.2584,8.5547
2026-08-26 09:04:43.827,BTCUSDT,59990.34,60002.34,7.8704,13.5279
2026-08-26 09:04:43.880,ETHUSDT,2999.53,3000.13,19.4861,7.7458
2026-08-26 09:04:44.125,SOLUSDT,139.72,139.74,12.5575,5.4143
2026-08-26 09:04:44.415,SOLUSDT,140.02,140.04,7.6436,20.4024
2026-08-26 09:04:44.603,SOLUSDT,139.84,139.86,20.848,5.1879
2026-08-26 09:04:44.847,SOLUSDT,140.12,140.14,22.0544,6.6993
2026-08-26 09:04:44.959,SOLUSDT,139.87,139.89,21.3093,11.1477
2026-08-26 09:04:45.035,BTCUSDT,60009.88,60021.88,17.5497,7.4615
2026-08-26 09:04:45.085,SOLUSDT,139.68,139.7,7.0513,22.7291
2026-08-26 09:04:45.208,BTCUSDT,60025.76,60037.76,9.5335,12.7077
2026-08-26 09:04:45.383,BTCUSDT,59977.65,59989.65,18.7353,19.297
2026-08-26 09:04:45.452,BTCUSDT,59899.29,59911.27,9.4904,24.1293
2026-08-26 09:04:45.731,SOLUSDT,140.09,140.11,7.367,23.4664
2026-08-26 09:04:45.954,BTCUSDT,60064.73,60076.75,8.5614,15.6096
2026-08-26 09:04:46.077,ETHUSDT,3000.0,3000.6,22.8624,18.7432
2026-08-26 09:04:46.194,ETHUSDT,3000.71,3001.31,10.4219,14.985
2026-08-26 09:04:46.443,SOLUSDT,140.03,140.05,20.7771,22.2343
2026-08-26 09:04:46.694,SOLUSDT,139.91,139.93,11.4051,12.812
2026-08-26 09:04:46.781,ETHUSDT,2995.7,2996.3,7.2633,13.5491
2026-08-26 09:04:46.912,BTCUSDT,60077.91,60089.93,24.8954,8.6374
2026-08-26 09:04:47.124,ETHUSDT,3003.19,3003.79,14.6258,24.457
2026-08-26 09:04:47.281,ETHUSDT,2998.67,2999.27,21.0428,18.0791
2026-08-26 09:04:47.389,SOLUSDT,140.05,140.07,15.7749,14.852
2026-08-26 09:04:47.616,ETHUSDT,3001.1,3001.7,16.6193,13.4368
2026-08-26 09:04:47.883,SOLUSDT,140.17,140.19,19.0619,9.7039
2026-08-26 09:04:48.150,BTCUSDT,60052.74,60064.76,0.3233,0.483
2026-08-26 09:04:48.253,BTCUSDT,59966.33,59978.33,0.2842,0.4341
2026-08-26 09:04:48.481,BTCUSDT,60039.39,60051.39,0.3988,0.1469
2026-08-26 09:04:48.571,ETHUSDT,2996.12,2996.72,0.1216,0.1424
2026-08-26 09:04:48.659,BTCUSDT,60011.15,60023.15,0.2461,0.1316
2026-08-26 09:04:48.795,BTCUSDT,59991.96,60003.96,0.3974,0.3992
2026-08-26 09:04:48.973,ETHUSDT,2994.92,2995.52,0.2147,0.1624
2026-08-26 09:04:49.089,BTCUSDT,60019.24,60031.24,0.2586,0.2694
2026-08-26 09:04:49.389,SOLUSDT,139.91,139.93,0.3837,0.2695
2026-08-26 09:04:49.593,BTCUSDT,60017.73,60029.73,0.2602,0.1224
2026-08-26 09:04:49.738,BTCUSDT,59936.56,59948.54,0.291,0.3611
2026-08-26 09:04:49.942,SOLUSDT,140.11,140.13,8.8946,7.168
2026-08-26 09:04:50.046,ETHUSDT,2998.18,2998.78,9.7906,8.2552
2026-08-26 09:04:50.259,SOLUSDT,139.86,139.88,20.1304,11.1824
2026-08-26 09:04:50.453,BTCUSDT,60012.86,60024.86,10.3834,24.5333
2026-08-26 09:04:50.594,ETHUSDT,3001.77,3002.37,5.961,6.8642
2026-08-26 09:04:50.735,ETHUSDT,2999.55,3000.15,15.0043,11.2894
2026-08-26 09:04:50.913,BTCUSDT,59922.79,59934.77,11.6264,22.9302
2026-08-26 09:04:51.181,BTCUSDT,59959.6,59971.6,16.7435,12.6422
2026-08-26 09:04:51.391,BTCUSDT,59983.32,59995.32,8.2245,18.6475
2026-08-26 09:04:51.637,BTCUSDT,59925.4,59937.38,22.688,21.1495
2026-08-26 09:04:51.842,SOLUSDT,139.92,139.94,24.8683,15.0324
2026-08-26 09:04:52.051,SOLUSDT,140.27,140.29,13.9496,7.624
2026-08-26 09:04:52.154,ETHUSDT,2995.54,2996.14,22.8136,20.4835
2026-08-26 09:04:52.228,SOLUSDT,140.13,140.15,24.1603,16.338
2026-08-26 09:04:52.482,BTCUSDT,60024.05,60036.05,20.3263,11.1908
2026-08-26 09:04:52.573,BTCUSDT,59928.56,59940.54,6.8823,11.2744
2026-08-26 09:04:52.804,BTCUSDT,60007.0,60019.0,16.5302,12.0674
2026-08-26 09:04:52.967,ETHUSDT,3004.27,3004.87,24.7229,24.5697
2026-08-26 09:04:53.110,SOLUSDT,139.74,139.76,23.7966,24.4336
2026-08-26 09:04:53.272,ETHUSDT,3000.1,3000.7,13.1807,17.3937
2026-08-26 09:04:53.389,ETHUSDT,2999.4,3000.0,12.4737,18.644
2026-08-26 09:04:53.501,SOLUSDT,140.02,140.04,17.4123,17.8773
2026-08-26 09:04:53.696,SOLUSDT,140.11,140.13,8.0912,7.106
2026-08-26 09:04:53.835,ETHUSDT,3004.05,3004.65,9.461,22.4832
2026-08-26 09:04:53.906,ETHUSDT,2998.09,2998.69,17.8497,23.0025
2026-08-26 09:04:54.007,BTCUSDT,60091.73,60103.75,23.3492,23.4498
2026-08-26 09:04:54.111,ETHUSDT,3002.08,3002.68,6.2894,11.8485
2026-08-26 09:04:54.403,SOLUSDT,139.89,139.91,7.2865,14.0916
2026-08-26 09:04:54.606,ETHUSDT,3004.06,3004.66,17.8043,11.4037
2026-08-26 09:04:54.777,ETHUSDT,2998.18,2998.78,23.7292,12.2299
2026-08-26 09:04:54.935,BTCUSDT,60042.54,60054.54,9.2299,5.4589
2026-08-26 09:04:55.088,ETHUSDT,2998.94,2999.54,17.7137,6.6718
2026-08-26 09:04:55.192,BTCUSDT,59923.39,59935.37,22.4755,14.0284
2026-08-26 09:04:55.351,SOLUSDT,139.94,139.96,8.6816,6.0748
2026-08-26 09:04:55.522,ETHUSDT,3000.33,3000.93,8.2907,11.9855
2026-08-26 09:04:55.718,SOLUSDT,140.16,140.18,24.3118,13.7357
2026-08-26 09:04:55.953,ETHUSDT,3002.76,3003.36,16.2182,22.8756
2026-08-26 09:04:56.193,SOLUSDT,140.18,140.2,11.4747,24.7274
2026-08-26 09:04:56.370,SOLUSDT,140.07,140.09,5.2837,22.93
2026-08-26 09:04:56.604,ETHUSDT,3003.74,3004.34,20.8403,18.4789
2026-08-26 09:04:56.817,BTCUSDT,60019.31,60031.31,23.8665,22.1453
2026-08-26 09:04:57.045,SOLUSDT,140.23,140.25,5.7297,19.9142
2026-08-26 09:04:57.143,SOLUSDT,139.84,139.86,17.0189,9.3227
2026-08-26 09:04:57.271,SOLUSDT,139.89,139.91,12.4051,12.2759
2026-08-26 09:04:57.426,SOLUSDT,140.0,140.02,18.9863,17.9782
2026-08-26 09:04:57.561,ETHUSDT,2998.9,2999.5,21.5637,13.517
2026-08-26 09:04:57.652,BTCUSDT,59997.35,60009.35,14.1765,12.4624
2026-08-26 09:04:57.813,SOLUSDT,139.96,139.98,12.6313,21.9018
2026-08-26 09:04:57.888,SOLUSDT,139.93,139.95,19.0419,23.758
2026-08-26 09:04:57.964,BTCUSDT,60034.3,60046.3,6.7928,5.3285
2026-08-26 09:04:58.184,ETHUSDT,2997.7,2998.3,17.6705,15.0672
2026-08-26 09:04:58.263,ETHUSDT,2998.78,2999.38,9.2374,20.5376
2026-08-26 09:04:58.431,BTCUSDT,60017.18,60029.18,24.011,12.0123
2026-08-26 09:04:58.553,ETHUSDT,2995.36,2995.96,5.1521,12.4929
2026-08-26 09:04:58.775,ETHUSDT,2993.65,2994.25,11.1479,23.0535
2026-08-26 09:04:58.864,BTCUSDT,60098.9,60110.92,23.0037,13.2911
2026-08-26 09:04:58.975,ETHUSDT,2995.52,2996.12,11.7018,24.1832
2026-08-26 09:04:59.230,SOLUSDT,140.03,140.05,8.8532,17.8887
2026-08-26 09:04:59.324,SOLUSDT,140.0,140.02,7.5774,17.7255
2026-08-26 09:04:59.579,ETHUSDT,2996.48,2997.08,15.3455,13.748
2026-08-26 09:04:59.789,BTCUSDT,60008.77,60020.77,17.6288,20.6856
2026-08-26 09:04:59.950,ETHUSDT,2997.63,2998.23,23.974,9.0753
2026-08-26 09:05:00.020,BTCUSDT,60037.11,60049.11,5.5564,19.1515
2026-08-26 09:05:00.232,SOLUSDT,140.07,140.09,5.5058,19.6834
2026-08-26 09:05:00.331,SOLUSDT,140.08,140.1,8.7311,18.0505
2026-08-26 09:05:00.447,SOLUSDT,139.81,139.83,19.5263,21.1419
2026-08-26 09:05:00.660,SOLUSDT,140.09,140.11,10.4993,23.6995
2026-08-26 09:05:00.746,SOLUSDT,139.83,139.85,7.2186,23.544
2026-08-26 09:05:00.888,ETHUSDT,3004.11,3004.71,22.8921,6.8555
2026-08-26 09:05:01.062,BTCUSDT,59953.54,59965.54,7.0134,20.9088
2026-08-26 09:05:01.274,SOLUSDT,139.79,139.81,9.2059,13.3981
2026-08-26 09:05:01.469,ETHUSDT,2995.89,2996.49,8.5961,5.2028
2026-08-26 09:05:01.676,SOLUSDT,140.12,140.14,7.3441,11.8562
2026-08-26 09:05:01.775,SOLUSDT,140.05,140.07,8.1678,19.8339
2026-08-26 09:05:01.880,SOLUSDT,140.01,140.03,15.7191,15.3599
2026-08-26 09:05:01.951,ETHUSDT,3003.56,3004.16,22.9714,5.59
2026-08-26 09:05:02.090,SOLUSDT,140.07,140.09,10.3518,14.6315
2026-08-26 09:05:02.382,SOLUSDT,139.98,140.0,14.3409,21.1802
2026-08-26 09:05:02.615,ETHUSDT,2997.87,2998.47,10.0019,8.9575
2026-08-26 09:05:02.707,ETHUSDT,2998.31,2998.91,7.0579,20.8631
2026-08-26 09:05:02.826,BTCUSDT,60137.29,60149.31,13.6694,13.9232
2026-08-26 09:05:02.971,ETHUSDT,2999.81,3000.41,17.1459,13.5863
2026-08-26 09:05:03.085,SOLUSDT,140.13,140.15,13.9881,22.789
2026-08-26 09:05:03.382,SOLUSDT,139.71,139.73,10.8695,21.5337
2026-08-26 09:05:03.541,SOLUSDT,140.02,140.04,12.9661,7.293
2026-08-26 09:05:03.628,BTCUSDT,59988.71,60000.71,9.9064,9.3037
2026-08-26 09:05:03.732,ETHUSDT,2996.56,2997.16,5.1927,18.7658
2026-08-26 09:05:03.936,ETHUSDT,2996.45,2997.05,22.9749,16.2328
2026-08-26 09:05:04.212,BTCUSDT,59946.55,59958.55,7.0584,10.561
2026-08-26 09:05:04.373,SOLUSDT,140.1,140.12,16.479,17.9254
2026-08-26 09:05:04.434,ETHUSDT,2999.7,3000.3,8.963,5.9932
2026-08-26 09:05:04.635,ETHUSDT,2998.04,2998.64,7.3852,14.0557
2026-08-26 09:05:04.904,ETHUSDT,2997.1,2997.7,16.5283,10.7007
2026-08-26 09:05:05.057,SOLUSDT,140.07,140.09,23.2329,10.6873
2026-08-26 09:05:05.319,BTCUSDT,59961.91,59973.91,11.7478,5.3254
2026-08-26 09:05:05.511,ETHUSDT,3003.25,3003.85,10.4935,20.0738
2026-08-26 09:05:05.677,ETHUSDT,2995.89,2996.49,17.2464,12.8665
2026-08-26 09:05:05.784,ETHUSDT,3000.48,3001.08,21.8615,23.7541
2026-08-26 09:05:06.019,BTCUSDT,59923.03,59935.01,7.7747,24.8708
2026-08-26 09:05:06.163,ETHUSDT,2998.49,2999.09,8.4038,8.8232
2026-08-26 09:05:06.413,SOLUSDT,140.08,140.1,23.6822,22.3603
2026-08-26 09:05:06.639,BTCUSDT,60058.7,60070.72,5.9601,11.0858
2026-08-26 09:05:06.806,SOLUSDT,139.84,139.86,10.3982,8.4068
2026-08-26 09:05:07.073,BTCUSDT,59973.65,59985.65,11.3867,7.96
2026-08-26 09:05:07.245,ETHUSDT,3007.97,3008.57,18.3647,15.4353
2026-08-26 09:05:07.352,SOLUSDT,139.98,140.0,24.527,11.4382
2026-08-26 09:05:07.615,BTCUSDT,59978.06,59990.06,20.324,19.2276
2026-08-26 09:05:07.719,BTCUSDT,59940.94,59952.92,18.8993,6.5029
2026-08-26 09:05:07.856,BTCUSDT,60023.17,60035.17,14.363,12.7012
2026-08-26 09:05:08.140,BTCUSDT,59948.95,59960.95,0.4042,0.2247
2026-08-26 09:05:08.292,BTCUSDT,59871.37,59883.35,0.4667,0.2542
2026-08-26 09:05:08.379,BTCUSDT,59942.38,59954.36,0.2111,0.1657
2026-08-26 09:05:08.598,ETHUSDT,2997.27,2997.87,0.398,0.1962
2026-08-26 09:05:08.749,SOLUSDT,140.08,140.1,0.2408,0.1473
2026-08-26 09:05:08.986,SOLUSDT,139.86,139.88,0.3032,0.1213
2026-08-26 09:05:09.146,ETHUSDT,2997.67,2998.27,0.2176,0.2611
2026-08-26 09:05:09.264,BTCUSDT,60063.31,60075.33,0.3585,0.4836
2026-08-26 09:05:09.414,BTCUSDT,59972.69,59984.69,0.3129,0.2102
2026-08-26 09:05:09.552,BTCUSDT,60018.89,60030.89,0.3936,0.4518
2026-08-26 09:05:09.761,SOLUSDT,139.86,139.88,0.3823,0.2152
2026-08-26 09:05:09.985,ETHUSDT,3003.17,3003.77,22.0513,18.7587
2026-08-26 09:05:10.038,BTCUSDT,59914.3,59926.28,8.7469,22.9974
2026-08-26 09:05:10.313,SOLUSDT,140.02,140.04,13.5585,5.4165
2026-08-26 09:05:10.611,BTCUSDT,60013.95,60025.95,18.5841,22.0618
2026-08-26 09:05:10.870,ETHUSDT,2996.14,2996.74,14.7661,9.9502
2026-08-26 09:05:10.957,BTCUSDT,60083.38,60095.4,21.7072,15.5054
2026-08-26 09:05:11.195,BTCUSDT,59948.47,59960.47,11.092,19.7237
2026-08-26 09:05:11.456,ETHUSDT,3004.5,3005.1,18.2682,10.0707
2026-08-26 09:05:11.725,ETHUSDT,2999.28,2999.88,19.2031,22.8274
2026-08-26 09:05:11.780,SOLUSDT,140.19,140.21,7.2552,18.7157
2026-08-26 09:05:11.957,BTCUSDT,60022.76,60034.76,22.1253,18.1873
2026-08-26 09:05:12.059,BTCUSDT,59979.84,59991.84,16.5517,18.9161
2026-08-26 09:05:12.356,SOLUSDT,140.32,140.34,8.8768,24.0963
2026-08-26 09:05:12.639,ETHUSDT,3000.95,3001.55,24.7466,22.5219
2026-08-26 09:05:12.759,SOLUSDT,139.87,139.89,22.7599,12.8205
2026-08-26 09:05:12.965,ETHUSDT,2997.57,2998.17,5.822,15.4016
2026-08-26 09:05:13.103,BTCUSDT,59991.82,60003.82,20.9067,16.3332
2026-08-26 09:05:13.272,ETHUSDT,3000.15,3000.75,24.3894,14.9785
2026-08-26 09:05:13.363,SOLUSDT,140.18,140.2,15.4637,10.7956
2026-08-26 09:05:13.423,ETHUSDT,2998.22,2998.82,10.7652,20.9957
2026-08-26 09:05:13.474,BTCUSDT,60019.93,60031.93,21.5094,7.4687
2026-08-26 09:05:13.613,ETHUSDT,3001.54,3002.14,18.2051,5.0128
2026-08-26 09:05:13.850,ETHUSDT,3003.82,3004.42,24.0737,19.2639
2026-08-26 09:05:14.021,BTCUSDT,60017.46,60029.46,16.7045,6.6144
2026-08-26 09:05:14.318,ETHUSDT,2998.28,2998.88,21.2342,17.7409
2026-08-26 09:05:14.479,BTCUSDT,59968.64,59980.64,23.4039,16.9408
2026-08-26 09:05:14.593,SOLUSDT,140.08,140.1,21.0876,7.7835
2026-08-26 09:05:14.788,BTCUSDT,59892.78,59904.76,16.0857,11.0212
2026-08-26 09:05:14.949,SOLUSDT,139.99,140.01,15.9166,12.5193
2026-08-26 09:05:15.174,BTCUSDT,59954.31,59966.31,15.5314,18.8827
2026-08-26 09:05:15.329,SOLUSDT,139.85,139.87,14.3676,13.5534
2026-08-26 09:05:15.401,ETHUSDT,2998.37,2998.97,23.2512,5.5284
2026-08-26 09:05:15.609,BTCUSDT,59924.8,59936.78,20.7326,16.6064
2026-08-26 09:05:15.830,SOLUSDT,140.03,140.05,6.0707,21.9021
2026-08-26 09:05:15.893,BTCUSDT,60073.51,60085.53,21.1496,22.4982
2026-08-26 09:05:16.095,BTCUSDT,60045.39,60057.41,10.4035,24.7235
2026-08-26 09:05:16.176,BTCUSDT,59971.46,59983.46,16.3089,18.8119
2026-08-26 09:05:16.473,SOLUSDT,140.04,140.06,19.0315,15.3253
2026-08-26 09:05:16.600,ETHUSDT,3000.62,3001.22,9.4709,18.5136
2026-08-26 09:05:16.809,SOLUSDT,140.04,140.06,19.3828,23.7306
2026-08-26 09:05:16.889,SOLUSDT,140.02,140.04,7.2942,5.0007
2026-08-26 09:05:17.068,SOLUSDT,139.85,139.87,9.9441,7.0721
2026-08-26 09:05:17.165,ETHUSDT,2993.13,2993.73,6.1131,7.4362
2026-08-26 09:05:17.372,BTCUSDT,60022.28,60034.28,21.4337,18.6264
2026-08-26 09:05:17.612,BTCUSDT,60067.79,60079.81,7.9249,5.4332
2026-08-26 09:05:17.783,SOLUSDT,139.91,139.93,8.4155,19.8333
2026-08-26 09:05:17.927,ETHUSDT,2999.08,2999.68,10.789,7.0004
2026-08-26 09:05:18.083,SOLUSDT,140.16,140.18,12.8238,18.9531
2026-08-26 09:05:18.135,ETHUSDT,2995.7,2996.3,5.5594,14.1416
2026-08-26 09:05:18.298,SOLUSDT,139.93,139.95,5.6817,18.0084
2026-08-26 09:05:18.418,BTCUSDT,60052.16,60064.18,24.2559,14.3581
2026-08-26 09:05:18.557,BTCUSDT,60005.89,60017.89,12.155,22.1168
2026-08-26 09:05:18.774,SOLUSDT,140.06,140.08,15.2609,8.4899
2026-08-26 09:05:19.024,SOLUSDT,139.97,139.99,14.1896,22.1733
2026-08-26 09:05:19.197,SOLUSDT,139.96,139.98,23.4695,6.3642
2026-08-26 09:05:19.376,ETHUSDT,2997.63,2998.23,17.1168,8.6075
2026-08-26 09:05:19.515,SOLUSDT,139.98,140.0,7.5884,11.4815
2026-08-26 09:05:19.624,SOLUSDT,139.86,139.88,6.3514,5.5904
2026-08-26 09:05:19.733,BTCUSDT,60000.95,60012.95,14.9887,18.5864
2026-08-26 09:05:19.881,SOLUSDT,140.03,140.05,7.1086,22.6151
2026-08-26 09:05:20.122,ETHUSDT,2999.26,2999.86,6.2385,10.0097
2026-08-26 09:05:20.408,BTCUSDT,60052.24,60064.26,20.267,17.1307
2026-08-26 09:05:20.621,BTCUSDT,60137.52,60149.54,7.1532,13.9902
2026-08-26 09:05:20.728,SOLUSDT,139.96,139.98,8.9144,14.8221
2026-08-26 09:05:20.800,BTCUSDT,60028.01,60040.01,13.6813,15.5706
2026-08-26 09:05:21.057,SOLUSDT,140.24,140.26,17.5823,18.3732
2026-08-26 09:05:21.125,BTCUSDT,59943.13,59955.11,12.1912,13.1605
2026-08-26 09:05:21.310,ETHUSDT,2995.62,2996.22,18.6472,24.1549
2026-08-26 09:05:21.450,ETHUSDT,2995.88,2996.48,21.6481,16.4074
2026-08-26 09:05:21.723,ETHUSDT,3003.38,3003.98,21.0319,13.7776
2026-08-26 09:05:21.900,BTCUSDT,60038.01,60050.01,7.5438,15.3449
2026-08-26 09:05:22.190,BTCUSDT,59995.31,60007.31,17.0298,11.6184
2026-08-26 09:05:22.280,ETHUSDT,3005.83,3006.43,12.8085,12.1581
2026-08-26 09:05:22.486,ETHUSDT,3000.27,3000.87,15.6885,9.828
2026-08-26 09:05:22.564,SOLUSDT,139.77,139.79,12.9844,6.133
2026-08-26 09:05:22.622,SOLUSDT,140.14,140.16,23.7385,24.6987
2026-08-26 09:05:22.707,ETHUSDT,2999.74,3000.34,10.2176,11.6908
2026-08-26 09:05:22.817,BTCUSDT,59982.68,59994.68,23.4835,18.2667
2026-08-26 09:05:23.080,ETHUSDT,3001.32,3001.92,21.1132,16.2771
2026-08-26 09:05:23.286,BTCUSDT,60048.08,60060.1,24.6211,23.9982
2026-08-26 09:05:23.345,BTCUSDT,59952.8,59964.8,23.932,10.4102
2026-08-26 09:05:23.612,ETHUSDT,3002.59,3003.19,18.0067,13.6303
2026-08-26 09:05:23.712,BTCUSDT,59945.23,59957.23,23.6249,5.5271
2026-08-26 09:05:23.775,SOLUSDT,139.74,139.76,18.6388,19.7585
2026-08-26 09:05:23.860,ETHUSDT,2999.14,2999.74,18.9088,13.5944
2026-08-26 09:05:24.000,BTCUSDT,60011.15,60023.15,7.3599,17.3131
2026-08-26 09:05:24.200,BTCUSDT,59926.72,59938.7,13.7305,6.1585
2026-08-26 09:05:24.387,BTCUSDT,59970.63,59982.63,13.2613,20.0514
2026-08-26 09:05:24.645,SOLUSDT,139.8,139.82,24.8188,5.298
2026-08-26 09:05:24.775,BTCUSDT,60007.6,60019.6,6.1331,13.7711
2026-08-26 09:05:24.993,ETHUSDT,3000.57,3001.17,24.9618,7.5943
2026-08-26 09:05:25.223,BTCUSDT,59896.46,59908.44,6.5276,23.7674
2026-08-26 09:05:25.350,SOLUSDT,139.77,139.79,22.9528,22.1752
2026-08-26 09:05:25.481,ETHUSDT,2999.96,3000.56,22.3794,9.8841
2026-08-26 09:05:25.690,SOLUSDT,140.01,140.03,6.08,23.0085
2026-08-26 09:05:25.873,ETHUSDT,3000.36,3000.96,6.5689,23.241
2026-08-26 09:05:26.131,BTCUSDT,60133.47,60145.49,19.8382,9.2154
2026-08-26 09:05:26.297,BTCUSDT,59992.4,60004.4,24.5582,18.9668
2026-08-26 09:05:26.445,BTCUSDT,59951.65,59963.65,14.9781,5.6751
2026-08-26 09:05:26.499,ETHUSDT,2996.07,2996.67,6.1944,22.0915
2026-08-26 09:05:26.717,ETHUSDT,2998.66,2999.26,13.8804,9.489
2026-08-26 09:05:27.006,ETHUSDT,3000.09,3000.69,18.208,5.6261
2026-08-26 09:05:27.207,BTCUSDT,59998.08,60010.08,23.454,23.149
2026-08-26 09:05:27.366,BTCUSDT,60065.43,60077.45,11.8189,21.5848
2026-08-26 09:05:27.654,SOLUSDT,140.0,140.02,21.1479,16.0659
2026-08-26 09:05:27.850,SOLUSDT,140.1,140.12,22.1703,23.7595
2026-08-26 09:05:28.136,SOLUSDT,140.0,140.02,8.251,12.6258
2026-08-26 09:05:28.256,BTCUSDT,59973.95,59985.95,23.1543,10.614
2026-08-26 09:05:28.315,BTCUSDT,59909.76,59921.74,20.4268,10.9165
2026-08-26 09:05:28.396,SOLUSDT,139.72,139.74,0.2447,0.3637
2026-08-26 09:05:28.455,ETHUSDT,2994.95,2995.55,0.4344,0.439
2026-08-26 09:05:28.734,ETHUSDT,3002.15,3002.75,0.3551,0.3226
2026-08-26 09:05:28.910,SOLUSDT,139.95,139.97,0.4813,0.2762
2026-08-26 09:05:28.969,BTCUSDT,59989.82,60001.82,0.3521,0.1588
2026-08-26 09:05:29.085,BTCUSDT,59977.58,59989.58,0.332,0.1168
2026-08-26 09:05:29.224,ETHUSDT,2999.66,3000.26,0.3714,0.443
2026-08-26 09:05:29.486,BTCUSDT,60002.98,60014.98,0.3028,0.1453
2026-08-26 09:05:29.628,SOLUSDT,140.0,140.02,0.1286,0.2706
2026-08-26 09:05:29.772,ETHUSDT,3000.88,3001.48,0.459,0.2499
2026-08-26 09:05:29.952,BTCUSDT,60021.22,60033.22,0.4721,0.4647
2026-08-26 09:05:30.170,SOLUSDT,140.06,140.08,23.7988,12.5768
2026-08-26 09:05:30.239,SOLUSDT,139.93,139.95,12.6218,24.9564
2026-08-26 09:05:30.493,BTCUSDT,59959.55,59971.55,15.7793,7.4248
2026-08-26 09:05:30.592,BTCUSDT,59968.51,59980.51,18.184,15.4067
2026-08-26 09:05:30.892,SOLUSDT,140.12,140.14,23.2214,11.5737
2026-08-26 09:05:31.003,ETHUSDT,3002.09,3002.69,14.1164,19.9638
2026-08-26 09:05:31.287,ETHUSDT,3006.53,3007.13,12.2376,12.0397
2026-08-26 09:05:31.482,ETHUSDT,2999.58,3000.18,17.1044,13.9794
2026-08-26 09:05:31.567,BTCUSDT,60002.24,60014.24,20.529,13.1523
2026-08-26 09:05:31.721,SOLUSDT,139.72,139.74,20.9171,11.8314
2026-08-26 09:05:32.001,ETHUSDT,2999.42,3000.02,16.5202,17.6526
2026-08-26 09:05:32.192,BTCUSDT,59941.12,59953.1,5.3102,7.4158
2026-08-26 09:05:32.352,SOLUSDT,139.88,139.9,19.8571,7.528
2026-08-26 09:05:32.637,BTCUSDT,59925.08,59937.06,24.7987,7.6476
2026-08-26 09:05:32.869,ETHUSDT,3001.35,3001.95,12.0874,13.0464
2026-08-26 09:05:33.074,ETHUSDT,3004.36,3004.96,11.7362,21.4943
2026-08-26 09:05:33.214,SOLUSDT,140.02,140.04,24.8827,5.9048
2026-08-26 09:05:33.457,ETHUSDT,2997.34,2997.94,17.6166,19.8139
2026-08-26 09:05:33.716,ETHUSDT,2998.59,2999.19,19.6689,19.4741
2026-08-26 09:05:33.938,SOLUSDT,139.88,139.9,8.0451,5.1557
2026-08-26 09:05:34.138,SOLUSDT,140.07,140.09,12.5875,13.7717
2026-08-26 09:05:34.320,ETHUSDT,2997.03,2997.63,9.6453,14.8659
2026-08-26 09:05:34.614,SOLUSDT,139.87,139.89,10.7051,12.6814
2026-08-26 09:05:34.717,BTCUSDT,60009.83,60021.83,21.2797,19.6925
2026-08-26 09:05:34.839,ETHUSDT,3006.85,3007.45,16.5028,17.3095
2026-08-26 09:05:34.932,BTCUSDT,60000.32,60012.32,10.7569,14.7327
2026-08-26 09:05:35.152,ETHUSDT,3000.02,3000.62,24.7761,20.0694
2026-08-26 09:05:35.245,ETHUSDT,3001.98,3002.58,6.9195,16.0433
2026-08-26 09:05:35.296,BTCUSDT,60011.46,60023.46,24.1971,15.7966
2026-08-26 09:05:35.455,ETHUSDT,2999.79,3000.39,12.3908,10.6368
2026-08-26 09:05:35.533,SOLUSDT,139.96,139.98,15.4179,21.6208
2026-08-26 09:05:35.804,SOLUSDT,140.17,140.19,13.8881,13.6453
2026-08-26 09:05:35.874,BTCUSDT,60030.01,60042.01,19.6327,7.3293
2026-08-26 09:05:35.994,SOLUSDT,139.89,139.91,19.5472,11.5423
2026-08-26 09:05:36.154,ETHUSDT,3000.62,3001.22,19.1362,11.2962
2026-08-26 09:05:36.364,BTCUSDT,60034.59,60046.59,8.808,16.1634
2026-08-26 09:05:36.470,BTCUSDT,59987.88,59999.88,9.9183,16.7269
2026-08-26 09:05:36.707,SOLUSDT,139.99,140.01,10.3057,8.0287
2026-08-26 09:05:36.889,ETHUSDT,2997.9,2998.5,7.6358,17.6955
2026-08-26 09:05:36.992,SOLUSDT,140.03,140.05,5.064,6.3452
2026-08-26 09:05:37.203,SOLUSDT,139.85,139.87,5.7763,18.7596
2026-08-26 09:05:37.299,SOLUSDT,139.78,139.8,17.7543,14.6847
2026-08-26 09:05:37.510,ETHUSDT,2998.46,2999.06,22.5008,18.3595
2026-08-26 09:05:37.806,ETHUSDT,2993.78,2994.38,15.8683,10.9083
2026-08-26 09:05:37.885,ETHUSDT,3000.52,3001.12,24.3872,11.5079
2026-08-26 09:05:38.036,BTCUSDT,59954.5,59966.5,24.1263,18.2123
2026-08-26 09:05:38.211,SOLUSDT,140.14,140.16,20.4736,14.6748
2026-08-26 09:05:38.316,SOLUSDT,140.04,140.06,18.7444,5.5793
2026-08-26 09:05:38.471,ETHUSDT,3003.57,3004.17,16.2451,11.4638
2026-08-26 09:05:38.645,ETHUSDT,3001.24,3001.84,13.504,10.214
2026-08-26 09:05:38.799,SOLUSDT,139.78,139.8,11.7968,21.3705
2026-08-26 09:05:39.096,BTCUSDT,60034.63,60046.63,15.7203,20.591
2026-08-26 09:05:39.151,SOLUSDT,140.22,140.24,7.5843,15.7953
2026-08-26 09:05:39.397,ETHUSDT,3003.06,3003.66,20.6087,11.6658
2026-08-26 09:05:39.497,SOLUSDT,140.21,140.23,18.0986,15.373
2026-08-26 09:05:39.780,BTCUSDT,59970.9,59982.9,22.1945,9.5867
2026-08-26 09:05:39.833,ETHUSDT,2999.94,3000.54,13.2679,16.059
2026-08-26 09:05:40.085,BTCUSDT,60039.87,60051.87,20.1024,15.5311
2026-08-26 09:05:40.332,ETHUSDT,2998.93,2999.53,8.1389,11.0293
2026-08-26 09:05:40.478,SOLUSDT,139.78,139.8,5.6756,19.9983
2026-08-26 09:05:40.549,SOLUSDT,139.95,139.97,7.6239,19.8105
2026-08-26 09:05:40.604,BTCUSDT,59978.39,59990.39,15.0902,19.0698
2026-08-26 09:05:40.866,BTCUSDT,59903.41,59915.39,6.9111,16.7639
2026-08-26 09:05:40.993,SOLUSDT,139.85,139.87,20.6954,13.5031
2026-08-26 09:05:41.163,ETHUSDT,3002.95,3003.55,9.0533,10.2854
2026-08-26 09:05:41.284,ETHUSDT,2994.87,2995.47,13.5907,9.4451
2026-08-26 09:05:41.338,ETHUSDT,2998.08,2998.68,23.1533,15.6641
2026-08-26 09:05:41.503,ETHUSDT,3003.38,3003.98,24.0291,20.254
2026-08-26 09:05:41.697,BTCUSDT,59947.7,59959.7,12.947,9.6423
2026-08-26 09:05:41.771,BTCUSDT,60048.7,60060.72,11.6487,21.1936
2026-08-26 09:05:41.842,SOLUSDT,139.94,139.96,9.1536,23.8419
2026-08-26 09:05:42.037,BTCUSDT,60014.19,60026.19,17.3298,14.4703
2026-08-26 09:05:42.173,BTCUSDT,59891.9,59903.88,20.3482,10.0405
2026-08-26 09:05:42.224,BTCUSDT,60009.65,60021.65,11.4289,16.3062
2026-08-26 09:05:42.354,ETHUSDT,2998.88,2999.48,20.1008,20.8939
2026-08-26 09:05:42.623,SOLUSDT,140.15,140.17,11.4368,19.1774
2026-08-26 09:05:42.705,SOLUSDT,140.01,140.03,23.4246,13.514
2026-08-26 09:05:42.977,BTCUSDT,59944.25,59956.25,15.3988,7.4296
2026-08-26 09:05:43.161,BTCUSDT,59885.59,59897.57,22.7101,14.9037
2026-08-26 09:05:43.286,ETHUSDT,2997.81,2998.41,19.9799,15.9417
2026-08-26 09:05:43.405,BTCUSDT,59982.59,59994.59,24.9149,19.3989
2026-08-26 09:05:43.491,SOLUSDT,140.08,140.1,17.302,12.4326
2026-08-26 09:05:43.695,ETHUSDT,2995.97,2996.57,21.0563,24.0399
2026-08-26 09:05:43.929,ETHUSDT,2999.37,2999.97,14.2576,23.724
2026-08-26 09:05:44.085,BTCUSDT,60019.9,60031.9,15.4876,21.5882
2026-08-26 09:05:44.314,BTCUSDT,60020.77,60032.77,14.4099,24.8662
2026-08-26 09:05:44.379,BTCUSDT,60030.52,60042.52,18.8809,15.7546
2026-08-26 09:05:44.655,SOLUSDT,140.08,140.1,16.8891,6.3354
2026-08-26 09:05:44.915,BTCUSDT,60044.53,60056.55,17.5764,23.5576
2026-08-26 09:05:45.108,ETHUSDT,2998.5,2999.1,12.3455,20.3398
2026-08-26 09:05:45.229,SOLUSDT,139.8,139.82,6.5495,8.0484
2026-08-26 09:05:45.444,BTCUSDT,60059.52,60071.54,16.2732,7.5341
2026-08-26 09:05:45.741,ETHUSDT,3000.42,3001.02,16.5131,22.068
2026-08-26 09:05:45.846,SOLUSDT,140.0,140.02,9.1861,5.0534
2026-08-26 09:05:45.915,BTCUSDT,59922.74,59934.72,7.8667,14.5093
2026-08-26 09:05:46.048,BTCUSDT,59994.24,60006.24,15.2341,13.7938
2026-08-26 09:05:46.278,ETHUSDT,2995.11,2995.71,9.8155,12.8649
2026-08-26 09:05:46.554,ETHUSDT,2995.7,2996.3,11.2352,15.4397
2026-08-26 09:05:46.786,SOLUSDT,139.88,139.9,24.1072,23.9098
2026-08-26 09:05:47.011,BTCUSDT,59955.95,59967.95,16.2097,14.8019
2026-08-26 09:05:47.279,BTCUSDT,59959.78,59971.78,18.0418,8.5602
2026-08-26 09:05:47.564,ETHUSDT,2990.49,2991.09,19.5698,9.2756
2026-08-26 09:05:47.664,BTCUSDT,59983.34,59995.34,12.4841,23.6638
2026-08-26 09:05:47.738,ETHUSDT,2995.33,2995.93,15.5201,5.1123
2026-08-26 09:05:47.953,ETHUSDT,3000.02,3000.62,15.0559,5.2599
2026-08-26 09:05:48.073,ETHUSDT,3000.96,3001.56,12.9659,24.9148
2026-08-26 09:05:48.360,SOLUSDT,140.04,140.06,24.4228,21.4665
2026-08-26 09:05:48.602,ETHUSDT,2997.61,2998.21,14.806,14.469
2026-08-26 09:05:48.691,SOLUSDT,140.1,140.12,5.7639,5.5767
2026-08-26 09:05:48.904,SOLUSDT,140.09,140.11,0.4484,0.1527
2026-08-26 09:05:49.142,SOLUSDT,139.97,139.99,0.2257,0.4432
2026-08-26 09:05:49.342,BTCUSDT,60113.94,60125.96,0.4349,0.4393
2026-08-26 09:05:49.408,SOLUSDT,140.15,140.17,0.3065,0.4762
2026-08-26 09:05:49.587,BTCUSDT,60074.27,60086.29,0.3916,0.1336
2026-08-26 09:05:49.667,ETHUSDT,3002.72,3003.32,0.3541,0.4368
2026-08-26 09:05:49.740,ETHUSDT,2999.24,2999.84,0.3273,0.3785
2026-08-26 09:05:49.845,BTCUSDT,59942.36,59954.34,0.1743,0.3365
2026-08-26 09:05:50.136,SOLUSDT,139.71,139.73,0.2841,0.4509
2026-08-26 09:05:50.291,BTCUSDT,59977.87,59989.87,0.2242,0.2517
2026-08-26 09:05:50.364,BTCUSDT,60051.42,60063.44,0.2091,0.1797
2026-08-26 09:05:50.529,ETHUSDT,2997.95,2998.55,16.5739,11.9772
2026-08-26 09:05:50.716,SOLUSDT,139.91,139.93,5.7346,21.6945
2026-08-26 09:05:50.940,SOLUSDT,139.92,139.94,24.8751,13.6771
2026-08-26 09:05:51.180,ETHUSDT,2995.83,2996.43,11.8436,24.3698
2026-08-26 09:05:51.296,ETHUSDT,3003.0,3003.6,15.2654,9.2144
2026-08-26 09:05:51.465,BTCUSDT,60056.16,60068.18,15.3406,17.6223
2026-08-26 09:05:51.523,SOLUSDT,140.09,140.11,12.4457,12.5582
2026-08-26 09:05:51.680,ETHUSDT,3002.6,3003.2,17.5894,22.3866
2026-08-26 09:05:51.821,ETHUSDT,3002.76,3003.36,11.7334,23.0596
2026-08-26 09:05:52.078,ETHUSDT,2999.29,2999.89,14.3368,8.7232
2026-08-26 09:05:52.249,SOLUSDT,139.9,139.92,16.8715,18.89
2026-08-26 09:05:52.401,BTCUSDT,59969.6,59981.6,19.4674,17.0188
2026-08-26 09:05:52.681,ETHUSDT,2995.55,2996.15,24.4153,22.5487
2026-08-26 09:05:52.833,SOLUSDT,140.03,140.05,13.4197,20.4814
2026-08-26 09:05:53.035,SOLUSDT,139.64,139.66,8.2805,8.3277
2026-08-26 09:05:53.254,SOLUSDT,139.88,139.9,24.0299,16.3598
2026-08-26 09:05:53.509,ETHUSDT,3001.89,3002.49,24.4065,11.1855
2026-08-26 09:05:53.610,ETHUSDT,3001.72,3002.32,12.9199,14.2118
2026-08-26 09:05:53.771,BTCUSDT,60031.59,60043.59,11.1505,8.6919
2026-08-26 09:05:53.822,BTCUSDT,59858.73,59870.71,8.0828,16.107
2026-08-26 09:05:54.050,ETHUSDT,2997.72,2998.32,11.8942,14.416
2026-08-26 09:05:54.295,BTCUSDT,60045.73,60057.75,18.3687,21.6269
2026-08-26 09:05:54.542,BTCUSDT,59994.78,60006.78,7.57,20.2609
2026-08-26 09:05:54.692,ETHUSDT,2997.77,2998.37,21.3958,19.6074
2026-08-26 09:05:54.748,SOLUSDT,140.02,140.04,11.9373,18.3975
2026-08-26 09:05:55.008,BTCUSDT,60072.05,60084.07,20.3569,12.3827
2026-08-26 09:05:55.106,BTCUSDT,59972.78,59984.78,23.2917,17.9115
2026-08-26 09:05:55.202,BTCUSDT,59896.34,59908.32,11.0388,6.857
2026-08-26 09:05:55.260,ETHUSDT,2999.11,2999.71,10.6993,12.7363
2026-08-26 09:05:55.337,ETHUSDT,2992.76,2993.36,8.5904,12.9643
2026-08-26 09:05:55.490,ETHUSDT,3003.68,3004.28,11.9257,19.6534
2026-08-26 09:05:55.656,BTCUSDT,59949.64,59961.64,11.3805,16.4936
2026-08-26 09:05:55.719,BTCUSDT,59906.95,59918.93,18.0763,18.4039
2026-08-26 09:05:55.974,ETHUSDT,2999.85,3000.45,10.173,17.6823
2026-08-26 09:05:56.272,ETHUSDT,2999.62,3000.22,20.6201,19.2405
2026-08-26 09:05:56.420,ETHUSDT,2998.94,2999.54,20.7099,24.6147
2026-08-26 09:05:56.621,SOLUSDT,140.09,140.11,8.0077,11.7423
2026-08-26 09:05:56.782,ETHUSDT,3000.71,3001.31,15.2979,17.2904
2026-08-26 09:05:56.925,BTCUSDT,59962.01,59974.01,10.6343,7.431
2026-08-26 09:05:57.184,BTCUSDT,59926.65,59938.63,10.0465,11.7492
2026-08-26 09:05:57.317,BTCUSDT,60005.6,60017.6,8.5746,12.1377
2026-08-26 09:05:57.556,ETHUSDT,2995.88,2996.48,16.9156,12.1449
2026-08-26 09:05:57.643,ETHUSDT,3000.87,3001.47,8.5047,15.6997
2026-08-26 09:05:57.869,SOLUSDT,140.2,140.22,13.622,10.4939
2026-08-26 09:05:58.129,SOLUSDT,140.21,140.23,23.3755,23.0716
2026-08-26 09:05:58.334,SOLUSDT,140.06,140.08,5.8128,11.5318
2026-08-26 09:05:58.621,SOLUSDT,139.75,139.77,12.6383,24.6053
2026-08-26 09:05:58.736,SOLUSDT,140.09,140.11,13.4506,5.4477
2026-08-26 09:05:58.835,SOLUSDT,140.13,140.15,21.7371,13.6687
2026-08-26 09:05:59.088,SOLUSDT,140.1,140.12,24.8984,17.3116
2026-08-26 09:05:59.249,BTCUSDT,59996.26,60008.26,12.4847,14.4584
2026-08-26 09:05:59.531,ETHUSDT,2998.46,2999.06,10.5371,18.4288
2026-08-26 09:05:59.687,BTCUSDT,59999.59,60011.59,10.4536,13.1437
2026-08-26 09:05:59.899,SOLUSDT,139.99,140.01,10.4954,14.2488
2026-08-26 09:05:59.965,ETHUSDT,2999.24,2999.84,9.4265,5.3615
2026-08-26 09:06:00.122,SOLUSDT,139.93,139.95,19.5633,17.1863
2026-08-26 09:06:00.259,SOLUSDT,139.98,140.0,15.8292,14.5121
2026-08-26 09:06:00.499,ETHUSDT,3003.03,3003.63,11.9273,13.8877
2026-08-26 09:06:00.652,ETHUSDT,3002.29,3002.89,15.6448,8.4003
2026-08-26 09:06:00.755,BTCUSDT,60043.57,60055.57,17.6277,16.2265
2026-08-26 09:06:00.924,SOLUSDT,139.85,139.87,11.0807,20.0172
2026-08-26 09:06:01.084,BTCUSDT,60026.57,60038.57,17.4973,8.3347
2026-08-26 09:06:01.194,ETHUSDT,3003.78,3004.38,20.0278,10.6778
2026-08-26 09:06:01.345,ETHUSDT,3001.39,3001.99,12.5686,23.9764
2026-08-26 09:06:01.435,BTCUSDT,60050.31,60062.33,24.8426,16.4149
2026-08-26 09:06:01.715,SOLUSDT,139.95,139.97,16.0014,12.0405
2026-08-26 09:06:01.991,SOLUSDT,139.98,140.0,11.3881,12.2635
2026-08-26 09:06:02.144,SOLUSDT,140.02,140.04,15.0461,15.6502
2026-08-26 09:06:02.417,ETHUSDT,2995.26,2995.86,10.7257,23.491
2026-08-26 09:06:02.585,BTCUSDT,59967.16,59979.16,10.7682,15.6533
2026-08-26 09:06:02.742,SOLUSDT,140.18,140.2,18.667,6.9665
2026-08-26 09:06:02.948,ETHUSDT,3005.91,3006.51,8.7775,5.5808
2026-08-26 09:06:03.081,SOLUSDT,139.99,140.01,16.9914,19.643
2026-08-26 09:06:03.374,SOLUSDT,140.01,140.03,8.3292,17.5099
2026-08-26 09:06:03.565,ETHUSDT,2998.67,2999.27,19.8593,22.6702
2026-08-26 09:06:03.838,SOLUSDT,139.89,139.91,22.0062,8.2276
2026-08-26 09:06:03.921,BTCUSDT,59964.14,59976.14,14.4434,19.2559
2026-08-26 09:06:04.033,ETHUSDT,2997.43,2998.03,22.8889,9.1401
2026-08-26 09:06:04.211,SOLUSDT,139.84,139.86,24.7943,20.9351
2026-08-26 09:06:04.493,SOLUSDT,140.01,140.03,21.0737,21.7575
2026-08-26 09:06:04.551,BTCUSDT,59949.29,59961.29,14.2442,24.2495
2026-08-26 09:06:04.619,SOLUSDT,139.99,140.01,22.3413,24.9107
2026-08-26 09:06:04.824,ETHUSDT,2997.89,2998.49,22.6671,15.7468
2026-08-26 09:06:05.081,SOLUSDT,139.91,139.93,13.7704,21.5551
2026-08-26 09:06:05.297,ETHUSDT,3005.4,3006.0,12.2675,19.3325
2026-08-26 09:06:05.541,ETHUSDT,3000.5,3001.1,20.7485,7.0725
2026-08-26 09:06:05.627,SOLUSDT,140.05,140.07,19.4399,12.3293
2026-08-26 09:06:05.695,BTCUSDT,60013.19,60025.19,9.2017,6.9425
2026-08-26 09:06:05.921,ETHUSDT,2998.91,2999.51,20.05,20.1396
2026-08-26 09:06:06.123,ETHUSDT,2999.92,3000.52,20.7475,18.9912
2026-08-26 09:06:06.267,BTCUSDT,60097.32,60109.34,7.9605,10.7686
2026-08-26 09:06:06.462,SOLUSDT,139.85,139.87,19.2761,11.1333
2026-08-26 09:06:06.702,SOLUSDT,139.82,139.84,14.5057,13.7972
2026-08-26 09:06:06.915,SOLUSDT,139.84,139.86,7.9305,10.8467
2026-08-26 09:06:06.968,BTCUSDT,59996.58,60008.58,22.0184,16.6646
2026-08-26 09:06:07.121,ETHUSDT,3001.85,3002.45,19.4228,19.9091
2026-08-26 09:06:07.299,ETHUSDT,3003.94,3004.54,24.4481,17.877
2026-08-26 09:06:07.571,ETHUSDT,3001.27,3001.87,12.5596,23.5216
2026-08-26 09:06:07.863,SOLUSDT,140.04,140.06,8.5077,22.9427
2026-08-26 09:06:08.068,BTCUSDT,60039.29,60051.29,9.4965,9.1286
2026-08-26 09:06:08.351,SOLUSDT,139.85,139.87,17.9999,12.13
2026-08-26 09:06:08.535,SOLUSDT,139.96,139.98,21.7995,21.9149
2026-08-26 09:06:08.828,BTCUSDT,59931.47,59943.45,12.2712,5.6568
2026-08-26 09:06:09.015,ETHUSDT,2997.67,2998.27,10.4295,24.2331
2026-08-26 09:06:09.269,BTCUSDT,60025.0,60037.0,13.9327,15.459
2026-08-26 09:06:09.495,SOLUSDT,139.96,139.98,18.794,18.0161
2026-08-26 09:06:09.616,SOLUSDT,139.95,139.97,8.5486,24.5875
2026-08-26 09:06:09.699,BTCUSDT,60163.99,60176.03,19.6667,23.3493
2026-08-26 09:06:09.897,SOLUSDT,139.87,139.89,6.2173,9.5517
2026-08-26 09:06:10.069,ETHUSDT,3000.79,3001.39,0.1393,0.4527
2026-08-26 09:06:10.264,BTCUSDT,59995.75,60007.75,0.1334,0.179
2026-08-26 09:06:10.520,BTCUSDT,60035.88,60047.88,0.4445,0.1446
2026-08-26 09:06:10.654,SOLUSDT,140.05,140.07,0.4969,0.2007
2026-08-26 09:06:10.774,SOLUSDT,140.28,140.3,0.3057,0.4806
2026-08-26 09:06:11.052,SOLUSDT,139.98,140.0,0.3504,0.1446
2026-08-26 09:06:11.322,SOLUSDT,140.26,140.28,0.2983,0.1715
2026-08-26 09:06:11.426,ETHUSDT,2994.82,2995.42,0.3552,0.3154
2026-08-26 09:06:11.622,ETHUSDT,2992.18,2992.78,0.228,0.3122
2026-08-26 09:06:11.841,SOLUSDT,139.95,139.97,0.2295,0.1768
2026-08-26 09:06:11.959,BTCUSDT,59987.63,59999.63,0.4827,0.4925
2026-08-26 09:06:12.046,BTCUSDT,60024.61,60036.61,14.4396,22.1248
2026-08-26 09:06:12.174,ETHUSDT,3000.84,3001.44,19.5342,21.5846
2026-08-26 09:06:12.238,ETHUSDT,3003.23,3003.83,20.2539,5.1135
2026-08-26 09:06:12.358,ETHUSDT,2999.33,2999.93,17.9159,7.7986
2026-08-26 09:06:12.503,BTCUSDT,60060.18,60072.2,9.1722,19.3335
2026-08-26 09:06:12.742,BTCUSDT,59937.26,59949.24,13.55,12.6481
2026-08-26 09:06:12.811,BTCUSDT,59847.89,59859.87,17.3511,13.8021
2026-08-26 09:06:12.981,BTCUSDT,59985.5,59997.5,11.5097,14.5937
2026-08-26 09:06:13.102,BTCUSDT,59996.02,60008.02,18.756,23.1777
2026-08-26 09:06:13.289,SOLUSDT,139.9,139.92,6.1863,6.1223
2026-08-26 09:06:13.530,ETHUSDT,2997.91,2998.51,23.4721,7.2206
2026-08-26 09:06:13.803,BTCUSDT,59888.14,59900.12,24.5436,19.649
2026-08-26 09:06:13.936,BTCUSDT,59927.82,59939.8,16.4818,16.2367
2026-08-26 09:06:14.021,SOLUSDT,140.08,140.1,16.1335,21.3462
2026-08-26 09:06:14.262,BTCUSDT,59920.35,59932.33,24.144,12.2246
2026-08-26 09:06:14.362,BTCUSDT,59906.61,59918.59,11.4253,9.5536
2026-08-26 09:06:14.442,SOLUSDT,140.09,140.11,10.1072,19.953
2026-08-26 09:06:14.704,SOLUSDT,139.73,139.75,13.5466,21.1213
2026-08-26 09:06:14.865,SOLUSDT,140.02,140.04,23.2596,15.2452
2026-08-26 09:06:15.077,BTCUSDT,59939.6,59951.58,20.8028,14.8402
2026-08-26 09:06:15.263,BTCUSDT,59860.6,59872.58,16.3061,24.4846
2026-08-26 09:06:15.361,BTCUSDT,60058.93,60070.95,16.4785,14.3689
2026-08-26 09:06:15.600,BTCUSDT,59973.91,59985.91,21.3551,14.3143
2026-08-26 09:06:15.785,BTCUSDT,59984.48,59996.48,6.4605,17.9568
2026-08-26 09:06:15.994,SOLUSDT,139.9,139.92,22.7879,13.0293
2026-08-26 09:06:16.263,ETHUSDT,2995.62,2996.22,5.1708,11.4477
2026-08-26 09:06:16.523,BTCUSDT,59896.94,59908.92,15.6473,18.0723
2026-08-26 09:06:16.621,SOLUSDT,140.0,140.02,22.8649,19.2981
2026-08-26 09:06:16.912,BTCUSDT,60034.34,60046.34,11.1696,7.0179
2026-08-26 09:06:17.042,BTCUSDT,59910.56,59922.54,15.8015,24.0932
2026-08-26 09:06:17.151,BTCUSDT,59858.05,59870.03,9.034,8.2658
2026-08-26 09:06:17.232,BTCUSDT,59910.57,59922.55,5.5459,22.5528
2026-08-26 09:06:17.379,ETHUSDT,3001.05,3001.65,13.879,19.8788
2026-08-26 09:06:17.580,BTCUSDT,60055.34,60067.36,13.7709,8.9728
2026-08-26 09:06:17.762,BTCUSDT,59996.25,60008.25,24.3849,15.1341
2026-08-26 09:06:17.966,BTCUSDT,60119.48,60131.5,20.1321,7.4072
2026-08-26 09:06:18.145,ETHUSDT,2999.24,2999.84,13.3026,9.2065
2026-08-26 09:06:18.196,ETHUSDT,2999.15,2999.75,10.1057,7.2398
2026-08-26 09:06:18.488,ETHUSDT,3004.71,3005.31,13.0062,22.1499
2026-08-26 09:06:18.717,ETHUSDT,3000.0,3000.6,13.683,21.9562
2026-08-26 09:06:18.953,BTCUSDT,59979.9,59991.9,22.5188,5.317
2026-08-26 09:06:19.005,SOLUSDT,140.14,140.16,5.9074,21.9483
2026-08-26 09:06:19.207,BTCUSDT,60032.75,60044.75,7.8044,14.3963
2026-08-26 09:06:19.301,BTCUSDT,60003.78,60015.78,12.4341,13.2975
2026-08-26 09:06:19.576,BTCUSDT,59888.87,59900.85,19.8393,21.2064
2026-08-26 09:06:19.721,BTCUSDT,60009.22,60021.22,5.5996,9.0815
2026-08-26 09:06:19.891,ETHUSDT,2996.8,2997.4,5.5696,5.5166
2026-08-26 09:06:20.094,BTCUSDT,59984.53,59996.53,23.2715,5.93
2026-08-26 09:06:20.167,SOLUSDT,140.22,140.24,8.1635,5.2988
2026-08-26 09:06:20.436,ETHUSDT,3003.77,3004.37,7.2482,14.5138
2026-08-26 09:06:20.565,SOLUSDT,139.81,139.83,7.6881,17.0654
2026-08-26 09:06:20.753,ETHUSDT,2998.82,2999.42,22.991,10.1372
2026-08-26 09:06:20.853,ETHUSDT,3001.18,3001.78,14.5558,19.9744
2026-08-26 09:06:21.071,BTCUSDT,59928.09,59940.07,15.2947,21.1089
2026-08-26 09:06:21.184,BTCUSDT,60002.2,60014.2,19.3454,10.646
2026-08-26 09:06:21.483,BTCUSDT,60036.18,60048.18,8.6925,18.1874
2026-08-26 09:06:21.702,ETHUSDT,2999.33,2999.93,20.1979,7.6341
2026-08-26 09:06:21.955,BTCUSDT,60126.5,60138.52,19.9587,20.9954
2026-08-26 09:06:22.065,BTCUSDT,59996.09,60008.09,5.2864,17.6926
2026-08-26 09:06:22.203,BTCUSDT,60030.18,60042.18,11.4506,16.4417
2026-08-26 09:06:22.392,BTCUSDT,60014.28,60026.28,14.0421,9.2967
2026-08-26 09:06:22.528,ETHUSDT,2999.37,2999.97,19.8992,18.1092
2026-08-26 09:06:22.718,ETHUSDT,3001.04,3001.64,10.1057,21.1398
2026-08-26 09:06:22.784,ETHUSDT,3000.58,3001.18,18.3603,11.8475
2026-08-26 09:06:22.892,ETHUSDT,3000.42,3001.02,17.8459,24.2951
2026-08-26 09:06:23.030,ETHUSDT,2999.98,3000.58,7.4056,19.2539
2026-08-26 09:06:23.301,ETHUSDT,3004.47,3005.07,13.7233,24.6862
2026-08-26 09:06:23.400,SOLUSDT,140.06,140.08,12.9512,23.825
2026-08-26 09:06:23.584,BTCUSDT,59934.11,59946.09,20.5182,8.9735
2026-08-26 09:06:23.770,SOLUSDT,139.95,139.97,16.2577,15.6112
2026-08-26 09:06:23.860,ETHUSDT,3001.1,3001.7,18.8739,24.9435
2026-08-26 09:06:24.148,BTCUSDT,59954.13,59966.13,17.6981,22.1788
2026-08-26 09:06:24.249,SOLUSDT,139.96,139.98,15.8164,24.1026
2026-08-26 09:06:24.529,ETHUSDT,2993.98,2994.58,24.1811,23.978
2026-08-26 09:06:24.819,SOLUSDT,139.98,140.0,22.8749,14.3601
2026-08-26 09:06:24.922,ETHUSDT,2996.17,2996.77,6.4974,19.1668
2026-08-26 09:06:25.182,SOLUSDT,140.29,140.31,6.1844,13.2075
2026-08-26 09:06:25.383,BTCUSDT,60048.29,60060.31,12.8248,8.1889
2026-08-26 09:06:25.503,BTCUSDT,60143.52,60155.54,21.6866,6.4106
2026-08-26 09:06:25.591,BTCUSDT,59987.35,59999.35,7.4694,19.7931
2026-08-26 09:06:25.804,BTCUSDT,59876.08,59888.06,7.8482,10.5094
2026-08-26 09:06:25.913,BTCUSDT,59950.57,59962.57,15.4848,20.4332
2026-08-26 09:06:26.079,SOLUSDT,139.79,139.81,10.9764,7.4973
2026-08-26 09:06:26.353,BTCUSDT,59951.13,59963.13,22.6045,20.085
2026-08-26 09:06:26.522,ETHUSDT,3002.16,3002.76,12.63,22.8223
2026-08-26 09:06:26.766,ETHUSDT,2998.86,2999.46,22.5248,18.8287
2026-08-26 09:06:27.061,ETHUSDT,3000.03,3000.63,15.4568,6.7715
2026-08-26 09:06:27.290,SOLUSDT,139.68,139.7,9.8259,21.9993
2026-08-26 09:06:27.555,ETHUSDT,3003.83,3004.43,6.1331,7.1038
2026-08-26 09:06:27.775,SOLUSDT,140.16,140.18,23.0946,17.8053
2026-08-26 09:06:27.887,ETHUSDT,2999.92,3000.52,6.6619,7.0226
2026-08-26 09:06:28.136,SOLUSDT,140.21,140.23,9.4278,13.6753
2026-08-26 09:06:28.318,SOLUSDT,140.0,140.02,16.2134,21.7482
2026-08-26 09:06:28.532,SOLUSDT,139.86,139.88,5.842,7.156
2026-08-26 09:06:28.754,BTCUSDT,59943.87,59955.85,7.3495,20.2806
2026-08-26 09:06:28.969,SOLUSDT,139.94,139.96,21.3057,19.3658
2026-08-26 09:06:29.227,ETHUSDT,3000.25,3000.85,16.4669,15.4553
2026-08-26 09:06:29.283,SOLUSDT,139.84,139.86,18.3814,5.5128
2026-08-26 09:06:29.519,SOLUSDT,139.8,139.82,6.9761,23.4134
2026-08-26 09:06:29.816,ETHUSDT,2999.87,3000.47,12.1718,18.6602
2026-08-26 09:06:30.028,BTCUSDT,60067.27,60079.29,13.9201,5.956
2026-08-26 09:06:30.160,ETHUSDT,2995.81,2996.41,9.1876,20.4162
2026-08-26 09:06:30.337,SOLUSDT,140.03,140.05,20.0664,20.6194
2026-08-26 09:06:30.634,BTCUSDT,60017.91,60029.91,12.0361,15.7647
2026-08-26 09:06:30.847,BTCUSDT,59984.24,59996.24,21.5737,7.026
2026-08-26 09:06:30.948,ETHUSDT,3004.64,3005.24,17.436,17.7895
2026-08-26 09:06:31.191,ETHUSDT,3000.4,3001.0,12.0119,21.1179
2026-08-26 09:06:31.473,BTCUSDT,60031.47,60043.47,11.4552,7.2296
2026-08-26 09:06:31.701,SOLUSDT,139.83,139.85,20.1354,15.7651
2026-08-26 09:06:31.788,BTCUSDT,59973.31,59985.31,0.1373,0.3847
2026-08-26 09:06:32.046,SOLUSDT,139.73,139.75,0.3131,0.2587
2026-08-26 09:06:32.166,ETHUSDT,2997.09,2997.69,0.2295,0.1899
2026-08-26 09:06:32.423,BTCUSDT,60057.82,60069.84,0.1898,0.378
2026-08-26 09:06:32.579,BTCUSDT,59948.29,59960.29,0.105,0.1975
2026-08-26 09:06:32.879,SOLUSDT,140.04,140.06,0.2649,0.4392
2026-08-26 09:06:33.159,ETHUSDT,2997.16,2997.76,0.3827,0.4928
2026-08-26 09:06:33.388,BTCUSDT,60046.98,60059.0,0.3161,0.1308
2026-08-26 09:06:33.464,BTCUSDT,60021.74,60033.74,0.1386,0.467
2026-08-26 09:06:33.633,SOLUSDT,139.82,139.84,0.388,0.387
2026-08-26 09:06:33.688,ETHUSDT,3002.55,3003.15,0.2841,0.2751
2026-08-26 09:06:33.960,SOLUSDT,140.17,140.19,16.1799,6.1509
2026-08-26 09:06:34.080,SOLUSDT,139.95,139.97,6.2755,12.0882
2026-08-26 09:06:34.255,SOLUSDT,139.99,140.01,23.947,19.5552
2026-08-26 09:06:34.442,ETHUSDT,2995.98,2996.58,24.7241,9.3041
2026-08-26 09:06:34.734,SOLUSDT,139.91,139.93,11.6107,16.3971
2026-08-26 09:06:35.004,ETHUSDT,3003.18,3003.78,20.326,24.6036
2026-08-26 09:06:35.304,BTCUSDT,60035.0,60047.0,19.2423,12.167
2026-08-26 09:06:35.417,BTCUSDT,60126.54,60138.56,15.5954,19.6076
2026-08-26 09:06:35.653,SOLUSDT,139.87,139.89,21.7148,5.5898
2026-08-26 09:06:35.945,BTCUSDT,59957.06,59969.06,6.7821,23.9229
2026-08-26 09:06:36.211,SOLUSDT,140.05,140.07,21.0983,12.6258
2026-08-26 09:06:36.486,ETHUSDT,2998.57,2999.17,6.9173,12.1031
2026-08-26 09:06:36.625,ETHUSDT,3002.31,3002.91,6.8147,10.2101
2026-08-26 09:06:36.680,SOLUSDT,139.74,139.76,11.7944,20.0363
2026-08-26 09:06:36.773,SOLUSDT,139.97,139.99,24.6402,6.1829
2026-08-26 09:06:37.054,BTCUSDT,59878.67,59890.65,5.0932,12.6951
2026-08-26 09:06:37.262,SOLUSDT,139.81,139.83,22.1872,24.1142
2026-08-26 09:06:37.486,ETHUSDT,2996.88,2997.48,15.7043,24.5155
2026-08-26 09:06:37.761,BTCUSDT,59975.67,59987.67,16.4797,22.8287
2026-08-26 09:06:38.050,BTCUSDT,59987.9,59999.9,21.2872,13.9021
2026-08-26 09:06:38.189,SOLUSDT,140.15,140.17,21.1441,11.2333
2026-08-26 09:06:38.288,SOLUSDT,139.99,140.01,16.8021,8.3477
2026-08-26 09:06:38.575,SOLUSDT,139.84,139.86,24.9468,23.4
2026-08-26 09:06:38.641,SOLUSDT,139.73,139.75,20.6813,23.8802
2026-08-26 09:06:38.739,ETHUSDT,2998.27,2998.87,12.3139,9.789
2026-08-26 09:06:38.996,ETHUSDT,3002.77,3003.37,12.1664,23.3322
2026-08-26 09:06:39.279,SOLUSDT,139.84,139.86,21.9555,6.8191
2026-08-26 09:06:39.363,SOLUSDT,140.13,140.15,20.1385,17.864
2026-08-26 09:06:39.509,ETHUSDT,3004.45,3005.05,10.8592,17.5268
2026-08-26 09:06:39.715,BTCUSDT,59882.32,59894.3,5.4767,7.0864
2026-08-26 09:06:39.940,ETHUSDT,2995.79,2996.39,14.9523,20.7272
2026-08-26 09:06:40.068,SOLUSDT,139.95,139.97,15.551,5.8327
2026-08-26 09:06:40.130,SOLUSDT,140.18,140.2,17.8186,19.7851
2026-08-26 09:06:40.391,ETHUSDT,3002.07,3002.67,8.7648,24.2837
2026-08-26 09:06:40.535,SOLUSDT,139.94,139.96,19.7708,15.4797
2026-08-26 09:06:40.813,SOLUSDT,139.87,139.89,23.2132,6.973
2026-08-26 09:06:41.026,BTCUSDT,59972.19,59984.19,6.4593,9.0722
2026-08-26 09:06:41.105,SOLUSDT,139.99,140.01,5.9047,12.6298
2026-08-26 09:06:41.239,ETHUSDT,2999.86,3000.46,23.0879,18.1919
2026-08-26 09:06:41.300,BTCUSDT,59926.88,59938.86,21.5314,12.4357
2026-08-26 09:06:41.586,BTCUSDT,59937.66,59949.64,16.975,17.4353
2026-08-26 09:06:41.705,ETHUSDT,3001.39,3001.99,9.0975,22.5736
2026-08-26 09:06:41.985,ETHUSDT,3001.19,3001.79,13.3177,13.2728
2026-08-26 09:06:42.045,BTCUSDT,60078.37,60090.39,10.0685,5.2086
2026-08-26 09:06:42.124,SOLUSDT,139.94,139.96,7.5778,18.79
2026-08-26 09:06:42.257,BTCUSDT,60059.58,60071.6,23.0443,14.7707
2026-08-26 09:06:42.379,BTCUSDT,59913.3,59925.28,24.1063,19.3005
2026-08-26 09:06:42.459,SOLUSDT,139.84,139.86,10.6941,16.4022
2026-08-26 09:06:42.541,ETHUSDT,3002.02,3002.62,24.0042,16.095
2026-08-26 09:06:42.804,SOLUSDT,139.9,139.92,14.3791,7.1869
2026-08-26 09:06:42.965,ETHUSDT,3002.61,3003.21,6.6722,18.8723
2026-08-26 09:06:43.025,SOLUSDT,140.03,140.05,13.7622,7.8552
2026-08-26 09:06:43.078,SOLUSDT,140.09,140.11,20.371,19.4982
2026-08-26 09:06:43.246,BTCUSDT,59947.96,59959.96,22.1898,10.016
2026-08-26 09:06:43.312,BTCUSDT,59982.99,59994.99,12.8262,8.062
2026-08-26 09:06:43.368,BTCUSDT,60019.27,60031.27,17.5443,11.7178
2026-08-26 09:06:43.459,ETHUSDT,2999.87,3000.47,21.8684,17.0332
2026-08-26 09:06:43.645,BTCUSDT,60048.03,60060.05,6.1343,18.6953
2026-08-26 09:06:43.925,BTCUSDT,59957.03,59969.03,19.4816,11.4331
2026-08-26 09:06:44.074,BTCUSDT,59906.64,59918.62,5.118,5.0684
2026-08-26 09:06:44.263,SOLUSDT,140.2,140.22,22.1401,20.2435
2026-08-26 09:06:44.478,BTCUSDT,60053.25,60065.27,17.9773,23.2162
2026-08-26 09:06:44.588,ETHUSDT,2996.3,2996.9,18.7122,12.7353
2026-08-26 09:06:44.754,SOLUSDT,139.89,139.91,17.2522,11.9029
2026-08-26 09:06:44.877,ETHUSDT,3003.08,3003.68,14.0845,22.5889
2026-08-26 09:06:44.968,SOLUSDT,140.1,140.12,24.2608,12.769
2026-08-26 09:06:45.123,ETHUSDT,3002.27,3002.87,13.6347,10.9972
2026-08-26 09:06:45.226,SOLUSDT,139.88,139.9,24.7498,7.5005
2026-08-26 09:06:45.519,ETHUSDT,3001.85,3002.45,22.6724,14.2116
2026-08-26 09:06:45.754,ETHUSDT,3006.31,3006.91,12.2712,11.5202
2026-08-26 09:06:46.046,SOLUSDT,139.99,140.01,9.9201,19.2518
2026-08-26 09:06:46.200,SOLUSDT,139.92,139.94,23.0071,15.9641
2026-08-26 09:06:46.416,ETHUSDT,3001.56,3002.16,9.2703,7.8266
2026-08-26 09:06:46.571,ETHUSDT,3003.07,3003.67,23.0935,24.1147
2026-08-26 09:06:46.719,BTCUSDT,59976.69,59988.69,9.3436,16.0339
2026-08-26 09:06:46.867,SOLUSDT,139.92,139.94,8.6063,13.8596
2026-08-26 09:06:46.956,SOLUSDT,139.98,140.0,10.4664,19.9194
2026-08-26 09:06:47.087,SOLUSDT,140.24,140.26,16.5014,21.0167
2026-08-26 09:06:47.217,ETHUSDT,2999.2,2999.8,22.3606,7.6111
2026-08-26 09:06:47.269,SOLUSDT,140.08,140.1,18.5238,20.7392
2026-08-26 09:06:47.370,BTCUSDT,59950.74,59962.74,22.052,11.2659
2026-08-26 09:06:47.579,SOLUSDT,140.11,140.13,24.1591,11.1512
2026-08-26 09:06:47.654,ETHUSDT,2998.99,2999.59,14.5017,19.0721
2026-08-26 09:06:47.840,SOLUSDT,140.26,140.28,23.0163,8.0403
2026-08-26 09:06:47.961,SOLUSDT,140.15,140.17,8.1656,16.0464
2026-08-26 09:06:48.124,SOLUSDT,139.79,139.81,24.5225,18.2774
2026-08-26 09:06:48.217,BTCUSDT,59855.92,59867.9,7.712,12.619
2026-08-26 09:06:48.495,BTCUSDT,59966.39,59978.39,23.6188,16.6978
2026-08-26 09:06:48.566,BTCUSDT,60070.46,60082.48,23.9321,16.3357
2026-08-26 09:06:48.850,ETHUSDT,2995.54,2996.14,8.5447,17.4806
2026-08-26 09:06:49.146,BTCUSDT,59998.34,60010.34,24.8579,20.8194
2026-08-26 09:06:49.286,SOLUSDT,139.8,139.82,10.847,20.8556
2026-08-26 09:06:49.379,SOLUSDT,139.97,139.99,5.3191,22.821
2026-08-26 09:06:49.663,ETHUSDT,3001.02,3001.62,8.8405,10.6049
2026-08-26 09:06:49.892,BTCUSDT,60039.3,60051.3,11.3714,8.3376
2026-08-26 09:06:50.133,ETHUSDT,3004.88,3005.48,13.9786,13.659
2026-08-26 09:06:50.406,SOLUSDT,140.1,140.12,18.1882,11.6584
2026-08-26 09:06:50.687,SOLUSDT,140.03,140.05,19.6928,5.3842
2026-08-26 09:06:50.833,ETHUSDT,2997.26,2997.86,12.7679,18.9058
2026-08-26 09:06:50.987,ETHUSDT,2997.58,2998.18,21.0629,22.0725
2026-08-26 09:06:51.086,SOLUSDT,140.03,140.05,7.6468,11.9248
2026-08-26 09:06:51.157,ETHUSDT,2997.78,2998.38,10.3335,23.2671
2026-08-26 09:06:51.239,SOLUSDT,140.04,140.06,22.2296,22.9164
2026-08-26 09:06:51.494,BTCUSDT,60075.43,60087.45,6.4883,12.4678
2026-08-26 09:06:51.750,BTCUSDT,59980.26,59992.26,22.2738,5.1929
2026-08-26 09:06:51.917,ETHUSDT,2994.75,2995.35,8.1249,17.5225
2026-08-26 09:06:52.147,SOLUSDT,140.06,140.08,20.7226,7.1167
2026-08-26 09:06:52.380,BTCUSDT,59893.91,59905.89,23.36,23.5312
2026-08-26 09:06:52.613,BTCUSDT,59836.93,59848.89,13.6594,18.712
2026-08-26 09:06:52.817,BTCUSDT,59985.01,59997.01,0.2282,0.3117
2026-08-26 09:06:52.996,SOLUSDT,139.8,139.82,0.2877,0.3926
2026-08-26 09:06:53.225,BTCUSDT,59977.13,59989.13,0.1703,0.1791
2026-08-26 09:06:53.489,BTCUSDT,59880.03,59892.01,0.1753,0.4394
2026-08-26 09:06:53.727,SOLUSDT,139.97,139.99,0.3406,0.3027
2026-08-26 09:06:53.793,BTCUSDT,60041.05,60053.05,0.3619,0.4873
2026-08-26 09:06:54.073,ETHUSDT,2997.01,2997.61,0.4611,0.1242
2026-08-26 09:06:54.215,SOLUSDT,139.88,139.9,0.1048,0.3977
2026-08-26 09:06:54.359,SOLUSDT,139.93,139.95,0.3277,0.3909
2026-08-26 09:06:54.419,ETHUSDT,2992.94,2993.54,0.4054,0.2254
2026-08-26 09:06:54.572,SOLUSDT,140.04,140.06,0.2639,0.452
2026-08-26 09:06:54.729,ETHUSDT,2996.4,2997.0,14.0435,7.8417
2026-08-26 09:06:54.817,BTCUSDT,60062.44,60074.46,20.7653,12.6291
2026-08-26 09:06:54.911,ETHUSDT,2997.61,2998.21,5.279,20.8275
2026-08-26 09:06:55.030,BTCUSDT,60033.43,60045.43,9.3399,5.3278
2026-08-26 09:06:55.324,ETHUSDT,2996.08,2996.68,5.4336,12.8446
2026-08-26 09:06:55.484,SOLUSDT,139.97,139.99,9.5548,14.7307
2026-08-26 09:06:55.561,ETHUSDT,3001.29,3001.89,14.7468,18.3158
2026-08-26 09:06:55.743,BTCUSDT,59869.74,59881.72,19.1205,17.1564
2026-08-26 09:06:55.833,ETHUSDT,2994.21,2994.81,13.3269,5.2594
2026-08-26 09:06:55.916,ETHUSDT,3001.54,3002.14,18.6812,13.5799
2026-08-26 09:06:55.998,SOLUSDT,140.09,140.11,11.8219,12.4671
2026-08-26 09:06:56.101,ETHUSDT,3000.41,3001.01,6.2625,13.9416
2026-08-26 09:06:56.381,ETHUSDT,2999.02,2999.62,23.2029,23.0511
2026-08-26 09:06:56.480,ETHUSDT,2997.14,2997.74,16.0999,16.5444
2026-08-26 09:06:56.711,BTCUSDT,60051.47,60063.49,20.6319,16.4455
2026-08-26 09:06:56.988,SOLUSDT,140.06,140.08,21.2664,9.982
2026-08-26 09:06:57.197,BTCUSDT,59990.01,60002.01,15.2192,6.9117
2026-08-26 09:06:57.489,ETHUSDT,2996.39,2996.99,15.5847,14.2538
2026-08-26 09:06:57.736,SOLUSDT,140.14,140.16,6.3385,12.7915
2026-08-26 09:06:57.843,ETHUSDT,2999.85,3000.45,12.2756,20.5552
2026-08-26 09:06:57.930,SOLUSDT,139.82,139.84,11.5443,21.4967
2026-08-26 09:06:58.031,ETHUSDT,2996.58,2997.18,14.694,11.2834
2026-08-26 09:06:58.268,SOLUSDT,140.01,140.03,24.1545,16.9517
2026-08-26 09:06:58.414,BTCUSDT,59998.1,60010.1,15.47,15.0826
2026-08-26 09:06:58.471,ETHUSDT,2998.66,2999.26,10.9635,9.0848
2026-08-26 09:06:58.558,SOLUSDT,140.12,140.14,6.5742,14.2988
2026-08-26 09:06:58.635,ETHUSDT,2998.68,2999.28,16.1053,16.8769
2026-08-26 09:06:58.726,ETHUSDT,3001.2,3001.8,10.519,19.1259
2026-08-26 09:06:58.859,SOLUSDT,140.07,140.09,11.4561,5.3391
2026-08-26 09:06:59.049,SOLUSDT,139.96,139.98,12.3764,11.3054
2026-08-26 09:06:59.313,BTCUSDT,59952.86,59964.86,17.9266,12.9108
2026-08-26 09:06:59.493,BTCUSDT,59962.26,59974.26,11.4803,20.1298
2026-08-26 09:06:59.569,BTCUSDT,60010.8,60022.8,14.9335,23.539
2026-08-26 09:06:59.867,SOLUSDT,139.77,139.79,23.8025,9.7003
2026-08-26 09:07:00.019,ETHUSDT,3000.87,3001.47,6.6232,11.8715
2026-08-26 09:07:00.108,SOLUSDT,139.84,139.86,15.4936,17.8364
2026-08-26 09:07:00.391,SOLUSDT,139.95,139.97,21.2873,13.97
2026-08-26 09:07:00.454,ETHUSDT,2999.28,2999.88,9.7853,17.8952
2026-08-26 09:07:00.747,SOLUSDT,139.97,139.99,14.5739,5.8435
2026-08-26 09:07:00.968,BTCUSDT,60067.07,60079.09,15.0117,11.459
2026-08-26 09:07:01.200,ETHUSDT,2999.12,2999.72,15.2049,10.7928
2026-08-26 09:07:01.303,SOLUSDT,139.57,139.59,16.0006,5.8026
2026-08-26 09:07:01.447,BTCUSDT,60007.1,60019.1,5.143,19.0365
2026-08-26 09:07:01.657,SOLUSDT,140.06,140.08,12.9436,8.0451
2026-08-26 09:07:01.920,SOLUSDT,140.29,140.31,10.3129,12.486
2026-08-26 09:07:02.000,BTCUSDT,59911.12,59923.1,11.6897,11.5412
2026-08-26 09:07:02.221,SOLUSDT,140.03,140.05,14.033,13.9109
2026-08-26 09:07:02.298,SOLUSDT,140.04,140.06,9.0918,7.2539
2026-08-26 09:07:02.561,SOLUSDT,139.95,139.97,9.0029,16.4041
2026-08-26 09:07:02.624,SOLUSDT,139.95,139.97,22.733,21.3572
2026-08-26 09:07:02.804,SOLUSDT,139.87,139.89,16.3369,22.6876
2026-08-26 09:07:02.906,BTCUSDT,59871.96,59883.94,5.2472,21.5917
2026-08-26 09:07:03.148,ETHUSDT,2994.18,2994.78,19.3994,14.1577
2026-08-26 09:07:03.368,BTCUSDT,60018.09,60030.09,14.6035,16.9348
2026-08-26 09:07:03.576,BTCUSDT,59916.64,59928.62,17.3274,22.6882
2026-08-26 09:07:03.723,BTCUSDT,59967.14,59979.14,23.9357,23.6032
2026-08-26 09:07:04.021,SOLUSDT,139.88,139.9,6.9447,12.361
2026-08-26 09:07:04.268,ETHUSDT,3002.45,3003.05,6.522,13.3497
2026-08-26 09:07:04.545,BTCUSDT,59920.44,59932.42,11.041,10.2545
2026-08-26 09:07:04.602,BTCUSDT,59993.92,60005.92,23.3881,19.8852
2026-08-26 09:07:04.874,ETHUSDT,3002.97,3003.57,5.2869,6.7219
2026-08-26 09:07:05.111,SOLUSDT,140.0,140.02,10.4013,19.0575
2026-08-26 09:07:05.170,SOLUSDT,140.04,140.06,9.3095,12.9508
2026-08-26 09:07:05.367,ETHUSDT,2996.43,2997.03,21.609,13.2485
2026-08-26 09:07:05.601,BTCUSDT,60016.41,60028.41,24.1886,22.5275
2026-08-26 09:07:05.874,ETHUSDT,3000.4,3001.0,21.0388,5.4883
2026-08-26 09:07:05.935,BTCUSDT,59970.4,59982.4,18.7935,21.2071
2026-08-26 09:07:06.168,SOLUSDT,139.95,139.97,16.1789,19.0589
2026-08-26 09:07:06.428,SOLUSDT,139.93,139.95,10.7303,6.7683
2026-08-26 09:07:06.616,ETHUSDT,2994.96,2995.56,12.4653,23.0364
2026-08-26 09:07:06.768,BTCUSDT,59935.31,59947.29,19.7039,11.9358
2026-08-26 09:07:06.990,ETHUSDT,3001.57,3002.17,24.6703,20.3463
2026-08-26 09:07:07.266,ETHUSDT,3000.47,3001.07,12.2066,13.6342
2026-08-26 09:07:07.454,BTCUSDT,60014.8,60026.8,23.4944,17.9093
2026-08-26 09:07:07.664,SOLUSDT,139.81,139.83,22.7948,11.8691
2026-08-26 09:07:07.918,BTCUSDT,60007.88,60019.88,15.8042,21.6403
2026-08-26 09:07:08.069,SOLUSDT,140.11,140.13,24.5446,20.8456
2026-08-26 09:07:08.252,BTCUSDT,59969.63,59981.63,22.6145,24.8101
2026-08-26 09:07:08.491,BTCUSDT,59950.8,59962.8,10.0943,16.009
2026-08-26 09:07:08.636,BTCUSDT,60000.39,60012.39,14.7836,11.5097
2026-08-26 09:07:08.775,SOLUSDT,140.02,140.04,15.4624,21.3872
2026-08-26 09:07:08.989,SOLUSDT,140.01,140.03,18.756,24.759
2026-08-26 09:07:09.039,ETHUSDT,3002.51,3003.11,21.687,22.9047
2026-08-26 09:07:09.167,SOLUSDT,139.77,139.79,14.9041,23.3169
2026-08-26 09:07:09.460,BTCUSDT,59975.08,59987.08,11.0572,9.1849
2026-08-26 09:07:09.721,BTCUSDT,59918.99,59930.97,5.3244,10.9157
2026-08-26 09:07:10.012,SOLUSDT,139.74,139.76,6.3404,14.052
2026-08-26 09:07:10.157,ETHUSDT,3002.02,3002.62,5.2114,16.9512
2026-08-26 09:07:10.364,BTCUSDT,60025.24,60037.24,13.5705,16.7938
2026-08-26 09:07:10.503,SOLUSDT,139.83,139.85,18.5823,24.5403
2026-08-26 09:07:10.690,BTCUSDT,60065.46,60077.48,19.0126,22.2235
2026-08-26 09:07:10.988,BTCUSDT,59924.43,59936.41,18.7718,17.4046
2026-08-26 09:07:11.232,SOLUSDT,139.93,139.95,24.8928,12.5993
2026-08-26 09:07:11.494,BTCUSDT,60035.08,60047.08,10.0431,6.841
2026-08-26 09:07:11.664,SOLUSDT,140.19,140.21,14.0937,19.981
2026-08-26 09:07:11.769,BTCUSDT,59944.17,59956.17,11.1963,20.5433
2026-08-26 09:07:11.991,SOLUSDT,140.14,140.16,6.8991,18.6765
2026-08-26 09:07:12.185,BTCUSDT,60056.04,60068.06,6.382,8.6247
2026-08-26 09:07:12.279,ETHUSDT,3000.7,3001.3,10.0641,7.3534
2026-08-26 09:07:12.438,ETHUSDT,2995.55,2996.15,22.0711,5.7963
2026-08-26 09:07:12.551,BTCUSDT,59931.32,59943.3,24.3713,6.5364
2026-08-26 09:07:12.798,BTCUSDT,59965.8,59977.8,20.5148,21.1361
2026-08-26 09:07:12.997,ETHUSDT,3001.54,3002.14,11.0455,9.4685
2026-08-26 09:07:13.076,ETHUSDT,3000.57,3001.17,19.2766,21.1684
2026-08-26 09:07:13.270,BTCUSDT,60170.1,60182.14,7.7841,19.8071
2026-08-26 09:07:13.501,BTCUSDT,59986.85,59998.85,14.9229,20.8867
2026-08-26 09:07:13.622,SOLUSDT,139.77,139.79,17.6966,7.1266
2026-08-26 09:07:13.842,ETHUSDT,3001.68,3002.28,6.3388,6.7449
2026-08-26 09:07:14.116,ETHUSDT,2996.84,2997.44,13.0265,23.3855
2026-08-26 09:07:14.305,BTCUSDT,59988.49,60000.49,0.1096,0.1346
2026-08-26 09:07:14.365,ETHUSDT,2999.17,2999.77,0.2912,0.4883
2026-08-26 09:07:14.616,BTCUSDT,59982.17,59994.17,0.159,0.1533
2026-08-26 09:07:14.747,BTCUSDT,59903.64,59915.62,0.3098,0.2064
2026-08-26 09:07:14.896,BTCUSDT,59998.78,60010.78,0.4205,0.1755
2026-08-26 09:07:15.077,SOLUSDT,140.21,140.23,0.1584,0.1508
2026-08-26 09:07:15.194,BTCUSDT,59993.86,60005.86,0.1988,0.4014
2026-08-26 09:07:15.429,ETHUSDT,2999.67,3000.27,0.4009,0.1172
2026-08-26 09:07:15.722,ETHUSDT,3004.83,3005.43,0.2799,0.4345
2026-08-26 09:07:15.969,SOLUSDT,140.34,140.36,0.3584,0.4022
2026-08-26 09:07:16.216,BTCUSDT,59936.91,59948.89,0.3399,0.2669
2026-08-26 09:07:16.472,SOLUSDT,140.24,140.26,12.3904,12.8653
2026-08-26 09:07:16.740,ETHUSDT,2996.13,2996.73,21.7265,17.1059
2026-08-26 09:07:16.967,ETHUSDT,3002.17,3002.77,12.7219,22.4232
2026-08-26 09:07:17.104,SOLUSDT,140.13,140.15,14.3866,6.8198
2026-08-26 09:07:17.227,SOLUSDT,139.99,140.01,10.0319,10.3642
2026-08-26 09:07:17.421,SOLUSDT,140.09,140.11,11.261,23.1162
2026-08-26 09:07:17.644,BTCUSDT,59926.08,59938.06,24.4468,8.8369
2026-08-26 09:07:17.890,ETHUSDT,2997.61,2998.21,10.2782,13.477
2026-08-26 09:07:18.115,SOLUSDT,140.19,140.21,21.0449,18.7666
2026-08-26 09:07:18.195,ETHUSDT,3000.82,3001.42,9.0893,14.2538
2026-08-26 09:07:18.457,SOLUSDT,139.86,139.88,17.7719,9.1147
2026-08-26 09:07:18.607,ETHUSDT,2994.42,2995.02,22.7455,21.1915
2026-08-26 09:07:18.722,ETHUSDT,3001.79,3002.39,23.6497,14.1816
2026-08-26 09:07:18.872,SOLUSDT,139.93,139.95,10.0507,24.3303
2026-08-26 09:07:19.038,BTCUSDT,59867.6,59879.58,8.7786,23.6824
2026-08-26 09:07:19.197,SOLUSDT,139.93,139.95,15.2224,13.4099
2026-08-26 09:07:19.277,SOLUSDT,139.78,139.8,16.9054,14.5274
2026-08-26 09:07:19.337,BTCUSDT,59987.32,59999.32,7.4583,20.2025
2026-08-26 09:07:19.411,BTCUSDT,60027.43,60039.43,7.1492,15.7045
2026-08-26 09:07:19.463,SOLUSDT,139.83,139.85,9.0979,22.8262
2026-08-26 09:07:19.574,BTCUSDT,59967.85,59979.85,24.5367,19.3914
2026-08-26 09:07:19.765,BTCUSDT,60103.55,60115.57,17.3662,16.4123
2026-08-26 09:07:19.871,ETHUSDT,2996.17,2996.77,8.0341,16.0742
2026-08-26 09:07:19.944,BTCUSDT,60041.9,60053.9,9.0628,17.3259
2026-08-26 09:07:20.098,SOLUSDT,139.91,139.93,21.191,7.4913
2026-08-26 09:07:20.204,BTCUSDT,60044.18,60056.2,14.1901,8.3129
2026-08-26 09:07:20.474,ETHUSDT,3001.01,3001.61,5.0634,18.4232
2026-08-26 09:07:20.628,SOLUSDT,140.33,140.35,13.9233,9.6436
2026-08-26 09:07:20.835,SOLUSDT,139.88,139.9,13.8506,19.7833
2026-08-26 09:07:21.010,ETHUSDT,2999.79,3000.39,15.8253,10.4345
2026-08-26 09:07:21.274,ETHUSDT,2998.82,2999.42,11.4416,14.9806
2026-08-26 09:07:21.502,ETHUSDT,2995.95,2996.55,12.4592,19.0691
2026-08-26 09:07:21.642,SOLUSDT,140.03,140.05,8.3676,13.0801
2026-08-26 09:07:21.845,ETHUSDT,2999.56,3000.16,9.9753,10.8136
2026-08-26 09:07:21.911,ETHUSDT,2995.73,2996.33,18.7298,16.2662
2026-08-26 09:07:22.086,ETHUSDT,3004.37,3004.97,12.7774,11.9037
2026-08-26 09:07:22.194,ETHUSDT,2997.0,2997.6,23.1838,6.7892
2026-08-26 09:07:22.300,ETHUSDT,3002.24,3002.84,23.232,10.1972
2026-08-26 09:07:22.544,SOLUSDT,139.98,140.0,21.9181,24.5832
2026-08-26 09:07:22.735,BTCUSDT,60086.7,60098.72,19.1421,8.1751
2026-08-26 09:07:22.860,BTCUSDT,59988.19,60000.19,6.5851,23.6402
2026-08-26 09:07:22.989,BTCUSDT,59994.97,60006.97,10.5703,23.3193
2026-08-26 09:07:23.206,BTCUSDT,60020.99,60032.99,9.6363,6.8454
2026-08-26 09:07:23.298,SOLUSDT,140.07,140.09,10.7649,14.405
2026-08-26 09:07:23.365,BTCUSDT,59905.54,59917.52,21.1546,8.9077
2026-08-26 09:07:23.533,BTCUSDT,60116.53,60128.55,21.3458,8.5746
2026-08-26 09:07:23.645,SOLUSDT,139.92,139.94,19.4642,8.0544
2026-08-26 09:07:23.700,BTCUSDT,59935.22,59947.2,22.1081,20.327
2026-08-26 09:07:23.966,SOLUSDT,139.87,139.89,12.8761,8.34
2026-08-26 09:07:24.087,BTCUSDT,59986.97,59998.97,22.2338,21.6856
2026-08-26 09:07:24.178,ETHUSDT,3003.19,3003.79,14.0989,19.2042
2026-08-26 09:07:24.345,SOLUSDT,140.1,140.12,6.3415,12.5485
2026-08-26 09:07:24.498,SOLUSDT,140.35,140.37,18.5505,12.9003
2026-08-26 09:07:24.703,SOLUSDT,140.02,140.04,24.2421,23.8657
2026-08-26 09:07:24.881,SOLUSDT,139.89,139.91,20.0326,15.4694
2026-08-26 09:07:25.025,ETHUSDT,2998.88,2999.48,21.0968,9.1379
2026-08-26 09:07:25.170,ETHUSDT,2996.48,2997.08,17.0879,13.2483
2026-08-26 09:07:25.418,BTCUSDT,59892.25,59904.23,14.7444,20.0062
2026-08-26 09:07:25.503,SOLUSDT,140.06,140.08,13.9988,16.8086
2026-08-26 09:07:25.784,SOLUSDT,139.95,139.97,12.9272,7.8463
2026-08-26 09:07:26.059,ETHUSDT,3002.59,3003.19,14.7355,14.327
2026-08-26 09:07:26.146,BTCUSDT,60092.77,60104.79,7.6083,24.1924
2026-08-26 09:07:26.294,SOLUSDT,140.12,140.14,10.9084,6.0624
2026-08-26 09:07:26.485,SOLUSDT,139.8,139.82,6.5625,10.879
2026-08-26 09:07:26.625,ETHUSDT,2997.69,2998.29,23.6795,22.3726
2026-08-26 09:07:26.700,ETHUSDT,2997.76,2998.36,11.2068,15.1344
2026-08-26 09:07:26.845,BTCUSDT,59999.83,60011.83,6.1977,15.1901
2026-08-26 09:07:27.054,BTCUSDT,59958.39,59970.39,13.0682,20.9702
2026-08-26 09:07:27.330,ETHUSDT,2998.67,2999.27,12.3594,21.0245
2026-08-26 09:07:27.520,ETHUSDT,3000.07,3000.67,13.6682,15.2794
2026-08-26 09:07:27.654,SOLUSDT,139.98,140.0,24.9729,8.0666
2026-08-26 09:07:27.899,SOLUSDT,139.99,140.01,19.629,17.7041
2026-08-26 09:07:27.960,BTCUSDT,59990.91,60002.91,17.3375,10.5152
2026-08-26 09:07:28.116,ETHUSDT,2997.62,2998.22,24.0712,8.8899
2026-08-26 09:07:28.166,BTCUSDT,59995.47,60007.47,15.9411,10.103
2026-08-26 09:07:28.232,BTCUSDT,60096.54,60108.56,22.1768,10.3102
2026-08-26 09:07:28.311,BTCUSDT,60072.56,60084.58,23.3027,8.3121
2026-08-26 09:07:28.456,BTCUSDT,59943.9,59955.88,21.2338,11.8547
2026-08-26 09:07:28.695,ETHUSDT,2997.68,2998.28,16.5409,15.9585
2026-08-26 09:07:28.895,ETHUSDT,2995.56,2996.16,15.5342,18.355
2026-08-26 09:07:29.153,SOLUSDT,139.98,140.0,21.1238,20.5659
2026-08-26 09:07:29.330,BTCUSDT,60050.34,60062.36,14.6679,11.5631
2026-08-26 09:07:29.445,SOLUSDT,139.95,139.97,6.0257,16.8339
2026-08-26 09:07:29.739,BTCUSDT,59993.79,60005.79,16.1003,21.8898
2026-08-26 09:07:29.918,BTCUSDT,59887.35,59899.33,23.1035,23.521
2026-08-26 09:07:29.988,ETHUSDT,3001.28,3001.88,19.8505,13.3858
2026-08-26 09:07:30.236,BTCUSDT,60040.62,60052.62,17.4612,23.9698
2026-08-26 09:07:30.407,ETHUSDT,3003.72,3004.32,13.7125,21.3012
2026-08-26 09:07:30.682,BTCUSDT,59995.93,60007.93,23.7519,7.3645
2026-08-26 09:07:30.805,ETHUSDT,3000.68,3001.28,16.7685,13.1064
2026-08-26 09:07:31.073,BTCUSDT,59942.77,59954.75,11.7222,16.9596
2026-08-26 09:07:31.261,BTCUSDT,60069.14,60081.16,6.6419,20.9239
2026-08-26 09:07:31.489,ETHUSDT,2999.8,3000.4,22.9316,23.6875
2026-08-26 09:07:31.573,SOLUSDT,140.03,140.05,24.8367,5.0417
2026-08-26 09:07:31.793,ETHUSDT,3000.67,3001.27,18.5748,23.3617
2026-08-26 09:07:31.852,SOLUSDT,140.03,140.05,5.8086,22.8576
2026-08-26 09:07:31.951,SOLUSDT,139.85,139.87,24.7637,17.2873
2026-08-26 09:07:32.075,BTCUSDT,60008.58,60020.58,21.4838,14.8072
2026-08-26 09:07:32.280,SOLUSDT,139.86,139.88,21.636,10.6889
2026-08-26 09:07:32.485,ETHUSDT,2998.79,2999.39,17.8693,18.9989
2026-08-26 09:07:32.712,BTCUSDT,59969.17,59981.17,5.6407,22.0431
2026-08-26 09:07:32.942,ETHUSDT,3001.37,3001.97,12.175,15.1775
2026-08-26 09:07:33.071,ETHUSDT,2999.42,3000.02,21.1393,9.7025
2026-08-26 09:07:33.130,SOLUSDT,139.8,139.82,9.2109,14.2257
2026-08-26 09:07:33.294,BTCUSDT,60013.48,60025.48,16.7537,7.3544
2026-08-26 09:07:33.425,BTCUSDT,60059.88,60071.9,19.4554,10.6495
2026-08-26 09:07:33.639,SOLUSDT,140.09,140.11,19.3728,13.7067
2026-08-26 09:07:33.697,SOLUSDT,140.22,140.24,23.7487,9.1954
2026-08-26 09:07:33.962,ETHUSDT,2996.88,2997.48,12.8159,11.9017
2026-08-26 09:07:34.094,ETHUSDT,2997.34,2997.94,0.1746,0.299
2026-08-26 09:07:34.336,ETHUSDT,3003.32,3003.92,0.4263,0.3981
2026-08-26 09:07:34.471,SOLUSDT,139.86,139.88,0.103,0.4133
2026-08-26 09:07:34.705,BTCUSDT,60037.91,60049.91,0.4537,0.196
2026-08-26 09:07:34.841,BTCUSDT,60069.26,60081.28,0.1154,0.1037
2026-08-26 09:07:35.059,BTCUSDT,60027.52,60039.52,0.2931,0.4297
2026-08-26 09:07:35.220,SOLUSDT,139.97,139.99,0.3123,0.4558
2026-08-26 09:07:35.281,SOLUSDT,139.88,139.9,0.282,0.3876
2026-08-26 09:07:35.437,ETHUSDT,2997.74,2998.34,0.1072,0.3357
2026-08-26 09:07:35.705,ETHUSDT,3000.11,3000.71,0.4692,0.4339
2026-08-26 09:07:35.811,BTCUSDT,59880.84,59892.82,0.3674,0.3318
2026-08-26 09:07:36.066,ETHUSDT,2999.86,3000.46,12.9396,13.6002
2026-08-26 09:07:36.312,ETHUSDT,3005.69,3006.29,5.3269,22.3709
2026-08-26 09:07:36.510,SOLUSDT,140.08,140.1,20.378,18.2663
2026-08-26 09:07:36.659,BTCUSDT,59894.28,59906.26,20.5935,22.1047
2026-08-26 09:07:36.818,SOLUSDT,139.96,139.98,8.5447,18.1221
2026-08-26 09:07:36.901,BTCUSDT,59918.53,59930.51,17.9369,23.9316
2026-08-26 09:07:36.992,SOLUSDT,139.72,139.74,8.3805,10.8463
2026-08-26 09:07:37.115,ETHUSDT,3002.99,3003.59,19.5832,12.2286
2026-08-26 09:07:37.404,ETHUSDT,3003.64,3004.24,6.5245,8.1114
2026-08-26 09:07:37.523,BTCUSDT,59983.73,59995.73,6.3196,20.4068
2026-08-26 09:07:37.786,BTCUSDT,59943.58,59955.56,20.298,11.7506
2026-08-26 09:07:38.037,SOLUSDT,139.95,139.97,15.2156,14.6248
2026-08-26 09:07:38.135,BTCUSDT,60074.52,60086.54,20.78,12.0648
2026-08-26 09:07:38.433,SOLUSDT,140.18,140.2,19.5063,23.2184
2026-08-26 09:07:38.659,BTCUSDT,59989.54,60001.54,8.2458,11.842
2026-08-26 09:07:38.716,SOLUSDT,139.89,139.91,14.5738,23.4943
2026-08-26 09:07:38.964,ETHUSDT,2998.12,2998.72,20.8533,13.648
2026-08-26 09:07:39.164,ETHUSDT,2994.74,2995.34,8.3505,17.4215
2026-08-26 09:07:39.453,SOLUSDT,140.03,140.05,24.5227,19.893
2026-08-26 09:07:39.513,ETHUSDT,2992.82,2993.42,12.7455,17.8505
2026-08-26 09:07:39.733,BTCUSDT,60035.19,60047.19,8.7616,16.4188
2026-08-26 09:07:40.003,ETHUSDT,2997.89,2998.49,13.3107,21.7504
2026-08-26 09:07:40.249,ETHUSDT,3003.2,3003.8,7.6816,6.9195
2026-08-26 09:07:40.493,BTCUSDT,59976.75,59988.75,14.4686,16.0717
2026-08-26 09:07:40.624,ETHUSDT,3001.34,3001.94,17.4989,5.6496
2026-08-26 09:07:40.701,BTCUSDT,59992.67,60004.67,15.7416,13.5128
2026-08-26 09:07:40.959,BTCUSDT,60059.1,60071.12,18.2965,24.9681
2026-08-26 09:07:41.258,ETHUSDT,3003.26,3003.86,10.6134,21.9947
2026-08-26 09:07:41.313,SOLUSDT,140.16,140.18,6.5022,11.1677
2026-08-26 09:07:41.601,BTCUSDT,59948.49,59960.49,11.5551,19.236
2026-08-26 09:07:41.736,SOLUSDT,140.09,140.11,12.2506,6.9031
2026-08-26 09:07:41.845,ETHUSDT,3007.22,3007.82,8.6524,9.2462
2026-08-26 09:07:42.128,BTCUSDT,59977.01,59989.01,11.2298,20.2127
2026-08-26 09:07:42.281,BTCUSDT,60119.25,60131.27,23.1264,18.158
2026-08-26 09:07:42.399,BTCUSDT,60021.01,60033.01,23.3768,13.4034
2026-08-26 09:07:42.450,SOLUSDT,140.21,140.23,7.7378,6.8863
2026-08-26 09:07:42.527,BTCUSDT,60042.8,60054.8,5.8505,21.19
2026-08-26 09:07:42.597,ETHUSDT,3002.33,3002.93,16.8171,16.2238
2026-08-26 09:07:42.673,ETHUSDT,2995.89,2996.49,8.7026,23.3633
2026-08-26 09:07:42.911,SOLUSDT,139.8,139.82,14.4063,19.575
2026-08-26 09:07:43.030,SOLUSDT,139.99,140.01,24.7929,5.1057
2026-08-26 09:07:43.236,SOLUSDT,139.74,139.76,14.8531,9.7582
2026-08-26 09:07:43.389,SOLUSDT,140.14,140.16,8.8494,15.5556
2026-08-26 09:07:43.658,SOLUSDT,139.83,139.85,23.2149,10.7533
2026-08-26 09:07:43.737,BTCUSDT,59990.56,60002.56,10.1,17.1051
2026-08-26 09:07:43.995,ETHUSDT,3004.62,3005.22,19.9357,18.826
2026-08-26 09:07:44.104,SOLUSDT,140.02,140.04,24.3435,9.9756
2026-08-26 09:07:44.209,BTCUSDT,60018.23,60030.23,19.625,18.6814
2026-08-26 09:07:44.471,ETHUSDT,2998.93,2999.53,16.4915,18.0371
2026-08-26 09:07:44.558,SOLUSDT,139.85,139.87,13.2671,11.8271
2026-08-26 09:07:44.776,SOLUSDT,139.87,139.89,22.376,11.5022
2026-08-26 09:07:44.878,SOLUSDT,140.03,140.05,13.8682,9.031
2026-08-26 09:07:44.990,ETHUSDT,2993.95,2994.55,8.76,18.3171
2026-08-26 09:07:45.150,ETHUSDT,3003.27,3003.87,23.9829,13.749
2026-08-26 09:07:45.317,ETHUSDT,3001.86,3002.46,6.2281,22.7787
2026-08-26 09:07:45.439,SOLUSDT,140.28,140.3,9.0768,7.2083
2026-08-26 09:07:45.624,ETHUSDT,3005.65,3006.25,13.523,5.2754
2026-08-26 09:07:45.850,BTCUSDT,60044.01,60056.03,11.9569,17.885
2026-08-26 09:07:46.012,ETHUSDT,2999.26,2999.86,24.2702,10.3928
2026-08-26 09:07:46.304,BTCUSDT,60020.01,60032.01,20.6202,17.9044
2026-08-26 09:07:46.530,SOLUSDT,140.02,140.04,7.1965,19.4249
2026-08-26 09:07:46.683,BTCUSDT,60022.82,60034.82,22.24,15.3296
2026-08-26 09:07:46.805,BTCUSDT,60048.29,60060.31,16.3431,22.6962
2026-08-26 09:07:47.012,ETHUSDT,2999.18,2999.78,20.1547,18.3689
2026-08-26 09:07:47.307,SOLUSDT,139.98,140.0,17.5504,24.549
2026-08-26 09:07:47.444,BTCUSDT,59989.14,60001.14,20.3699,20.3937
2026-08-26 09:07:47.689,BTCUSDT,60112.01,60124.03,8.8684,7.1693
2026-08-26 09:07:47.841,ETHUSDT,3002.97,3003.57,18.9205,10.4388
2026-08-26 09:07:47.953,SOLUSDT,140.11,140.13,6.9218,14.4371
2026-08-26 09:07:48.139,ETHUSDT,2995.53,2996.13,22.1559,12.1376
2026-08-26 09:07:48.208,ETHUSDT,3000.07,3000.67,9.5516,24.15
2026-08-26 09:07:48.363,BTCUSDT,60055.71,60067.73,9.6261,22.331
2026-08-26 09:07:48.596,SOLUSDT,139.9,139.92,7.0523,24.7955
2026-08-26 09:07:48.711,BTCUSDT,59985.96,59997.96,19.7605,9.3694
2026-08-26 09:07:48.876,BTCUSDT,60055.29,60067.31,7.4055,10.6082
2026-08-26 09:07:49.132,BTCUSDT,59991.49,60003.49,11.8163,9.7342
2026-08-26 09:07:49.350,ETHUSDT,2998.35,2998.95,5.8834,18.7799
2026-08-26 09:07:49.603,SOLUSDT,140.28,140.3,23.5246,14.791
2026-08-26 09:07:49.800,ETHUSDT,2996.92,2997.52,7.0019,15.074
2026-08-26 09:07:49.965,ETHUSDT,2998.43,2999.03,13.5421,11.9792
2026-08-26 09:07:50.020,SOLUSDT,140.08,140.1,5.538,6.9502
2026-08-26 09:07:50.081,SOLUSDT,140.09,140.11,8.8509,21.4463
2026-08-26 09:07:50.248,SOLUSDT,139.8,139.82,8.9171,9.1814
2026-08-26 09:07:50.531,BTCUSDT,60100.99,60113.01,9.5125,7.6903
2026-08-26 09:07:50.794,SOLUSDT,140.02,140.04,12.3328,20.1318
2026-08-26 09:07:50.965,SOLUSDT,139.95,139.97,8.0786,6.2654
2026-08-26 09:07:51.230,ETHUSDT,2999.75,3000.35,8.4275,5.7026
2026-08-26 09:07:51.386,ETHUSDT,2998.46,2999.06,6.6965,8.1507
2026-08-26 09:07:51.569,BTCUSDT,59966.92,59978.92,9.5851,21.252
2026-08-26 09:07:51.755,SOLUSDT,140.18,140.2,22.7278,8.1479
2026-08-26 09:07:52.008,SOLUSDT,139.86,139.88,24.0724,13.4977
2026-08-26 09:07:52.262,ETHUSDT,3004.05,3004.65,11.3146,17.1256
2026-08-26 09:07:52.549,BTCUSDT,60012.37,60024.37,13.1163,12.5105
2026-08-26 09:07:52.787,BTCUSDT,59917.31,59929.29,20.932,7.5356
2026-08-26 09:07:53.019,SOLUSDT,139.88,139.9,16.2013,12.8921
2026-08-26 09:07:53.273,SOLUSDT,140.07,140.09,6.0566,8.5959
2026-08-26 09:07:53.549,BTCUSDT,60097.67,60109.69,23.16,15.1683
2026-08-26 09:07:53.622,BTCUSDT,60027.73,60039.73,15.7801,6.6714
2026-08-26 09:07:53.781,ETHUSDT,2998.52,2999.12,11.6415,7.7236
2026-08-26 09:07:53.853,ETHUSDT,3003.32,3003.92,7.7942,20.8006
2026-08-26 09:07:54.042,SOLUSDT,140.07,140.09,17.4968,6.4287
2026-08-26 09:07:54.178,BTCUSDT,60044.74,60056.76,14.218,18.6268
2026-08-26 09:07:54.404,BTCUSDT,59975.04,59987.04,20.3096,20.601
2026-08-26 09:07:54.617,BTCUSDT,60006.69,60018.69,6.6727,8.2985
2026-08-26 09:07:54.692,SOLUSDT,139.81,139.83,6.6527,8.8084
2026-08-26 09:07:54.748,ETHUSDT,3009.53,3010.13,6.145,17.6169
2026-08-26 09:07:55.001,SOLUSDT,140.04,140.06,24.7681,11.2569
2026-08-26 09:07:55.259,SOLUSDT,140.1,140.12,20.0506,10.2161
2026-08-26 09:07:55.347,BTCUSDT,59971.47,59983.47,10.7437,15.4444
2026-08-26 09:07:55.516,BTCUSDT,60034.3,60046.3,0.3006,0.4153
2026-08-26 09:07:55.653,BTCUSDT,59891.1,59903.08,0.3397,0.1011
2026-08-26 09:07:55.808,BTCUSDT,59977.45,59989.45,0.3896,0.21
2026-08-26 09:07:55.901,BTCUSDT,59891.68,59903.66,0.3047,0.4963
2026-08-26 09:07:56.012,SOLUSDT,139.88,139.9,0.3918,0.321
2026-08-26 09:07:56.302,ETHUSDT,3004.0,3004.6,0.3472,0.4146
2026-08-26 09:07:56.416,SOLUSDT,139.86,139.88,0.1503,0.1243
2026-08-26 09:07:56.712,SOLUSDT,139.57,139.59,0.4561,0.4661
2026-08-26 09:07:56.945,SOLUSDT,140.06,140.08,0.319,0.2895
2026-08-26 09:07:57.168,BTCUSDT,59888.01,59899.99,0.2599,0.1969
2026-08-26 09:07:57.223,ETHUSDT,2995.43,2996.03,0.3087,0.3581
2026-08-26 09:07:57.489,BTCUSDT,59964.38,59976.38,20.1296,7.6102
2026-08-26 09:07:57.560,SOLUSDT,139.99,140.01,9.2775,11.1917
2026-08-26 09:07:57.709,ETHUSDT,3000.58,3001.18,21.4407,10.8325
2026-08-26 09:07:57.982,BTCUSDT,59952.26,59964.26,23.9228,12.4733
2026-08-26 09:07:58.119,BTCUSDT,60161.51,60173.55,13.0656,9.5816
2026-08-26 09:07:58.174,SOLUSDT,140.17,140.19,10.8767,24.1844
2026-08-26 09:07:58.444,SOLUSDT,139.92,139.94,14.3966,11.1546
2026-08-26 09:07:58.636,ETHUSDT,3000.92,3001.52,20.4407,19.6156
2026-08-26 09:07:58.720,SOLUSDT,140.13,140.15,21.6083,10.5087
2026-08-26 09:07:58.933,ETHUSDT,2996.86,2997.46,18.4736,11.7986
2026-08-26 09:07:59.178,BTCUSDT,59913.13,59925.11,9.7763,23.3297
2026-08-26 09:07:59.409,ETHUSDT,3003.24,3003.84,21.5705,10.1543
2026-08-26 09:07:59.482,BTCUSDT,59942.38,59954.36,19.569,21.1341
2026-08-26 09:07:59.671,BTCUSDT,59976.34,59988.34,15.5242,19.425
2026-08-26 09:07:59.847,BTCUSDT,59975.64,59987.64,9.8219,6.8284
2026-08-26 09:08:00.122,BTCUSDT,59927.37,59939.35,13.0999,11.4604
2026-08-26 09:08:00.328,ETHUSDT,3004.89,3005.49,19.4672,24.1242
2026-08-26 09:08:00.496,SOLUSDT,140.12,140.14,20.168,11.5488
2026-08-26 09:08:00.548,SOLUSDT,139.94,139.96,20.5783,19.4057
2026-08-26 09:08:00.748,BTCUSDT,60031.35,60043.35,9.1741,5.5314
2026-08-26 09:08:00.950,BTCUSDT,59956.35,59968.35,20.5727,7.2403
2026-08-26 09:08:01.179,SOLUSDT,139.67,139.69,9.8877,12.5458
2026-08-26 09:08:01.474,ETHUSDT,2998.2,2998.8,19.5852,21.4608
2026-08-26 09:08:01.624,SOLUSDT,139.54,139.56,23.3334,22.6456
2026-08-26 09:08:01.692,ETHUSDT,3000.07,3000.67,7.6785,6.1589
2026-08-26 09:08:01.877,BTCUSDT,60033.01,60045.01,7.1771,10.8449
2026-08-26 09:08:02.031,ETHUSDT,2997.37,2997.97,21.7613,16.7311
2026-08-26 09:08:02.235,BTCUSDT,59920.85,59932.83,21.2989,8.1536
2026-08-26 09:08:02.392,SOLUSDT,139.92,139.94,6.47,14.0258
2026-08-26 09:08:02.629,BTCUSDT,59912.13,59924.11,10.1029,5.7297
2026-08-26 09:08:02.891,ETHUSDT,3001.71,3002.31,15.3936,13.145
2026-08-26 09:08:03.042,ETHUSDT,3000.16,3000.76,20.5604,11.7498
2026-08-26 09:08:03.116,ETHUSDT,2997.33,2997.93,24.3258,19.8751
2026-08-26 09:08:03.407,BTCUSDT,60029.34,60041.34,13.5303,21.9307
2026-08-26 09:08:03.683,BTCUSDT,59871.04,59883.02,15.4051,9.0636
2026-08-26 09:08:03.908,SOLUSDT,140.04,140.06,21.3634,20.2547
2026-08-26 09:08:04.002,ETHUSDT,2993.34,2993.94,11.4076,19.9032
2026-08-26 09:08:04.182,BTCUSDT,59962.96,59974.96,22.9499,12.1159
2026-08-26 09:08:04.356,SOLUSDT,140.18,140.2,13.7248,7.1755
2026-08-26 09:08:04.480,ETHUSDT,2999.84,3000.44,17.4236,24.6784
2026-08-26 09:08:04.733,SOLUSDT,140.26,140.28,7.3166,11.0801
2026-08-26 09:08:05.003,SOLUSDT,139.78,139.8,20.6049,11.8522
2026-08-26 09:08:05.210,SOLUSDT,139.99,140.01,13.1491,9.2392
2026-08-26 09:08:05.437,SOLUSDT,139.92,139.94,6.068,18.3405
2026-08-26 09:08:05.503,BTCUSDT,60046.36,60058.38,15.148,24.8638
2026-08-26 09:08:05.668,ETHUSDT,2997.01,2997.61,16.4817,23.6992
2026-08-26 09:08:05.959,ETHUSDT,2996.03,2996.63,13.0571,16.957
2026-08-26 09:08:06.208,SOLUSDT,140.2,140.22,20.3326,16.4543
2026-08-26 09:08:06.448,SOLUSDT,140.2,140.22,21.6056,17.835
2026-08-26 09:08:06.698,SOLUSDT,139.66,139.68,6.7931,15.4442
2026-08-26 09:08:06.892,ETHUSDT,2995.41,2996.01,17.7355,16.3752
2026-08-26 09:08:07.100,BTCUSDT,60024.35,60036.35,5.4255,15.0088
2026-08-26 09:08:07.356,BTCUSDT,60034.03,60046.03,22.8108,7.1671
2026-08-26 09:08:07.550,BTCUSDT,59992.08,60004.08,20.6106,20.5254
2026-08-26 09:08:07.721,SOLUSDT,140.1,140.12,13.1564,18.9936
2026-08-26 09:08:07.999,BTCUSDT,60042.47,60054.47,17.8048,14.1436
2026-08-26 09:08:08.234,BTCUSDT,60030.48,60042.48,8.4783,9.3181
2026-08-26 09:08:08.450,BTCUSDT,59953.37,59965.37,11.5156,18.2509
2026-08-26 09:08:08.709,BTCUSDT,59930.86,59942.84,18.1452,16.2231
2026-08-26 09:08:08.789,ETHUSDT,2998.61,2999.21,22.945,24.2004
2026-08-26 09:08:08.876,BTCUSDT,59950.12,59962.12,11.8268,15.985
2026-08-26 09:08:08.949,ETHUSDT,2998.68,2999.28,15.89,7.9322
2026-08-26 09:08:09.235,SOLUSDT,139.47,139.49,16.4583,11.8943
2026-08-26 09:08:09.497,BTCUSDT,59936.74,59948.72,16.2359,21.1748
2026-08-26 09:08:09.633,SOLUSDT,140.2,140.22,20.3298,21.1446
2026-08-26 09:08:09.721,BTCUSDT,59939.66,59951.64,21.8662,20.5444
2026-08-26 09:08:09.989,BTCUSDT,59950.09,59962.09,21.9953,10.438
2026-08-26 09:08:10.257,BTCUSDT,59999.47,60011.47,14.5683,9.4747
2026-08-26 09:08:10.321,SOLUSDT,140.06,140.08,17.0078,23.1468
2026-08-26 09:08:10.579,BTCUSDT,59940.74,59952.72,15.078,6.5011
2026-08-26 09:08:10.871,SOLUSDT,139.87,139.89,21.4712,21.4665
2026-08-26 09:08:10.996,BTCUSDT,59935.87,59947.85,15.5562,17.2414
2026-08-26 09:08:11.244,SOLUSDT,139.93,139.95,22.1567,11.4279
2026-08-26 09:08:11.454,BTCUSDT,59926.74,59938.72,22.4368,23.9885
2026-08-26 09:08:11.508,BTCUSDT,59999.36,60011.36,19.5995,9.4102
2026-08-26 09:08:11.740,ETHUSDT,3003.59,3004.19,13.8539,10.63
2026-08-26 09:08:11.823,ETHUSDT,2996.52,2997.12,19.5204,20.2593
2026-08-26 09:08:12.096,SOLUSDT,139.82,139.84,11.891,16.1093
2026-08-26 09:08:12.290,ETHUSDT,2993.29,2993.89,23.4566,23.4618
2026-08-26 09:08:12.474,SOLUSDT,140.22,140.24,20.3823,10.2709
2026-08-26 09:08:12.583,SOLUSDT,140.08,140.1,6.3432,8.9054
2026-08-26 09:08:12.676,BTCUSDT,60061.0,60073.02,24.0839,11.284
2026-08-26 09:08:12.963,BTCUSDT,59991.52,60003.52,23.3164,13.0262
2026-08-26 09:08:13.055,BTCUSDT,60008.05,60020.05,5.2128,21.9909
2026-08-26 09:08:13.161,SOLUSDT,139.89,139.91,6.5719,8.2677
2026-08-26 09:08:13.330,ETHUSDT,2999.68,3000.28,21.5033,24.5909
2026-08-26 09:08:13.608,ETHUSDT,2997.28,2997.88,12.5196,8.8077
2026-08-26 09:08:13.701,SOLUSDT,139.95,139.97,11.142,16.8511
2026-08-26 09:08:13.762,SOLUSDT,140.07,140.09,5.9557,22.2825
2026-08-26 09:08:13.864,BTCUSDT,60093.15,60105.17,10.5078,24.8986
2026-08-26 09:08:14.151,SOLUSDT,140.19,140.21,21.64,12.9672
2026-08-26 09:08:14.435,BTCUSDT,60047.23,60059.25,19.8183,14.9932
2026-08-26 09:08:14.610,BTCUSDT,60053.66,60065.68,5.2803,8.2295
2026-08-26 09:08:14.909,SOLUSDT,140.07,140.09,7.0468,8.8677
2026-08-26 09:08:15.159,ETHUSDT,2999.56,3000.16,16.4504,11.8028
2026-08-26 09:08:15.432,SOLUSDT,139.88,139.9,9.6773,13.5204
2026-08-26 09:08:15.656,SOLUSDT,139.8,139.82,22.5329,21.9615
2026-08-26 09:08:15.951,ETHUSDT,2996.01,2996.61,5.5831,9.5782
2026-08-26 09:08:16.163,SOLUSDT,140.15,140.17,14.8565,19.0564
2026-08-26 09:08:16.392,ETHUSDT,2998.61,2999.21,18.6149,24.8894
2026-08-26 09:08:16.574,BTCUSDT,59994.75,60006.75,22.2181,14.9293
2026-08-26 09:08:16.645,BTCUSDT,60073.44,60085.46,12.3017,5.045
2026-08-26 09:08:16.735,SOLUSDT,140.01,140.03,8.609,17.5835
2026-08-26 09:08:16.870,BTCUSDT,60002.99,60014.99,18.5749,18.1911
2026-08-26 09:08:16.958,SOLUSDT,139.99,140.01,23.7412,18.7349
2026-08-26 09:08:17.154,SOLUSDT,139.99,140.01,15.4567,20.4018
2026-08-26 09:08:17.448,BTCUSDT,60025.19,60037.19,16.3573,24.3783
2026-08-26 09:08:17.698,BTCUSDT,60101.93,60113.95,9.7044,17.4687
2026-08-26 09:08:17.965,SOLUSDT,140.07,140.09,24.0617,7.5375
2026-08-26 09:08:18.199,ETHUSDT,3005.35,3005.95,0.4806,0.3767
2026-08-26 09:08:18.437,SOLUSDT,140.09,140.11,0.3029,0.2167
2026-08-26 09:08:18.694,SOLUSDT,140.18,140.2,0.3589,0.2134
2026-08-26 09:08:18.866,BTCUSDT,60042.6,60054.6,0.1367,0.4695
2026-08-26 09:08:18.932,BTCUSDT,59950.51,59962.51,0.1105,0.3462
2026-08-26 09:08:19.216,SOLUSDT,139.86,139.88,0.298,0.3129
2026-08-26 09:08:19.392,ETHUSDT,3006.65,3007.25,0.3874,0.1616
2026-08-26 09:08:19.616,SOLUSDT,140.17,140.19,0.4162,0.3129
2026-08-26 09:08:19.859,SOLUSDT,140.09,140.11,0.2475,0.3782
2026-08-26 09:08:19.951,ETHUSDT,3004.1,3004.7,0.3911,0.2328
2026-08-26 09:08:20.101,ETHUSDT,2999.61,3000.21,0.4114,0.2371
2026-08-26 09:08:20.226,ETHUSDT,3001.78,3002.38,8.9221,12.0604
2026-08-26 09:08:20.423,BTCUSDT,60043.26,60055.26,17.679,7.662
2026-08-26 09:08:20.612,ETHUSDT,3002.82,3003.42,21.6062,9.4439
2026-08-26 09:08:20.836,SOLUSDT,140.14,140.16,11.8037,8.2884
2026-08-26 09:08:21.009,ETHUSDT,3000.02,3000.62,15.6608,11.7578
2026-08-26 09:08:21.301,BTCUSDT,60058.37,60070.39,12.7815,24.3726
2026-08-26 09:08:21.551,SOLUSDT,140.01,140.03,22.3667,9.4454
2026-08-26 09:08:21.628,SOLUSDT,140.02,140.04,7.0444,22.209
2026-08-26 09:08:21.810,SOLUSDT,139.8,139.82,12.3846,5.5132
2026-08-26 09:08:21.942,ETHUSDT,2998.05,2998.65,23.9915,16.1737
2026-08-26 09:08:22.152,ETHUSDT,2997.2,2997.8,21.4972,9.4841
2026-08-26 09:08:22.221,SOLUSDT,140.19,140.21,22.555,22.8773
2026-08-26 09:08:22.484,BTCUSDT,60092.35,60104.37,16.98,8.2963
2026-08-26 09:08:22.748,SOLUSDT,140.09,140.11,16.6395,10.3827
2026-08-26 09:08:22.825,ETHUSDT,2997.96,2998.56,12.8906,6.7641
2026-08-26 09:08:23.033,ETHUSDT,3002.63,3003.23,9.0459,9.3319
2026-08-26 09:08:23.143,BTCUSDT,60051.74,60063.76,14.5171,21.9175
2026-08-26 09:08:23.261,ETHUSDT,2996.65,2997.25,22.0312,5.9158
2026-08-26 09:08:23.509,BTCUSDT,59982.38,59994.38,10.6696,20.3952
2026-08-26 09:08:23.590,ETHUSDT,2996.7,2997.3,14.1327,17.3144
2026-08-26 09:08:23.833,SOLUSDT,139.95,139.97,16.2297,17.1014
2026-08-26 09:08:24.017,ETHUSDT,2994.66,2995.26,10.4336,7.5955
2026-08-26 09:08:24.209,SOLUSDT,140.21,140.23,13.0439,22.8037
2026-08-26 09:08:24.388,ETHUSDT,2999.35,2999.95,6.1674,11.4891
2026-08-26 09:08:24.473,ETHUSDT,2997.75,2998.35,15.7783,10.5908
2026-08-26 09:08:24.594,ETHUSDT,3002.05,3002.65,15.2042,24.6631
2026-08-26 09:08:24.865,SOLUSDT,139.85,139.87,19.6578,13.4393
2026-08-26 09:08:25.148,ETHUSDT,2999.96,3000.56,8.5555,7.5779
2026-08-26 09:08:25.232,BTCUSDT,60117.24,60129.26,21.2484,13.5621
2026-08-26 09:08:25.340,BTCUSDT,59952.8,59964.8,5.8575,21.0324
2026-08-26 09:08:25.601,SOLUSDT,140.11,140.13,6.455,9.7284
2026-08-26 09:08:25.738,BTCUSDT,60022.71,60034.71,22.3697,6.3849
2026-08-26 09:08:25.976,ETHUSDT,3008.3,3008.9,15.4357,17.6684
2026-08-26 09:08:26.183,BTCUSDT,60096.53,60108.55,10.6782,10.6873
2026-08-26 09:08:26.360,ETHUSDT,2997.95,2998.55,16.7287,24.902
2026-08-26 09:08:26.594,SOLUSDT,139.98,140.0,13.4614,22.9774
2026-08-26 09:08:26.775,ETHUSDT,3003.56,3004.16,7.9941,5.1273
2026-08-26 09:08:26.842,SOLUSDT,139.79,139.81,23.3848,10.7583
2026-08-26 09:08:27.100,SOLUSDT,140.07,140.09,21.1077,8.4575
2026-08-26 09:08:27.186,BTCUSDT,59880.35,59892.33,8.8085,6.2583
2026-08-26 09:08:27.425,SOLUSDT,139.72,139.74,17.5382,17.4814
2026-08-26 09:08:27.527,BTCUSDT,59982.72,59994.72,15.3918,13.3074
2026-08-26 09:08:27.680,SOLUSDT,139.8,139.82,11.9001,15.6503
2026-08-26 09:08:27.819,SOLUSDT,139.85,139.87,18.3031,8.5388
2026-08-26 09:08:28.029,ETHUSDT,3003.04,3003.64,11.417,19.9365
2026-08-26 09:08:28.087,ETHUSDT,3003.47,3004.07,7.7133,8.0951
2026-08-26 09:08:28.308,ETHUSDT,3000.71,3001.31,17.3722,15.2186
2026-08-26 09:08:28.384,SOLUSDT,140.0,140.02,12.6483,18.1536
2026-08-26 09:08:28.464,ETHUSDT,2998.88,2999.48,15.9875,8.6331
2026-08-26 09:08:28.627,SOLUSDT,140.03,140.05,8.511,14.1433
2026-08-26 09:08:28.921,SOLUSDT,139.81,139.83,23.5159,18.1079
2026-08-26 09:08:29.203,BTCUSDT,60025.52,60037.52,8.6358,8.1038
2026-08-26 09:08:29.440,SOLUSDT,140.03,140.05,19.8199,22.6312
2026-08-26 09:08:29.550,ETHUSDT,2995.7,2996.3,18.1449,16.7035
2026-08-26 09:08:29.779,SOLUSDT,139.97,139.99,9.7291,8.3313
2026-08-26 09:08:29.860,BTCUSDT,60035.42,60047.42,11.4041,23.7939
2026-08-26 09:08:30.116,ETHUSDT,3004.19,3004.79,19.7423,22.6501
2026-08-26 09:08:30.387,ETHUSDT,2996.32,2996.92,9.9427,5.3912
2026-08-26 09:08:30.551,ETHUSDT,2995.37,2995.97,17.2243,19.5006
2026-08-26 09:08:30.642,SOLUSDT,140.17,140.19,5.0538,16.4209
2026-08-26 09:08:30.826,BTCUSDT,60052.54,60064.56,9.9298,23.0215
2026-08-26 09:08:30.911,ETHUSDT,3001.23,3001.83,9.2847,19.1584
2026-08-26 09:08:31.209,SOLUSDT,139.95,139.97,7.6134,5.5616
2026-08-26 09:08:31.479,BTCUSDT,59997.59,60009.59,20.8647,12.9426
2026-08-26 09:08:31.670,BTCUSDT,59991.53,60003.53,8.4653,22.6674
2026-08-26 09:08:31.809,ETHUSDT,3004.21,3004.81,15.3725,15.1183
2026-08-26 09:08:32.029,SOLUSDT,139.88,139.9,18.8664,19.4409
2026-08-26 09:08:32.094,SOLUSDT,139.93,139.95,8.6931,17.7485
2026-08-26 09:08:32.243,BTCUSDT,59969.71,59981.71,5.3467,24.5598
2026-08-26 09:08:32.321,SOLUSDT,139.86,139.88,21.2935,22.1037
2026-08-26 09:08:32.594,ETHUSDT,2999.94,3000.54,11.9377,22.4365
2026-08-26 09:08:32.843,SOLUSDT,140.17,140.19,5.4568,7.9843
2026-08-26 09:08:32.963,SOLUSDT,140.0,140.02,18.2802,6.8495
2026-08-26 09:08:33.160,SOLUSDT,139.92,139.94,6.1338,21.465
2026-08-26 09:08:33.365,ETHUSDT,2999.48,3000.08,6.653,18.7355
2026-08-26 09:08:33.444,BTCUSDT,59946.09,59958.09,12.9564,17.6658
2026-08-26 09:08:33.611,BTCUSDT,60013.49,60025.49,7.3616,18.7357
2026-08-26 09:08:33.858,ETHUSDT,2999.61,3000.21,20.0532,7.7927
2026-08-26 09:08:34.141,SOLUSDT,140.22,140.24,7.3187,12.6516
2026-08-26 09:08:34.376,BTCUSDT,60030.63,60042.63,7.4191,19.4334
2026-08-26 09:08:34.612,ETHUSDT,3000.68,3001.28,23.648,8.959
2026-08-26 09:08:34.715,BTCUSDT,59964.95,59976.95,10.8722,8.8489
2026-08-26 09:08:34.972,SOLUSDT,139.97,139.99,18.2067,14.1069
2026-08-26 09:08:35.045,ETHUSDT,3001.73,3002.33,7.9926,20.7
2026-08-26 09:08:35.130,ETHUSDT,2998.76,2999.36,20.7967,18.6608
2026-08-26 09:08:35.332,ETHUSDT,2997.3,2997.9,16.5286,11.5328
2026-08-26 09:08:35.561,ETHUSDT,2998.57,2999.17,7.5761,21.7998
2026-08-26 09:08:35.800,ETHUSDT,3000.63,3001.23,19.4315,21.7929
2026-08-26 09:08:36.002,SOLUSDT,140.29,140.31,21.1072,9.2924
2026-08-26 09:08:36.250,ETHUSDT,3001.97,3002.57,20.5844,16.6692
2026-08-26 09:08:36.408,BTCUSDT,59885.29,59897.27,24.3777,7.373
2026-08-26 09:08:36.491,ETHUSDT,3003.47,3004.07,15.7928,12.7474
2026-08-26 09:08:36.580,BTCUSDT,59896.5,59908.48,10.1871,6.499
2026-08-26 09:08:36.722,BTCUSDT,60109.53,60121.55,24.802,23.6037
2026-08-26 09:08:36.814,SOLUSDT,139.94,139.96,14.5862,16.1506
2026-08-26 09:08:36.973,SOLUSDT,140.2,140.22,13.8623,19.4309
2026-08-26 09:08:37.158,SOLUSDT,139.96,139.98,13.2468,7.5998
2026-08-26 09:08:37.419,SOLUSDT,139.95,139.97,11.8478,10.2212
2026-08-26 09:08:37.532,SOLUSDT,140.12,140.14,9.4367,19.2066
2026-08-26 09:08:37.826,BTCUSDT,60001.59,60013.59,5.3372,12.2637
2026-08-26 09:08:37.892,ETHUSDT,2996.46,2997.06,12.3713,22.8609
2026-08-26 09:08:38.014,ETHUSDT,3001.54,3002.14,16.8025,20.5676
2026-08-26 09:08:38.099,ETHUSDT,2999.94,3000.54,23.9154,10.0256
2026-08-26 09:08:38.345,ETHUSDT,2997.36,2997.96,13.6837,7.2112
2026-08-26 09:08:38.597,BTCUSDT,60000.32,60012.32,5.7746,5.5329
2026-08-26 09:08:38.670,ETHUSDT,3001.0,3001.6,7.0075,12.9728
2026-08-26 09:08:38.744,ETHUSDT,3003.19,3003.79,13.4761,5.8525
2026-08-26 09:08:38.978,SOLUSDT,140.24,140.26,13.9552,7.9626
2026-08-26 09:08:39.038,BTCUSDT,59956.9,59968.9,19.0861,14.2691
2026-08-26 09:08:39.296,ETHUSDT,3002.29,3002.89,0.1407,0.1216
2026-08-26 09:08:39.375,ETHUSDT,2998.48,2999.08,0.488,0.4816
2026-08-26 09:08:39.515,SOLUSDT,140.19,140.21,0.1099,0.3261
2026-08-26 09:08:39.650,ETHUSDT,3000.97,3001.57,0.3814,0.3385
2026-08-26 09:08:39.914,BTCUSDT,60015.18,60027.18,0.3428,0.1626
2026-08-26 09:08:39.999,ETHUSDT,2994.52,2995.12,0.2747,0.1596
2026-08-26 09:08:40.296,SOLUSDT,139.83,139.85,0.1076,0.123
2026-08-26 09:08:40.377,ETHUSDT,2997.03,2997.63,0.402,0.418
2026-08-26 09:08:40.444,ETHUSDT,3001.68,3002.28,0.1079,0.362
2026-08-26 09:08:40.538,SOLUSDT,139.97,139.99,0.3297,0.226
2026-08-26 09:08:40.798,BTCUSDT,60058.83,60070.85,0.3442,0.3007
2026-08-26 09:08:40.905,ETHUSDT,2999.71,3000.31,20.6665,15.5838
2026-08-26 09:08:41.163,SOLUSDT,140.16,140.18,8.9733,16.8063
2026-08-26 09:08:41.445,ETHUSDT,2997.66,2998.26,17.0597,19.9981
2026-08-26 09:08:41.619,ETHUSDT,2996.97,2997.57,7.9688,14.6991
2026-08-26 09:08:41.780,ETHUSDT,3002.16,3002.76,9.9648,21.6183
2026-08-26 09:08:41.982,BTCUSDT,60057.76,60069.78,19.7394,24.3408
2026-08-26 09:08:42.214,ETHUSDT,2995.89,2996.49,24.9134,13.9214
2026-08-26 09:08:42.299,ETHUSDT,2996.89,2997.49,22.6685,21.9624
2026-08-26 09:08:42.487,BTCUSDT,60014.34,60026.34,14.3454,15.3114
2026-08-26 09:08:42.707,BTCUSDT,60115.48,60127.5,6.7805,6.0984
2026-08-26 09:08:42.974,SOLUSDT,140.11,140.13,17.6165,18.2088
2026-08-26 09:08:43.170,SOLUSDT,140.01,140.03,9.7042,18.6869
2026-08-26 09:08:43.333,SOLUSDT,139.86,139.88,23.0166,22.9489
2026-08-26 09:08:43.600,BTCUSDT,59983.15,59995.15,23.5561,15.1643
2026-08-26 09:08:43.844,BTCUSDT,60103.94,60115.96,22.8833,11.0823
2026-08-26 09:08:44.082,BTCUSDT,59935.25,59947.23,23.9361,22.6688
2026-08-26 09:08:44.270,BTCUSDT,60014.78,60026.78,24.4504,12.476
2026-08-26 09:08:44.441,BTCUSDT,59905.09,59917.07,21.2374,10.19
2026-08-26 09:08:44.539,ETHUSDT,2999.62,3000.22,18.3317,21.5762
2026-08-26 09:08:44.760,ETHUSDT,3000.18,3000.78,10.9911,13.0646
2026-08-26 09:08:44.879,BTCUSDT,59961.34,59973.34,15.218,14.9937
2026-08-26 09:08:45.121,BTCUSDT,59933.71,59945.69,16.1938,15.0937
2026-08-26 09:08:45.261,ETHUSDT,2996.59,2997.19,18.2917,6.0005
2026-08-26 09:08:45.419,BTCUSDT,60010.84,60022.84,10.173,20.8094
2026-08-26 09:08:45.532,BTCUSDT,59992.68,60004.68,13.543,14.8871
2026-08-26 09:08:45.724,BTCUSDT,59968.54,59980.54,10.6823,22.8753
2026-08-26 09:08:45.891,BTCUSDT,59987.18,59999.18,19.4573,12.0809
2026-08-26 09:08:46.178,SOLUSDT,139.96,139.98,8.6345,17.8
2026-08-26 09:08:46.412,ETHUSDT,3003.06,3003.66,21.7017,12.5263
2026-08-26 09:08:46.478,ETHUSDT,3003.54,3004.14,5.5124,14.0612
2026-08-26 09:08:46.568,ETHUSDT,3000.59,3001.19,8.059,11.7604
2026-08-26 09:08:46.650,ETHUSDT,2999.62,3000.22,21.5104,13.1326
2026-08-26 09:08:46.758,BTCUSDT,60031.93,60043.93,10.3184,13.0026
2026-08-26 09:08:46.930,SOLUSDT,140.11,140.13,22.6067,7.7492
2026-08-26 09:08:47.193,BTCUSDT,59999.47,60011.47,17.0388,6.363
2026-08-26 09:08:47.393,BTCUSDT,60029.84,60041.84,10.998,9.289
2026-08-26 09:08:47.651,SOLUSDT,140.0,140.02,12.1549,20.1098
2026-08-26 09:08:47.885,BTCUSDT,59992.06,60004.06,19.2947,7.1592
2026-08-26 09:08:48.000,ETHUSDT,2998.36,2998.96,11.8346,24.6203
2026-08-26 09:08:48.282,ETHUSDT,2997.57,2998.17,13.0122,20.5952
2026-08-26 09:08:48.369,BTCUSDT,60014.59,60026.59,23.1286,10.5683
2026-08-26 09:08:48.642,ETHUSDT,3001.93,3002.53,17.3256,13.5784
2026-08-26 09:08:48.908,BTCUSDT,60008.39,60020.39,10.472,20.754
2026-08-26 09:08:49.149,BTCUSDT,60009.04,60021.04,20.1121,14.6848
2026-08-26 09:08:49.338,BTCUSDT,60052.01,60064.03,19.0039,16.8909
2026-08-26 09:08:49.609,SOLUSDT,140.12,140.14,15.9341,24.1285
2026-08-26 09:08:49.772,ETHUSDT,3006.26,3006.86,21.6666,7.9092
2026-08-26 09:08:50.036,ETHUSDT,2997.02,2997.62,15.3394,24.9055
2026-08-26 09:08:50.225,ETHUSDT,2997.96,2998.56,23.3823,17.5318
2026-08-26 09:08:50.415,ETHUSDT,3000.99,3001.59,18.9776,16.6354
2026-08-26 09:08:50.693,ETHUSDT,2996.74,2997.34,23.6062,12.6232
2026-08-26 09:08:50.911,BTCUSDT,60114.61,60126.63,11.8057,10.2244
2026-08-26 09:08:51.007,BTCUSDT,60074.31,60086.33,7.4823,7.6954
2026-08-26 09:08:51.284,BTCUSDT,59991.56,60003.56,24.8937,9.9279
2026-08-26 09:08:51.508,SOLUSDT,140.08,140.1,12.0252,6.4077
2026-08-26 09:08:51.700,SOLUSDT,139.73,139.75,9.5414,16.9201
2026-08-26 09:08:51.915,ETHUSDT,3003.98,3004.58,13.425,9.9711
2026-08-26 09:08:51.979,BTCUSDT,60017.65,60029.65,15.2934,10.1981
2026-08-26 09:08:52.175,ETHUSDT,3004.86,3005.46,5.1536,5.4955
2026-08-26 09:08:52.237,ETHUSDT,2997.76,2998.36,10.9743,24.4255
2026-08-26 09:08:52.518,ETHUSDT,2996.5,2997.1,24.9728,18.6482
2026-08-26 09:08:52.679,SOLUSDT,140.07,140.09,13.6268,13.2092
2026-08-26 09:08:52.837,ETHUSDT,2998.53,2999.13,5.2871,20.8101
2026-08-26 09:08:53.033,ETHUSDT,2995.91,2996.51,20.1253,11.7983
2026-08-26 09:08:53.212,ETHUSDT,3003.11,3003.71,20.3601,24.2952
2026-08-26 09:08:53.328,SOLUSDT,139.68,139.7,13.503,9.8503
2026-08-26 09:08:53.485,ETHUSDT,3002.53,3003.13,20.6656,22.0858
2026-08-26 09:08:53.690,ETHUSDT,3001.56,3002.16,6.0838,12.9298
2026-08-26 09:08:53.848,ETHUSDT,3006.33,3006.93,23.507,5.1831
2026-08-26 09:08:54.093,BTCUSDT,60012.43,60024.43,7.3683,8.0431
2026-08-26 09:08:54.222,ETHUSDT,3000.83,3001.43,24.2867,14.5673
2026-08-26 09:08:54.298,ETHUSDT,2995.18,2995.78,20.2762,17.2655
2026-08-26 09:08:54.581,BTCUSDT,60002.33,60014.33,10.6186,24.6699
2026-08-26 09:08:54.646,SOLUSDT,139.91,139.93,15.6682,15.3414
2026-08-26 09:08:54.819,BTCUSDT,59978.1,59990.1,7.167,16.7762
2026-08-26 09:08:54.913,SOLUSDT,139.98,140.0,24.8327,7.557
2026-08-26 09:08:55.168,SOLUSDT,140.1,140.12,13.8818,20.7119
2026-08-26 09:08:55.436,ETHUSDT,2999.37,2999.97,7.6982,19.3656
2026-08-26 09:08:55.499,BTCUSDT,59964.42,59976.42,6.5228,19.6089
2026-08-26 09:08:55.607,BTCUSDT,59881.81,59893.79,9.5762,20.1944
2026-08-26 09:08:55.793,ETHUSDT,3004.69,3005.29,18.9287,19.5899
2026-08-26 09:08:55.937,BTCUSDT,60042.46,60054.46,16.0822,24.4741
2026-08-26 09:08:56.179,ETHUSDT,2998.97,2999.57,11.1953,7.4681
2026-08-26 09:08:56.472,BTCUSDT,60021.68,60033.68,22.573,12.2406
2026-08-26 09:08:56.689,ETHUSDT,3001.84,3002.44,5.6287,23.8915
2026-08-26 09:08:56.789,ETHUSDT,3002.13,3002.73,18.0441,11.7708
2026-08-26 09:08:56.953,BTCUSDT,59983.72,59995.72,7.7989,8.871
2026-08-26 09:08:57.024,ETHUSDT,3000.48,3001.08,18.6434,17.4158
2026-08-26 09:08:57.244,ETHUSDT,3000.7,3001.3,23.0234,12.9629
2026-08-26 09:08:57.436,ETHUSDT,2999.99,3000.59,14.7857,5.6141
2026-08-26 09:08:57.576,SOLUSDT,140.17,140.19,18.7017,21.393
2026-08-26 09:08:57.781,SOLUSDT,139.93,139.95,18.1011,6.2156
2026-08-26 09:08:57.880,ETHUSDT,3002.57,3003.17,21.534,10.0986
2026-08-26 09:08:58.114,BTCUSDT,59986.9,59998.9,17.1776,20.8565
2026-08-26 09:08:58.222,SOLUSDT,140.03,140.05,10.3353,22.8759
2026-08-26 09:08:58.434,ETHUSDT,2996.23,2996.83,5.7153,23.4167
2026-08-26 09:08:58.605,SOLUSDT,140.04,140.06,15.294,19.3031
2026-08-26 09:08:58.699,SOLUSDT,140.05,140.07,15.2838,6.3392
2026-08-26 09:08:58.816,ETHUSDT,2992.38,2992.98,10.0879,18.4005
2026-08-26 09:08:58.958,ETHUSDT,2996.5,2997.1,21.517,9.2053
2026-08-26 09:08:59.208,SOLUSDT,140.02,140.04,14.5022,17.3908
2026-08-26 09:08:59.462,SOLUSDT,140.05,140.07,5.3114,18.7248
2026-08-26 09:08:59.628,SOLUSDT,139.79,139.81,9.8185,16.9151
2026-08-26 09:08:59.823,SOLUSDT,140.09,140.11,22.4827,19.7068
2026-08-26 09:09:00.099,SOLUSDT,139.97,139.99,24.7634,15.5539
2026-08-26 09:09:00.328,SOLUSDT,140.11,140.13,11.1215,24.7057
2026-08-26 09:09:00.442,BTCUSDT,60004.12,60016.12,7.0931,21.7949
2026-08-26 09:09:00.645,ETHUSDT,3000.25,3000.85,5.7286,6.7908
2026-08-26 09:09:00.747,SOLUSDT,140.15,140.17,19.2095,8.5006
2026-08-26 09:09:01.046,SOLUSDT,140.09,140.11,0.337,0.1651
2026-08-26 09:09:01.140,BTCUSDT,60117.11,60129.13,0.112,0.468
2026-08-26 09:09:01.219,SOLUSDT,139.75,139.77,0.3847,0.3228
2026-08-26 09:09:01.380,BTCUSDT,59985.21,59997.21,0.192,0.4556
2026-08-26 09:09:01.665,ETHUSDT,3002.72,3003.32,0.1181,0.1119
2026-08-26 09:09:01.813,SOLUSDT,139.91,139.93,0.3859,0.1487
2026-08-26 09:09:01.925,BTCUSDT,60011.71,60023.71,0.1247,0.3898
2026-08-26 09:09:02.171,SOLUSDT,139.91,139.93,0.3359,0.402
2026-08-26 09:09:02.423,SOLUSDT,139.92,139.94,0.178,0.2237
2026-08-26 09:09:02.707,BTCUSDT,60011.24,60023.24,0.1015,0.3933
2026-08-26 09:09:02.869,BTCUSDT,60050.61,60062.63,0.248,0.4262
2026-08-26 09:09:03.167,BTCUSDT,60030.81,60042.81,5.3909,18.7806
2026-08-26 09:09:03.382,SOLUSDT,139.93,139.95,13.4416,6.8406
2026-08-26 09:09:03.647,ETHUSDT,2997.4,2998.0,10.9818,6.7308
2026-08-26 09:09:03.799,BTCUSDT,60042.87,60054.87,5.0317,13.9404
2026-08-26 09:09:03.852,SOLUSDT,140.01,140.03,20.4485,14.3887
2026-08-26 09:09:03.938,ETHUSDT,3004.99,3005.59,13.5979,15.9647
2026-08-26 09:09:04.123,ETHUSDT,2998.99,2999.59,8.1861,17.1387
2026-08-26 09:09:04.203,BTCUSDT,60100.18,60112.2,16.1606,15.4008
2026-08-26 09:09:04.458,ETHUSDT,2997.34,2997.94,20.6318,6.453
2026-08-26 09:09:04.624,SOLUSDT,140.03,140.05,8.6122,14.0707
2026-08-26 09:09:04.696,ETHUSDT,2997.04,2997.64,18.8643,9.735
2026-08-26 09:09:04.963,BTCUSDT,60040.72,60052.72,22.6236,20.28
2026-08-26 09:09:05.231,SOLUSDT,140.13,140.15,12.6028,11.0545
2026-08-26 09:09:05.373,BTCUSDT,59896.72,59908.7,23.6905,23.8149
2026-08-26 09:09:05.497,ETHUSDT,3001.08,3001.68,24.4303,7.3556
2026-08-26 09:09:05.701,SOLUSDT,140.05,140.07,18.4193,7.7594
2026-08-26 09:09:05.892,BTCUSDT,59921.48,59933.46,6.9314,18.4595
2026-08-26 09:09:05.977,BTCUSDT,59901.5,59913.48,6.838,19.2554
2026-08-26 09:09:06.112,ETHUSDT,3001.13,3001.73,8.5405,7.8183
2026-08-26 09:09:06.395,SOLUSDT,139.63,139.65,13.9856,21.2233
2026-08-26 09:09:06.533,ETHUSDT,2998.73,2999.33,10.328,7.6378
2026-08-26 09:09:06.694,SOLUSDT,140.15,140.17,12.457,21.6688
2026-08-26 09:09:06.966,SOLUSDT,140.05,140.07,5.0577,16.5596
2026-08-26 09:09:07.203,ETHUSDT,2997.37,2997.97,21.6101,19.2061
2026-08-26 09:09:07.340,BTCUSDT,59987.21,59999.21,17.6424,9.3911
2026-08-26 09:09:07.424,ETHUSDT,3001.75,3002.35,24.0128,14.1872
2026-08-26 09:09:07.630,ETHUSDT,2994.36,2994.96,24.8376,15.062
2026-08-26 09:09:07.922,ETHUSDT,2997.64,2998.24,5.1011,6.7792
2026-08-26 09:09:07.995,SOLUSDT,139.8,139.82,8.2184,10.2364
2026-08-26 09:09:08.283,BTCUSDT,60040.75,60052.75,6.4498,23.832
2026-08-26 09:09:08.476,ETHUSDT,2999.71,3000.31,14.6294,6.1783
2026-08-26 09:09:08.682,SOLUSDT,140.13,140.15,6.8293,16.4872
2026-08-26 09:09:08.754,BTCUSDT,59938.37,59950.35,22.7182,7.1841
2026-08-26 09:09:08.896,ETHUSDT,3002.8,3003.4,13.5481,19.9506
2026-08-26 09:09:08.954,BTCUSDT,59964.3,59976.3,6.0648,16.3902
2026-08-26 09:09:09.005,ETHUSDT,3003.37,3003.97,21.1932,16.873
2026-08-26 09:09:09.279,ETHUSDT,3002.73,3003.33,23.121,21.5995
2026-08-26 09:09:09.536,SOLUSDT,139.95,139.97,16.2355,11.5446
2026-08-26 09:09:09.728,SOLUSDT,140.06,140.08,20.949,15.4381
2026-08-26 09:09:09.843,SOLUSDT,139.92,139.94,22.3041,13.2425
2026-08-26 09:09:10.138,ETHUSDT,3001.62,3002.22,20.3198,13.2684
2026-08-26 09:09:10.325,SOLUSDT,139.86,139.88,24.5481,9.0437
2026-08-26 09:09:10.441,BTCUSDT,59952.97,59964.97,23.0339,19.5071
2026-08-26 09:09:10.594,ETHUSDT,3000.87,3001.47,8.0746,20.4937
2026-08-26 09:09:10.869,BTCUSDT,59998.88,60010.88,6.3744,22.848
2026-08-26 09:09:10.980,SOLUSDT,139.95,139.97,13.757,15.4804
2026-08-26 09:09:11.280,ETHUSDT,3001.28,3001.88,13.4135,6.2095
2026-08-26 09:09:11.470,SOLUSDT,140.03,140.05,5.7784,13.5853
2026-08-26 09:09:11.660,BTCUSDT,59988.37,60000.37,22.8199,23.619
2026-08-26 09:09:11.914,ETHUSDT,2997.6,2998.2,11.3584,9.557
2026-08-26 09:09:12.049,SOLUSDT,140.12,140.14,13.1178,7.758
2026-08-26 09:09:12.199,BTCUSDT,59994.09,60006.09,21.3261,23.5402
2026-08-26 09:09:12.350,ETHUSDT,3003.39,3003.99,17.3975,12.0488
2026-08-26 09:09:12.408,BTCUSDT,60099.98,60112.0,16.2914,19.5837
2026-08-26 09:09:12.619,SOLUSDT,140.05,140.07,23.0463,11.491
2026-08-26 09:09:12.896,SOLUSDT,139.88,139.9,19.6124,18.3216
2026-08-26 09:09:13.075,BTCUSDT,59858.66,59870.64,24.0208,24.9356
2026-08-26 09:09:13.331,ETHUSDT,3003.48,3004.08,17.0205,18.7336
2026-08-26 09:09:13.424,ETHUSDT,2998.9,2999.5,18.6395,6.0797
2026-08-26 09:09:13.554,SOLUSDT,139.86,139.88,13.1225,17.4197
2026-08-26 09:09:13.774,ETHUSDT,2997.6,2998.2,18.6518,24.9642
2026-08-26 09:09:13.968,BTCUSDT,60014.48,60026.48,13.7547,11.2749
2026-08-26 09:09:14.197,ETHUSDT,2999.41,3000.01,5.2115,22.1986
2026-08-26 09:09:14.485,BTCUSDT,60070.36,60082.38,11.3902,11.7452
2026-08-26 09:09:14.601,BTCUSDT,59970.95,59982.95,24.3322,18.0935
2026-08-26 09:09:14.777,ETHUSDT,3003.76,3004.36,5.6398,10.6504
2026-08-26 09:09:14.967,BTCUSDT,59908.73,59920.71,19.0837,21.8905
2026-08-26 09:09:15.024,BTCUSDT,60062.77,60074.79,19.1659,16.7977
2026-08-26 09:09:15.247,BTCUSDT,60007.12,60019.12,5.9629,24.6513
2026-08-26 09:09:15.473,SOLUSDT,140.33,140.35,24.3967,20.4572
2026-08-26 09:09:15.747,SOLUSDT,140.09,140.11,5.0601,11.9642
2026-08-26 09:09:15.869,BTCUSDT,60026.76,60038.76,5.9121,17.2315
2026-08-26 09:09:16.163,BTCUSDT,60055.31,60067.33,15.8552,17.5372
2026-08-26 09:09:16.352,BTCUSDT,59920.21,59932.19,22.61,17.332
2026-08-26 09:09:16.547,ETHUSDT,2995.72,2996.32,20.1993,9.8726
2026-08-26 09:09:16.701,ETHUSDT,2999.85,3000.45,5.9141,12.7584
2026-08-26 09:09:16.984,ETHUSDT,2996.36,2996.96,17.8825,12.9557
2026-08-26 09:09:17.101,SOLUSDT,139.93,139.95,6.4738,12.7371
2026-08-26 09:09:17.183,BTCUSDT,60024.56,60036.56,24.9223,15.0191
2026-08-26 09:09:17.381,SOLUSDT,139.95,139.97,18.2442,16.4055
2026-08-26 09:09:17.548,SOLUSDT,140.15,140.17,22.2378,5.4102
2026-08-26 09:09:17.687,ETHUSDT,2994.34,2994.94,11.6835,5.161
2026-08-26 09:09:17.770,BTCUSDT,60008.81,60020.81,14.8646,24.7074
2026-08-26 09:09:17.969,ETHUSDT,2998.37,2998.97,10.7174,14.1876
2026-08-26 09:09:18.075,BTCUSDT,60040.81,60052.81,18.2298,16.4536
2026-08-26 09:09:18.326,BTCUSDT,60036.38,60048.38,11.6206,6.905
2026-08-26 09:09:18.387,BTCUSDT,60132.35,60144.37,17.863,22.8469
2026-08-26 09:09:18.670,ETHUSDT,3002.61,3003.21,5.1124,20.2861
2026-08-26 09:09:18.742,ETHUSDT,2996.75,2997.35,9.8595,8.0293
2026-08-26 09:09:18.793,ETHUSDT,3003.14,3003.74,13.8814,20.8916
2026-08-26 09:09:19.036,ETHUSDT,2999.5,3000.1,24.1538,23.4706
2026-08-26 09:09:19.129,SOLUSDT,140.08,140.1,11.4656,16.3119
2026-08-26 09:09:19.394,SOLUSDT,140.05,140.07,11.2337,12.9048
2026-08-26 09:09:19.670,BTCUSDT,60009.84,60021.84,18.4207,22.6461
2026-08-26 09:09:19.785,SOLUSDT,140.11,140.13,14.1515,12.0745
2026-08-26 09:09:20.067,ETHUSDT,3000.29,3000.89,22.7986,18.8981
2026-08-26 09:09:20.299,ETHUSDT,3001.23,3001.83,6.8167,11.885
2026-08-26 09:09:20.374,SOLUSDT,140.0,140.02,8.6187,13.629
2026-08-26 09:09:20.455,SOLUSDT,139.99,140.01,6.3505,23.1381
2026-08-26 09:09:20.616,SOLUSDT,139.83,139.85,19.4558,18.7279
2026-08-26 09:09:20.806,BTCUSDT,60089.51,60101.53,15.0627,9.2287
2026-08-26 09:09:20.974,SOLUSDT,140.01,140.03,19.6066,22.6145
2026-08-26 09:09:21.156,SOLUSDT,140.23,140.25,8.3496,18.8146
2026-08-26 09:09:21.328,BTCUSDT,59941.36,59953.34,20.0082,20.4625
2026-08-26 09:09:21.417,SOLUSDT,139.97,139.99,6.3434,24.5818
2026-08-26 09:09:21.713,SOLUSDT,140.04,140.06,22.9843,21.0741
2026-08-26 09:09:21.947,ETHUSDT,3001.63,3002.23,18.1471,24.9086
2026-08-26 09:09:22.072,ETHUSDT,3002.59,3003.19,5.0244,8.5526
2026-08-26 09:09:22.291,SOLUSDT,140.03,140.05,17.5054,21.7737
2026-08-26 09:09:22.374,BTCUSDT,60001.08,60013.08,0.2008,0.211
2026-08-26 09:09:22.603,SOLUSDT,139.7,139.72,0.1264,0.4896
2026-08-26 09:09:22.723,BTCUSDT,59980.03,59992.03,0.3943,0.3939
2026-08-26 09:09:22.805,SOLUSDT,140.09,140.11,0.1876,0.1525
2026-08-26 09:09:22.878,SOLUSDT,139.65,139.67,0.1975,0.3871
2026-08-26 09:09:22.942,ETHUSDT,3002.17,3002.77,0.4545,0.2629
2026-08-26 09:09:23.148,ETHUSDT,2996.49,2997.09,0.474,0.276
2026-08-26 09:09:23.304,SOLUSDT,139.77,139.79,0.1528,0.1284
2026-08-26 09:09:23.545,SOLUSDT,140.1,140.12,0.2879,0.2512
2026-08-26 09:09:23.805,SOLUSDT,139.96,139.98,0.1477,0.4141
2026-08-26 09:09:24.095,ETHUSDT,3000.97,3001.57,0.348,0.2568
2026-08-26 09:09:24.287,BTCUSDT,60002.21,60014.21,14.737,15.0217
2026-08-26 09:09:24.529,ETHUSDT,2993.57,2994.17,21.8287,23.1482
2026-08-26 09:09:24.725,BTCUSDT,60026.44,60038.44,9.6774,12.88
2026-08-26 09:09:24.974,SOLUSDT,140.06,140.08,12.241,6.2089
2026-08-26 09:09:25.274,ETHUSDT,3000.58,3001.18,18.1205,13.8195
2026-08-26 09:09:25.430,BTCUSDT,60011.18,60023.18,17.0932,8.7713
2026-08-26 09:09:25.528,ETHUSDT,3001.44,3002.04,11.046,17.0904
2026-08-26 09:09:25.600,BTCUSDT,59887.59,59899.57,12.7068,13.6768
2026-08-26 09:09:25.885,ETHUSDT,3002.04,3002.64,10.1145,20.7166
2026-08-26 09:09:26.107,SOLUSDT,139.93,139.95,23.8168,16.0961
2026-08-26 09:09:26.401,BTCUSDT,59911.37,59923.35,18.5836,22.003
2026-08-26 09:09:26.476,BTCUSDT,60024.87,60036.87,23.9829,16.8824
2026-08-26 09:09:26.736,SOLUSDT,139.97,139.99,7.9504,9.802
2026-08-26 09:09:26.842,SOLUSDT,139.82,139.84,18.1603,16.4179
2026-08-26 09:09:27.138,BTCUSDT,60007.52,60019.52,21.1,22.7472
2026-08-26 09:09:27.202,ETHUSDT,3001.61,3002.21,24.4822,8.7332
2026-08-26 09:09:27.460,ETHUSDT,2997.57,2998.17,9.4983,10.2148
2026-08-26 09:09:27.681,BTCUSDT,60115.5,60127.52,6.551,19.1281
2026-08-26 09:09:27.825,SOLUSDT,139.95,139.97,13.1134,12.4772
2026-08-26 09:09:27.959,ETHUSDT,2998.79,2999.39,23.3228,16.2743
2026-08-26 09:09:28.077,ETHUSDT,3003.26,3003.86,16.7365,22.8983
2026-08-26 09:09:28.221,SOLUSDT,139.92,139.94,23.9398,12.2099
2026-08-26 09:09:28.457,SOLUSDT,139.71,139.73,24.8226,10.4171
2026-08-26 09:09:28.578,SOLUSDT,139.78,139.8,24.2455,6.2716
2026-08-26 09:09:28.806,BTCUSDT,60040.04,60052.04,8.5417,10.711
2026-08-26 09:09:28.934,BTCUSDT,60003.49,60015.49,23.5059,23.7369
2026-08-26 09:09:29.020,SOLUSDT,140.0,140.02,21.2953,8.7073
2026-08-26 09:09:29.116,ETHUSDT,3002.29,3002.89,16.5143,12.9415
2026-08-26 09:09:29.227,BTCUSDT,59955.06,59967.06,5.2709,22.4023
2026-08-26 09:09:29.350,ETHUSDT,3004.55,3005.15,10.3139,12.6961
2026-08-26 09:09:29.629,BTCUSDT,59919.31,59931.29,18.0133,16.6704
2026-08-26 09:09:29.758,BTCUSDT,59963.2,59975.2,21.3316,11.0199
2026-08-26 09:09:29.925,BTCUSDT,59992.85,60004.85,14.0561,13.253
2026-08-26 09:09:30.111,BTCUSDT,59900.11,59912.09,24.221,18.6134
2026-08-26 09:09:30.203,SOLUSDT,140.09,140.11,14.9136,15.6166
2026-08-26 09:09:30.487,BTCUSDT,59974.32,59986.32,6.588,19.5978
2026-08-26 09:09:30.705,SOLUSDT,140.01,140.03,11.3667,9.1823
2026-08-26 09:09:30.821,ETHUSDT,2995.02,2995.62,13.6589,23.1169
2026-08-26 09:09:30.912,ETHUSDT,2993.69,2994.29,5.9722,14.9444
2026-08-26 09:09:31.151,SOLUSDT,139.92,139.94,18.83,13.2184
2026-08-26 09:09:31.311,BTCUSDT,59885.12,59897.1,23.0987,14.256
2026-08-26 09:09:31.432,ETHUSDT,2998.86,2999.46,13.1348,8.8996
2026-08-26 09:09:31.521,BTCUSDT,59943.16,59955.14,23.5,17.586
2026-08-26 09:09:31.703,ETHUSDT,3003.02,3003.62,5.4917,23.721
2026-08-26 09:09:31.927,SOLUSDT,139.95,139.97,5.7273,23.4155
2026-08-26 09:09:32.193,BTCUSDT,59999.27,60011.27,6.3143,8.7262
2026-08-26 09:09:32.389,BTCUSDT,59955.09,59967.09,13.5085,17.0843
2026-08-26 09:09:32.645,SOLUSDT,139.8,139.82,20.3848,9.3523
2026-08-26 09:09:32.726,SOLUSDT,140.05,140.07,14.8875,8.2896
2026-08-26 09:09:32.974,BTCUSDT,60034.57,60046.57,17.4487,12.0213
2026-08-26 09:09:33.171,ETHUSDT,2998.91,2999.51,23.1297,5.5358
2026-08-26 09:09:33.468,SOLUSDT,139.86,139.88,20.6819,11.8794
2026-08-26 09:09:33.750,SOLUSDT,140.28,140.3,21.5449,22.1961
2026-08-26 09:09:33.913,BTCUSDT,60036.1,60048.1,8.3795,17.7987
2026-08-26 09:09:34.036,BTCUSDT,60006.85,60018.85,22.8724,17.0678
2026-08-26 09:09:34.142,ETHUSDT,2997.14,2997.74,18.8238,21.5661
2026-08-26 09:09:34.281,ETHUSDT,2997.4,2998.0,7.5841,13.4645
2026-08-26 09:09:34.448,BTCUSDT,60017.88,60029.88,12.9419,23.148
2026-08-26 09:09:34.693,BTCUSDT,59944.78,59956.78,12.7818,14.9567
2026-08-26 09:09:34.746,SOLUSDT,139.72,139.74,21.5953,8.9981
2026-08-26 09:09:35.039,ETHUSDT,3002.18,3002.78,8.1194,6.9955
2026-08-26 09:09:35.335,SOLUSDT,139.95,139.97,22.859,16.1655
2026-08-26 09:09:35.546,BTCUSDT,60032.57,60044.57,24.2731,14.8599
2026-08-26 09:09:35.647,ETHUSDT,2995.55,2996.15,15.6826,10.1654
2026-08-26 09:09:35.945,ETHUSDT,3000.23,3000.83,20.075,7.6205
2026-08-26 09:09:35.999,BTCUSDT,60041.63,60053.63,7.8327,8.2277
2026-08-26 09:09:36.137,SOLUSDT,140.3,140.32,20.0876,10.8407
2026-08-26 09:09:36.407,SOLUSDT,140.07,140.09,19.3471,18.3001
2026-08-26 09:09:36.503,BTCUSDT,60014.84,60026.84,19.685,12.0748
2026-08-26 09:09:36.615,SOLUSDT,140.06,140.08,9.2213,18.1218
2026-08-26 09:09:36.694,SOLUSDT,139.91,139.93,22.2899,9.8928
2026-08-26 09:09:36.770,SOLUSDT,139.77,139.79,10.4311,18.6735
2026-08-26 09:09:37.063,BTCUSDT,59976.01,59988.01,14.7113,11.3051
2026-08-26 09:09:37.281,ETHUSDT,2998.8,2999.4,18.064,11.4792
2026-08-26 09:09:37.461,BTCUSDT,59901.31,59913.29,20.4954,8.4903
2026-08-26 09:09:37.604,ETHUSDT,3000.39,3000.99,9.5848,21.5634
2026-08-26 09:09:37.746,ETHUSDT,3004.14,3004.74,11.2766,10.537
2026-08-26 09:09:37.964,ETHUSDT,2997.69,2998.29,16.3735,20.9856
2026-08-26 09:09:38.033,BTCUSDT,59990.93,60002.93,6.7296,24.5471
2026-08-26 09:09:38.254,SOLUSDT,139.9,139.92,11.599,10.4324
2026-08-26 09:09:38.444,BTCUSDT,60043.59,60055.59,16.8485,9.2304
2026-08-26 09:09:38.701,ETHUSDT,2999.14,2999.74,21.0971,6.204
2026-08-26 09:09:38.754,BTCUSDT,59967.3,59979.3,10.0724,13.6919
2026-08-26 09:09:38.882,BTCUSDT,60052.35,60064.37,6.9219,19.5793
2026-08-26 09:09:39.174,BTCUSDT,60000.1,60012.1,16.4315,20.038
2026-08-26 09:09:39.233,SOLUSDT,139.85,139.87,14.2551,16.3306
2026-08-26 09:09:39.406,SOLUSDT,140.1,140.12,9.3124,8.2995
2026-08-26 09:09:39.568,BTCUSDT,60064.95,60076.97,20.9578,24.7018
2026-08-26 09:09:39.796,SOLUSDT,139.83,139.85,18.499,5.5664
2026-08-26 09:09:40.009,SOLUSDT,139.95,139.97,17.975,13.4071
2026-08-26 09:09:40.156,BTCUSDT,59916.11,59928.09,9.0603,17.0524
2026-08-26 09:09:40.407,ETHUSDT,2998.94,2999.54,8.7675,24.0763
2026-08-26 09:09:40.487,SOLUSDT,139.89,139.91,8.6338,7.4938
2026-08-26 09:09:40.743,SOLUSDT,139.9,139.92,12.0395,5.4704
2026-08-26 09:09:41.028,ETHUSDT,3002.34,3002.94,24.8637,16.2608
2026-08-26 09:09:41.325,ETHUSDT,3000.05,3000.65,5.1378,5.9988
2026-08-26 09:09:41.486,SOLUSDT,139.89,139.91,12.9129,11.1837
2026-08-26 09:09:41.615,ETHUSDT,2999.37,2999.97,10.9549,13.9565
2026-08-26 09:09:41.841,BTCUSDT,60017.72,60029.72,21.3243,12.7131
2026-08-26 09:09:41.981,BTCUSDT,60206.62,60218.66,22.158,5.6605
2026-08-26 09:09:42.280,ETHUSDT,3000.59,3001.19,14.4052,5.7527
2026-08-26 09:09:42.358,ETHUSDT,3000.44,3001.04,17.3292,24.2577
2026-08-26 09:09:42.460,SOLUSDT,139.98,140.0,7.7471,18.9189
2026-08-26 09:09:42.599,BTCUSDT,59991.0,60003.0,16.8713,19.3803
2026-08-26 09:09:42.758,BTCUSDT,59926.29,59938.27,15.5803,14.2535
2026-08-26 09:09:43.042,ETHUSDT,2999.59,3000.19,24.749,22.0665
2026-08-26 09:09:43.260,SOLUSDT,139.89,139.91,17.2345,11.9736
2026-08-26 09:09:43.540,ETHUSDT,3001.24,3001.84,10.9707,11.6082
2026-08-26 09:09:43.819,ETHUSDT,3003.15,3003.75,11.1478,10.148
2026-08-26 09:09:44.049,ETHUSDT,3001.71,3002.31,0.2582,0.4712
2026-08-26 09:09:44.103,ETHUSDT,2997.01,2997.61,0.3313,0.214
2026-08-26 09:09:44.275,SOLUSDT,140.07,140.09,0.1584,0.1191
2026-08-26 09:09:44.544,SOLUSDT,140.12,140.14,0.4953,0.3676
2026-08-26 09:09:44.627,ETHUSDT,2998.14,2998.74,0.1997,0.1414
2026-08-26 09:09:44.809,BTCUSDT,60117.26,60129.28,0.1461,0.2915
2026-08-26 09:09:44.892,ETHUSDT,3004.33,3004.93,0.2148,0.3839
2026-08-26 09:09:45.179,BTCUSDT,59930.07,59942.05,0.1978,0.1172
2026-08-26 09:09:45.452,BTCUSDT,59892.99,59904.97,0.3894,0.1894
2026-08-26 09:09:45.723,ETHUSDT,2999.28,2999.88,0.1545,0.1459
2026-08-26 09:09:45.915,ETHUSDT,3000.61,3001.21,0.1761,0.3329
2026-08-26 09:09:46.031,ETHUSDT,3005.81,3006.41,23.454,17.1897
2026-08-26 09:09:46.182,SOLUSDT,139.78,139.8,16.051,8.7831
2026-08-26 09:09:46.326,ETHUSDT,3001.79,3002.39,6.6928,9.4564
2026-08-26 09:09:46.416,BTCUSDT,60027.36,60039.36,10.9325,8.6713
2026-08-26 09:09:46.540,SOLUSDT,139.81,139.83,5.6697,9.9732
2026-08-26 09:09:46.649,BTCUSDT,60057.97,60069.99,13.1315,18.1205
2026-08-26 09:09:46.871,SOLUSDT,140.09,140.11,19.2841,13.3137
2026-08-26 09:09:47.062,SOLUSDT,140.05,140.07,20.6286,15.8054
2026-08-26 09:09:47.183,SOLUSDT,140.2,140.22,19.2151,22.9437
2026-08-26 09:09:47.402,ETHUSDT,3000.3,3000.9,8.0598,21.0944
2026-08-26 09:09:47.461,ETHUSDT,3002.89,3003.49,22.7854,6.2882
2026-08-26 09:09:47.714,ETHUSDT,3007.43,3008.03,21.8294,6.1689
2026-08-26 09:09:47.835,ETHUSDT,2999.45,3000.05,8.2674,21.3013
2026-08-26 09:09:48.108,ETHUSDT,3000.69,3001.29,11.7668,13.9691
2026-08-26 09:09:48.361,BTCUSDT,60030.33,60042.33,9.0208,15.4063
2026-08-26 09:09:48.438,BTCUSDT,60044.0,60056.0,7.7258,7.6888
2026-08-26 09:09:48.552,BTCUSDT,60067.22,60079.24,22.5563,9.5944
2026-08-26 09:09:48.832,ETHUSDT,2999.3,2999.9,13.8195,19.6813
2026-08-26 09:09:48.991,ETHUSDT,2995.13,2995.73,12.304,21.3157
2026-08-26 09:09:49.104,BTCUSDT,60073.44,60085.46,17.1935,11.9475
2026-08-26 09:09:49.174,SOLUSDT,139.99,140.01,8.4712,17.8351
2026-08-26 09:09:49.348,BTCUSDT,59944.55,59956.55,19.6943,16.1226
2026-08-26 09:09:49.600,BTCUSDT,59979.12,59991.12,5.5809,10.4171
2026-08-26 09:09:49.898,BTCUSDT,60018.67,60030.67,7.5411,10.9201
2026-08-26 09:09:50.117,SOLUSDT,140.13,140.15,6.8173,19.354
2026-08-26 09:09:50.391,BTCUSDT,60020.64,60032.64,6.0424,12.466
2026-08-26 09:09:50.559,SOLUSDT,140.19,140.21,23.3258,10.1789
2026-08-26 09:09:50.735,SOLUSDT,139.95,139.97,21.6339,14.5257
2026-08-26 09:09:51.024,ETHUSDT,2995.94,2996.54,13.2784,17.446
2026-08-26 09:09:51.211,BTCUSDT,59998.36,60010.36,6.0009,12.1952
2026-08-26 09:09:51.390,ETHUSDT,3001.59,3002.19,20.7724,14.3832
2026-08-26 09:09:51.589,BTCUSDT,59965.15,59977.15,8.111,16.9759
2026-08-26 09:09:51.704,SOLUSDT,139.85,139.87,12.7055,20.165
2026-08-26 09:09:51.869,SOLUSDT,140.1,140.12,23.9431,14.7094
2026-08-26 09:09:52.169,SOLUSDT,139.97,139.99,20.8886,6.9946
2026-08-26 09:09:52.397,BTCUSDT,60003.61,60015.61,15.6183,24.3202
2026-08-26 09:09:52.681,ETHUSDT,2999.43,3000.03,21.1468,19.8549
2026-08-26 09:09:52.908,BTCUSDT,60037.39,60049.39,22.1012,22.2591
2026-08-26 09:09:53.116,BTCUSDT,60031.08,60043.08,16.9653,12.0504
2026-08-26 09:09:53.392,SOLUSDT,140.19,140.21,18.8889,8.5641
2026-08-26 09:09:53.684,BTCUSDT,59844.76,59856.74,7.0405,8.5101
2026-08-26 09:09:53.739,ETHUSDT,2998.93,2999.53,9.9955,16.1511
2026-08-26 09:09:53.962,ETHUSDT,2998.23,2998.83,7.9931,7.2597
2026-08-26 09:09:54.061,ETHUSDT,2999.01,2999.61,16.8221,17.921
2026-08-26 09:09:54.185,BTCUSDT,60057.14,60069.16,18.8471,21.3291
2026-08-26 09:09:54.363,ETHUSDT,3001.31,3001.91,13.8564,23.0969
2026-08-26 09:09:54.482,SOLUSDT,139.79,139.81,15.1715,16.6022
2026-08-26 09:09:54.706,ETHUSDT,3001.57,3002.17,21.0888,5.2065
2026-08-26 09:09:54.957,ETHUSDT,3003.32,3003.92,6.4274,20.3218
2026-08-26 09:09:55.108,SOLUSDT,139.93,139.95,14.9367,17.4783
2026-08-26 09:09:55.264,ETHUSDT,3002.52,3003.12,8.1992,22.553
2026-08-26 09:09:55.517,BTCUSDT,59960.64,59972.64,8.6997,23.4256
2026-08-26 09:09:55.587,BTCUSDT,59887.93,59899.91,23.241,16.3448
2026-08-26 09:09:55.644,ETHUSDT,2997.61,2998.21,15.8547,7.8352
2026-08-26 09:09:55.767,SOLUSDT,140.15,140.17,16.4541,23.5489
2026-08-26 09:09:55.922,BTCUSDT,60082.1,60094.12,11.4516,22.2937
2026-08-26 09:09:56.151,BTCUSDT,59943.71,59955.69,8.0327,11.3549
2026-08-26 09:09:56.408,SOLUSDT,139.85,139.87,9.6518,9.8873
2026-08-26 09:09:56.653,BTCUSDT,60017.01,60029.01,8.4472,17.4485
2026-08-26 09:09:56.862,BTCUSDT,60057.5,60069.52,13.6293,6.52
2026-08-26 09:09:56.964,SOLUSDT,139.88,139.9,17.9261,16.0245
2026-08-26 09:09:57.025,SOLUSDT,139.89,139.91,9.4607,15.7662
2026-08-26 09:09:57.096,ETHUSDT,2997.19,2997.79,19.0874,8.1407
2026-08-26 09:09:57.241,BTCUSDT,59992.79,60004.79,6.8872,21.5767
2026-08-26 09:09:57.386,SOLUSDT,139.72,139.74,15.2272,23.2339
2026-08-26 09:09:57.538,SOLUSDT,139.91,139.93,22.3946,15.8688
2026-08-26 09:09:57.655,ETHUSDT,2996.9,2997.5,7.0796,16.657
2026-08-26 09:09:57.919,SOLUSDT,139.62,139.64,12.7893,24.7764
2026-08-26 09:09:58.097,SOLUSDT,140.2,140.22,5.8516,12.7653
2026-08-26 09:09:58.280,ETHUSDT,2996.66,2997.26,17.7656,14.6088
2026-08-26 09:09:58.521,ETHUSDT,2998.43,2999.03,17.7561,10.6354
2026-08-26 09:09:58.739,ETHUSDT,2999.96,3000.56,16.9159,19.4844
2026-08-26 09:09:58.826,BTCUSDT,59943.41,59955.39,17.2103,19.2972
2026-08-26 09:09:58.887,BTCUSDT,60076.85,60088.87,8.8662,5.3422
2026-08-26 09:09:58.965,ETHUSDT,2999.76,3000.36,17.2347,15.638
2026-08-26 09:09:59.235,ETHUSDT,3000.19,3000.79,23.7532,23.3407
2026-08-26 09:09:59.496,SOLUSDT,140.26,140.28,6.801,22.254
2026-08-26 09:09:59.677,ETHUSDT,2998.85,2999.45,16.5073,15.5369
2026-08-26 09:09:59.951,SOLUSDT,140.01,140.03,7.2179,15.9911
2026-08-26 09:10:00.181,ETHUSDT,2996.16,2996.76,13.1964,19.75
2026-08-26 09:10:00.369,BTCUSDT,60053.7,60065.72,5.1077,23.7249
2026-08-26 09:10:00.501,ETHUSDT,2994.73,2995.33,15.8794,8.771
2026-08-26 09:10:00.686,SOLUSDT,140.14,140.16,11.5327,8.5892
2026-08-26 09:10:00.842,BTCUSDT,59927.75,59939.73,23.7064,16.063
2026-08-26 09:10:00.907,SOLUSDT,139.93,139.95,18.1997,16.2911
2026-08-26 09:10:01.150,ETHUSDT,3000.72,3001.32,15.6796,13.6439
2026-08-26 09:10:01.427,ETHUSDT,2998.35,2998.95,22.1559,8.5462
2026-08-26 09:10:01.685,BTCUSDT,60157.37,60169.41,18.4635,22.6553
2026-08-26 09:10:01.764,ETHUSDT,2997.31,2997.91,23.0026,6.666
2026-08-26 09:10:01.955,SOLUSDT,139.88,139.9,8.5407,14.0975
2026-08-26 09:10:02.134,ETHUSDT,2997.98,2998.58,5.0164,6.4877
2026-08-26 09:10:02.356,BTCUSDT,59990.55,60002.55,23.0014,19.3379
2026-08-26 09:10:02.592,SOLUSDT,139.99,140.01,11.9866,8.7367
2026-08-26 09:10:02.821,BTCUSDT,60005.6,60017.6,11.5073,23.7579
2026-08-26 09:10:03.037,BTCUSDT,59995.86,60007.86,24.0534,14.6456
2026-08-26 09:10:03.129,BTCUSDT,59959.71,59971.71,20.1104,19.467
2026-08-26 09:10:03.198,BTCUSDT,60030.55,60042.55,22.126,21.2644
2026-08-26 09:10:03.365,SOLUSDT,140.04,140.06,14.3418,13.8919
2026-08-26 09:10:03.551,SOLUSDT,139.69,139.71,12.0469,16.8684
2026-08-26 09:10:03.646,SOLUSDT,140.03,140.05,15.8204,10.9782
2026-08-26 09:10:03.796,SOLUSDT,139.93,139.95,24.8135,21.4382
2026-08-26 09:10:04.041,ETHUSDT,2999.84,3000.44,18.9186,21.4395
2026-08-26 09:10:04.143,BTCUSDT,59992.25,60004.25,16.4949,6.884
2026-08-26 09:10:04.304,ETHUSDT,3003.07,3003.67,11.8686,9.4703
2026-08-26 09:10:04.502,SOLUSDT,139.94,139.96,20.2799,19.7635
2026-08-26 09:10:04.710,SOLUSDT,139.99,140.01,13.901,17.548
2026-08-26 09:10:04.872,ETHUSDT,2997.93,2998.53,16.8053,24.9403
2026-08-26 09:10:05.074,SOLUSDT,140.06,140.08,14.6886,16.2487
2026-08-26 09:10:05.299,ETHUSDT,2998.5,2999.1,18.72,14.9606
2026-08-26 09:10:05.565,SOLUSDT,139.69,139.71,0.2623,0.1301
2026-08-26 09:10:05.667,ETHUSDT,2999.67,3000.27,0.2644,0.197
2026-08-26 09:10:05.719,ETHUSDT,3000.64,3001.24,0.4989,0.2172
2026-08-26 09:10:05.799,SOLUSDT,140.08,140.1,0.3652,0.3059
2026-08-26 09:10:06.079,BTCUSDT,60095.19,60107.21,0.2594,0.4845
2026-08-26 09:10:06.326,BTCUSDT,59952.59,59964.59,0.4359,0.1717
2026-08-26 09:10:06.460,BTCUSDT,59835.57,59847.53,0.3225,0.3158
2026-08-26 09:10:06.723,ETHUSDT,2997.2,2997.8,0.3667,0.3163
2026-08-26 09:10:06.887,SOLUSDT,139.81,139.83,0.3213,0.2664
2026-08-26 09:10:07.040,ETHUSDT,3001.04,3001.64,0.1189,0.1851
2026-08-26 09:10:07.232,BTCUSDT,60014.27,60026.27,0.358,0.1069
2026-08-26 09:10:07.511,ETHUSDT,3000.77,3001.37,21.5094,24.575
2026-08-26 09:10:07.794,ETHUSDT,2998.5,2999.1,13.9765,6.0357
2026-08-26 09:10:08.068,SOLUSDT,140.24,140.26,18.0726,15.6164
2026-08-26 09:10:08.213,SOLUSDT,139.83,139.85,5.6246,17.6205
2026-08-26 09:10:08.506,SOLUSDT,140.18,140.2,5.9521,10.4277
2026-08-26 09:10:08.626,ETHUSDT,2999.6,3000.2,17.0291,23.7628
2026-08-26 09:10:08.885,SOLUSDT,139.93,139.95,24.0938,16.1725
2026-08-26 09:10:09.134,ETHUSDT,3002.69,3003.29,11.0177,5.7724
2026-08-26 09:10:09.407,BTCUSDT,60017.05,60029.05,11.4721,11.8839
2026-08-26 09:10:09.697,ETHUSDT,3001.25,3001.85,11.3085,13.5094
2026-08-26 09:10:09.909,BTCUSDT,60000.89,60012.89,17.1798,11.6357
2026-08-26 09:10:10.081,SOLUSDT,140.11,140.13,13.7915,5.588
2026-08-26 09:10:10.283,ETHUSDT,3005.78,3006.38,15.8237,18.6947
2026-08-26 09:10:10.392,BTCUSDT,59967.44,59979.44,11.5252,6.9278
2026-08-26 09:10:10.477,SOLUSDT,139.9,139.92,11.2508,14.782
2026-08-26 09:10:10.739,ETHUSDT,3000.85,3001.45,19.5731,9.3632
2026-08-26 09:10:10.836,SOLUSDT,139.98,140.0,5.0665,9.9827
2026-08-26 09:10:11.085,BTCUSDT,59967.89,59979.89,23.5859,20.5827
2026-08-26 09:10:11.332,SOLUSDT,140.0,140.02,17.6661,14.2663
2026-08-26 09:10:11.464,ETHUSDT,3001.59,3002.19,17.3497,16.1137
2026-08-26 09:10:11.688,SOLUSDT,140.09,140.11,8.4194,16.6891
2026-08-26 09:10:11.988,ETHUSDT,2995.76,2996.36,19.2561,11.2526
2026-08-26 09:10:12.052,SOLUSDT,139.89,139.91,14.7851,17.299
2026-08-26 09:10:12.255,ETHUSDT,3001.93,3002.53,15.5819,17.7346
2026-08-26 09:10:12.500,BTCUSDT,59991.56,60003.56,13.9647,11.1451
2026-08-26 09:10:12.685,ETHUSDT,2998.7,2999.3,12.1324,7.8229
2026-08-26 09:10:12.826,SOLUSDT,139.82,139.84,7.2427,20.7894
2026-08-26 09:10:12.942,SOLUSDT,140.04,140.06,19.0466,24.5996
2026-08-26 09:10:12.999,ETHUSDT,2994.12,2994.72,5.7329,9.6274
2026-08-26 09:10:13.250,BTCUSDT,60019.2,60031.2,7.4962,9.3555
2026-08-26 09:10:13.550,BTCUSDT,60088.56,60100.58,9.7929,17.8862
2026-08-26 09:10:13.827,BTCUSDT,59876.22,59888.2,23.7268,15.2596
2026-08-26 09:10:13.927,BTCUSDT,60089.44,60101.46,12.0525,8.4818
2026-08-26 09:10:13.993,BTCUSDT,60009.68,60021.68,21.5442,13.6959
2026-08-26 09:10:14.255,ETHUSDT,3000.53,3001.13,7.4445,18.8302
2026-08-26 09:10:14.511,SOLUSDT,139.93,139.95,23.5316,19.5788
2026-08-26 09:10:14.669,SOLUSDT,140.03,140.05,7.0305,16.2905
2026-08-26 09:10:14.741,SOLUSDT,139.88,139.9,8.7598,10.5843
2026-08-26 09:10:14.998,SOLUSDT,140.09,140.11,13.8539,12.578
2026-08-26 09:10:15.082,ETHUSDT,2999.83,3000.43,24.7387,9.4897
2026-08-26 09:10:15.380,SOLUSDT,139.85,139.87,22.7732,17.5821
2026-08-26 09:10:15.606,ETHUSDT,3003.8,3004.4,17.1918,16.5023
2026-08-26 09:10:15.714,BTCUSDT,60037.63,60049.63,5.9645,16.9115
2026-08-26 09:10:15.945,SOLUSDT,139.71,139.73,15.6258,9.6791
2026-08-26 09:10:16.164,ETHUSDT,2998.95,2999.55,6.904,6.6997
2026-08-26 09:10:16.284,SOLUSDT,140.0,140.02,23.092,8.404
2026-08-26 09:10:16.491,SOLUSDT,140.16,140.18,17.3851,23.7833
2026-08-26 09:10:16.765,SOLUSDT,139.79,139.81,16.6568,13.7608
2026-08-26 09:10:16.948,ETHUSDT,3006.22,3006.82,11.5719,19.1996
2026-08-26 09:10:17.110,BTCUSDT,59970.16,59982.16,21.8517,6.0268
2026-08-26 09:10:17.376,SOLUSDT,140.05,140.07,19.6226,17.1841
2026-08-26 09:10:17.589,SOLUSDT,140.07,140.09,21.4,10.9848
2026-08-26 09:10:17.831,SOLUSDT,139.91,139.93,22.9743,14.2424
2026-08-26 09:10:17.906,SOLUSDT,140.13,140.15,23.3181,10.2538
2026-08-26 09:10:18.056,ETHUSDT,3002.76,3003.36,13.5091,20.211
2026-08-26 09:10:18.159,SOLUSDT,139.99,140.01,6.66,19.5224
2026-08-26 09:10:18.229,SOLUSDT,139.91,139.93,20.0397,21.9784
2026-08-26 09:10:18.299,SOLUSDT,139.88,139.9,17.1951,24.7168
2026-08-26 09:10:18.552,ETHUSDT,3001.94,3002.54,16.5288,22.7502
2026-08-26 09:10:18.696,SOLUSDT,139.84,139.86,21.6679,13.9059
2026-08-26 09:10:18.799,ETHUSDT,2999.02,2999.62,16.2055,13.5045
2026-08-26 09:10:18.978,BTCUSDT,59949.97,59961.97,6.7886,21.5812
2026-08-26 09:10:19.224,SOLUSDT,139.94,139.96,20.0909,14.2936
2026-08-26 09:10:19.464,SOLUSDT,139.89,139.91,8.9032,18.4667
2026-08-26 09:10:19.577,BTCUSDT,60000.2,60012.2,16.5135,20.7453
2026-08-26 09:10:19.792,SOLUSDT,139.81,139.83,22.0566,24.6952
2026-08-26 09:10:19.857,ETHUSDT,2998.02,2998.62,7.4253,19.4701
2026-08-26 09:10:20.090,SOLUSDT,139.98,140.0,21.527,20.952
2026-08-26 09:10:20.194,BTCUSDT,60039.19,60051.19,10.6681,6.2199
2026-08-26 09:10:20.422,SOLUSDT,139.89,139.91,9.1317,6.3936
2026-08-26 09:10:20.584,SOLUSDT,139.79,139.81,9.1128,20.1505
2026-08-26 09:10:20.779,BTCUSDT,59922.49,59934.47,18.8041,15.1931
2026-08-26 09:10:20.830,BTCUSDT,60028.86,60040.86,12.0646,20.9696
2026-08-26 09:10:21.095,SOLUSDT,139.79,139.81,15.8911,24.5086
2026-08-26 09:10:21.208,ETHUSDT,3003.11,3003.71,12.3344,24.1125
2026-08-26 09:10:21.382,BTCUSDT,60141.64,60153.66,22.2155,21.4082
2026-08-26 09:10:21.529,SOLUSDT,139.94,139.96,12.1414,20.7971
2026-08-26 09:10:21.613,ETHUSDT,2999.26,2999.86,12.8577,18.5769
2026-08-26 09:10:21.703,SOLUSDT,140.2,140.22,14.4307,8.6342
2026-08-26 09:10:21.840,SOLUSDT,139.79,139.81,24.9354,18.0031
2026-08-26 09:10:21.955,BTCUSDT,60032.14,60044.14,8.5418,6.6441
2026-08-26 09:10:22.183,BTCUSDT,59980.51,59992.51,6.5309,22.866
2026-08-26 09:10:22.442,ETHUSDT,2996.18,2996.78,17.6921,9.0948
2026-08-26 09:10:22.738,SOLUSDT,140.03,140.05,13.1919,10.312
2026-08-26 09:10:22.913,BTCUSDT,60047.5,60059.52,8.7782,16.2043
2026-08-26 09:10:22.997,BTCUSDT,59913.33,59925.31,10.2812,14.7321
2026-08-26 09:10:23.076,SOLUSDT,140.28,140.3,10.2659,10.1833
2026-08-26 09:10:23.273,SOLUSDT,140.03,140.05,16.8396,20.8849
2026-08-26 09:10:23.543,ETHUSDT,2995.48,2996.08,13.3678,13.0426
2026-08-26 09:10:23.812,SOLUSDT,139.96,139.98,16.3934,8.4627
2026-08-26 09:10:23.951,ETHUSDT,3000.82,3001.42,20.3052,22.4234
2026-08-26 09:10:24.229,BTCUSDT,59905.58,59917.56,21.6232,20.3384
2026-08-26 09:10:24.329,ETHUSDT,3000.34,3000.94,21.9172,7.4657
2026-08-26 09:10:24.580,BTCUSDT,59980.8,59992.8,21.1209,24.1971
2026-08-26 09:10:24.826,BTCUSDT,60034.62,60046.62,21.7829,21.4152
2026-08-26 09:10:25.009,BTCUSDT,60004.06,60016.06,11.1013,9.1653
2026-08-26 09:10:25.150,BTCUSDT,59883.49,59895.47,9.1109,14.3979
2026-08-26 09:10:25.321,SOLUSDT,139.92,139.94,19.646,9.289
2026-08-26 09:10:25.525,ETHUSDT,3003.52,3004.12,21.588,6.8859
2026-08-26 09:10:25.738,BTCUSDT,59898.66,59910.64,23.8416,11.9821
2026-08-26 09:10:25.855,ETHUSDT,3000.87,3001.47,8.7258,7.5543
2026-08-26 09:10:26.125,BTCUSDT,59954.43,59966.43,23.4766,6.3564
2026-08-26 09:10:26.293,BTCUSDT,60089.36,60101.38,17.2243,19.4832
2026-08-26 09:10:26.524,BTCUSDT,59954.51,59966.51,10.3706,10.59
2026-08-26 09:10:26.718,SOLUSDT,140.13,140.15,18.7893,21.7773
2026-08-26 09:10:26.909,BTCUSDT,59980.88,59992.88,10.4145,24.9566
2026-08-26 09:10:26.984,SOLUSDT,140.03,140.05,6.1899,14.6544
2026-08-26 09:10:27.041,SOLUSDT,140.13,140.15,7.884,10.541
2026-08-26 09:10:27.329,SOLUSDT,139.88,139.9,8.0205,12.7955
2026-08-26 09:10:27.415,SOLUSDT,140.13,140.15,0.1819,0.171
2026-08-26 09:10:27.490,BTCUSDT,59979.24,59991.24,0.1056,0.433
2026-08-26 09:10:27.552,BTCUSDT,60020.8,60032.8,0.1142,0.2222
2026-08-26 09:10:27.640,ETHUSDT,3001.33,3001.93,0.1597,0.2597
2026-08-26 09:10:27.724,BTCUSDT,59945.46,59957.46,0.3378,0.4118
2026-08-26 09:10:27.928,BTCUSDT,59913.31,59925.29,0.1786,0.4834
2026-08-26 09:10:27.981,ETHUSDT,2996.47,2997.07,0.124,0.298
2026-08-26 09:10:28.074,BTCUSDT,59916.93,59928.91,0.1865,0.2846
2026-08-26 09:10:28.350,BTCUSDT,59974.14,59986.14,0.1437,0.3162
2026-08-26 09:10:28.636,BTCUSDT,60021.28,60033.28,0.2982,0.1743
2026-08-26 09:10:28.892,SOLUSDT,139.98,140.0,0.3974,0.4169
2026-08-26 09:10:29.046,BTCUSDT,60029.69,60041.69,21.6847,14.0958
2026-08-26 09:10:29.297,BTCUSDT,60021.27,60033.27,21.5011,20.1915
2026-08-26 09:10:29.383,BTCUSDT,59948.96,59960.96,12.2109,6.8569
2026-08-26 09:10:29.469,ETHUSDT,3004.08,3004.68,9.2935,16.7543
2026-08-26 09:10:29.723,SOLUSDT,139.81,139.83,16.6668,11.1018
2026-08-26 09:10:29.880,ETHUSDT,2998.44,2999.04,12.5166,5.4521
2026-08-26 09:10:30.034,SOLUSDT,140.05,140.07,11.3161,9.493
2026-08-26 09:10:30.332,BTCUSDT,60027.43,60039.43,17.0536,11.0022
2026-08-26 09:10:30.531,SOLUSDT,139.88,139.9,10.407,11.8989
2026-08-26 09:10:30.728,SOLUSDT,140.07,140.09,7.2389,5.7411
2026-08-26 09:10:30.993,SOLUSDT,139.97,139.99,11.3934,23.6028
2026-08-26 09:10:31.236,BTCUSDT,60064.73,60076.75,21.1085,15.8099
2026-08-26 09:10:31.351,SOLUSDT,139.84,139.86,19.6501,21.0467
2026-08-26 09:10:31.508,ETHUSDT,2995.68,2996.28,20.8233,23.166
2026-08-26 09:10:31.686,BTCUSDT,59986.4,59998.4,14.2722,24.9825
2026-08-26 09:10:31.795,SOLUSDT,140.06,140.08,11.2392,10.1764
2026-08-26 09:10:31.919,ETHUSDT,3000.15,3000.75,24.5344,7.1907
2026-08-26 09:10:32.115,SOLUSDT,139.95,139.97,6.7151,11.0155
2026-08-26 09:10:32.378,SOLUSDT,139.44,139.46,12.8608,24.239
2026-08-26 09:10:32.539,BTCUSDT,60033.24,60045.24,24.5929,10.572
2026-08-26 09:10:32.646,ETHUSDT,3000.9,3001.5,23.891,5.7815
2026-08-26 09:10:32.915,SOLUSDT,140.01,140.03,11.3712,13.6339
2026-08-26 09:10:33.090,BTCUSDT,59927.42,59939.4,6.3184,8.33
2026-08-26 09:10:33.364,SOLUSDT,140.1,140.12,22.3244,12.1856
2026-08-26 09:10:33.510,BTCUSDT,59900.11,59912.09,5.0396,5.4124
2026-08-26 09:10:33.711,BTCUSDT,59977.9,59989.9,19.8755,24.8813
2026-08-26 09:10:33.906,BTCUSDT,60004.82,60016.82,5.0672,15.4218
2026-08-26 09:10:34.104,BTCUSDT,60004.17,60016.17,10.0425,13.1239
2026-08-26 09:10:34.214,BTCUSDT,59987.09,59999.09,16.3543,19.8277
2026-08-26 09:10:34.436,BTCUSDT,59984.64,59996.64,9.0308,14.1349
2026-08-26 09:10:34.624,SOLUSDT,140.11,140.13,19.8003,17.3555
2026-08-26 09:10:34.915,SOLUSDT,139.77,139.79,11.004,24.7798
2026-08-26 09:10:34.977,SOLUSDT,139.7,139.72,14.6006,10.1603
2026-08-26 09:10:35.051,BTCUSDT,60033.84,60045.84,18.6859,9.9808
2026-08-26 09:10:35.326,SOLUSDT,139.97,139.99,24.0618,6.6496
2026-08-26 09:10:35.553,BTCUSDT,59994.21,60006.21,6.8493,17.0826
2026-08-26 09:10:35.682,ETHUSDT,2996.43,2997.03,15.025,20.1846
2026-08-26 09:10:35.735,BTCUSDT,59959.62,59971.62,8.7823,10.1955
2026-08-26 09:10:35.890,BTCUSDT,59983.43,59995.43,9.0691,20.2528
2026-08-26 09:10:36.004,BTCUSDT,59943.69,59955.67,11.433,23.869
2026-08-26 09:10:36.067,ETHUSDT,2996.64,2997.24,22.2646,13.6388
2026-08-26 09:10:36.121,BTCUSDT,60003.34,60015.34,16.0107,10.3399
2026-08-26 09:10:36.227,BTCUSDT,60055.48,60067.5,18.7744,8.0442
2026-08-26 09:10:36.315,SOLUSDT,140.16,140.18,16.9293,20.3412
2026-08-26 09:10:36.492,ETHUSDT,2998.06,2998.66,5.6736,11.933
2026-08-26 09:10:36.633,ETHUSDT,2998.5,2999.1,23.0967,14.3514
2026-08-26 09:10:36.771,SOLUSDT,139.87,139.89,13.2317,8.1954
2026-08-26 09:10:37.018,ETHUSDT,3001.48,3002.08,5.1684,6.7438
2026-08-26 09:10:37.243,SOLUSDT,139.87,139.89,16.0332,11.6403
2026-08-26 09:10:37.381,ETHUSDT,3004.37,3004.97,17.5668,20.726
2026-08-26 09:10:37.657,SOLUSDT,140.06,140.08,10.7373,22.3256
2026-08-26 09:10:37.816,BTCUSDT,59969.79,59981.79,14.293,8.4579
2026-08-26 09:10:37.902,ETHUSDT,2999.88,3000.48,6.0756,7.5557
2026-08-26 09:10:37.996,ETHUSDT,2996.16,2996.76,5.5925,19.4681
2026-08-26 09:10:38.063,BTCUSDT,60107.76,60119.78,16.356,24.8041
2026-08-26 09:10:38.249,ETHUSDT,3000.99,3001.59,7.5019,18.0973
2026-08-26 09:10:38.382,SOLUSDT,140.0,140.02,5.2306,19.7086
2026-08-26 09:10:38.510,BTCUSDT,59963.21,59975.21,11.2411,19.5081
2026-08-26 09:10:38.616,SOLUSDT,139.97,139.99,22.8767,24.5694
2026-08-26 09:10:38.688,SOLUSDT,140.24,140.26,12.6564,24.3279
2026-08-26 09:10:38.898,ETHUSDT,2998.61,2999.21,5.1369,14.9844
2026-08-26 09:10:39.090,BTCUSDT,60031.64,60043.64,14.8364,7.978
2026-08-26 09:10:39.380,ETHUSDT,2998.37,2998.97,14.8234,13.1966
2026-08-26 09:10:39.673,ETHUSDT,3002.99,3003.59,19.9891,7.5244
2026-08-26 09:10:39.830,BTCUSDT,59926.97,59938.95,14.0613,5.0759
2026-08-26 09:10:40.123,SOLUSDT,140.14,140.16,23.6989,23.6376
2026-08-26 09:10:40.398,BTCUSDT,60057.7,60069.72,10.5212,6.5318
2026-08-26 09:10:40.517,ETHUSDT,3003.91,3004.51,22.046,13.84
2026-08-26 09:10:40.715,SOLUSDT,140.08,140.1,14.4661,21.5974
2026-08-26 09:10:40.792,BTCUSDT,60037.44,60049.44,12.2321,5.73
2026-08-26 09:10:40.879,SOLUSDT,139.85,139.87,15.012,14.6675
2026-08-26 09:10:40.942,BTCUSDT,59990.46,60002.46,11.2641,10.4375
2026-08-26 09:10:41.234,ETHUSDT,2994.54,2995.14,22.5741,20.078
2026-08-26 09:10:41.348,BTCUSDT,59859.48,59871.46,6.7376,20.8126
2026-08-26 09:10:41.402,SOLUSDT,140.09,140.11,8.2725,10.1356
2026-08-26 09:10:41.483,ETHUSDT,2997.2,2997.8,21.0206,17.8564
2026-08-26 09:10:41.570,BTCUSDT,59997.59,60009.59,20.4822,15.934
2026-08-26 09:10:41.677,ETHUSDT,2995.87,2996.47,5.0504,18.3738
2026-08-26 09:10:41.912,ETHUSDT,2998.0,2998.6,15.0089,22.28
2026-08-26 09:10:42.065,BTCUSDT,59891.63,59903.61,16.7337,13.3955
2026-08-26 09:10:42.324,ETHUSDT,2992.67,2993.27,22.3234,5.3657
2026-08-26 09:10:42.453,BTCUSDT,60125.76,60137.78,8.6349,8.22
2026-08-26 09:10:42.510,BTCUSDT,59940.62,59952.6,6.6452,19.5241
2026-08-26 09:10:42.668,BTCUSDT,59955.09,59967.09,6.0192,17.226
2026-08-26 09:10:42.941,BTCUSDT,60017.51,60029.51,14.9334,7.0096
2026-08-26 09:10:43.169,SOLUSDT,139.9,139.92,6.0574,6.1691
2026-08-26 09:10:43.373,BTCUSDT,60035.31,60047.31,16.8935,16.0152
2026-08-26 09:10:43.476,BTCUSDT,59989.72,60001.72,6.7893,10.5204
2026-08-26 09:10:43.653,ETHUSDT,2999.89,3000.49,21.2658,9.814
2026-08-26 09:10:43.809,SOLUSDT,140.09,140.11,16.7939,14.3327
2026-08-26 09:10:43.898,BTCUSDT,60084.91,60096.93,22.6925,20.1534
2026-08-26 09:10:44.020,ETHUSDT,3003.04,3003.64,19.4352,10.1674
2026-08-26 09:10:44.072,SOLUSDT,139.85,139.87,21.4295,11.5731
2026-08-26 09:10:44.208,SOLUSDT,140.08,140.1,6.5408,24.1641
2026-08-26 09:10:44.400,SOLUSDT,139.82,139.84,19.1234,5.4527
2026-08-26 09:10:44.569,SOLUSDT,139.74,139.76,15.4517,5.0693
2026-08-26 09:10:44.646,SOLUSDT,140.19,140.21,19.3012,14.359
2026-08-26 09:10:44.816,ETHUSDT,3004.63,3005.23,16.0505,15.2397
2026-08-26 09:10:45.016,BTCUSDT,59874.11,59886.09,22.8751,18.5369
2026-08-26 09:10:45.116,SOLUSDT,139.88,139.9,10.0263,14.8082
2026-08-26 09:10:45.309,ETHUSDT,2997.91,2998.51,21.75,5.8064
2026-08-26 09:10:45.544,BTCUSDT,59944.56,59956.56,8.6412,10.7359
2026-08-26 09:10:45.602,SOLUSDT,139.87,139.89,20.6876,14.3104
2026-08-26 09:10:45.856,BTCUSDT,59957.78,59969.78,18.0266,18.3826
2026-08-26 09:10:46.117,BTCUSDT,60043.38,60055.38,22.5268,24.2802
2026-08-26 09:10:46.338,BTCUSDT,60025.44,60037.44,16.7016,20.7868
2026-08-26 09:10:46.393,ETHUSDT,3004.33,3004.93,21.9383,10.1916
2026-08-26 09:10:46.619,ETHUSDT,3001.47,3002.07,18.6448,12.1301
2026-08-26 09:10:46.847,BTCUSDT,60008.73,60020.73,16.5613,24.6509
2026-08-26 09:10:46.934,SOLUSDT,139.98,140.0,0.1358,0.122
2026-08-26 09:10:47.228,ETHUSDT,2996.31,2996.91,0.1018,0.4711
2026-08-26 09:10:47.436,SOLUSDT,139.89,139.91,0.4571,0.1626
2026-08-26 09:10:47.488,SOLUSDT,140.05,140.07,0.3312,0.2154
2026-08-26 09:10:47.596,ETHUSDT,2999.09,2999.69,0.3954,0.3403
2026-08-26 09:10:47.828,BTCUSDT,60078.77,60090.79,0.1404,0.4646
2026-08-26 09:10:48.035,SOLUSDT,140.06,140.08,0.3793,0.2617
2026-08-26 09:10:48.279,ETHUSDT,2996.74,2997.34,0.2239,0.1363
2026-08-26 09:10:48.530,ETHUSDT,3002.3,3002.9,0.2682,0.4075
2026-08-26 09:10:48.608,ETHUSDT,3002.69,3003.29,0.228,0.1987
2026-08-26 09:10:48.753,BTCUSDT,60010.54,60022.54,0.4623,0.463
2026-08-26 09:10:48.899,SOLUSDT,140.07,140.09,15.1338,11.8273
2026-08-26 09:10:49.007,SOLUSDT,140.16,140.18,20.2485,21.242
2026-08-26 09:10:49.251,SOLUSDT,139.84,139.86,5.3772,10.9127
2026-08-26 09:10:49.337,SOLUSDT,139.89,139.91,20.434,13.457
2026-08-26 09:10:49.402,BTCUSDT,59907.63,59919.61,6.2932,7.0349
2026-08-26 09:10:49.618,SOLUSDT,140.16,140.18,7.4501,12.6855
2026-08-26 09:10:49.792,ETHUSDT,2999.54,3000.14,14.6231,19.4532
2026-08-26 09:10:50.069,ETHUSDT,2999.06,2999.66,24.574,15.6015
2026-08-26 09:10:50.202,ETHUSDT,2996.35,2996.95,21.4268,21.8107
2026-08-26 09:10:50.296,SOLUSDT,139.96,139.98,18.4344,12.6665
2026-08-26 09:10:50.383,ETHUSDT,3001.08,3001.68,20.4116,12.8885
2026-08-26 09:10:50.547,ETHUSDT,3000.85,3001.45,16.1,21.6781
2026-08-26 09:10:50.693,ETHUSDT,2996.58,2997.18,10.0134,5.2057
2026-08-26 09:10:50.923,SOLUSDT,140.07,140.09,7.8763,23.9119
2026-08-26 09:10:51.094,BTCUSDT,60004.54,60016.54,9.1649,15.9698
2026-08-26 09:10:51.254,ETHUSDT,2997.06,2997.66,12.1627,7.5076
2026-08-26 09:10:51.311,SOLUSDT,139.83,139.85,17.1476,13.1287
2026-08-26 09:10:51.446,ETHUSDT,2998.77,2999.37,16.8264,9.6751
2026-08-26 09:10:51.630,ETHUSDT,3004.5,3005.1,10.1942,11.9371
2026-08-26 09:10:51.924,SOLUSDT,139.76,139.78,14.4853,16.5542
2026-08-26 09:10:52.023,ETHUSDT,2997.68,2998.28,13.5813,10.1474
2026-08-26 09:10:52.225,SOLUSDT,139.91,139.93,13.2299,6.1555
2026-08-26 09:10:52.492,ETHUSDT,2999.38,2999.98,19.2136,11.8852
2026-08-26 09:10:52.758,BTCUSDT,59980.69,59992.69,9.8248,20.6251
2026-08-26 09:10:52.924,BTCUSDT,59999.35,60011.35,9.2012,13.0488
2026-08-26 09:10:53.138,SOLUSDT,140.08,140.1,8.6052,19.1233
2026-08-26 09:10:53.400,BTCUSDT,59964.96,59976.96,7.0657,20.2315
2026-08-26 09:10:53.558,ETHUSDT,3001.95,3002.55,13.5185,7.4138
2026-08-26 09:10:53.703,BTCUSDT,59830.67,59842.63,20.5888,8.1523
2026-08-26 09:10:53.812,BTCUSDT,60003.82,60015.82,10.3641,16.0497
2026-08-26 09:10:54.010,BTCUSDT,59977.58,59989.58,8.5144,7.0713
2026-08-26 09:10:54.290,BTCUSDT,59927.25,59939.23,16.6903,21.1294
2026-08-26 09:10:54.343,BTCUSDT,59916.25,59928.23,24.898,24.6789
2026-08-26 09:10:54.412,BTCUSDT,59969.64,59981.64,8.6877,12.9504
2026-08-26 09:10:54.688,BTCUSDT,60061.07,60073.09,15.9273,22.367
2026-08-26 09:10:54.852,BTCUSDT,59924.2,59936.18,21.1245,6.6077
2026-08-26 09:10:54.952,BTCUSDT,59942.73,59954.71,18.705,23.8272
2026-08-26 09:10:55.073,BTCUSDT,59980.03,59992.03,13.2654,14.1768
2026-08-26 09:10:55.267,ETHUSDT,2997.83,2998.43,22.0562,22.2605
2026-08-26 09:10:55.455,ETHUSDT,3006.47,3007.07,13.6646,9.8333
2026-08-26 09:10:55.520,BTCUSDT,59987.88,59999.88,19.8287,20.1246
2026-08-26 09:10:55.653,BTCUSDT,59845.93,59857.91,17.3156,17.255
2026-08-26 09:10:55.743,BTCUSDT,59963.21,59975.21,19.7632,9.4973
2026-08-26 09:10:55.823,ETHUSDT,3002.59,3003.19,15.8184,6.7401
2026-08-26 09:10:56.017,ETHUSDT,2999.1,2999.7,11.9612,5.9552
2026-08-26 09:10:56.168,ETHUSDT,2996.54,2997.14,7.5088,13.6089
2026-08-26 09:10:56.382,SOLUSDT,140.02,140.04,21.4813,14.0723
2026-08-26 09:10:56.623,ETHUSDT,3003.81,3004.41,24.5446,16.7622
2026-08-26 09:10:56.812,SOLUSDT,139.84,139.86,5.4679,19.4557
2026-08-26 09:10:56.955,ETHUSDT,3003.12,3003.72,21.3213,13.3739
2026-08-26 09:10:57.241,ETHUSDT,2998.9,2999.5,8.3929,15.9128
2026-08-26 09:10:57.522,BTCUSDT,60106.84,60118.86,16.9004,8.3181
2026-08-26 09:10:57.638,ETHUSDT,3000.34,3000.94,22.6423,9.7639
2026-08-26 09:10:57.933,SOLUSDT,139.99,140.01,16.6956,8.4671
2026-08-26 09:10:58.074,BTCUSDT,59952.68,59964.68,9.1258,5.1312
2026-08-26 09:10:58.208,BTCUSDT,59909.81,59921.79,8.0793,12.4848
2026-08-26 09:10:58.344,ETHUSDT,2996.8,2997.4,7.2704,22.6947
2026-08-26 09:10:58.612,ETHUSDT,3000.71,3001.31,20.9243,18.659
2026-08-26 09:10:58.860,ETHUSDT,2999.1,2999.7,18.9029,9.163
2026-08-26 09:10:59.145,BTCUSDT,59917.54,59929.52,22.5029,10.8909
2026-08-26 09:10:59.339,BTCUSDT,59999.21,60011.21,7.6453,21.2369
2026-08-26 09:10:59.581,SOLUSDT,139.85,139.87,7.449,21.6331
2026-08-26 09:10:59.716,ETHUSDT,2996.39,2996.99,8.2338,16.5958
2026-08-26 09:10:59.800,SOLUSDT,139.95,139.97,11.2611,22.4913
2026-08-26 09:10:59.869,BTCUSDT,59982.91,59994.91,7.8529,24.3396
2026-08-26 09:11:00.151,ETHUSDT,2994.65,2995.25,11.1798,12.4339
2026-08-26 09:11:00.224,BTCUSDT,60024.94,60036.94,8.645,20.4975
2026-08-26 09:11:00.299,SOLUSDT,139.78,139.8,23.0337,11.838
2026-08-26 09:11:00.374,SOLUSDT,140.08,140.1,8.6162,13.9268
2026-08-26 09:11:00.642,ETHUSDT,3000.15,3000.75,9.6424,13.0156
2026-08-26 09:11:00.926,ETHUSDT,2997.39,2997.99,11.37,18.3556
2026-08-26 09:11:00.982,ETHUSDT,2999.78,3000.38,12.6619,22.946
2026-08-26 09:11:01.033,SOLUSDT,139.95,139.97,7.4093,21.173
2026-08-26 09:11:01.163,SOLUSDT,139.96,139.98,18.1969,22.5872
2026-08-26 09:11:01.303,BTCUSDT,60047.69,60059.71,6.2217,8.3243
2026-08-26 09:11:01.422,SOLUSDT,139.87,139.89,22.2012,12.0925
2026-08-26 09:11:01.642,BTCUSDT,60018.04,60030.04,7.0074,17.7969
2026-08-26 09:11:01.758,BTCUSDT,59916.98,59928.96,14.7023,16.8256
2026-08-26 09:11:01.847,ETHUSDT,3001.41,3002.01,12.4872,19.825
2026-08-26 09:11:01.979,BTCUSDT,60018.03,60030.03,19.1639,10.0874
2026-08-26 09:11:02.106,SOLUSDT,139.98,140.0,16.814,19.7191
2026-08-26 09:11:02.368,SOLUSDT,140.26,140.28,14.8528,13.6284
2026-08-26 09:11:02.568,SOLUSDT,139.88,139.9,24.2328,22.6126
2026-08-26 09:11:02.632,SOLUSDT,139.73,139.75,12.0858,12.1594
2026-08-26 09:11:02.792,BTCUSDT,59977.72,59989.72,14.3454,15.858
2026-08-26 09:11:03.042,ETHUSDT,2997.14,2997.74,22.6684,11.6709
2026-08-26 09:11:03.174,ETHUSDT,2996.77,2997.37,21.5908,15.8297
2026-08-26 09:11:03.268,SOLUSDT,140.15,140.17,19.212,14.5565
2026-08-26 09:11:03.361,BTCUSDT,59917.58,59929.56,12.958,7.5066
2026-08-26 09:11:03.492,ETHUSDT,2999.8,3000.4,23.4796,22.2453
2026-08-26 09:11:03.582,SOLUSDT,139.92,139.94,6.6031,16.712
2026-08-26 09:11:03.678,BTCUSDT,59954.6,59966.6,22.3915,5.1725
2026-08-26 09:11:03.772,ETHUSDT,2994.69,2995.29,8.3601,22.6585
2026-08-26 09:11:03.987,SOLUSDT,140.01,140.03,8.7741,20.2096
2026-08-26 09:11:04.273,BTCUSDT,59977.47,59989.47,22.0216,8.3905
2026-08-26 09:11:04.524,ETHUSDT,2999.88,3000.48,10.7495,16.468
2026-08-26 09:11:04.608,BTCUSDT,60057.92,60069.94,12.8884,21.6295
2026-08-26 09:11:04.869,ETHUSDT,2999.92,3000.52,5.0049,23.3712
2026-08-26 09:11:04.991,BTCUSDT,59984.98,59996.98,13.6062,8.7022
2026-08-26 09:11:05.229,SOLUSDT,139.93,139.95,5.3753,9.632
2026-08-26 09:11:05.324,BTCUSDT,59873.91,59885.89,9.9122,20.2603
2026-08-26 09:11:05.525,BTCUSDT,59955.81,59967.81,10.9576,14.2736
2026-08-26 09:11:05.580,BTCUSDT,60077.9,60089.92,22.0436,18.8966
2026-08-26 09:11:05.701,SOLUSDT,139.91,139.93,14.2281,18.1815
2026-08-26 09:11:05.765,ETHUSDT,2997.12,2997.72,23.4694,19.9672
2026-08-26 09:11:05.949,ETHUSDT,3000.51,3001.11,22.4062,12.8184
2026-08-26 09:11:06.043,SOLUSDT,140.01,140.03,5.2065,16.4489
2026-08-26 09:11:06.130,BTCUSDT,60001.44,60013.44,13.4732,13.8939
2026-08-26 09:11:06.285,BTCUSDT,59919.46,59931.44,9.1117,22.3469
2026-08-26 09:11:06.411,BTCUSDT,59929.59,59941.57,0.3572,0.417
2026-08-26 09:11:06.652,BTCUSDT,59911.84,59923.82,0.3862,0.2556
2026-08-26 09:11:06.809,BTCUSDT,60099.88,60111.9,0.1715,0.2879
2026-08-26 09:11:06.870,BTCUSDT,59947.54,59959.54,0.4435,0.1834
2026-08-26 09:11:06.925,ETHUSDT,2999.03,2999.63,0.4235,0.2894
2026-08-26 09:11:07.018,BTCUSDT,60002.6,60014.6,0.3479,0.3259
2026-08-26 09:11:07.136,ETHUSDT,3001.43,3002.03,0.2781,0.2066
2026-08-26 09:11:07.331,ETHUSDT,2999.18,2999.78,0.4124,0.4185
2026-08-26 09:11:07.575,BTCUSDT,59985.2,59997.2,0.2436,0.2174
2026-08-26 09:11:07.812,BTCUSDT,60134.94,60146.96,0.3238,0.1166
2026-08-26 09:11:08.085,SOLUSDT,140.12,140.14,0.1253,0.1048
2026-08-26 09:11:08.235,ETHUSDT,2998.69,2999.29,14.6342,23.8721
2026-08-26 09:11:08.498,SOLUSDT,140.03,140.05,9.6891,20.6046
2026-08-26 09:11:08.560,BTCUSDT,59844.54,59856.52,14.5391,6.5531
2026-08-26 09:11:08.685,ETHUSDT,2998.36,2998.96,21.9286,17.7018
2026-08-26 09:11:08.789,BTCUSDT,59965.78,59977.78,15.1038,23.1306
2026-08-26 09:11:08.954,ETHUSDT,2997.0,2997.6,12.9236,12.5035
2026-08-26 09:11:09.123,SOLUSDT,139.98,140.0,22.5694,10.1281
2026-08-26 09:11:09.403,BTCUSDT,59967.63,59979.63,20.1004,13.0826
2026-08-26 09:11:09.548,BTCUSDT,59968.71,59980.71,18.1824,22.6454
2026-08-26 09:11:09.776,SOLUSDT,140.23,140.25,23.7676,7.9831
2026-08-26 09:11:10.004,BTCUSDT,59994.18,60006.18,5.2219,15.3405
2026-08-26 09:11:10.246,ETHUSDT,3008.45,3009.05,5.4087,24.5259
2026-08-26 09:11:10.409,ETHUSDT,3002.26,3002.86,11.7492,5.7301
2026-08-26 09:11:10.582,ETHUSDT,2999.07,2999.67,16.8428,9.9129
2026-08-26 09:11:10.811,SOLUSDT,139.86,139.88,18.3174,5.4451
2026-08-26 09:11:11.080,BTCUSDT,59878.36,59890.34,8.6607,8.6682
2026-08-26 09:11:11.245,ETHUSDT,2998.43,2999.03,20.522,17.2862
2026-08-26 09:11:11.448,SOLUSDT,139.97,139.99,11.5819,15.0476
2026-08-26 09:11:11.575,BTCUSDT,60090.98,60103.0,14.4146,9.1049
2026-08-26 09:11:11.753,SOLUSDT,140.16,140.18,18.9275,18.872
2026-08-26 09:11:11.966,ETHUSDT,3001.16,3001.76,5.4814,21.8767
2026-08-26 09:11:12.051,ETHUSDT,3002.86,3003.46,21.8769,17.736
2026-08-26 09:11:12.296,BTCUSDT,59934.68,59946.66,6.1737,17.9582
2026-08-26 09:11:12.353,SOLUSDT,140.24,140.26,15.9013,13.0295
2026-08-26 09:11:12.505,ETHUSDT,2995.9,2996.5,9.1187,21.7787
2026-08-26 09:11:12.600,BTCUSDT,59967.29,59979.29,14.4913,23.8701
2026-08-26 09:11:12.690,SOLUSDT,139.88,139.9,18.4581,16.333
2026-08-26 09:11:12.966,ETHUSDT,3001.55,3002.15,16.237,13.3736
2026-08-26 09:11:13.017,BTCUSDT,59964.18,59976.18,14.273,14.1508
2026-08-26 09:11:13.170,SOLUSDT,140.21,140.23,21.4472,11.1592
2026-08-26 09:11:13.357,SOLUSDT,140.26,140.28,8.1547,9.1249
2026-08-26 09:11:13.652,SOLUSDT,140.05,140.07,24.4495,6.742
2026-08-26 09:11:13.730,ETHUSDT,2995.69,2996.29,18.7418,17.7947
2026-08-26 09:11:13.786,ETHUSDT,2994.88,2995.48,20.5017,17.2099
2026-08-26 09:11:13.884,ETHUSDT,2996.68,2997.28,6.2702,11.7996
2026-08-26 09:11:14.003,BTCUSDT,59942.42,59954.4,10.1693,17.1452
2026-08-26 09:11:14.090,BTCUSDT,59904.77,59916.75,18.1738,9.9072
2026-08-26 09:11:14.268,SOLUSDT,140.04,140.06,14.3182,15.7755
2026-08-26 09:11:14.374,BTCUSDT,60040.66,60052.66,17.6804,24.077
2026-08-26 09:11:14.617,SOLUSDT,139.72,139.74,11.8748,17.904
2026-08-26 09:11:14.815,BTCUSDT,60023.52,60035.52,12.5923,22.0183
2026-08-26 09:11:14.865,SOLUSDT,139.98,140.0,23.0251,18.081
2026-08-26 09:11:15.068,BTCUSDT,60003.93,60015.93,20.4942,7.2888
2026-08-26 09:11:15.170,BTCUSDT,60043.71,60055.71,17.6162,5.8506
2026-08-26 09:11:15.236,BTCUSDT,59969.32,59981.32,15.3516,22.9651
2026-08-26 09:11:15.392,ETHUSDT,2996.63,2997.23,13.0422,15.5738
2026-08-26 09:11:15.657,SOLUSDT,139.91,139.93,18.0256,20.4079
2026-08-26 09:11:15.824,SOLUSDT,139.96,139.98,20.0453,5.6038
2026-08-26 09:11:16.035,BTCUSDT,59967.91,59979.91,24.0282,8.677
2026-08-26 09:11:16.236,ETHUSDT,3002.83,3003.43,6.5052,15.7967
2026-08-26 09:11:16.314,SOLUSDT,140.14,140.16,19.3846,22.6912
2026-08-26 09:11:16.499,BTCUSDT,60081.73,60093.75,13.1229,7.6486
2026-08-26 09:11:16.742,BTCUSDT,59998.15,60010.15,9.8022,7.4009
2026-08-26 09:11:16.860,BTCUSDT,60030.37,60042.37,8.8924,23.0271
2026-08-26 09:11:17.074,BTCUSDT,59970.75,59982.75,21.0614,12.6297
2026-08-26 09:11:17.354,ETHUSDT,2995.1,2995.7,24.9664,18.6093
2026-08-26 09:11:17.573,BTCUSDT,60054.57,60066.59,8.5729,19.7157
2026-08-26 09:11:17.727,SOLUSDT,140.04,140.06,10.9651,18.1526
2026-08-26 09:11:17.834,SOLUSDT,139.93,139.95,16.7113,23.7758
2026-08-26 09:11:18.029,ETHUSDT,2997.36,2997.96,9.9729,8.6528
2026-08-26 09:11:18.235,ETHUSDT,3003.57,3004.17,21.4584,23.5369
2026-08-26 09:11:18.381,ETHUSDT,3001.2,3001.8,5.0154,23.3658
2026-08-26 09:11:18.521,ETHUSDT,2994.16,2994.76,21.8892,22.8279
2026-08-26 09:11:18.591,ETHUSDT,3001.1,3001.7,18.968,13.4983
2026-08-26 09:11:18.645,SOLUSDT,139.96,139.98,20.7955,20.5777
2026-08-26 09:11:18.825,BTCUSDT,60005.65,60017.65,21.5414,10.4395
2026-08-26 09:11:19.002,SOLUSDT,139.92,139.94,7.3771,22.4856
2026-08-26 09:11:19.102,BTCUSDT,60070.34,60082.36,10.5289,19.246
2026-08-26 09:11:19.306,BTCUSDT,60017.92,60029.92,13.5578,12.6232
2026-08-26 09:11:19.435,SOLUSDT,139.88,139.9,10.6741,6.4738
2026-08-26 09:11:19.529,SOLUSDT,140.04,140.06,24.3558,22.1064
2026-08-26 09:11:19.626,BTCUSDT,60027.69,60039.69,24.0263,8.7199
2026-08-26 09:11:19.777,BTCUSDT,60011.29,60023.29,16.2735,7.5762
2026-08-26 09:11:19.875,BTCUSDT,59949.54,59961.54,23.9726,16.3839
2026-08-26 09:11:20.078,ETHUSDT,3000.25,3000.85,17.2055,16.8002
2026-08-26 09:11:20.315,SOLUSDT,139.98,140.0,16.7598,19.7447
2026-08-26 09:11:20.586,SOLUSDT,139.96,139.98,9.3067,20.0299
2026-08-26 09:11:20.870,ETHUSDT,3000.7,3001.3,19.2023,14.0188
2026-08-26 09:11:20.932,ETHUSDT,3000.82,3001.42,11.0222,9.9412
2026-08-26 09:11:21.033,SOLUSDT,140.16,140.18,22.9043,21.262
2026-08-26 09:11:21.115,SOLUSDT,140.05,140.07,24.521,16.9898
2026-08-26 09:11:21.177,ETHUSDT,2998.82,2999.42,5.5866,22.9361
2026-08-26 09:11:21.418,SOLUSDT,140.17,140.19,23.5989,7.9359
2026-08-26 09:11:21.690,BTCUSDT,60048.97,60060.99,19.8238,18.2267
2026-08-26 09:11:21.947,ETHUSDT,2998.7,2999.3,9.3545,7.3642
2026-08-26 09:11:22.117,SOLUSDT,139.78,139.8,11.4279,23.0227
2026-08-26 09:11:22.380,BTCUSDT,59966.38,59978.38,16.8287,15.8029
2026-08-26 09:11:22.608,SOLUSDT,139.89,139.91,10.9425,19.8457
2026-08-26 09:11:22.824,BTCUSDT,59946.74,59958.74,23.1718,11.5901
2026-08-26 09:11:22.881,BTCUSDT,59994.93,60006.93,15.3718,9.6706
2026-08-26 09:11:22.957,SOLUSDT,139.94,139.96,24.8665,13.5621
2026-08-26 09:11:23.247,SOLUSDT,139.92,139.94,16.174,17.4088
2026-08-26 09:11:23.330,SOLUSDT,139.87,139.89,17.9807,22.1461
2026-08-26 09:11:23.380,BTCUSDT,59979.38,59991.38,14.4772,12.2899
2026-08-26 09:11:23.515,ETHUSDT,3001.72,3002.32,13.1808,23.7289
2026-08-26 09:11:23.811,ETHUSDT,2999.97,3000.57,20.1539,18.0327
2026-08-26 09:11:23.926,ETHUSDT,3002.55,3003.15,11.1924,20.9081
2026-08-26 09:11:24.099,BTCUSDT,59897.16,59909.14,11.3598,24.2873
2026-08-26 09:11:24.274,SOLUSDT,139.87,139.89,22.0084,6.9387
2026-08-26 09:11:24.413,ETHUSDT,2998.11,2998.71,17.8473,6.4655
2026-08-26 09:11:24.508,BTCUSDT,60060.15,60072.17,13.3809,20.1514
2026-08-26 09:11:24.707,BTCUSDT,60017.06,60029.06,18.9002,21.6665
2026-08-26 09:11:24.874,SOLUSDT,139.96,139.98,16.8157,15.3127
2026-08-26 09:11:25.003,BTCUSDT,59971.6,59983.6,10.9654,8.677
2026-08-26 09:11:25.179,ETHUSDT,3003.33,3003.93,10.7322,17.1787
2026-08-26 09:11:25.261,ETHUSDT,2998.8,2999.4,13.8786,24.1754
2026-08-26 09:11:25.488,BTCUSDT,60035.08,60047.08,24.7289,23.4601
2026-08-26 09:11:25.739,ETHUSDT,3003.06,3003.66,11.4271,20.5478
2026-08-26 09:11:26.038,ETHUSDT,3001.26,3001.86,24.5491,18.7612
2026-08-26 09:11:26.108,ETHUSDT,3001.59,3002.19,0.2933,0.1956
2026-08-26 09:11:26.248,ETHUSDT,2997.93,2998.53,0.2534,0.4886
2026-08-26 09:11:26.527,SOLUSDT,139.95,139.97,0.2377,0.3178
2026-08-26 09:11:26.606,ETHUSDT,3000.28,3000.88,0.2085,0.4203
2026-08-26 09:11:26.884,ETHUSDT,3003.23,3003.83,0.3586,0.4285
2026-08-26 09:11:26.997,BTCUSDT,59893.63,59905.61,0.2276,0.2247
2026-08-26 09:11:27.243,SOLUSDT,139.79,139.81,0.1713,0.4217
2026-08-26 09:11:27.364,BTCUSDT,59971.2,59983.2,0.1954,0.2487
2026-08-26 09:11:27.592,SOLUSDT,139.98,140.0,0.364,0.3137
2026-08-26 09:11:27.694,ETHUSDT,2999.92,3000.52,0.4883,0.2529
2026-08-26 09:11:27.863,SOLUSDT,140.34,140.36,0.237,0.267
2026-08-26 09:11:27.926,ETHUSDT,3005.04,3005.64,22.0001,15.0628
2026-08-26 09:11:28.099,ETHUSDT,2999.64,3000.24,5.8514,19.3967
2026-08-26 09:11:28.328,BTCUSDT,59951.49,59963.49,5.8205,18.59
2026-08-26 09:11:28.604,SOLUSDT,139.88,139.9,15.817,19.4577
2026-08-26 09:11:28.691,ETHUSDT,2996.37,2996.97,6.5772,8.9938
2026-08-26 09:11:28.827,ETHUSDT,2995.47,2996.07,7.0052,11.7057
2026-08-26 09:11:29.045,SOLUSDT,139.85,139.87,11.8582,21.0068
2026-08-26 09:11:29.211,BTCUSDT,59870.38,59882.36,16.88,13.0656
2026-08-26 09:11:29.381,SOLUSDT,139.94,139.96,7.9348,11.2708
2026-08-26 09:11:29.502,SOLUSDT,140.03,140.05,14.521,24.0395
2026-08-26 09:11:29.688,ETHUSDT,2999.22,2999.82,19.5282,24.1716
2026-08-26 09:11:29.930,SOLUSDT,140.3,140.32,23.3707,22.908
2026-08-26 09:11:30.066,BTCUSDT,59993.79,60005.79,12.808,6.4686
2026-08-26 09:11:30.321,SOLUSDT,140.17,140.19,16.5316,13.4245
2026-08-26 09:11:30.550,ETHUSDT,3004.5,3005.1,7.6454,13.1489
2026-08-26 09:11:30.635,SOLUSDT,140.27,140.29,23.457,12.266
2026-08-26 09:11:30.780,SOLUSDT,140.27,140.29,6.4734,15.6924
2026-08-26 09:11:30.842,ETHUSDT,3002.01,3002.61,5.1188,23.137
2026-08-26 09:11:31.003,ETHUSDT,3000.35,3000.95,12.8674,5.8306
2026-08-26 09:11:31.075,BTCUSDT,60075.77,60087.79,5.8803,19.6187
2026-08-26 09:11:31.155,SOLUSDT,139.76,139.78,10.3196,5.1603
2026-08-26 09:11:31.220,BTCUSDT,59908.41,59920.39,16.7328,16.8473
2026-08-26 09:11:31.425,SOLUSDT,139.98,140.0,17.7819,7.8632
2026-08-26 09:11:31.668,ETHUSDT,2998.78,2999.38,8.1616,9.0006
2026-08-26 09:11:31.865,ETHUSDT,2998.21,2998.81,18.9223,12.3334
2026-08-26 09:11:32.051,SOLUSDT,140.12,140.14,24.3835,5.8332
2026-08-26 09:11:32.309,ETHUSDT,2998.25,2998.85,7.661,24.3402
2026-08-26 09:11:32.520,ETHUSDT,3000.3,3000.9,18.2317,10.1558
2026-08-26 09:11:32.724,SOLUSDT,140.06,140.08,5.8769,10.7166
2026-08-26 09:11:32.916,ETHUSDT,3004.06,3004.66,23.5146,9.5026
2026-08-26 09:11:33.055,BTCUSDT,60024.48,60036.48,19.3673,16.9049
2026-08-26 09:11:33.189,SOLUSDT,139.89,139.91,10.6679,21.7794
2026-08-26 09:11:33.333,ETHUSDT,3000.31,3000.91,8.138,8.3575
2026-08-26 09:11:33.487,BTCUSDT,59989.12,60001.12,14.8665,14.9008
2026-08-26 09:11:33.644,ETHUSDT,3000.82,3001.42,9.6947,21.2324
2026-08-26 09:11:33.808,BTCUSDT,60073.85,60085.87,15.8352,5.6097
2026-08-26 09:11:33.891,SOLUSDT,140.03,140.05,20.1554,23.036
2026-08-26 09:11:33.947,BTCUSDT,59908.23,59920.21,20.9955,6.2578
2026-08-26 09:11:34.055,BTCUSDT,59978.95,59990.95,24.0979,18.6179
2026-08-26 09:11:34.118,SOLUSDT,140.09,140.11,13.4632,21.1793
2026-08-26 09:11:34.245,ETHUSDT,2997.92,2998.52,16.4416,12.4684
2026-08-26 09:11:34.362,BTCUSDT,59988.16,60000.16,9.9059,11.5279
2026-08-26 09:11:34.436,BTCUSDT,60029.49,60041.49,24.3726,19.6385
2026-08-26 09:11:34.499,SOLUSDT,140.04,140.06,18.8879,24.7503
2026-08-26 09:11:34.713,ETHUSDT,2999.08,2999.68,7.4622,23.6715
2026-08-26 09:11:34.946,SOLUSDT,140.03,140.05,13.6945,19.8719
2026-08-26 09:11:35.056,ETHUSDT,3001.78,3002.38,13.5937,12.7669
2026-08-26 09:11:35.249,BTCUSDT,59943.74,59955.72,19.2697,14.8979
2026-08-26 09:11:35.311,ETHUSDT,2995.75,2996.35,15.9388,5.1383
2026-08-26 09:11:35.566,BTCUSDT,60021.72,60033.72,24.8764,18.8813
2026-08-26 09:11:35.780,SOLUSDT,139.94,139.96,15.8412,9.8872
2026-08-26 09:11:35.891,BTCUSDT,59992.75,60004.75,8.2788,17.0694
2026-08-26 09:11:36.119,BTCUSDT,60029.71,60041.71,22.0062,7.8731
2026-08-26 09:11:36.389,ETHUSDT,3001.69,3002.29,20.7227,7.6652
2026-08-26 09:11:36.473,ETHUSDT,2993.85,2994.45,10.1815,8.7209
2026-08-26 09:11:36.752,ETHUSDT,2997.01,2997.61,20.2617,21.3095
2026-08-26 09:11:36.844,ETHUSDT,3000.43,3001.03,17.3462,16.8748
2026-08-26 09:11:36.951,ETHUSDT,3002.2,3002.8,23.3689,17.439
2026-08-26 09:11:37.047,SOLUSDT,140.08,140.1,18.0341,5.9347
2026-08-26 09:11:37.254,BTCUSDT,60004.01,60016.01,10.0272,24.8315
2026-08-26 09:11:37.339,BTCUSDT,60025.48,60037.48,20.2229,8.5037
2026-08-26 09:11:37.427,BTCUSDT,59935.52,59947.5,14.8929,6.412
2026-08-26 09:11:37.697,SOLUSDT,139.94,139.96,20.9939,14.6654
2026-08-26 09:11:37.846,BTCUSDT,59921.46,59933.44,21.8548,18.8009
2026-08-26 09:11:37.913,BTCUSDT,59891.7,59903.68,11.4721,16.3679
2026-08-26 09:11:38.164,BTCUSDT,59989.35,60001.35,7.4863,5.0756
2026-08-26 09:11:38.324,ETHUSDT,3000.73,3001.33,9.2689,8.0945
2026-08-26 09:11:38.429,SOLUSDT,139.76,139.78,23.2722,14.8553
2026-08-26 09:11:38.487,BTCUSDT,59962.38,59974.38,13.2833,19.5195
2026-08-26 09:11:38.742,ETHUSDT,2997.31,2997.91,23.5716,19.6023
2026-08-26 09:11:38.996,ETHUSDT,2995.61,2996.21,9.1467,12.2301
2026-08-26 09:11:39.123,BTCUSDT,60069.89,60081.91,17.2873,8.3893
2026-08-26 09:11:39.375,BTCUSDT,59928.81,59940.79,6.6963,21.4818
2026-08-26 09:11:39.429,SOLUSDT,139.82,139.84,19.5585,7.6455
2026-08-26 09:11:39.588,SOLUSDT,140.25,140.27,14.4649,20.1722
2026-08-26 09:11:39.875,ETHUSDT,2999.83,3000.43,7.7544,16.3835
2026-08-26 09:11:39.973,ETHUSDT,2998.51,2999.11,5.2759,5.8002
2026-08-26 09:11:40.249,SOLUSDT,140.14,140.16,17.6859,20.8772
2026-08-26 09:11:40.379,ETHUSDT,2996.56,2997.16,19.5786,10.6545
2026-08-26 09:11:40.484,SOLUSDT,140.07,140.09,17.9138,9.1773
2026-08-26 09:11:40.749,SOLUSDT,140.1,140.12,19.9712,21.7729
2026-08-26 09:11:40.807,SOLUSDT,139.96,139.98,10.1537,23.2779
2026-08-26 09:11:41.036,SOLUSDT,140.03,140.05,21.2774,5.2841
2026-08-26 09:11:41.161,SOLUSDT,139.88,139.9,7.8584,13.3389
2026-08-26 09:11:41.439,BTCUSDT,60002.01,60014.01,7.6358,9.4486
2026-08-26 09:11:41.669,ETHUSDT,2998.32,2998.92,7.6152,8.139
2026-08-26 09:11:41.792,SOLUSDT,139.97,139.99,18.2107,23.2046
2026-08-26 09:11:41.888,SOLUSDT,140.1,140.12,9.5596,5.3257
2026-08-26 09:11:41.979,SOLUSDT,139.96,139.98,13.7387,18.9802
2026-08-26 09:11:42.106,BTCUSDT,60091.8,60103.82,21.3324,24.4434
2026-08-26 09:11:42.243,ETHUSDT,2997.94,2998.54,8.4525,22.7901
2026-08-26 09:11:42.424,ETHUSDT,3003.44,3004.04,19.9305,18.9217
2026-08-26 09:11:42.638,SOLUSDT,140.07,140.09,23.1799,7.5754
2026-08-26 09:11:42.762,SOLUSDT,139.84,139.86,6.1562,18.1453
2026-08-26 09:11:42.999,BTCUSDT,59983.28,59995.28,15.4431,12.6884
2026-08-26 09:11:43.240,BTCUSDT,60003.59,60015.59,16.5107,12.4016
2026-08-26 09:11:43.399,SOLUSDT,139.93,139.95,12.8283,20.0608
2026-08-26 09:11:43.498,SOLUSDT,140.15,140.17,17.4706,16.3474
2026-08-26 09:11:43.661,SOLUSDT,140.05,140.07,24.4213,22.1263
2026-08-26 09:11:43.726,BTCUSDT,60084.23,60096.25,12.8994,7.3866
2026-08-26 09:11:43.801,SOLUSDT,139.89,139.91,13.3436,12.6838
2026-08-26 09:11:43.980,ETHUSDT,2997.48,2998.08,12.1266,11.3731
2026-08-26 09:11:44.132,ETHUSDT,2997.37,2997.97,11.6109,18.3102
2026-08-26 09:11:44.207,ETHUSDT,3000.38,3000.98,20.0322,12.1695
2026-08-26 09:11:44.355,BTCUSDT,60072.47,60084.49,14.4052,10.4919
2026-08-26 09:11:44.540,SOLUSDT,140.01,140.03,11.7516,20.7379
2026-08-26 09:11:44.680,BTCUSDT,60049.34,60061.36,18.6659,12.1483
2026-08-26 09:11:44.807,ETHUSDT,3000.0,3000.6,7.1302,8.5025
2026-08-26 09:11:44.932,ETHUSDT,3000.43,3001.03,20.3968,16.7746
2026-08-26 09:11:45.091,BTCUSDT,59917.98,59929.96,0.4207,0.4333
2026-08-26 09:11:45.386,BTCUSDT,59941.32,59953.3,0.4346,0.4282
2026-08-26 09:11:45.490,BTCUSDT,59934.91,59946.89,0.1776,0.4528
2026-08-26 09:11:45.728,SOLUSDT,140.01,140.03,0.1243,0.1181
2026-08-26 09:11:45.949,SOLUSDT,139.89,139.91,0.1122,0.3435
2026-08-26 09:11:46.221,SOLUSDT,139.96,139.98,0.3336,0.2733
2026-08-26 09:11:46.363,SOLUSDT,140.14,140.16,0.154,0.2091
2026-08-26 09:11:46.610,ETHUSDT,3004.07,3004.67,0.3107,0.2195
2026-08-26 09:11:46.823,ETHUSDT,2997.94,2998.54,0.2197,0.3038
2026-08-26 09:11:46.908,BTCUSDT,59982.81,59994.81,0.3707,0.4553
2026-08-26 09:11:47.177,SOLUSDT,140.29,140.31,0.1004,0.3869
2026-08-26 09:11:47.476,BTCUSDT,60080.65,60092.67,24.3889,12.0755
2026-08-26 09:11:47.645,BTCUSDT,59981.41,59993.41,15.4117,17.2105
2026-08-26 09:11:47.807,BTCUSDT,59943.63,59955.61,8.0713,9.5472
2026-08-26 09:11:48.013,SOLUSDT,140.03,140.05,14.4233,15.6518
2026-08-26 09:11:48.251,ETHUSDT,2996.16,2996.76,18.1261,6.3339
2026-08-26 09:11:48.334,ETHUSDT,3003.63,3004.23,9.0293,15.0172
2026-08-26 09:11:48.515,SOLUSDT,140.17,140.19,20.7342,15.4
2026-08-26 09:11:48.621,ETHUSDT,3001.03,3001.63,16.411,8.1835
2026-08-26 09:11:48.767,BTCUSDT,59952.15,59964.15,5.6226,17.8565
2026-08-26 09:11:49.054,SOLUSDT,140.04,140.06,8.3149,13.3998
2026-08-26 09:11:49.104,SOLUSDT,139.91,139.93,6.9731,24.6438
2026-08-26 09:11:49.318,ETHUSDT,3004.37,3004.97,8.6359,16.8071
2026-08-26 09:11:49.596,SOLUSDT,140.07,140.09,12.4306,24.6345
2026-08-26 09:11:49.872,BTCUSDT,59972.83,59984.83,15.8176,7.9916
2026-08-26 09:11:50.062,ETHUSDT,2990.86,2991.46,21.434,16.2625
2026-08-26 09:11:50.229,SOLUSDT,140.14,140.16,23.6713,23.557
2026-08-26 09:11:50.407,SOLUSDT,139.81,139.83,9.4013,14.4751
2026-08-26 09:11:50.630,SOLUSDT,140.16,140.18,24.6139,22.6781
2026-08-26 09:11:50.789,SOLUSDT,140.08,140.1,5.7182,21.251
2026-08-26 09:11:50.953,ETHUSDT,2997.89,2998.49,22.4584,19.2893
2026-08-26 09:11:51.183,BTCUSDT,59942.91,59954.89,21.1984,24.6886
2026-08-26 09:11:51.313,ETHUSDT,3001.46,3002.06,17.5424,13.9034
2026-08-26 09:11:51.522,BTCUSDT,60020.43,60032.43,24.7767,22.5706
2026-08-26 09:11:51.588,SOLUSDT,140.06,140.08,21.8599,19.9789
2026-08-26 09:11:51.715,ETHUSDT,3001.67,3002.27,11.4081,17.0506
2026-08-26 09:11:51.832,ETHUSDT,2996.99,2997.59,8.353,21.5355
2026-08-26 09:11:52.127,SOLUSDT,139.89,139.91,13.2205,15.5025
2026-08-26 09:11:52.351,BTCUSDT,60037.43,60049.43,12.9719,8.0188
2026-08-26 09:11:52.408,BTCUSDT,60015.75,60027.75,7.2903,17.6319
2026-08-26 09:11:52.483,SOLUSDT,139.74,139.76,19.7646,15.9436
2026-08-26 09:11:52.729,BTCUSDT,59961.72,59973.72,21.9467,20.6828
2026-08-26 09:11:52.878,BTCUSDT,59997.59,60009.59,17.9771,14.7691
2026-08-26 09:11:52.984,SOLUSDT,139.8,139.82,22.4615,5.9415
2026-08-26 09:11:53.262,ETHUSDT,3002.46,3003.06,16.7896,7.8796
2026-08-26 09:11:53.529,BTCUSDT,59917.37,59929.35,10.498,19.1288
2026-08-26 09:11:53.761,ETHUSDT,2995.13,2995.73,17.1494,14.0824
2026-08-26 09:11:53.916,ETHUSDT,2996.58,2997.18,13.4145,11.5581
2026-08-26 09:11:54.080,SOLUSDT,140.01,140.03,24.9309,8.8202
2026-08-26 09:11:54.345,BTCUSDT,60073.49,60085.51,13.8452,19.7947
2026-08-26 09:11:54.569,SOLUSDT,140.15,140.17,7.003,11.5854
2026-08-26 09:11:54.642,ETHUSDT,2995.89,2996.49,18.5224,5.6547
2026-08-26 09:11:54.824,SOLUSDT,140.05,140.07,17.3573,18.51
2026-08-26 09:11:55.011,ETHUSDT,2996.14,2996.74,10.2682,11.2236
2026-08-26 09:11:55.184,BTCUSDT,60055.36,60067.38,24.4372,11.2273
2026-08-26 09:11:55.437,BTCUSDT,59972.3,59984.3,20.0509,23.7242
2026-08-26 09:11:55.570,ETHUSDT,2993.88,2994.48,8.969,15.7151
2026-08-26 09:11:55.810,SOLUSDT,139.92,139.94,21.3827,20.5289
2026-08-26 09:11:55.873,BTCUSDT,59971.93,59983.93,22.5668,14.0067
2026-08-26 09:11:55.991,BTCUSDT,59984.37,59996.37,17.7762,11.0511
2026-08-26 09:11:56.188,ETHUSDT,3001.97,3002.57,15.2476,10.2681
2026-08-26 09:11:56.346,ETHUSDT,2993.96,2994.56,23.2996,24.7935
2026-08-26 09:11:56.451,SOLUSDT,139.83,139.85,24.0756,21.2881
2026-08-26 09:11:56.554,BTCUSDT,60075.92,60087.94,14.5953,20.1677
2026-08-26 09:11:56.838,BTCUSDT,60040.97,60052.97,16.6458,14.9644
2026-08-26 09:11:57.134,BTCUSDT,60053.72,60065.74,18.2509,9.6704
2026-08-26 09:11:57.268,SOLUSDT,140.06,140.08,19.2134,7.7341
2026-08-26 09:11:57.528,SOLUSDT,140.14,140.16,23.4353,18.2378
2026-08-26 09:11:57.766,BTCUSDT,59976.89,59988.89,8.501,6.8094
2026-08-26 09:11:57.879,ETHUSDT,2999.47,3000.07,15.9998,17.5366
2026-08-26 09:11:57.982,SOLUSDT,139.99,140.01,20.9419,5.4793
2026-08-26 09:11:58.131,ETHUSDT,3007.84,3008.44,20.8942,21.9312
2026-08-26 09:11:58.253,BTCUSDT,59937.34,59949.32,11.9075,17.6438
2026-08-26 09:11:58.539,SOLUSDT,139.98,140.0,23.4316,14.7411
2026-08-26 09:11:58.831,SOLUSDT,140.05,140.07,13.4939,13.8391
2026-08-26 09:11:59.022,BTCUSDT,59981.05,59993.05,6.5385,18.2881
2026-08-26 09:11:59.148,BTCUSDT,59966.89,59978.89,22.8248,6.9776
2026-08-26 09:11:59.263,ETHUSDT,3003.59,3004.19,12.7321,22.7872
2026-08-26 09:11:59.501,SOLUSDT,139.96,139.98,18.8799,21.2172
2026-08-26 09:11:59.612,BTCUSDT,60068.23,60080.25,15.7203,10.7723
2026-08-26 09:11:59.751,BTCUSDT,60026.16,60038.16,21.2382,13.495
2026-08-26 09:12:00.010,SOLUSDT,139.95,139.97,16.5028,17.9162
2026-08-26 09:12:00.177,BTCUSDT,59920.72,59932.7,16.1566,8.7722
2026-08-26 09:12:00.227,BTCUSDT,59960.81,59972.81,24.799,13.2773
2026-08-26 09:12:00.484,BTCUSDT,60080.22,60092.24,19.9321,23.3054
2026-08-26 09:12:00.712,BTCUSDT,60010.86,60022.86,20.8687,21.7657
2026-08-26 09:12:00.815,BTCUSDT,59958.51,59970.51,17.2744,15.8844
2026-08-26 09:12:00.989,SOLUSDT,139.89,139.91,24.439,16.0745
2026-08-26 09:12:01.122,ETHUSDT,3001.84,3002.44,6.8757,22.2849
2026-08-26 09:12:01.178,BTCUSDT,60107.35,60119.37,10.5216,13.0721
2026-08-26 09:12:01.345,SOLUSDT,139.9,139.92,9.2258,20.5373
2026-08-26 09:12:01.617,ETHUSDT,3006.11,3006.71,23.1593,13.6856
2026-08-26 09:12:01.699,ETHUSDT,2998.13,2998.73,7.2009,12.6746
2026-08-26 09:12:01.937,ETHUSDT,2998.13,2998.73,6.3297,16.6911
2026-08-26 09:12:02.181,SOLUSDT,140.2,140.22,22.8726,17.6741
2026-08-26 09:12:02.298,BTCUSDT,60064.62,60076.64,14.7194,13.7734
2026-08-26 09:12:02.595,BTCUSDT,59981.06,59993.06,17.1571,5.5265
2026-08-26 09:12:02.732,SOLUSDT,139.88,139.9,5.0496,8.578
2026-08-26 09:12:02.855,BTCUSDT,59946.71,59958.71,21.6349,20.6359
2026-08-26 09:12:03.041,SOLUSDT,140.02,140.04,22.5001,12.9866
2026-08-26 09:12:03.335,SOLUSDT,139.72,139.74,16.4533,11.0138
2026-08-26 09:12:03.574,BTCUSDT,59979.18,59991.18,10.0538,12.2239
2026-08-26 09:12:03.674,SOLUSDT,139.86,139.88,12.4758,14.644
2026-08-26 09:12:03.841,BTCUSDT,59943.08,59955.06,6.8559,10.2143
2026-08-26 09:12:04.114,SOLUSDT,140.03,140.05,16.7929,11.3363
2026-08-26 09:12:04.276,SOLUSDT,140.12,140.14,10.7903,16.6633
2026-08-26 09:12:04.461,ETHUSDT,3000.52,3001.12,13.4985,15.2767
2026-08-26 09:12:04.758,ETHUSDT,3000.84,3001.44,6.1955,19.4617
2026-08-26 09:12:05.048,BTCUSDT,60042.35,60054.35,11.2404,16.6459
2026-08-26 09:12:05.259,BTCUSDT,60021.58,60033.58,9.5768,14.6276
2026-08-26 09:12:05.333,BTCUSDT,59893.85,59905.83,14.7177,15.9701
2026-08-26 09:12:05.467,BTCUSDT,60014.96,60026.96,17.6172,11.4017
2026-08-26 09:12:05.553,ETHUSDT,2995.78,2996.38,13.1309,15.9583
2026-08-26 09:12:05.844,ETHUSDT,3000.39,3000.99,9.8878,21.1727
2026-08-26 09:12:05.907,ETHUSDT,3002.07,3002.67,19.1346,8.9235
2026-08-26 09:12:06.042,BTCUSDT,59989.3,60001.3,6.0846,24.1788
2026-08-26 09:12:06.304,SOLUSDT,140.01,140.03,23.1991,5.3773
2026-08-26 09:12:06.393,BTCUSDT,60000.72,60012.72,10.7661,6.9115
2026-08-26 09:12:06.508,BTCUSDT,60100.14,60112.16,13.1772,5.7334
2026-08-26 09:12:06.786,ETHUSDT,2995.68,2996.28,5.3819,24.6621
2026-08-26 09:12:06.844,BTCUSDT,60077.36,60089.38,0.4395,0.3077
2026-08-26 09:12:06.929,ETHUSDT,3001.98,3002.58,0.4476,0.3348
2026-08-26 09:12:07.173,SOLUSDT,140.27,140.29,0.1382,0.3653
2026-08-26 09:12:07.316,BTCUSDT,60020.67,60032.67,0.3137,0.1836
2026-08-26 09:12:07.451,BTCUSDT,60039.45,60051.45,0.4821,0.1467
2026-08-26 09:12:07.577,ETHUSDT,3002.66,3003.26,0.2333,0.1866
2026-08-26 09:12:07.695,SOLUSDT,140.18,140.2,0.2713,0.102
2026-08-26 09:12:07.916,BTCUSDT,59940.77,59952.75,0.3919,0.3333
2026-08-26 09:12:08.178,ETHUSDT,2995.87,2996.47,0.2107,0.3291
2026-08-26 09:12:08.473,BTCUSDT,59924.99,59936.97,0.2619,0.4098
2026-08-26 09:12:08.768,ETHUSDT,2998.3,2998.9,0.4256,0.3251
2026-08-26 09:12:08.976,BTCUSDT,60055.47,60067.49,20.7507,22.4467
2026-08-26 09:12:09.120,ETHUSDT,2998.99,2999.59,11.0029,10.332
2026-08-26 09:12:09.243,BTCUSDT,59992.37,60004.37,13.0864,16.6321
2026-08-26 09:12:09.463,ETHUSDT,2998.2,2998.8,23.4761,12.8761
2026-08-26 09:12:09.750,BTCUSDT,60039.44,60051.44,9.1676,16.6112
2026-08-26 09:12:10.027,ETHUSDT,3002.05,3002.65,20.2378,22.6139
2026-08-26 09:12:10.270,ETHUSDT,2998.86,2999.46,8.0819,9.051
2026-08-26 09:12:10.441,ETHUSDT,2999.03,2999.63,23.4756,8.0147
2026-08-26 09:12:10.598,BTCUSDT,59850.7,59862.68,17.8191,22.2682
2026-08-26 09:12:10.753,BTCUSDT,59996.12,60008.12,11.4796,9.25
2026-08-26 09:12:10.809,SOLUSDT,139.89,139.91,15.0042,13.5833
2026-08-26 09:12:10.979,ETHUSDT,3001.27,3001.87,12.8659,15.768
2026-08-26 09:12:11.230,SOLUSDT,140.07,140.09,17.3182,20.041
2026-08-26 09:12:11.522,SOLUSDT,139.94,139.96,13.3056,12.0897
2026-08-26 09:12:11.622,SOLUSDT,140.2,140.22,7.0301,22.9387
2026-08-26 09:12:11.725,SOLUSDT,139.95,139.97,6.7677,9.8969
2026-08-26 09:12:11.987,ETHUSDT,2997.77,2998.37,12.5908,14.4306
2026-08-26 09:12:12.282,BTCUSDT,59989.03,60001.03,10.4774,17.2709
2026-08-26 09:12:12.478,SOLUSDT,140.08,140.1,16.1186,7.7988
2026-08-26 09:12:12.728,BTCUSDT,60009.49,60021.49,7.6363,7.4497
2026-08-26 09:12:12.942,BTCUSDT,59971.8,59983.8,20.6599,13.8404
2026-08-26 09:12:13.091,ETHUSDT,2999.59,3000.19,19.9733,24.8299
2026-08-26 09:12:13.189,SOLUSDT,140.04,140.06,11.8895,13.1092
2026-08-26 09:12:13.445,SOLUSDT,139.75,139.77,14.2002,19.961
2026-08-26 09:12:13.624,SOLUSDT,140.17,140.19,5.227,12.9082
2026-08-26 09:12:13.853,SOLUSDT,139.98,140.0,24.8695,7.1967
2026-08-26 09:12:14.075,ETHUSDT,3001.48,3002.08,16.3431,6.7686
2026-08-26 09:12:14.181,BTCUSDT,59921.55,59933.53,18.6386,16.0141
2026-08-26 09:12:14.320,SOLUSDT,139.87,139.89,5.6572,24.1187
2026-08-26 09:12:14.524,SOLUSDT,139.69,139.71,7.2718,20.5214
2026-08-26 09:12:14.643,ETHUSDT,3002.19,3002.79,20.2284,6.6261
2026-08-26 09:12:14.861,ETHUSDT,2998.2,2998.8,14.5248,18.3177
2026-08-26 09:12:15.055,BTCUSDT,59903.41,59915.39,15.6696,7.0078
2026-08-26 09:12:15.216,SOLUSDT,140.05,140.07,6.7722,6.2415
2026-08-26 09:12:15.289,ETHUSDT,3000.07,3000.67,5.7539,24.8795
2026-08-26 09:12:15.490,BTCUSDT,60070.14,60082.16,5.2084,10.6585
2026-08-26 09:12:15.770,SOLUSDT,140.19,140.21,20.4332,5.9512
2026-08-26 09:12:16.038,BTCUSDT,60035.79,60047.79,8.0104,16.2364
2026-08-26 09:12:16.334,ETHUSDT,2996.02,2996.62,13.084,15.8858
2026-08-26 09:12:16.581,BTCUSDT,59998.17,60010.17,9.929,7.8876
2026-08-26 09:12:16.772,BTCUSDT,59992.6,60004.6,15.0389,19.8544
2026-08-26 09:12:16.930,ETHUSDT,2998.47,2999.07,24.9283,9.1906
2026-08-26 09:12:17.220,BTCUSDT,60004.83,60016.83,16.3095,18.426
2026-08-26 09:12:17.352,SOLUSDT,140.39,140.41,9.1082,15.8709
2026-08-26 09:12:17.431,ETHUSDT,2997.71,2998.31,22.1043,22.6752
2026-08-26 09:12:17.718,BTCUSDT,59947.89,59959.89,20.6538,6.9552
2026-08-26 09:12:17.809,BTCUSDT,60069.55,60081.57,11.0691,14.2786
2026-08-26 09:12:17.976,SOLUSDT,140.21,140.23,10.7866,7.3846
2026-08-26 09:12:18.045,SOLUSDT,140.14,140.16,11.3423,23.1728
2026-08-26 09:12:18.220,SOLUSDT,140.06,140.08,24.3951,14.5287
2026-08-26 09:12:18.411,ETHUSDT,3004.3,3004.9,22.2037,8.7504
2026-08-26 09:12:18.489,BTCUSDT,59906.91,59918.89,23.3594,14.9863
2026-08-26 09:12:18.602,SOLUSDT,139.58,139.6,7.4423,16.5519
2026-08-26 09:12:18.833,SOLUSDT,139.81,139.83,7.3794,10.6792
2026-08-26 09:12:19.035,BTCUSDT,60017.64,60029.64,23.4016,9.3559
2026-08-26 09:12:19.225,SOLUSDT,140.21,140.23,24.3162,8.7109
2026-08-26 09:12:19.442,ETHUSDT,2994.99,2995.59,11.7427,24.9668
2026-08-26 09:12:19.564,ETHUSDT,3006.25,3006.85,22.8684,5.0403
2026-08-26 09:12:19.794,ETHUSDT,3003.81,3004.41,23.6847,14.3309
2026-08-26 09:12:19.943,SOLUSDT,139.94,139.96,15.4119,23.298
2026-08-26 09:12:20.007,SOLUSDT,140.17,140.19,15.1337,24.6395
2026-08-26 09:12:20.144,BTCUSDT,60036.83,60048.83,7.1193,24.8082
2026-08-26 09:12:20.287,ETHUSDT,2999.43,3000.03,11.9574,18.2682
2026-08-26 09:12:20.500,ETHUSDT,3001.75,3002.35,22.7303,22.0348
2026-08-26 09:12:20.717,SOLUSDT,140.06,140.08,14.1137,12.7943
2026-08-26 09:12:20.888,ETHUSDT,3000.03,3000.63,12.3392,10.1798
2026-08-26 09:12:21.008,BTCUSDT,59925.43,59937.41,6.6601,22.1804
2026-08-26 09:12:21.302,BTCUSDT,59846.28,59858.26,5.1019,21.3682
2026-08-26 09:12:21.551,ETHUSDT,2998.96,2999.56,10.2135,20.7491
2026-08-26 09:12:21.705,BTCUSDT,60079.62,60091.64,5.0686,17.7634
2026-08-26 09:12:21.780,SOLUSDT,139.99,140.01,18.4463,24.7655
2026-08-26 09:12:21.879,ETHUSDT,2998.87,2999.47,15.726,5.1542
2026-08-26 09:12:21.964,SOLUSDT,139.89,139.91,7.4343,22.4036
2026-08-26 09:12:22.086,BTCUSDT,59968.32,59980.32,16.0443,8.6196
2026-08-26 09:12:22.227,BTCUSDT,60058.99,60071.01,14.4208,22.3266
2026-08-26 09:12:22.469,SOLUSDT,139.93,139.95,5.639,10.4584
2026-08-26 09:12:22.746,SOLUSDT,139.83,139.85,14.0474,21.0507
2026-08-26 09:12:23.014,BTCUSDT,59976.75,59988.75,23.7203,11.9406
2026-08-26 09:12:23.101,ETHUSDT,3002.3,3002.9,11.3737,20.5954
2026-08-26 09:12:23.225,BTCUSDT,59981.23,59993.23,23.4707,5.1531
2026-08-26 09:12:23.469,BTCUSDT,59986.77,59998.77,24.1301,16.1305
2026-08-26 09:12:23.537,ETHUSDT,2993.97,2994.57,5.5842,23.5327
2026-08-26 09:12:23.828,BTCUSDT,59929.35,59941.33,7.0465,10.754
2026-08-26 09:12:23.910,ETHUSDT,2997.5,2998.1,11.0256,17.2653
2026-08-26 09:12:24.064,SOLUSDT,140.35,140.37,23.5967,10.2527
2026-08-26 09:12:24.158,ETHUSDT,3005.58,3006.18,19.6553,17.5762
2026-08-26 09:12:24.441,BTCUSDT,60048.17,60060.19,5.4515,9.4403
2026-08-26 09:12:24.688,SOLUSDT,140.04,140.06,18.4738,9.5469
2026-08-26 09:12:24.969,BTCUSDT,59935.74,59947.72,6.9469,21.4781
2026-08-26 09:12:25.203,SOLUSDT,140.01,140.03,10.0116,23.3542
2026-08-26 09:12:25.341,ETHUSDT,2997.82,2998.42,11.3787,11.6387
2026-08-26 09:12:25.530,ETHUSDT,3004.11,3004.71,16.8471,11.1212
2026-08-26 09:12:25.734,ETHUSDT,3000.81,3001.41,16.5183,19.7314
2026-08-26 09:12:25.939,ETHUSDT,2998.51,2999.11,18.7894,12.1857
2026-08-26 09:12:26.073,SOLUSDT,139.95,139.97,5.2955,6.3336
2026-08-26 09:12:26.236,ETHUSDT,2993.41,2994.01,9.8119,14.0469
2026-08-26 09:12:26.523,BTCUSDT,59816.01,59827.97,12.9815,7.878
2026-08-26 09:12:26.714,BTCUSDT,60048.15,60060.17,18.2776,6.3822
2026-08-26 09:12:26.813,BTCUSDT,59990.11,60002.11,12.1543,17.7004
2026-08-26 09:12:26.964,ETHUSDT,3006.01,3006.61,17.3193,8.2146
2026-08-26 09:12:27.246,ETHUSDT,3004.74,3005.34,11.0259,20.4774
2026-08-26 09:12:27.468,BTCUSDT,60040.93,60052.93,21.0541,21.2318
2026-08-26 09:12:27.595,BTCUSDT,60059.54,60071.56,19.8789,23.0191
2026-08-26 09:12:27.677,SOLUSDT,140.1,140.12,20.3358,10.4781
2026-08-26 09:12:27.828,ETHUSDT,2997.81,2998.41,19.4029,11.8402
2026-08-26 09:12:28.094,SOLUSDT,140.06,140.08,11.5526,11.7607
2026-08-26 09:12:28.240,SOLUSDT,139.75,139.77,12.6835,21.6819
2026-08-26 09:12:28.485,BTCUSDT,59906.56,59918.54,10.551,12.3785
2026-08-26 09:12:28.688,BTCUSDT,59945.99,59957.99,18.1432,17.4117
2026-08-26 09:12:28.773,ETHUSDT,3000.54,3001.14,0.1725,0.1889
2026-08-26 09:12:28.870,SOLUSDT,139.84,139.86,0.1905,0.2118
2026-08-26 09:12:28.953,SOLUSDT,139.86,139.88,0.277,0.1397
2026-08-26 09:12:29.178,BTCUSDT,60111.11,60123.13,0.1348,0.2856
2026-08-26 09:12:29.329,BTCUSDT,59998.68,60010.68,0.4599,0.253
2026-08-26 09:12:29.419,BTCUSDT,60060.82,60072.84,0.4278,0.4006
2026-08-26 09:12:29.576,SOLUSDT,139.6,139.62,0.2208,0.4121
2026-08-26 09:12:29.780,BTCUSDT,59959.7,59971.7,0.1425,0.1957
2026-08-26 09:12:29.917,ETHUSDT,3004.99,3005.59,0.3415,0.1008
2026-08-26 09:12:30.146,ETHUSDT,2998.19,2998.79,0.2507,0.1737
2026-08-26 09:12:30.344,ETHUSDT,2996.66,2997.26,0.3056,0.2474
2026-08-26 09:12:30.580,SOLUSDT,140.05,140.07,9.5381,10.7131
2026-08-26 09:12:30.790,BTCUSDT,59959.38,59971.38,19.858,6.6569
2026-08-26 09:12:30.924,ETHUSDT,2994.72,2995.32,23.321,15.6895
2026-08-26 09:12:30.977,ETHUSDT,3002.45,3003.05,13.8218,10.7588
2026-08-26 09:12:31.200,SOLUSDT,140.15,140.17,17.2988,23.8996
2026-08-26 09:12:31.359,SOLUSDT,140.1,140.12,23.3999,18.4016
2026-08-26 09:12:31.574,ETHUSDT,3001.46,3002.06,11.7996,11.892
2026-08-26 09:12:31.646,ETHUSDT,3003.02,3003.62,7.5004,20.6751
2026-08-26 09:12:31.900,SOLUSDT,139.87,139.89,14.5358,6.0989
2026-08-26 09:12:32.050,SOLUSDT,139.81,139.83,8.1176,9.9181
2026-08-26 09:12:32.209,ETHUSDT,3004.0,3004.6,5.4808,17.584
2026-08-26 09:12:32.290,BTCUSDT,59976.67,59988.67,9.9215,8.0234
2026-08-26 09:12:32.549,SOLUSDT,139.92,139.94,16.7155,6.4322
2026-08-26 09:12:32.726,SOLUSDT,139.65,139.67,17.9424,12.3527
2026-08-26 09:12:32.781,BTCUSDT,59947.63,59959.63,10.7213,8.0444
2026-08-26 09:12:33.028,BTCUSDT,60008.06,60020.06,23.7792,9.8968
2026-08-26 09:12:33.114,BTCUSDT,59920.48,59932.46,22.474,19.0608
2026-08-26 09:12:33.261,ETHUSDT,2996.49,2997.09,11.8916,18.1741
2026-08-26 09:12:33.493,ETHUSDT,3002.32,3002.92,7.5362,14.575
2026-08-26 09:12:33.670,ETHUSDT,2998.14,2998.74,14.8178,16.0749
2026-08-26 09:12:33.773,ETHUSDT,3000.6,3001.2,16.4025,22.6477
2026-08-26 09:12:34.045,SOLUSDT,139.77,139.79,5.8249,6.9672
2026-08-26 09:12:34.169,BTCUSDT,59958.04,59970.04,21.0766,8.2733
2026-08-26 09:12:34.446,BTCUSDT,60096.93,60108.95,13.9023,20.8603
2026-08-26 09:12:34.576,ETHUSDT,2999.9,3000.5,21.1096,14.757
2026-08-26 09:12:34.839,ETHUSDT,3000.24,3000.84,24.2447,23.1917
2026-08-26 09:12:35.139,ETHUSDT,2999.14,2999.74,11.2803,20.0274
2026-08-26 09:12:35.229,ETHUSDT,3008.38,3008.98,15.5787,15.2262
2026-08-26 09:12:35.491,BTCUSDT,60028.74,60040.74,21.2829,16.5551
2026-08-26 09:12:35.786,BTCUSDT,59988.59,60000.59,11.1365,17.5095
2026-08-26 09:12:36.073,ETHUSDT,2998.66,2999.26,24.4139,13.3761
2026-08-26 09:12:36.319,ETHUSDT,2994.5,2995.1,7.8599,18.4434
2026-08-26 09:12:36.610,BTCUSDT,59925.83,59937.81,22.5163,19.2192
2026-08-26 09:12:36.715,BTCUSDT,60050.36,60062.38,19.0431,17.2778
2026-08-26 09:12:36.842,ETHUSDT,2995.05,2995.65,22.3295,6.459
2026-08-26 09:12:36.966,ETHUSDT,3001.05,3001.65,23.0207,8.7209
2026-08-26 09:12:37.195,ETHUSDT,3003.67,3004.27,16.0021,22.1406
2026-08-26 09:12:37.390,SOLUSDT,139.86,139.88,10.7375,11.8978
2026-08-26 09:12:37.607,ETHUSDT,2999.7,3000.3,12.4716,22.2804
2026-08-26 09:12:37.691,BTCUSDT,60094.24,60106.26,5.4845,9.6036
2026-08-26 09:12:37.983,BTCUSDT,60058.39,60070.41,14.0557,18.6127
2026-08-26 09:12:38.210,BTCUSDT,60073.89,60085.91,8.8614,17.9022
2026-08-26 09:12:38.362,BTCUSDT,60032.74,60044.74,11.3331,19.3554
2026-08-26 09:12:38.583,SOLUSDT,139.78,139.8,5.235,8.9426
2026-08-26 09:12:38.859,BTCUSDT,60037.38,60049.38,9.0092,7.2565
2026-08-26 09:12:39.093,BTCUSDT,60002.01,60014.01,21.4341,21.8202
2026-08-26 09:12:39.207,SOLUSDT,140.23,140.25,15.0676,10.3684
2026-08-26 09:12:39.372,SOLUSDT,139.89,139.91,9.0919,20.0548
2026-08-26 09:12:39.672,SOLUSDT,139.79,139.81,5.4588,20.7997
2026-08-26 09:12:39.774,SOLUSDT,140.14,140.16,14.9753,19.8013
2026-08-26 09:12:40.058,ETHUSDT,3005.33,3005.93,22.0364,17.8023
2026-08-26 09:12:40.202,ETHUSDT,2996.35,2996.95,22.5342,16.9879
2026-08-26 09:12:40.300,ETHUSDT,2999.91,3000.51,16.3652,21.6789
2026-08-26 09:12:40.494,BTCUSDT,59972.47,59984.47,17.4326,20.272
2026-08-26 09:12:40.544,BTCUSDT,59857.02,59869.0,5.9984,18.0617
2026-08-26 09:12:40.682,BTCUSDT,60005.49,60017.49,22.9784,10.8355
2026-08-26 09:12:40.919,SOLUSDT,139.91,139.93,15.8179,5.9758
2026-08-26 09:12:40.984,SOLUSDT,140.13,140.15,10.7168,17.7611
2026-08-26 09:12:41.121,ETHUSDT,3000.96,3001.56,6.2775,13.1133
2026-08-26 09:12:41.197,BTCUSDT,59928.75,59940.73,21.6728,8.8186
2026-08-26 09:12:41.259,ETHUSDT,2999.5,3000.1,14.5462,14.1616
2026-08-26 09:12:41.441,BTCUSDT,59989.91,60001.91,17.4893,5.2404
2026-08-26 09:12:41.606,ETHUSDT,3004.73,3005.33,10.6366,7.1998
2026-08-26 09:12:41.695,SOLUSDT,139.83,139.85,5.7218,24.2413
2026-08-26 09:12:41.910,ETHUSDT,2999.12,2999.72,13.096,17.1262
2026-08-26 09:12:42.053,SOLUSDT,139.85,139.87,14.6747,7.0566
2026-08-26 09:12:42.131,SOLUSDT,139.94,139.96,13.4859,20.9767
2026-08-26 09:12:42.369,BTCUSDT,59958.22,59970.22,21.532,12.7076
2026-08-26 09:12:42.641,SOLUSDT,139.96,139.98,18.2799,8.1966
2026-08-26 09:12:42.744,BTCUSDT,59855.28,59867.26,22.2968,11.6568
2026-08-26 09:12:42.883,ETHUSDT,2998.54,2999.14,10.1117,17.8725
2026-08-26 09:12:43.026,ETHUSDT,3000.51,3001.11,13.7946,7.999
2026-08-26 09:12:43.117,BTCUSDT,60031.95,60043.95,16.57,16.8653
2026-08-26 09:12:43.398,ETHUSDT,3004.36,3004.96,12.7579,18.1892
2026-08-26 09:12:43.586,SOLUSDT,140.07,140.09,11.703,5.8663
2026-08-26 09:12:43.637,ETHUSDT,2999.6,3000.2,13.5551,14.6975
2026-08-26 09:12:43.917,BTCUSDT,60009.22,60021.22,8.0325,15.3088
2026-08-26 09:12:44.174,ETHUSDT,3004.9,3005.5,14.5798,12.685
2026-08-26 09:12:44.413,SOLUSDT,140.1,140.12,10.1009,6.3926
2026-08-26 09:12:44.704,SOLUSDT,140.06,140.08,8.2921,7.5156
2026-08-26 09:12:44.873,ETHUSDT,3000.1,3000.7,7.1299,9.7711
2026-08-26 09:12:45.149,BTCUSDT,59994.95,60006.95,15.7034,16.2861
2026-08-26 09:12:45.420,SOLUSDT,139.9,139.92,17.7782,20.3105
2026-08-26 09:12:45.705,SOLUSDT,140.15,140.17,24.0026,20.8672
2026-08-26 09:12:45.836,SOLUSDT,139.94,139.96,7.4174,20.1991
2026-08-26 09:12:46.085,BTCUSDT,59937.42,59949.4,18.0495,23.4308
2026-08-26 09:12:46.147,SOLUSDT,139.9,139.92,5.1724,23.148
2026-08-26 09:12:46.252,BTCUSDT,60014.58,60026.58,7.8162,10.9041
2026-08-26 09:12:46.479,SOLUSDT,140.27,140.29,11.976,18.1729
2026-08-26 09:12:46.766,SOLUSDT,139.78,139.8,24.7091,6.8787
2026-08-26 09:12:46.937,SOLUSDT,140.17,140.19,23.6935,18.5571
2026-08-26 09:12:47.089,BTCUSDT,59879.69,59891.67,12.2953,17.1983
2026-08-26 09:12:47.313,ETHUSDT,3003.85,3004.45,13.1344,5.8138
2026-08-26 09:12:47.520,ETHUSDT,3000.58,3001.18,8.8954,20.5796
2026-08-26 09:12:47.811,SOLUSDT,139.99,140.01,8.0468,23.7234
2026-08-26 09:12:48.020,BTCUSDT,60006.45,60018.45,18.643,12.2906
2026-08-26 09:12:48.136,BTCUSDT,59998.67,60010.67,7.5437,6.7649
2026-08-26 09:12:48.357,BTCUSDT,59946.42,59958.42,14.1731,12.2369
2026-08-26 09:12:48.570,BTCUSDT,60009.76,60021.76,6.0014,7.2804
2026-08-26 09:12:48.799,SOLUSDT,139.96,139.98,6.6523,23.8937
2026-08-26 09:12:48.956,BTCUSDT,59954.2,59966.2,6.3849,19.1768
2026-08-26 09:12:49.152,BTCUSDT,60121.92,60133.94,15.0784,7.691
2026-08-26 09:12:49.355,SOLUSDT,139.8,139.82,18.3885,21.8939
2026-08-26 09:12:49.457,ETHUSDT,3003.61,3004.21,9.4131,10.7804
2026-08-26 09:12:49.653,ETHUSDT,2999.93,3000.53,22.8886,17.0025
2026-08-26 09:12:49.951,ETHUSDT,2999.83,3000.43,16.4027,21.364
2026-08-26 09:12:50.213,SOLUSDT,139.92,139.94,24.699,12.7468
2026-08-26 09:12:50.506,BTCUSDT,60055.75,60067.77,5.4589,9.1534
2026-08-26 09:12:50.755,ETHUSDT,3001.05,3001.65,21.3457,13.1534
2026-08-26 09:12:50.989,SOLUSDT,139.86,139.88,0.2242,0.3155
2026-08-26 09:12:51.075,ETHUSDT,2999.44,3000.04,0.216,0.1158
2026-08-26 09:12:51.147,BTCUSDT,59899.34,59911.32,0.3656,0.1345
2026-08-26 09:12:51.299,SOLUSDT,140.27,140.29,0.3238,0.2352
2026-08-26 09:12:51.579,SOLUSDT,139.77,139.79,0.3919,0.4516
2026-08-26 09:12:51.861,ETHUSDT,3007.46,3008.06,0.2526,0.3851
2026-08-26 09:12:52.052,BTCUSDT,60024.86,60036.86,0.389,0.3357
2026-08-26 09:12:52.146,ETHUSDT,2998.14,2998.74,0.3908,0.4238
2026-08-26 09:12:52.389,SOLUSDT,139.79,139.81,0.2344,0.4807
2026-08-26 09:12:52.545,BTCUSDT,59998.74,60010.74,0.3487,0.192
2026-08-26 09:12:52.796,ETHUSDT,3001.19,3001.79,0.197,0.267
2026-08-26 09:12:52.863,BTCUSDT,59962.24,59974.24,24.7009,18.4876
2026-08-26 09:12:53.109,ETHUSDT,3003.33,3003.93,20.5962,22.8826
2026-08-26 09:12:53.371,ETHUSDT,3002.55,3003.15,22.4363,23.2272
2026-08-26 09:12:53.593,BTCUSDT,60029.47,60041.47,24.5896,18.6176
2026-08-26 09:12:53.694,SOLUSDT,139.89,139.91,5.1673,17.2575
2026-08-26 09:12:53.886,SOLUSDT,139.94,139.96,17.3747,10.8043
2026-08-26 09:12:53.995,SOLUSDT,139.98,140.0,19.9399,7.7986
2026-08-26 09:12:54.231,ETHUSDT,2992.67,2993.27,19.6689,12.1196
2026-08-26 09:12:54.306,BTCUSDT,60013.73,60025.73,21.2459,13.5428
2026-08-26 09:12:54.491,SOLUSDT,140.11,140.13,14.5743,22.3947
2026-08-26 09:12:54.772,SOLUSDT,139.9,139.92,13.1833,9.7238
2026-08-26 09:12:55.020,SOLUSDT,139.81,139.83,5.4915,19.5742
2026-08-26 09:12:55.117,SOLUSDT,140.03,140.05,14.1978,13.0304
2026-08-26 09:12:55.169,ETHUSDT,2996.14,2996.74,13.6996,15.2945
2026-08-26 09:12:55.428,SOLUSDT,140.01,140.03,13.9509,12.9416
2026-08-26 09:12:55.706,ETHUSDT,3001.2,3001.8,8.7452,23.3355
2026-08-26 09:12:55.837,SOLUSDT,139.94,139.96,14.276,16.6156
2026-08-26 09:12:56.006,SOLUSDT,139.88,139.9,7.7116,11.828
2026-08-26 09:12:56.131,BTCUSDT,60042.57,60054.57,11.4543,17.0652
2026-08-26 09:12:56.187,BTCUSDT,60014.85,60026.85,23.2427,12.3872
2026-08-26 09:12:56.311,ETHUSDT,3001.06,3001.66,23.4856,23.3691
2026-08-26 09:12:56.484,BTCUSDT,59992.88,60004.88,7.1872,23.9445
2026-08-26 09:12:56.779,SOLUSDT,140.09,140.11,16.4331,24.0679
2026-08-26 09:12:56.849,ETHUSDT,2994.51,2995.11,12.0184,6.8563
2026-08-26 09:12:56.913,SOLUSDT,140.21,140.23,21.8303,11.1674
2026-08-26 09:12:57.030,SOLUSDT,140.15,140.17,20.4774,5.0873
2026-08-26 09:12:57.205,ETHUSDT,2995.77,2996.37,15.4571,13.9441
2026-08-26 09:12:57.453,ETHUSDT,2999.18,2999.78,24.8484,17.5292
2026-08-26 09:12:57.590,BTCUSDT,59957.89,59969.89,5.3604,7.0335
2026-08-26 09:12:57.649,SOLUSDT,140.09,140.11,6.2762,15.1435
2026-08-26 09:12:57.868,ETHUSDT,3003.04,3003.64,8.4183,20.0847
2026-08-26 09:12:57.966,SOLUSDT,139.94,139.96,7.9847,8.6232
2026-08-26 09:12:58.059,ETHUSDT,3005.75,3006.35,21.4168,17.6798
2026-08-26 09:12:58.349,BTCUSDT,60020.6,60032.6,20.6492,14.9695
2026-08-26 09:12:58.507,BTCUSDT,60024.15,60036.15,20.7099,23.094
2026-08-26 09:12:58.677,BTCUSDT,60035.53,60047.53,19.035,16.4844
2026-08-26 09:12:58.953,SOLUSDT,139.98,140.0,24.8828,18.9457
2026-08-26 09:12:59.245,SOLUSDT,140.11,140.13,21.1352,20.2528
2026-08-26 09:12:59.360,SOLUSDT,140.1,140.12,23.0258,18.5658
2026-08-26 09:12:59.575,BTCUSDT,60078.33,60090.35,15.855,14.8589
2026-08-26 09:12:59.641,ETHUSDT,3000.81,3001.41,23.7949,9.3774
2026-08-26 09:12:59.860,ETHUSDT,2997.0,2997.6,18.1063,22.9265
2026-08-26 09:13:00.133,ETHUSDT,2996.37,2996.97,23.5496,15.2823
2026-08-26 09:13:00.352,ETHUSDT,3000.15,3000.75,20.731,16.2313
2026-08-26 09:13:00.457,ETHUSDT,3002.14,3002.74,17.5996,22.0935
2026-08-26 09:13:00.514,ETHUSDT,2992.22,2992.82,21.5974,15.3517
2026-08-26 09:13:00.694,SOLUSDT,139.83,139.85,14.4552,15.4905
2026-08-26 09:13:00.941,SOLUSDT,140.01,140.03,9.8741,20.4628
2026-08-26 09:13:01.214,SOLUSDT,140.01,140.03,18.1377,17.9766
2026-08-26 09:13:01.272,SOLUSDT,139.78,139.8,24.9363,18.8102
2026-08-26 09:13:01.337,ETHUSDT,3001.69,3002.29,20.2632,20.8089
2026-08-26 09:13:01.429,ETHUSDT,2996.01,2996.61,16.9176,15.6402
2026-08-26 09:13:01.673,SOLUSDT,139.91,139.93,6.0227,8.9415
2026-08-26 09:13:01.957,SOLUSDT,139.73,139.75,16.3429,18.9389
2026-08-26 09:13:02.076,SOLUSDT,140.04,140.06,23.1397,21.8907
2026-08-26 09:13:02.269,SOLUSDT,139.99,140.01,18.3391,24.3899
2026-08-26 09:13:02.347,BTCUSDT,60109.32,60121.34,13.4342,11.7016
2026-08-26 09:13:02.473,ETHUSDT,3003.1,3003.7,18.5317,18.7826
2026-08-26 09:13:02.576,ETHUSDT,3002.92,3003.52,18.1587,24.1884
2026-08-26 09:13:02.693,ETHUSDT,3001.91,3002.51,22.6944,7.7854
2026-08-26 09:13:02.956,SOLUSDT,140.01,140.03,21.4873,20.0119
2026-08-26 09:13:03.034,ETHUSDT,2998.63,2999.23,6.5734,19.431
2026-08-26 09:13:03.306,BTCUSDT,60022.89,60034.89,18.1364,16.5221
2026-08-26 09:13:03.394,BTCUSDT,60051.79,60063.81,12.1594,22.6984
2026-08-26 09:13:03.614,SOLUSDT,139.84,139.86,21.8099,12.6061
2026-08-26 09:13:03.799,ETHUSDT,2995.66,2996.26,18.838,15.4715
2026-08-26 09:13:04.010,BTCUSDT,59968.0,59980.0,11.9712,11.8444
2026-08-26 09:13:04.209,ETHUSDT,3003.97,3004.57,20.9637,21.4759
2026-08-26 09:13:04.336,BTCUSDT,60020.76,60032.76,6.8753,14.5327
2026-08-26 09:13:04.564,ETHUSDT,2992.7,2993.3,11.2533,18.6853
2026-08-26 09:13:04.720,BTCUSDT,59950.62,59962.62,7.7142,8.7295
2026-08-26 09:13:04.985,ETHUSDT,3004.97,3005.57,9.949,10.0036
2026-08-26 09:13:05.143,BTCUSDT,59960.9,59972.9,18.356,21.6091
2026-08-26 09:13:05.385,SOLUSDT,140.16,140.18,20.221,10.1466
2026-08-26 09:13:05.635,ETHUSDT,3002.46,3003.06,15.2739,15.5144
2026-08-26 09:13:05.700,SOLUSDT,139.99,140.01,12.8451,5.2823
2026-08-26 09:13:05.952,ETHUSDT,2998.9,2999.5,6.6767,21.6452
2026-08-26 09:13:06.017,BTCUSDT,60119.67,60131.69,23.9964,13.7165
2026-08-26 09:13:06.218,ETHUSDT,2997.57,2998.17,5.6497,11.5986
2026-08-26 09:13:06.453,SOLUSDT,140.11,140.13,23.3537,7.5009
2026-08-26 09:13:06.746,ETHUSDT,3001.84,3002.44,9.5513,21.0766
2026-08-26 09:13:06.938,BTCUSDT,60077.25,60089.27,20.6329,21.5557
2026-08-26 09:13:07.156,SOLUSDT,139.91,139.93,11.1715,11.8831
2026-08-26 09:13:07.308,ETHUSDT,3002.39,3002.99,6.1437,12.3859
2026-08-26 09:13:07.559,ETHUSDT,3001.59,3002.19,5.924,18.5904
2026-08-26 09:13:07.805,SOLUSDT,139.77,139.79,7.1413,10.107
2026-08-26 09:13:07.883,ETHUSDT,2996.13,2996.73,12.5719,8.6961
2026-08-26 09:13:07.999,SOLUSDT,140.02,140.04,10.8561,5.4857
2026-08-26 09:13:08.112,BTCUSDT,59921.75,59933.73,15.4267,19.145
2026-08-26 09:13:08.337,ETHUSDT,3001.51,3002.11,9.5005,20.9109
2026-08-26 09:13:08.560,SOLUSDT,140.07,140.09,18.2894,16.7051
2026-08-26 09:13:08.639,SOLUSDT,140.01,140.03,11.4139,13.16
2026-08-26 09:13:08.775,SOLUSDT,139.81,139.83,17.0991,12.7965
2026-08-26 09:13:08.934,BTCUSDT,59981.2,59993.2,9.2726,8.2345
2026-08-26 09:13:09.193,BTCUSDT,60070.22,60082.24,19.8728,19.6231
2026-08-26 09:13:09.388,SOLUSDT,139.93,139.95,8.1346,16.8741
2026-08-26 09:13:09.561,BTCUSDT,60032.64,60044.64,13.8531,18.5879
2026-08-26 09:13:09.735,BTCUSDT,60020.08,60032.08,12.1797,16.2976
2026-08-26 09:13:09.943,BTCUSDT,59953.15,59965.15,17.8694,11.9251
2026-08-26 09:13:10.074,SOLUSDT,140.15,140.17,12.4632,8.9299
2026-08-26 09:13:10.289,BTCUSDT,60020.46,60032.46,21.1773,8.5516
2026-08-26 09:13:10.393,ETHUSDT,2998.65,2999.25,16.2092,16.099
2026-08-26 09:13:10.523,SOLUSDT,140.05,140.07,17.759,22.61
2026-08-26 09:13:10.772,SOLUSDT,139.75,139.77,14.0518,12.932
2026-08-26 09:13:10.891,BTCUSDT,60043.4,60055.4,5.1702,20.6174
2026-08-26 09:13:11.123,ETHUSDT,2994.91,2995.51,18.5884,10.9519
2026-08-26 09:13:11.184,SOLUSDT,139.65,139.67,9.8019,13.4793
2026-08-26 09:13:11.252,BTCUSDT,60095.66,60107.68,21.6021,18.3006
2026-08-26 09:13:11.327,BTCUSDT,60002.59,60014.59,7.0026,9.8913
2026-08-26 09:13:11.580,SOLUSDT,140.22,140.24,0.1639,0.1012
2026-08-26 09:13:11.802,BTCUSDT,59975.72,59987.72,0.1126,0.3201
2026-08-26 09:13:11.996,ETHUSDT,3001.42,3002.02,0.3895,0.3549
2026-08-26 09:13:12.165,SOLUSDT,140.06,140.08,0.3594,0.3806
2026-08-26 09:13:12.235,SOLUSDT,140.06,140.08,0.3592,0.2714
2026-08-26 09:13:12.353,ETHUSDT,2997.52,2998.12,0.4122,0.4866
2026-08-26 09:13:12.429,SOLUSDT,140.1,140.12,0.4485,0.111
2026-08-26 09:13:12.671,BTCUSDT,60006.47,60018.47,0.2835,0.3116
2026-08-26 09:13:12.757,BTCUSDT,59991.3,60003.3,0.4194,0.2216
2026-08-26 09:13:12.827,SOLUSDT,139.9,139.92,0.2376,0.2558
2026-08-26 09:13:12.983,BTCUSDT,59974.2,59986.2,0.2785,0.3737
2026-08-26 09:13:13.222,BTCUSDT,60049.45,60061.47,9.8104,12.0875
2026-08-26 09:13:13.278,ETHUSDT,2999.98,3000.58,23.4733,13.8124
2026-08-26 09:13:13.544,ETHUSDT,3004.32,3004.92,14.8884,14.1753
2026-08-26 09:13:13.780,SOLUSDT,139.91,139.93,19.9488,21.4633
2026-08-26 09:13:13.903,BTCUSDT,59978.86,59990.86,18.7478,23.5526
2026-08-26 09:13:14.179,SOLUSDT,140.1,140.12,24.2283,11.0385
2026-08-26 09:13:14.304,ETHUSDT,3000.58,3001.18,14.8848,9.0959
2026-08-26 09:13:14.529,SOLUSDT,140.04,140.06,6.4324,14.1416
2026-08-26 09:13:14.709,ETHUSDT,3000.22,3000.82,17.5242,7.0453
2026-08-26 09:13:14.812,BTCUSDT,60045.95,60057.97,17.0193,24.807
2026-08-26 09:13:14.958,ETHUSDT,2997.65,2998.25,14.584,21.8344
2026-08-26 09:13:15.063,SOLUSDT,139.72,139.74,16.8631,23.0479
2026-08-26 09:13:15.287,ETHUSDT,3003.39,3003.99,5.0598,10.5661
2026-08-26 09:13:15.532,SOLUSDT,139.89,139.91,13.0313,9.5403
2026-08-26 09:13:15.824,ETHUSDT,2997.61,2998.21,19.9364,7.8993
2026-08-26 09:13:15.972,SOLUSDT,139.99,140.01,18.2264,8.3533
2026-08-26 09:13:16.118,ETHUSDT,2995.72,2996.32,10.6032,5.8736
2026-08-26 09:13:16.200,SOLUSDT,140.01,140.03,16.5802,6.6391
2026-08-26 09:13:16.272,SOLUSDT,140.11,140.13,10.6153,7.4815
2026-08-26 09:13:16.424,SOLUSDT,139.72,139.74,13.927,16.6678
2026-08-26 09:13:16.608,SOLUSDT,140.02,140.04,21.9596,14.6092
2026-08-26 09:13:16.815,SOLUSDT,140.08,140.1,21.6526,14.5413
2026-08-26 09:13:16.990,ETHUSDT,3003.55,3004.15,11.3145,23.5972
2026-08-26 09:13:17.146,BTCUSDT,60040.36,60052.36,10.5832,22.0733
2026-08-26 09:13:17.436,ETHUSDT,2996.04,2996.64,16.0578,15.6907
2026-08-26 09:13:17.704,BTCUSDT,60020.8,60032.8,6.5394,9.2252
2026-08-26 09:13:17.805,SOLUSDT,139.96,139.98,13.1276,9.8651
2026-08-26 09:13:17.945,BTCUSDT,60050.49,60062.51,16.9276,24.6214
2026-08-26 09:13:18.147,ETHUSDT,2997.37,2997.97,19.8969,20.0659
2026-08-26 09:13:18.219,ETHUSDT,3001.68,3002.28,9.3584,23.2771
2026-08-26 09:13:18.417,SOLUSDT,140.03,140.05,15.5111,18.7948
2026-08-26 09:13:18.479,SOLUSDT,140.22,140.24,12.8393,24.5606
2026-08-26 09:13:18.655,BTCUSDT,59946.48,59958.48,17.86,5.2594
2026-08-26 09:13:18.761,ETHUSDT,2995.49,2996.09,20.9069,18.9121
2026-08-26 09:13:18.830,SOLUSDT,139.93,139.95,13.4318,7.4107
2026-08-26 09:13:18.959,ETHUSDT,2999.65,3000.25,10.3552,5.7326
2026-08-26 09:13:19.200,SOLUSDT,139.77,139.79,9.8535,18.4511
2026-08-26 09:13:19.427,ETHUSDT,2998.45,2999.05,15.3178,11.6582
2026-08-26 09:13:19.689,ETHUSDT,3004.28,3004.88,18.6016,23.3414
2026-08-26 09:13:19.893,BTCUSDT,60064.12,60076.14,14.6366,10.569
2026-08-26 09:13:20.030,SOLUSDT,140.04,140.06,7.91,11.4431
2026-08-26 09:13:20.269,BTCUSDT,59937.62,59949.6,21.1744,6.3948
2026-08-26 09:13:20.534,BTCUSDT,59979.79,59991.79,16.153,22.5633
2026-08-26 09:13:20.611,ETHUSDT,2998.4,2999.0,22.3529,22.9606
2026-08-26 09:13:20.839,SOLUSDT,140.03,140.05,19.1334,13.1163
2026-08-26 09:13:20.914,SOLUSDT,140.09,140.11,9.6654,16.9647
2026-08-26 09:13:21.162,BTCUSDT,60036.04,60048.04,11.3668,6.8763
2026-08-26 09:13:21.314,BTCUSDT,59967.39,59979.39,5.1735,20.4362
2026-08-26 09:13:21.473,SOLUSDT,140.12,140.14,20.5034,17.4352
2026-08-26 09:13:21.557,SOLUSDT,139.81,139.83,12.2472,20.7652
2026-08-26 09:13:21.763,SOLUSDT,139.88,139.9,23.2933,5.6422
2026-08-26 09:13:22.041,SOLUSDT,139.93,139.95,19.0524,14.218
2026-08-26 09:13:22.193,BTCUSDT,59902.47,59914.45,18.017,20.2087
2026-08-26 09:13:22.363,SOLUSDT,139.81,139.83,6.3309,9.1239
2026-08-26 09:13:22.535,BTCUSDT,60023.14,60035.14,14.0564,14.5644
2026-08-26 09:13:22.631,SOLUSDT,139.71,139.73,19.1322,24.4924
2026-08-26 09:13:22.922,ETHUSDT,2997.38,2997.98,18.0091,17.9268
2026-08-26 09:13:23.156,ETHUSDT,3000.21,3000.81,18.7669,15.5042
2026-08-26 09:13:23.266,BTCUSDT,59994.02,60006.02,13.2359,23.2473
2026-08-26 09:13:23.341,ETHUSDT,2994.92,2995.52,11.1708,5.2883
2026-08-26 09:13:23.532,SOLUSDT,140.09,140.11,10.8038,8.3639
2026-08-26 09:13:23.653,ETHUSDT,2999.07,2999.67,18.388,18.3631
2026-08-26 09:13:23.792,BTCUSDT,59942.46,59954.44,5.1465,17.0185
2026-08-26 09:13:23.858,SOLUSDT,139.94,139.96,7.3603,19.7168
2026-08-26 09:13:23.980,ETHUSDT,2999.01,2999.61,24.7939,5.1613
2026-08-26 09:13:24.210,BTCUSDT,59902.0,59913.98,14.8999,8.8481
2026-08-26 09:13:24.294,BTCUSDT,60025.42,60037.42,14.3492,11.3984
2026-08-26 09:13:24.474,ETHUSDT,2998.92,2999.52,24.8024,18.6875
2026-08-26 09:13:24.542,BTCUSDT,59994.48,60006.48,22.2016,18.3479
2026-08-26 09:13:24.783,BTCUSDT,59970.31,59982.31,11.3661,11.3905
2026-08-26 09:13:24.930,SOLUSDT,139.93,139.95,5.7047,24.1362
2026-08-26 09:13:25.133,SOLUSDT,139.91,139.93,13.6556,18.2793
2026-08-26 09:13:25.206,BTCUSDT,59893.69,59905.67,16.3969,9.6746
2026-08-26 09:13:25.456,SOLUSDT,139.93,139.95,6.8573,6.3085
2026-08-26 09:13:25.584,BTCUSDT,60039.54,60051.54,21.7155,20.861
2026-08-26 09:13:25.730,BTCUSDT,59973.96,59985.96,18.0741,22.1732
2026-08-26 09:13:25.831,ETHUSDT,3000.74,3001.34,15.2477,8.7564
2026-08-26 09:13:25.907,ETHUSDT,3008.48,3009.08,24.0454,10.1471
2026-08-26 09:13:26.086,SOLUSDT,140.19,140.21,13.7236,17.2459
2026-08-26 09:13:26.279,ETHUSDT,3002.29,3002.89,21.2387,8.5146
2026-08-26 09:13:26.416,BTCUSDT,59944.63,59956.63,23.8755,23.8943
2026-08-26 09:13:26.613,BTCUSDT,60030.64,60042.64,10.3798,11.8005
2026-08-26 09:13:26.902,ETHUSDT,2999.76,3000.36,24.4816,22.0513
2026-08-26 09:13:27.167,SOLUSDT,139.98,140.0,17.1756,22.5828
2026-08-26 09:13:27.440,SOLUSDT,139.94,139.96,9.9748,13.5384
2026-08-26 09:13:27.710,ETHUSDT,3000.86,3001.46,11.5352,11.4543
2026-08-26 09:13:27.900,ETHUSDT,3000.36,3000.96,11.5627,10.1723
2026-08-26 09:13:28.037,SOLUSDT,140.05,140.07,5.0906,20.2404
2026-08-26 09:13:28.157,ETHUSDT,3004.73,3005.33,16.0096,23.9908
2026-08-26 09:13:28.322,ETHUSDT,2999.25,2999.85,18.3392,15.3269
2026-08-26 09:13:28.551,SOLUSDT,139.66,139.68,14.1397,13.1717
2026-08-26 09:13:28.614,SOLUSDT,139.84,139.86,22.4437,22.3307
2026-08-26 09:13:28.910,BTCUSDT,60007.19,60019.19,17.4245,23.1637
2026-08-26 09:13:29.074,BTCUSDT,59993.32,60005.32,20.9224,24.0218
2026-08-26 09:13:29.310,BTCUSDT,59985.25,59997.25,12.8438,21.5854
2026-08-26 09:13:29.468,ETHUSDT,3005.4,3006.0,18.0524,6.5315
2026-08-26 09:13:29.745,BTCUSDT,60026.78,60038.78,12.6872,18.2437
2026-08-26 09:13:29.889,SOLUSDT,140.05,140.07,9.0882,18.8859
2026-08-26 09:13:30.176,SOLUSDT,140.03,140.05,16.5097,11.5533
2026-08-26 09:13:30.330,ETHUSDT,3000.75,3001.35,20.1894,5.3328
2026-08-26 09:13:30.562,ETHUSDT,3003.78,3004.38,14.6895,11.2173
2026-08-26 09:13:30.732,SOLUSDT,140.02,140.04,23.0248,20.9081
2026-08-26 09:13:31.027,SOLUSDT,140.01,140.03,22.9902,21.0307
2026-08-26 09:13:31.138,BTCUSDT,60031.95,60043.95,11.6088,24.6068
2026-08-26 09:13:31.232,SOLUSDT,139.93,139.95,22.4259,24.9798
2026-08-26 09:13:31.476,ETHUSDT,2999.3,2999.9,15.2832,20.7917
2026-08-26 09:13:31.669,BTCUSDT,60024.13,60036.13,16.4594,20.1748
2026-08-26 09:13:31.903,BTCUSDT,59960.75,59972.75,8.9172,15.243
2026-08-26 09:13:32.093,BTCUSDT,59898.9,59910.88,20.3956,22.0031
2026-08-26 09:13:32.218,SOLUSDT,140.03,140.05,0.3404,0.1336
2026-08-26 09:13:32.462,SOLUSDT,140.16,140.18,0.159,0.4473
2026-08-26 09:13:32.620,ETHUSDT,2999.49,3000.09,0.4566,0.2549
2026-08-26 09:13:32.823,BTCUSDT,60002.53,60014.53,0.2216,0.2125
2026-08-26 09:13:32.985,ETHUSDT,3002.51,3003.11,0.1931,0.3149
2026-08-26 09:13:33.249,SOLUSDT,139.95,139.97,0.1355,0.3856
2026-08-26 09:13:33.404,BTCUSDT,59957.62,59969.62,0.2206,0.4466
2026-08-26 09:13:33.684,BTCUSDT,59852.22,59864.2,0.198,0.257
2026-08-26 09:13:33.803,SOLUSDT,140.0,140.02,0.4255,0.206
2026-08-26 09:13:33.943,SOLUSDT,139.91,139.93,0.36,0.4764
2026-08-26 09:13:34.193,BTCUSDT,59974.16,59986.16,0.4,0.4149
2026-08-26 09:13:34.249,BTCUSDT,59872.31,59884.29,12.7859,13.3978
2026-08-26 09:13:34.389,ETHUSDT,2996.35,2996.95,5.4505,22.3315
2026-08-26 09:13:34.458,BTCUSDT,60024.33,60036.33,16.9355,12.0146
2026-08-26 09:13:34.667,ETHUSDT,2998.17,2998.77,20.3306,18.0348
2026-08-26 09:13:34.934,SOLUSDT,139.8,139.82,20.7753,17.867
2026-08-26 09:13:35.113,ETHUSDT,2999.92,3000.52,20.9262,12.452
2026-08-26 09:13:35.297,BTCUSDT,60046.02,60058.04,19.8973,19.447
2026-08-26 09:13:35.398,ETHUSDT,2997.03,2997.63,12.3091,11.8391
2026-08-26 09:13:35.622,SOLUSDT,139.96,139.98,23.8297,13.5967
2026-08-26 09:13:35.890,SOLUSDT,140.07,140.09,22.234,5.7364
2026-08-26 09:13:36.089,SOLUSDT,140.13,140.15,6.4028,19.7122
2026-08-26 09:13:36.334,SOLUSDT,140.23,140.25,21.4894,6.5559
2026-08-26 09:13:36.410,SOLUSDT,140.28,140.3,21.671,24.8724
2026-08-26 09:13:36.697,SOLUSDT,139.98,140.0,15.0476,19.9775
2026-08-26 09:13:36.861,ETHUSDT,3002.52,3003.12,13.5277,11.2392
2026-08-26 09:13:37.035,ETHUSDT,2994.12,2994.72,15.2145,20.2823
2026-08-26 09:13:37.187,SOLUSDT,139.99,140.01,10.6133,14.2312
2026-08-26 09:13:37.426,SOLUSDT,140.01,140.03,15.9512,7.9452
2026-08-26 09:13:37.571,ETHUSDT,3006.27,3006.87,12.3772,11.8619
2026-08-26 09:13:37.680,BTCUSDT,59984.97,59996.97,10.5245,8.2814
2026-08-26 09:13:37.803,BTCUSDT,59970.06,59982.06,16.485,8.7187
2026-08-26 09:13:37.989,BTCUSDT,60061.32,60073.34,10.5648,14.6236
2026-08-26 09:13:38.056,ETHUSDT,3003.79,3004.39,23.2925,6.3417
2026-08-26 09:13:38.184,BTCUSDT,60013.38,60025.38,15.6387,12.5219
2026-08-26 09:13:38.350,ETHUSDT,3001.64,3002.24,9.2643,16.8156
2026-08-26 09:13:38.611,SOLUSDT,140.09,140.11,8.3532,14.1041
2026-08-26 09:13:38.665,BTCUSDT,60013.13,60025.13,8.7596,17.1142
2026-08-26 09:13:38.880,SOLUSDT,139.98,140.0,23.3265,9.5186
2026-08-26 09:13:39.109,BTCUSDT,59988.77,60000.77,24.8422,15.7454
2026-08-26 09:13:39.236,ETHUSDT,3000.76,3001.36,11.2019,22.3413
2026-08-26 09:13:39.415,BTCUSDT,60050.75,60062.77,6.8035,9.0711
2026-08-26 09:13:39.533,SOLUSDT,139.99,140.01,5.1733,12.1068
2026-08-26 09:13:39.742,ETHUSDT,3002.63,3003.23,15.6902,6.5707
2026-08-26 09:13:39.946,SOLUSDT,140.01,140.03,17.7539,18.8753
2026-08-26 09:13:40.143,ETHUSDT,2998.67,2999.27,22.5365,21.1346
2026-08-26 09:13:40.427,SOLUSDT,140.11,140.13,19.1176,18.5483
2026-08-26 09:13:40.726,BTCUSDT,60090.41,60102.43,11.6058,21.153
2026-08-26 09:13:40.913,BTCUSDT,60059.7,60071.72,14.2143,20.158
2026-08-26 09:13:41.109,BTCUSDT,59888.7,59900.68,16.7519,11.221
2026-08-26 09:13:41.175,BTCUSDT,60096.59,60108.61,19.6468,24.8551
2026-08-26 09:13:41.434,ETHUSDT,3001.88,3002.48,8.7816,7.5427
2026-08-26 09:13:41.578,BTCUSDT,60040.47,60052.47,23.2946,7.0559
2026-08-26 09:13:41.641,SOLUSDT,139.89,139.91,19.8913,9.8433
2026-08-26 09:13:41.922,SOLUSDT,140.07,140.09,8.4678,15.3002
2026-08-26 09:13:41.994,BTCUSDT,59905.93,59917.91,6.8136,6.7431
2026-08-26 09:13:42.094,BTCUSDT,60048.59,60060.61,6.6769,22.6531
2026-08-26 09:13:42.222,BTCUSDT,60076.33,60088.35,11.4146,5.7798
2026-08-26 09:13:42.297,ETHUSDT,3000.01,3000.61,13.9956,15.6565
2026-08-26 09:13:42.427,BTCUSDT,59958.04,59970.04,12.2113,15.9806
2026-08-26 09:13:42.668,ETHUSDT,3001.74,3002.34,13.1355,21.7882
2026-08-26 09:13:42.907,ETHUSDT,2999.15,2999.75,24.7591,11.0715
2026-08-26 09:13:43.110,BTCUSDT,60101.37,60113.39,7.8272,23.7752
2026-08-26 09:13:43.399,ETHUSDT,2996.34,2996.94,8.054,13.3395
2026-08-26 09:13:43.640,SOLUSDT,140.09,140.11,5.4582,24.434
2026-08-26 09:13:43.882,ETHUSDT,2994.27,2994.87,18.8004,6.8657
2026-08-26 09:13:43.963,SOLUSDT,139.9,139.92,8.2007,10.0012
2026-08-26 09:13:44.188,ETHUSDT,2998.19,2998.79,13.3481,15.0692
2026-08-26 09:13:44.438,BTCUSDT,60007.9,60019.9,12.1168,17.7607
2026-08-26 09:13:44.557,ETHUSDT,3000.57,3001.17,24.0921,5.6095
2026-08-26 09:13:44.642,ETHUSDT,3001.91,3002.51,19.9151,5.2224
2026-08-26 09:13:44.808,SOLUSDT,140.0,140.02,14.8455,20.2013
2026-08-26 09:13:45.027,BTCUSDT,59869.55,59881.53,8.158,5.6101
2026-08-26 09:13:45.142,ETHUSDT,3002.23,3002.83,16.1771,17.3137
2026-08-26 09:13:45.267,BTCUSDT,60015.18,60027.18,23.7855,7.895
2026-08-26 09:13:45.448,ETHUSDT,3000.21,3000.81,23.0194,21.228
2026-08-26 09:13:45.630,SOLUSDT,140.07,140.09,19.1299,7.9484
2026-08-26 09:13:45.724,ETHUSDT,2997.78,2998.38,21.1203,5.8784
2026-08-26 09:13:46.000,BTCUSDT,60054.92,60066.94,5.2559,20.6635
2026-08-26 09:13:46.205,ETHUSDT,3002.68,3003.28,14.0231,21.0929
2026-08-26 09:13:46.417,ETHUSDT,2996.28,2996.88,19.3603,5.4659
2026-08-26 09:13:46.476,SOLUSDT,139.98,140.0,13.713,24.2587
2026-08-26 09:13:46.560,BTCUSDT,60083.07,60095.09,11.5846,21.82
2026-08-26 09:13:46.835,BTCUSDT,59921.25,59933.23,15.6169,23.5349
2026-08-26 09:13:47.044,ETHUSDT,3006.98,3007.58,13.5114,24.6507
2026-08-26 09:13:47.259,BTCUSDT,60015.18,60027.18,9.1201,18.18
2026-08-26 09:13:47.334,BTCUSDT,60072.28,60084.3,21.8669,5.4606
2026-08-26 09:13:47.596,SOLUSDT,139.84,139.86,16.1203,5.1824
2026-08-26 09:13:47.838,SOLUSDT,139.82,139.84,18.3082,13.9443
2026-08-26 09:13:48.082,SOLUSDT,139.98,140.0,9.2864,5.3335
2026-08-26 09:13:48.327,SOLUSDT,140.07,140.09,22.1368,15.4211
2026-08-26 09:13:48.455,ETHUSDT,2993.01,2993.61,16.2024,24.0148
2026-08-26 09:13:48.750,BTCUSDT,60016.96,60028.96,10.1923,21.1776
2026-08-26 09:13:48.891,ETHUSDT,2999.67,3000.27,11.1525,7.5629
2026-08-26 09:13:49.025,BTCUSDT,60051.6,60063.62,14.4846,17.7921
2026-08-26 09:13:49.281,SOLUSDT,140.18,140.2,7.5219,19.6031
2026-08-26 09:13:49.491,SOLUSDT,140.09,140.11,22.2906,20.1828
2026-08-26 09:13:49.579,SOLUSDT,140.11,140.13,21.6943,11.6346
2026-08-26 09:13:49.798,SOLUSDT,140.25,140.27,12.3512,18.2707
2026-08-26 09:13:49.848,BTCUSDT,59902.38,59914.36,15.5107,8.295
2026-08-26 09:13:50.127,BTCUSDT,60038.42,60050.42,8.0852,12.4703
2026-08-26 09:13:50.389,SOLUSDT,140.1,140.12,13.5419,19.5499
2026-08-26 09:13:50.595,ETHUSDT,3002.85,3003.45,23.133,17.7828
2026-08-26 09:13:50.713,ETHUSDT,3004.5,3005.1,11.479,16.0333
2026-08-26 09:13:50.800,SOLUSDT,139.92,139.94,16.4906,21.619
2026-08-26 09:13:50.932,BTCUSDT,60008.46,60020.46,12.1483,9.0133
2026-08-26 09:13:51.141,ETHUSDT,2998.82,2999.42,16.994,8.1728
2026-08-26 09:13:51.438,ETHUSDT,3002.07,3002.67,15.749,14.1471
2026-08-26 09:13:51.663,SOLUSDT,140.01,140.03,19.1151,10.8227
2026-08-26 09:13:51.879,BTCUSDT,59941.3,59953.28,13.8753,20.2123
2026-08-26 09:13:52.033,BTCUSDT,59948.14,59960.14,13.488,11.6929
2026-08-26 09:13:52.162,ETHUSDT,3002.07,3002.67,6.4388,12.1638
2026-08-26 09:13:52.396,BTCUSDT,60026.06,60038.06,13.812,16.977
2026-08-26 09:13:52.655,BTCUSDT,60021.31,60033.31,16.3145,9.1309
2026-08-26 09:13:52.714,BTCUSDT,59885.27,59897.25,21.7014,12.9201
2026-08-26 09:13:53.000,BTCUSDT,59961.34,59973.34,16.5121,18.0442
2026-08-26 09:13:53.240,ETHUSDT,2996.27,2996.87,7.5251,10.6153
2026-08-26 09:13:53.395,BTCUSDT,60025.65,60037.65,20.4459,17.004
2026-08-26 09:13:53.612,SOLUSDT,139.83,139.85,16.3545,15.398
2026-08-26 09:13:53.910,SOLUSDT,139.87,139.89,24.0984,21.0893
2026-08-26 09:13:54.178,BTCUSDT,59952.66,59964.66,0.1032,0.1816
2026-08-26 09:13:54.419,ETHUSDT,3002.94,3003.54,0.2755,0.1968
2026-08-26 09:13:54.618,ETHUSDT,2996.71,2997.31,0.4714,0.2305
2026-08-26 09:13:54.771,BTCUSDT,59954.52,59966.52,0.1164,0.4562
2026-08-26 09:13:55.039,SOLUSDT,139.81,139.83,0.2983,0.1192
2026-08-26 09:13:55.202,ETHUSDT,2998.68,2999.28,0.1428,0.3763
2026-08-26 09:13:55.495,SOLUSDT,139.95,139.97,0.4212,0.2458
2026-08-26 09:13:55.765,ETHUSDT,2999.16,2999.76,0.3891,0.4399
2026-08-26 09:13:55.861,BTCUSDT,60134.63,60146.65,0.2816,0.4499
2026-08-26 09:13:56.102,ETHUSDT,3002.12,3002.72,0.187,0.3429
2026-08-26 09:13:56.173,ETHUSDT,2999.59,3000.19,0.2783,0.3438
2026-08-26 09:13:56.317,SOLUSDT,140.06,140.08,17.143,6.2935
2026-08-26 09:13:56.570,BTCUSDT,60123.11,60135.13,16.4517,18.7598
2026-08-26 09:13:56.690,ETHUSDT,3005.29,3005.89,11.7811,18.4437
2026-08-26 09:13:56.939,SOLUSDT,139.79,139.81,15.4003,18.4593
2026-08-26 09:13:57.100,SOLUSDT,140.23,140.25,18.2593,14.5174
2026-08-26 09:13:57.154,ETHUSDT,3004.11,3004.71,20.6026,16.647
2026-08-26 09:13:57.385,ETHUSDT,2999.56,3000.16,11.0598,17.2551
2026-08-26 09:13:57.603,BTCUSDT,60117.08,60129.1,9.4531,20.3167
2026-08-26 09:13:57.896,ETHUSDT,2997.01,2997.61,11.7257,13.2105
2026-08-26 09:13:58.175,BTCUSDT,59929.93,59941.91,21.6014,10.3126
2026-08-26 09:13:58.446,BTCUSDT,59984.81,59996.81,13.0983,23.9892
2026-08-26 09:13:58.509,BTCUSDT,60074.43,60086.45,9.2102,16.8748
2026-08-26 09:13:58.677,SOLUSDT,140.0,140.02,7.1958,23.9949
2026-08-26 09:13:58.896,ETHUSDT,2999.86,3000.46,20.33,17.2912
2026-08-26 09:13:59.187,BTCUSDT,59934.45,59946.43,18.8847,14.6751
2026-08-26 09:13:59.294,ETHUSDT,2998.31,2998.91,24.2385,11.7353
2026-08-26 09:13:59.368,ETHUSDT,3001.8,3002.4,17.9632,19.6246
2026-08-26 09:13:59.588,ETHUSDT,3005.46,3006.06,22.5107,12.4819
2026-08-26 09:13:59.733,ETHUSDT,3002.76,3003.36,9.7557,7.8913
2026-08-26 09:14:00.030,ETHUSDT,2998.97,2999.57,21.6798,18.483
2026-08-26 09:14:00.317,ETHUSDT,2999.32,2999.92,19.9367,11.0282
2026-08-26 09:14:00.596,SOLUSDT,140.07,140.09,18.0724,13.049
2026-08-26 09:14:00.688,SOLUSDT,139.93,139.95,17.5614,7.3512
2026-08-26 09:14:00.815,BTCUSDT,60081.81,60093.83,19.8333,18.104
2026-08-26 09:14:01.071,ETHUSDT,3004.38,3004.98,11.0117,14.3003
2026-08-26 09:14:01.247,SOLUSDT,140.29,140.31,17.672,6.9203
2026-08-26 09:14:01.546,SOLUSDT,140.01,140.03,19.4073,21.1327
2026-08-26 09:14:01.606,ETHUSDT,2995.0,2995.6,16.1194,19.2729
2026-08-26 09:14:01.759,SOLUSDT,139.73,139.75,14.9863,10.668
2026-08-26 09:14:01.834,BTCUSDT,59973.77,59985.77,14.2296,8.8193
2026-08-26 09:14:02.100,BTCUSDT,60070.24,60082.26,14.2023,17.3155
2026-08-26 09:14:02.296,BTCUSDT,59991.71,60003.71,13.7666,5.7053
2026-08-26 09:14:02.498,SOLUSDT,140.23,140.25,16.4925,14.7776
2026-08-26 09:14:02.587,BTCUSDT,59952.36,59964.36,11.2763,6.9573
2026-08-26 09:14:02.834,BTCUSDT,59938.68,59950.66,16.566,20.6119
2026-08-26 09:14:02.934,SOLUSDT,140.17,140.19,13.9034,18.5371
2026-08-26 09:14:03.075,ETHUSDT,3002.86,3003.46,24.9971,12.3603
2026-08-26 09:14:03.261,SOLUSDT,140.1,140.12,5.9095,6.1559
2026-08-26 09:14:03.516,SOLUSDT,140.05,140.07,10.4018,6.7075
2026-08-26 09:14:03.614,ETHUSDT,2996.86,2997.46,20.0656,17.2418
2026-08-26 09:14:03.743,BTCUSDT,60030.59,60042.59,23.2155,11.1977
2026-08-26 09:14:03.873,SOLUSDT,140.38,140.4,13.6443,22.0213
2026-08-26 09:14:04.100,ETHUSDT,2997.9,2998.5,13.8326,21.4037
2026-08-26 09:14:04.320,ETHUSDT,2995.99,2996.59,8.9203,20.3529
2026-08-26 09:14:04.463,BTCUSDT,60041.53,60053.53,23.2835,18.4709
2026-08-26 09:14:04.724,SOLUSDT,140.13,140.15,21.8696,16.2144
2026-08-26 09:14:04.945,BTCUSDT,59918.1,59930.08,24.4862,11.8541
2026-08-26 09:14:05.062,ETHUSDT,2999.26,2999.86,22.9385,14.4175
2026-08-26 09:14:05.211,SOLUSDT,140.02,140.04,7.8298,15.1316
2026-08-26 09:14:05.311,ETHUSDT,2998.69,2999.29,6.7692,7.5251
2026-08-26 09:14:05.401,BTCUSDT,60032.98,60044.98,10.2771,18.1535
2026-08-26 09:14:05.590,ETHUSDT,3005.17,3005.77,23.4655,16.7116
2026-08-26 09:14:05.740,SOLUSDT,139.91,139.93,21.858,21.2002
2026-08-26 09:14:06.024,ETHUSDT,3003.47,3004.07,24.2752,17.5835
2026-08-26 09:14:06.147,ETHUSDT,2997.93,2998.53,8.6173,18.7288
2026-08-26 09:14:06.367,BTCUSDT,60088.73,60100.75,15.4154,20.9459
2026-08-26 09:14:06.547,SOLUSDT,139.93,139.95,6.7066,12.6409
2026-08-26 09:14:06.761,BTCUSDT,59989.14,60001.14,7.8877,9.1216
2026-08-26 09:14:06.995,SOLUSDT,139.87,139.89,18.8003,9.3278
2026-08-26 09:14:07.265,ETHUSDT,2994.15,2994.75,20.6065,15.7412
2026-08-26 09:14:07.557,ETHUSDT,3003.74,3004.34,10.2034,18.4152
2026-08-26 09:14:07.675,BTCUSDT,60141.16,60153.18,18.2375,9.8766
2026-08-26 09:14:07.958,BTCUSDT,60038.82,60050.82,7.2258,13.8583
2026-08-26 09:14:08.109,ETHUSDT,2999.7,3000.3,8.9119,15.1632
2026-08-26 09:14:08.266,ETHUSDT,3000.13,3000.73,23.1588,5.9242
2026-08-26 09:14:08.435,SOLUSDT,140.0,140.02,13.7098,24.4265
2026-08-26 09:14:08.652,ETHUSDT,3000.09,3000.69,19.8093,12.4635
2026-08-26 09:14:08.739,ETHUSDT,3000.27,3000.87,17.7302,8.7108
2026-08-26 09:14:08.801,BTCUSDT,60020.63,60032.63,15.912,21.9111
2026-08-26 09:14:08.862,SOLUSDT,140.27,140.29,7.0596,12.7986
2026-08-26 09:14:09.014,BTCUSDT,60047.88,60059.9,12.7425,10.9475
2026-08-26 09:14:09.166,ETHUSDT,2997.51,2998.11,14.3454,7.1838
2026-08-26 09:14:09.390,BTCUSDT,60000.91,60012.91,19.3585,18.6937
2026-08-26 09:14:09.448,BTCUSDT,60002.59,60014.59,20.6925,10.0035
2026-08-26 09:14:09.706,SOLUSDT,140.04,140.06,17.9035,9.5894
2026-08-26 09:14:09.787,SOLUSDT,140.03,140.05,19.1034,16.9237
2026-08-26 09:14:09.885,SOLUSDT,139.69,139.71,19.7479,12.4753
2026-08-26 09:14:10.005,ETHUSDT,2999.19,2999.79,16.5915,14.2909
2026-08-26 09:14:10.118,BTCUSDT,59924.0,59935.98,24.2145,23.4455
2026-08-26 09:14:10.211,SOLUSDT,139.42,139.44,19.5725,20.6192
2026-08-26 09:14:10.498,ETHUSDT,3003.58,3004.18,7.8119,7.2616
2026-08-26 09:14:10.769,BTCUSDT,60000.0,60012.0,12.3368,10.5269
2026-08-26 09:14:11.012,SOLUSDT,139.86,139.88,8.9797,24.8731
2026-08-26 09:14:11.063,SOLUSDT,140.0,140.02,8.8425,21.7839
2026-08-26 09:14:11.134,ETHUSDT,3001.14,3001.74,13.9727,22.7078
2026-08-26 09:14:11.381,ETHUSDT,2999.51,3000.11,11.7614,10.0744
2026-08-26 09:14:11.508,SOLUSDT,139.95,139.97,7.4424,22.5216
2026-08-26 09:14:11.704,BTCUSDT,60030.58,60042.58,8.0108,15.8616
2026-08-26 09:14:11.898,ETHUSDT,2999.12,2999.72,15.2645,17.6957
2026-08-26 09:14:12.102,SOLUSDT,140.0,140.02,23.6346,11.7775
2026-08-26 09:14:12.331,ETHUSDT,3000.11,3000.71,14.8556,14.8589
2026-08-26 09:14:12.395,BTCUSDT,59995.83,60007.83,5.6532,13.2161
2026-08-26 09:14:12.542,SOLUSDT,139.93,139.95,6.4743,10.073
2026-08-26 09:14:12.651,BTCUSDT,60125.84,60137.86,6.8645,12.8432
2026-08-26 09:14:12.730,SOLUSDT,140.16,140.18,9.1767,13.9644
2026-08-26 09:14:12.950,SOLUSDT,140.03,140.05,20.2793,13.0742
2026-08-26 09:14:13.241,ETHUSDT,3001.34,3001.94,5.1878,10.5963
2026-08-26 09:14:13.311,SOLUSDT,140.13,140.15,18.5264,18.3659
2026-08-26 09:14:13.428,SOLUSDT,139.84,139.86,20.2061,5.8921
2026-08-26 09:14:13.711,SOLUSDT,139.99,140.01,19.9683,19.4512
2026-08-26 09:14:13.838,ETHUSDT,2998.07,2998.67,24.8909,11.8057
2026-08-26 09:14:14.067,SOLUSDT,139.83,139.85,22.9381,22.1757
2026-08-26 09:14:14.216,ETHUSDT,3004.18,3004.78,21.8739,15.828
2026-08-26 09:14:14.418,BTCUSDT,59935.75,59947.73,21.9025,8.244
2026-08-26 09:14:14.590,SOLUSDT,140.09,140.11,21.3526,19.3624
2026-08-26 09:14:14.787,ETHUSDT,2999.91,3000.51,7.1037,6.0245
2026-08-26 09:14:15.027,ETHUSDT,2999.28,2999.88,11.1335,13.9915
2026-08-26 09:14:15.193,ETHUSDT,2999.78,3000.38,11.8284,7.9972
2026-08-26 09:14:15.329,BTCUSDT,60027.91,60039.91,12.748,16.5323
2026-08-26 09:14:15.514,ETHUSDT,3000.95,3001.55,0.4033,0.332
2026-08-26 09:14:15.785,ETHUSDT,2999.51,3000.11,0.1046,0.2735
2026-08-26 09:14:15.994,SOLUSDT,140.07,140.09,0.1271,0.3078
2026-08-26 09:14:16.189,ETHUSDT,2995.63,2996.23,0.4561,0.2756
2026-08-26 09:14:16.433,SOLUSDT,140.06,140.08,0.1577,0.1891
2026-08-26 09:14:16.514,ETHUSDT,3002.27,3002.87,0.368,0.1342
2026-08-26 09:14:16.798,BTCUSDT,60028.42,60040.42,0.169,0.3643
2026-08-26 09:14:16.884,BTCUSDT,59983.09,59995.09,0.1807,0.1927
2026-08-26 09:14:17.147,BTCUSDT,59983.34,59995.34,0.2009,0.2516
2026-08-26 09:14:17.245,ETHUSDT,2996.11,2996.71,0.3831,0.372
2026-08-26 09:14:17.424,ETHUSDT,2999.42,3000.02,0.3151,0.2567
2026-08-26 09:14:17.571,ETHUSDT,3000.67,3001.27,14.6479,21.6929
2026-08-26 09:14:17.757,ETHUSDT,3000.21,3000.81,15.6213,21.5606
2026-08-26 09:14:17.999,ETHUSDT,2997.96,2998.56,9.9082,7.329
2026-08-26 09:14:18.280,SOLUSDT,139.97,139.99,10.1185,12.2422
2026-08-26 09:14:18.407,BTCUSDT,60021.96,60033.96,11.4797,24.4885
2026-08-26 09:14:18.705,BTCUSDT,60091.88,60103.9,11.6604,5.5973
2026-08-26 09:14:18.813,ETHUSDT,2997.46,2998.06,15.8871,5.5483
2026-08-26 09:14:18.986,SOLUSDT,140.16,140.18,8.3757,9.9821
2026-08-26 09:14:19.138,BTCUSDT,59919.23,59931.21,17.4286,19.3416
2026-08-26 09:14:19.326,ETHUSDT,2998.61,2999.21,24.0284,20.5137
2026-08-26 09:14:19.587,ETHUSDT,2992.94,2993.54,8.1896,22.711
2026-08-26 09:14:19.729,SOLUSDT,139.97,139.99,10.032,8.1501
2026-08-26 09:14:19.926,ETHUSDT,2999.9,3000.5,16.5255,7.262
2026-08-26 09:14:20.170,ETHUSDT,2999.38,2999.98,11.0083,13.5422
2026-08-26 09:14:20.230,BTCUSDT,60027.56,60039.56,14.4201,5.3877
2026-08-26 09:14:20.285,BTCUSDT,60023.82,60035.82,11.2444,18.6955
2026-08-26 09:14:20.520,BTCUSDT,60006.25,60018.25,19.6125,18.1217
2026-08-26 09:14:20.640,ETHUSDT,2998.98,2999.58,10.9511,23.9423
2026-08-26 09:14:20.704,SOLUSDT,140.01,140.03,17.3903,18.171
2026-08-26 09:14:20.943,ETHUSDT,3001.89,3002.49,13.301,22.4889
2026-08-26 09:14:21.107,BTCUSDT,59950.54,59962.54,12.1102,13.1151
2026-08-26 09:14:21.258,ETHUSDT,2999.3,2999.9,8.4162,6.016
2026-08-26 09:14:21.446,BTCUSDT,59935.34,59947.32,15.6911,20.34
2026-08-26 09:14:21.622,BTCUSDT,59903.42,59915.4,5.2679,24.3519
2026-08-26 09:14:21.836,BTCUSDT,59933.53,59945.51,18.7759,9.3233
2026-08-26 09:14:22.000,BTCUSDT,60054.32,60066.34,5.9795,6.7585
2026-08-26 09:14:22.239,SOLUSDT,140.13,140.15,9.5824,13.0267
2026-08-26 09:14:22.290,SOLUSDT,139.97,139.99,15.0034,6.9945
2026-08-26 09:14:22.495,BTCUSDT,59930.63,59942.61,5.8857,7.1371
2026-08-26 09:14:22.578,ETHUSDT,3000.25,3000.85,5.5542,7.5825
2026-08-26 09:14:22.718,BTCUSDT,60009.57,60021.57,21.9677,8.0947
2026-08-26 09:14:22.983,BTCUSDT,59961.81,59973.81,9.5369,7.9879
2026-08-26 09:14:23.182,BTCUSDT,59930.57,59942.55,16.507,22.0199
2026-08-26 09:14:23.472,ETHUSDT,2998.39,2998.99,16.8678,7.0628
2026-08-26 09:14:23.737,SOLUSDT,140.15,140.17,23.2897,21.2111
2026-08-26 09:14:24.018,BTCUSDT,59953.66,59965.66,6.6656,17.0308
2026-08-26 09:14:24.096,ETHUSDT,2999.51,3000.11,21.6098,14.1898
2026-08-26 09:14:24.295,ETHUSDT,3007.55,3008.15,10.9805,21.2141
2026-08-26 09:14:24.581,ETHUSDT,2996.96,2997.56,12.7096,11.9165
2026-08-26 09:14:24.874,SOLUSDT,140.24,140.26,18.862,8.5563
2026-08-26 09:14:25.126,ETHUSDT,2999.94,3000.54,9.7127,23.4801
2026-08-26 09:14:25.338,ETHUSDT,2998.18,2998.78,8.437,20.0299
2026-08-26 09:14:25.617,ETHUSDT,2999.54,3000.14,17.5933,11.8522
2026-08-26 09:14:25.788,ETHUSDT,3000.63,3001.23,8.2958,24.4897
2026-08-26 09:14:25.895,BTCUSDT,60073.04,60085.06,23.0801,20.0537
2026-08-26 09:14:26.140,SOLUSDT,140.13,140.15,21.6984,17.2677
2026-08-26 09:14:26.222,BTCUSDT,60054.28,60066.3,23.5619,17.9455
2026-08-26 09:14:26.279,ETHUSDT,2998.46,2999.06,16.6236,13.3752
2026-08-26 09:14:26.507,SOLUSDT,140.02,140.04,16.3525,5.1897
2026-08-26 09:14:26.599,ETHUSDT,3000.54,3001.14,9.5611,13.304
2026-08-26 09:14:26.681,ETHUSDT,3000.76,3001.36,18.8905,24.3801
2026-08-26 09:14:26.931,ETHUSDT,2994.67,2995.27,16.878,23.4569
2026-08-26 09:14:27.049,SOLUSDT,139.91,139.93,6.061,20.2095
2026-08-26 09:14:27.160,SOLUSDT,139.93,139.95,23.2474,18.5754
2026-08-26 09:14:27.289,BTCUSDT,60039.57,60051.57,20.0428,8.6869
2026-08-26 09:14:27.587,BTCUSDT,60054.46,60066.48,14.8268,22.3257
2026-08-26 09:14:27.793,BTCUSDT,59981.84,59993.84,17.6827,15.4341
2026-08-26 09:14:27.912,BTCUSDT,60018.85,60030.85,24.5778,17.2164
2026-08-26 09:14:28.175,ETHUSDT,3003.75,3004.35,8.2717,16.5042
2026-08-26 09:14:28.348,SOLUSDT,140.09,140.11,17.3291,18.6878
2026-08-26 09:14:28.600,ETHUSDT,2998.28,2998.88,24.6588,9.9839
2026-08-26 09:14:28.769,BTCUSDT,59950.48,59962.48,13.6255,23.2555
2026-08-26 09:14:28.855,SOLUSDT,139.92,139.94,13.0537,5.212
2026-08-26 09:14:29.015,SOLUSDT,140.02,140.04,16.493,19.0634
2026-08-26 09:14:29.142,ETHUSDT,2998.58,2999.18,13.1316,22.2933
2026-08-26 09:14:29.275,BTCUSDT,59915.02,59927.0,15.0648,9.9884
2026-08-26 09:14:29.370,ETHUSDT,3001.4,3002.0,18.1732,6.0499
2026-08-26 09:14:29.605,SOLUSDT,140.14,140.16,7.4988,17.3849
2026-08-26 09:14:29.875,SOLUSDT,140.16,140.18,19.6941,13.8575
2026-08-26 09:14:30.072,ETHUSDT,3002.32,3002.92,17.4395,11.1155
2026-08-26 09:14:30.293,ETHUSDT,2998.6,2999.2,10.5435,22.0734
2026-08-26 09:14:30.463,SOLUSDT,139.99,140.01,20.8237,18.7778
2026-08-26 09:14:30.724,SOLUSDT,140.15,140.17,11.6875,8.9626
2026-08-26 09:14:30.833,SOLUSDT,140.12,140.14,22.8387,9.9255
2026-08-26 09:14:30.895,ETHUSDT,3001.99,3002.59,9.971,22.9629
2026-08-26 09:14:31.020,BTCUSDT,59995.9,60007.9,13.462,7.0294
2026-08-26 09:14:31.252,ETHUSDT,3001.98,3002.58,5.4328,16.4011
2026-08-26 09:14:31.536,ETHUSDT,3004.68,3005.28,6.0993,9.603
2026-08-26 09:14:31.610,BTCUSDT,60024.32,60036.32,5.964,9.9708
2026-08-26 09:14:31.796,BTCUSDT,60122.09,60134.11,19.174,12.3128
2026-08-26 09:14:32.024,ETHUSDT,2997.72,2998.32,21.0794,24.1204
2026-08-26 09:14:32.246,BTCUSDT,59962.66,59974.66,8.0377,22.9072
2026-08-26 09:14:32.336,ETHUSDT,2993.44,2994.04,12.8654,6.4241
2026-08-26 09:14:32.591,ETHUSDT,2999.07,2999.67,22.117,7.6319
2026-08-26 09:14:32.704,BTCUSDT,59985.32,59997.32,20.4139,6.5074
2026-08-26 09:14:32.940,SOLUSDT,140.22,140.24,23.0684,11.9859
2026-08-26 09:14:33.007,SOLUSDT,139.86,139.88,17.2248,10.0786
2026-08-26 09:14:33.137,SOLUSDT,139.96,139.98,7.2015,18.8401
2026-08-26 09:14:33.391,ETHUSDT,3000.98,3001.58,23.9879,22.8827
2026-08-26 09:14:33.512,BTCUSDT,59963.65,59975.65,24.1758,17.6361
