order_id,timestamp,symbol,side,order_type,requested_price,quantity,status
ORD-000001,2026-08-26 09:00:00.238,SOLUSDT,BUY,MARKET,140.08,0.636,FILLED
ORD-000002,2026-08-26 09:00:00.347,BTCUSDT,BUY,MARKET,59939.28,0.325,FILLED
ORD-000003,2026-08-26 09:00:00.504,SOLUSDT,BUY,MARKET,140.23,1.783,FILLED
ORD-000004,2026-08-26 09:00:00.760,BTCUSDT,SELL,MARKET,59959.15,0.116,FILLED
ORD-000005,2026-08-26 09:00:00.896,BTCUSDT,SELL,MARKET,60008.52,2.397,FILLED
ORD-000006,2026-08-26 09:00:01.013,BTCUSDT,BUY,MARKET,60054.99,0.925,FILLED
ORD-000007,2026-08-26 09:00:01.204,BTCUSDT,SELL,MARKET,59939.53,1.008,FILLED
ORD-000008,2026-08-26 09:00:01.312,ETHUSDT,SELL,MARKET,2997.81,0.21,FILLED
ORD-000009,2026-08-26 09:00:01.478,ETHUSDT,BUY,MARKET,2998.67,1.012,FILLED
ORD-000010,2026-08-26 09:00:01.707,SOLUSDT,SELL,MARKET,139.91,1.708,FILLED
ORD-000011,2026-08-26 09:00:01.798,SOLUSDT,BUY,MARKET,139.93,1.85,FILLED
ORD-000012,2026-08-26 09:00:01.904,ETHUSDT,SELL,MARKET,2998.1,1.752,FILLED
ORD-000013,2026-08-26 09:00:01.962,SOLUSDT,SELL,MARKET,140.11,0.65,FILLED
ORD-000014,2026-08-26 09:00:02.236,ETHUSDT,SELL,MARKET,3008.03,2.363,FILLED
ORD-000015,2026-08-26 09:00:02.450,SOLUSDT,SELL,MARKET,140.09,2.223,FILLED
ORD-000016,2026-08-26 09:00:02.567,ETHUSDT,BUY,MARKET,2997.27,1.447,FILLED
ORD-000017,2026-08-26 09:00:02.652,SOLUSDT,SELL,MARKET,139.93,0.626,FILLED
ORD-000018,2026-08-26 09:00:02.862,SOLUSDT,SELL,MARKET,139.83,0.363,FILLED
ORD-000019,2026-08-26 09:00:03.031,BTCUSDT,SELL,MARKET,59953.38,1.53,FILLED
ORD-000020,2026-08-26 09:00:03.265,SOLUSDT,SELL,MARKET,140.07,0.128,FILLED
ORD-000021,2026-08-26 09:00:03.355,BTCUSDT,SELL,MARKET,59943.66,0.804,FILLED
ORD-000022,2026-08-26 09:00:03.533,ETHUSDT,BUY,MARKET,2995.78,0.732,FILLED
ORD-000023,2026-08-26 09:00:03.738,BTCUSDT,BUY,MARKET,59939.61,1.633,FILLED
ORD-000024,2026-08-26 09:00:04.024,BTCUSDT,BUY,MARKET,60056.1,2.388,FILLED
ORD-000025,2026-08-26 09:00:04.166,SOLUSDT,BUY,MARKET,140.06,0.368,FILLED
ORD-000026,2026-08-26 09:00:04.237,ETHUSDT,BUY,MARKET,3004.79,2.373,FILLED
ORD-000027,2026-08-26 09:00:04.319,SOLUSDT,SELL,MARKET,139.62,1.378,FILLED
ORD-000028,2026-08-26 09:00:04.524,BTCUSDT,SELL,MARKET,59908.88,1.366,FILLED
ORD-000029,2026-08-26 09:00:04.756,ETHUSDT,BUY,MARKET,2999.64,1.756,FILLED
ORD-000030,2026-08-26 09:00:04.938,ETHUSDT,SELL,MARKET,2997.33,1.151,FILLED
ORD-000031,2026-08-26 09:00:05.129,ETHUSDT,BUY,MARKET,2997.87,0.15,FILLED
ORD-000032,2026-08-26 09:00:05.196,BTCUSDT,BUY,MARKET,60036.09,0.241,FILLED
ORD-000033,2026-08-26 09:00:05.300,BTCUSDT,SELL,MARKET,59962.21,1.706,FILLED
ORD-000034,2026-08-26 09:00:05.412,SOLUSDT,BUY,MARKET,140.2,1.483,FILLED
ORD-000035,2026-08-26 09:00:05.570,ETHUSDT,SELL,MARKET,2997.59,1.135,FILLED
ORD-000036,2026-08-26 09:00:05.785,ETHUSDT,SELL,MARKET,3003.52,1.668,FILLED
ORD-000037,2026-08-26 09:00:05.898,BTCUSDT,BUY,MARKET,60006.31,2.168,FILLED
ORD-000038,2026-08-26 09:00:06.066,BTCUSDT,BUY,MARKET,59982.27,0.54,FILLED
ORD-000039,2026-08-26 09:00:06.128,BTCUSDT,BUY,MARKET,59996.32,1.421,FILLED
ORD-000040,2026-08-26 09:00:06.220,SOLUSDT,BUY,MARKET,139.88,2.137,FILLED
ORD-000041,2026-08-26 09:00:06.312,ETHUSDT,SELL,MARKET,2993.94,2.266,FILLED
ORD-000042,2026-08-26 09:00:06.478,ETHUSDT,BUY,MARKET,3000.61,1.982,FILLED
ORD-000043,2026-08-26 09:00:06.697,ETHUSDT,SELL,MARKET,2999.12,1.98,FILLED
ORD-000044,2026-08-26 09:00:06.895,SOLUSDT,SELL,MARKET,140.04,2.425,FILLED
ORD-000045,2026-08-26 09:00:07.073,SOLUSDT,BUY,MARKET,140.17,1.502,FILLED
ORD-000046,2026-08-26 09:00:07.140,SOLUSDT,BUY,MARKET,139.9,2.143,FILLED
ORD-000047,2026-08-26 09:00:07.417,SOLUSDT,BUY,MARKET,140.09,0.388,FILLED
ORD-000048,2026-08-26 09:00:07.635,SOLUSDT,BUY,MARKET,139.94,0.297,FILLED
ORD-000049,2026-08-26 09:00:07.746,SOLUSDT,SELL,MARKET,140.0,1.819,FILLED
ORD-000050,2026-08-26 09:00:08.033,ETHUSDT,SELL,MARKET,2999.73,1.197,FILLED
ORD-000051,2026-08-26 09:00:08.101,BTCUSDT,BUY,MARKET,59942.25,2.491,FILLED
ORD-000052,2026-08-26 09:00:08.168,SOLUSDT,BUY,MARKET,140.1,0.938,FILLED
ORD-000053,2026-08-26 09:00:08.295,BTCUSDT,SELL,MARKET,59947.0,1.404,FILLED
ORD-000054,2026-08-26 09:00:08.371,SOLUSDT,BUY,MARKET,139.96,2.336,FILLED
ORD-000055,2026-08-26 09:00:08.490,BTCUSDT,SELL,MARKET,60007.65,1.428,FILLED
ORD-000056,2026-08-26 09:00:08.607,ETHUSDT,BUY,MARKET,2999.33,1.622,FILLED
ORD-000057,2026-08-26 09:00:08.819,SOLUSDT,SELL,MARKET,140.03,0.222,FILLED
ORD-000058,2026-08-26 09:00:09.119,ETHUSDT,SELL,MARKET,3003.6,0.414,FILLED
ORD-000059,2026-08-26 09:00:09.171,ETHUSDT,BUY,MARKET,3001.05,1.126,FILLED
ORD-000060,2026-08-26 09:00:09.230,BTCUSDT,BUY,MARKET,60019.58,0.458,FILLED
ORD-000061,2026-08-26 09:00:09.518,ETHUSDT,BUY,MARKET,3001.18,0.975,FILLED
ORD-000062,2026-08-26 09:00:09.767,BTCUSDT,SELL,MARKET,60004.49,0.347,FILLED
ORD-000063,2026-08-26 09:00:09.877,SOLUSDT,SELL,MARKET,139.82,2.322,FILLED
ORD-000064,2026-08-26 09:00:10.012,BTCUSDT,BUY,MARKET,59960.93,1.868,FILLED
ORD-000065,2026-08-26 09:00:10.285,ETHUSDT,BUY,MARKET,3003.19,0.359,FILLED
ORD-000066,2026-08-26 09:00:10.413,BTCUSDT,SELL,MARKET,59941.95,1.205,FILLED
ORD-000067,2026-08-26 09:00:10.684,BTCUSDT,BUY,MARKET,59952.62,0.888,FILLED
ORD-000068,2026-08-26 09:00:10.949,BTCUSDT,SELL,MARKET,60046.71,1.731,FILLED
ORD-000069,2026-08-26 09:00:11.044,SOLUSDT,SELL,MARKET,139.99,2.429,FILLED
ORD-000070,2026-08-26 09:00:11.295,SOLUSDT,SELL,MARKET,139.79,0.93,FILLED
ORD-000071,2026-08-26 09:00:11.492,ETHUSDT,SELL,MARKET,2996.49,1.024,FILLED
ORD-000072,2026-08-26 09:00:11.748,BTCUSDT,SELL,MARKET,59986.55,1.348,FILLED
ORD-000073,2026-08-26 09:00:11.882,SOLUSDT,BUY,MARKET,139.89,1.694,FILLED
ORD-000074,2026-08-26 09:00:12.061,SOLUSDT,SELL,MARKET,139.86,2.26,FILLED
ORD-000075,2026-08-26 09:00:12.160,ETHUSDT,SELL,MARKET,3000.22,1.431,FILLED
ORD-000076,2026-08-26 09:00:12.287,ETHUSDT,SELL,MARKET,3000.39,1.577,FILLED
ORD-000077,2026-08-26 09:00:12.492,ETHUSDT,BUY,MARKET,3000.47,1.986,FILLED
ORD-000078,2026-08-26 09:00:12.663,SOLUSDT,SELL,MARKET,140.11,0.613,FILLED
ORD-000079,2026-08-26 09:00:12.871,SOLUSDT,BUY,MARKET,139.82,1.693,FILLED
ORD-000080,2026-08-26 09:00:12.978,ETHUSDT,BUY,MARKET,3001.21,1.715,FILLED
ORD-000081,2026-08-26 09:00:13.245,BTCUSDT,BUY,MARKET,60036.9,1.24,FILLED
ORD-000082,2026-08-26 09:00:13.473,BTCUSDT,SELL,MARKET,60073.84,0.567,FILLED
ORD-000083,2026-08-26 09:00:13.751,ETHUSDT,SELL,MARKET,2998.75,1.75,FILLED
ORD-000084,2026-08-26 09:00:13.919,BTCUSDT,SELL,MARKET,60003.9,1.77,FILLED
ORD-000085,2026-08-26 09:00:14.087,BTCUSDT,BUY,MARKET,60144.89,0.42,FILLED
ORD-000086,2026-08-26 09:00:14.321,SOLUSDT,SELL,MARKET,139.93,1.57,FILLED
ORD-000087,2026-08-26 09:00:14.561,SOLUSDT,SELL,MARKET,139.92,2.253,FILLED
ORD-000088,2026-08-26 09:00:14.807,ETHUSDT,SELL,MARKET,3004.38,1.63,FILLED
ORD-000089,2026-08-26 09:00:14.930,SOLUSDT,SELL,MARKET,139.89,0.286,FILLED
ORD-000090,2026-08-26 09:00:15.018,BTCUSDT,SELL,MARKET,60137.33,0.293,FILLED
ORD-000091,2026-08-26 09:00:15.172,BTCUSDT,SELL,MARKET,59872.5,0.254,FILLED
ORD-000092,2026-08-26 09:00:15.453,ETHUSDT,SELL,MARKET,2998.37,1.108,FILLED
ORD-000093,2026-08-26 09:00:15.504,SOLUSDT,BUY,MARKET,140.08,1.013,FILLED
ORD-000094,2026-08-26 09:00:15.661,ETHUSDT,SELL,MARKET,2998.7,2.388,FILLED
ORD-000095,2026-08-26 09:00:15.810,SOLUSDT,BUY,MARKET,140.26,1.266,FILLED
ORD-000096,2026-08-26 09:00:16.019,ETHUSDT,SELL,MARKET,3000.83,2.307,FILLED
ORD-000097,2026-08-26 09:00:16.090,SOLUSDT,BUY,MARKET,139.8,1.691,FILLED
ORD-000098,2026-08-26 09:00:16.237,SOLUSDT,SELL,MARKET,139.96,0.221,FILLED
ORD-000099,2026-08-26 09:00:16.358,ETHUSDT,BUY,MARKET,2990.58,2.211,FILLED
ORD-000100,2026-08-26 09:00:16.465,ETHUSDT,SELL,MARKET,2993.72,0.225,FILLED
ORD-000101,2026-08-26 09:00:16.520,SOLUSDT,BUY,MARKET,139.83,2.379,REJECTED
ORD-000102,2026-08-26 09:00:16.635,SOLUSDT,BUY,MARKET,139.99,2.375,FILLED
ORD-000103,2026-08-26 09:00:16.764,ETHUSDT,BUY,MARKET,2998.9,1.967,REJECTED
ORD-000104,2026-08-26 09:00:16.864,BTCUSDT,BUY,MARKET,60030.3,1.001,FILLED
ORD-000105,2026-08-26 09:00:17.058,BTCUSDT,BUY,MARKET,60060.59,1.541,REJECTED
ORD-000106,2026-08-26 09:00:17.215,BTCUSDT,SELL,MARKET,59981.85,1.654,REJECTED
ORD-000107,2026-08-26 09:00:17.310,ETHUSDT,BUY,MARKET,3000.48,1.203,REJECTED
ORD-000108,2026-08-26 09:00:17.511,SOLUSDT,SELL,MARKET,139.72,1.216,FILLED
ORD-000109,2026-08-26 09:00:17.679,ETHUSDT,SELL,MARKET,3003.54,2.216,REJECTED
ORD-000110,2026-08-26 09:00:17.795,SOLUSDT,SELL,MARKET,140.09,1.27,FILLED
ORD-000111,2026-08-26 09:00:17.847,ETHUSDT,SELL,MARKET,2999.91,0.763,FILLED
ORD-000112,2026-08-26 09:00:18.091,SOLUSDT,BUY,MARKET,140.04,1.273,FILLED
ORD-000113,2026-08-26 09:00:18.164,BTCUSDT,SELL,MARKET,60044.97,2.003,FILLED
ORD-000114,2026-08-26 09:00:18.308,ETHUSDT,BUY,MARKET,3004.66,1.694,FILLED
ORD-000115,2026-08-26 09:00:18.537,ETHUSDT,SELL,MARKET,3001.59,0.894,FILLED
ORD-000116,2026-08-26 09:00:18.667,ETHUSDT,SELL,MARKET,2997.57,1.831,FILLED
ORD-000117,2026-08-26 09:00:18.867,BTCUSDT,BUY,MARKET,60013.04,0.764,FILLED
ORD-000118,2026-08-26 09:00:19.009,SOLUSDT,SELL,MARKET,140.15,0.811,FILLED
ORD-000119,2026-08-26 09:00:19.308,BTCUSDT,SELL,MARKET,60059.92,0.758,FILLED
ORD-000120,2026-08-26 09:00:19.483,BTCUSDT,SELL,MARKET,60009.7,2.184,FILLED
ORD-000121,2026-08-26 09:00:19.580,BTCUSDT,BUY,MARKET,60007.26,1.157,FILLED
ORD-000122,2026-08-26 09:00:19.732,BTCUSDT,SELL,MARKET,60045.23,2.073,FILLED
ORD-000123,2026-08-26 09:00:19.989,ETHUSDT,BUY,MARKET,2999.91,0.464,FILLED
ORD-000124,2026-08-26 09:00:20.145,SOLUSDT,SELL,MARKET,140.14,1.439,FILLED
ORD-000125,2026-08-26 09:00:20.271,SOLUSDT,BUY,MARKET,139.84,2.28,FILLED
ORD-000126,2026-08-26 09:00:20.510,SOLUSDT,SELL,MARKET,140.08,1.563,FILLED
ORD-000127,2026-08-26 09:00:20.621,BTCUSDT,BUY,MARKET,59952.15,0.295,FILLED
ORD-000128,2026-08-26 09:00:20.791,BTCUSDT,BUY,MARKET,60112.24,1.754,FILLED
ORD-000129,2026-08-26 09:00:20.957,ETHUSDT,BUY,MARKET,2999.34,1.787,FILLED
ORD-000130,2026-08-26 09:00:21.176,BTCUSDT,BUY,MARKET,60087.48,1.6,FILLED
ORD-000131,2026-08-26 09:00:21.294,BTCUSDT,SELL,MARKET,59963.58,0.458,FILLED
ORD-000132,2026-08-26 09:00:21.555,BTCUSDT,BUY,MARKET,60058.36,1.528,FILLED
ORD-000133,2026-08-26 09:00:21.708,SOLUSDT,SELL,MARKET,139.79,0.83,FILLED
ORD-000134,2026-08-26 09:00:21.946,ETHUSDT,SELL,MARKET,3003.78,2.235,FILLED
ORD-000135,2026-08-26 09:00:22.216,ETHUSDT,SELL,MARKET,3004.13,1.718,FILLED
ORD-000136,2026-08-26 09:00:22.276,SOLUSDT,BUY,MARKET,140.01,0.747,FILLED
ORD-000137,2026-08-26 09:00:22.475,BTCUSDT,SELL,MARKET,59944.37,0.768,FILLED
ORD-000138,2026-08-26 09:00:22.607,ETHUSDT,SELL,MARKET,2999.97,1.08,FILLED
ORD-000139,2026-08-26 09:00:22.730,SOLUSDT,BUY,MARKET,139.95,1.765,FILLED
ORD-000140,2026-08-26 09:00:22.860,SOLUSDT,SELL,MARKET,140.13,1.192,FILLED
ORD-000141,2026-08-26 09:00:23.121,ETHUSDT,SELL,MARKET,2997.38,2.176,FILLED
ORD-000142,2026-08-26 09:00:23.364,BTCUSDT,SELL,MARKET,60018.37,0.968,FILLED
ORD-000143,2026-08-26 09:00:23.651,ETHUSDT,SELL,MARKET,2997.4,1.418,FILLED
ORD-000144,2026-08-26 09:00:23.862,ETHUSDT,SELL,MARKET,3002.63,0.169,FILLED
ORD-000145,2026-08-26 09:00:24.016,SOLUSDT,BUY,MARKET,139.93,0.133,FILLED
ORD-000146,2026-08-26 09:00:24.096,BTCUSDT,BUY,MARKET,59897.38,1.207,FILLED
ORD-000147,2026-08-26 09:00:24.215,SOLUSDT,BUY,MARKET,140.27,1.321,FILLED
ORD-000148,2026-08-26 09:00:24.363,ETHUSDT,SELL,MARKET,3002.61,1.423,FILLED
ORD-000149,2026-08-26 09:00:24.519,BTCUSDT,BUY,MARKET,60115.9,1.996,FILLED
ORD-000150,2026-08-26 09:00:24.719,ETHUSDT,SELL,MARKET,2998.85,0.817,FILLED
ORD-000151,2026-08-26 09:00:24.854,SOLUSDT,SELL,MARKET,140.18,1.262,FILLED
ORD-000152,2026-08-26 09:00:25.082,SOLUSDT,SELL,MARKET,140.03,0.553,FILLED
ORD-000153,2026-08-26 09:00:25.322,BTCUSDT,SELL,MARKET,59958.04,0.205,FILLED
ORD-000154,2026-08-26 09:00:25.410,ETHUSDT,SELL,MARKET,3000.61,2.07,FILLED
ORD-000155,2026-08-26 09:00:25.485,ETHUSDT,BUY,MARKET,3000.44,0.897,FILLED
ORD-000156,2026-08-26 09:00:25.639,ETHUSDT,BUY,MARKET,2995.5,1.834,FILLED
ORD-000157,2026-08-26 09:00:25.848,SOLUSDT,BUY,MARKET,140.08,0.736,FILLED
ORD-000158,2026-08-26 09:00:26.117,SOLUSDT,SELL,MARKET,140.21,2.146,FILLED
ORD-000159,2026-08-26 09:00:26.291,SOLUSDT,SELL,MARKET,139.89,2.23,FILLED
ORD-000160,2026-08-26 09:00:26.414,SOLUSDT,BUY,MARKET,140.23,1.743,FILLED
ORD-000161,2026-08-26 09:00:26.687,BTCUSDT,BUY,MARKET,60111.33,1.621,FILLED
ORD-000162,2026-08-26 09:00:26.820,BTCUSDT,SELL,MARKET,59977.85,0.169,FILLED
ORD-000163,2026-08-26 09:00:26.975,BTCUSDT,SELL,MARKET,60076.11,0.686,FILLED
ORD-000164,2026-08-26 09:00:27.183,SOLUSDT,BUY,MARKET,139.96,2.19,FILLED
ORD-000165,2026-08-26 09:00:27.396,SOLUSDT,BUY,MARKET,139.76,0.657,FILLED
ORD-000166,2026-08-26 09:00:27.676,ETHUSDT,SELL,MARKET,2999.29,2.031,FILLED
ORD-000167,2026-08-26 09:00:27.802,ETHUSDT,BUY,MARKET,3000.52,2.47,FILLED
ORD-000168,2026-08-26 09:00:27.950,SOLUSDT,SELL,MARKET,140.04,0.825,FILLED
ORD-000169,2026-08-26 09:00:28.179,ETHUSDT,BUY,MARKET,3000.13,1.48,FILLED
ORD-000170,2026-08-26 09:00:28.373,ETHUSDT,BUY,MARKET,3001.51,0.759,FILLED
ORD-000171,2026-08-26 09:00:28.654,SOLUSDT,BUY,MARKET,140.1,2.099,FILLED
ORD-000172,2026-08-26 09:00:28.862,ETHUSDT,BUY,MARKET,3001.76,1.628,FILLED
ORD-000173,2026-08-26 09:00:28.991,ETHUSDT,BUY,MARKET,3003.17,1.651,FILLED
ORD-000174,2026-08-26 09:00:29.116,ETHUSDT,BUY,MARKET,2998.87,0.316,FILLED
ORD-000175,2026-08-26 09:00:29.414,ETHUSDT,SELL,MARKET,2997.32,1.395,FILLED
ORD-000176,2026-08-26 09:00:29.587,ETHUSDT,SELL,MARKET,2999.13,2.079,FILLED
ORD-000177,2026-08-26 09:00:29.830,ETHUSDT,SELL,MARKET,2999.81,0.281,FILLED
ORD-000178,2026-08-26 09:00:30.082,BTCUSDT,SELL,MARKET,60066.27,0.978,FILLED
ORD-000179,2026-08-26 09:00:30.323,ETHUSDT,BUY,MARKET,2999.64,0.985,FILLED
ORD-000180,2026-08-26 09:00:30.400,SOLUSDT,SELL,MARKET,140.07,2.357,FILLED
ORD-000181,2026-08-26 09:00:30.533,SOLUSDT,BUY,MARKET,139.69,2.364,FILLED
ORD-000182,2026-08-26 09:00:30.762,SOLUSDT,BUY,MARKET,139.7,1.214,FILLED
ORD-000183,2026-08-26 09:00:30.938,ETHUSDT,SELL,MARKET,3000.63,0.189,FILLED
ORD-000184,2026-08-26 09:00:31.082,BTCUSDT,BUY,MARKET,60010.77,1.033,FILLED
ORD-000185,2026-08-26 09:00:31.299,SOLUSDT,SELL,MARKET,140.02,2.225,FILLED
ORD-000186,2026-08-26 09:00:31.525,BTCUSDT,SELL,MARKET,59991.13,0.771,FILLED
ORD-000187,2026-08-26 09:00:31.600,ETHUSDT,BUY,MARKET,2997.06,2.153,FILLED
ORD-000188,2026-08-26 09:00:31.751,SOLUSDT,SELL,MARKET,140.12,0.961,FILLED
ORD-000189,2026-08-26 09:00:31.824,ETHUSDT,BUY,MARKET,3004.74,2.078,FILLED
ORD-000190,2026-08-26 09:00:32.075,SOLUSDT,BUY,MARKET,140.15,0.151,FILLED
ORD-000191,2026-08-26 09:00:32.337,ETHUSDT,BUY,MARKET,2999.73,0.592,FILLED
ORD-000192,2026-08-26 09:00:32.585,SOLUSDT,BUY,MARKET,139.83,0.659,FILLED
ORD-000193,2026-08-26 09:00:32.773,BTCUSDT,BUY,MARKET,60039.78,2.47,FILLED
ORD-000194,2026-08-26 09:00:32.914,ETHUSDT,BUY,MARKET,2998.42,0.416,FILLED
ORD-000195,2026-08-26 09:00:33.071,BTCUSDT,SELL,MARKET,59942.17,0.404,FILLED
ORD-000196,2026-08-26 09:00:33.252,SOLUSDT,BUY,MARKET,140.11,1.967,FILLED
ORD-000197,2026-08-26 09:00:33.488,SOLUSDT,BUY,MARKET,139.88,1.576,FILLED
ORD-000198,2026-08-26 09:00:33.660,SOLUSDT,SELL,MARKET,140.03,0.246,FILLED
ORD-000199,2026-08-26 09:00:33.728,ETHUSDT,SELL,MARKET,2996.77,2.283,FILLED
ORD-000200,2026-08-26 09:00:33.940,BTCUSDT,SELL,MARKET,60091.17,0.76,FILLED
ORD-000201,2026-08-26 09:00:34.119,SOLUSDT,SELL,MARKET,140.07,0.808,FILLED
ORD-000202,2026-08-26 09:00:34.335,SOLUSDT,SELL,MARKET,139.61,2.147,FILLED
ORD-000203,2026-08-26 09:00:34.596,SOLUSDT,BUY,MARKET,139.88,1.093,FILLED
ORD-000204,2026-08-26 09:00:34.816,ETHUSDT,SELL,MARKET,3000.5,1.124,FILLED
ORD-000205,2026-08-26 09:00:34.889,ETHUSDT,SELL,MARKET,2999.84,1.238,FILLED
ORD-000206,2026-08-26 09:00:34.972,BTCUSDT,BUY,MARKET,60051.62,0.994,FILLED
ORD-000207,2026-08-26 09:00:35.053,SOLUSDT,BUY,MARKET,140.21,0.891,FILLED
ORD-000208,2026-08-26 09:00:35.337,ETHUSDT,SELL,MARKET,2996.6,1.115,FILLED
ORD-000209,2026-08-26 09:00:35.534,SOLUSDT,BUY,MARKET,139.93,0.944,FILLED
ORD-000210,2026-08-26 09:00:35.673,SOLUSDT,BUY,MARKET,140.23,2.133,FILLED
ORD-000211,2026-08-26 09:00:35.832,SOLUSDT,SELL,MARKET,139.93,0.643,FILLED
ORD-000212,2026-08-26 09:00:35.889,SOLUSDT,BUY,MARKET,139.97,1.764,FILLED
ORD-000213,2026-08-26 09:00:35.940,BTCUSDT,SELL,MARKET,60118.51,0.916,FILLED
ORD-000214,2026-08-26 09:00:36.152,BTCUSDT,BUY,MARKET,60062.87,0.44,FILLED
ORD-000215,2026-08-26 09:00:36.289,BTCUSDT,BUY,MARKET,59945.5,1.108,FILLED
ORD-000216,2026-08-26 09:00:36.491,BTCUSDT,SELL,MARKET,59943.4,2.359,FILLED
ORD-000217,2026-08-26 09:00:36.561,BTCUSDT,BUY,MARKET,59992.85,0.219,FILLED
ORD-000218,2026-08-26 09:00:36.680,ETHUSDT,SELL,MARKET,2999.99,1.161,FILLED
ORD-000219,2026-08-26 09:00:36.881,BTCUSDT,BUY,MARKET,60074.64,1.728,FILLED
ORD-000220,2026-08-26 09:00:36.985,ETHUSDT,SELL,MARKET,3003.44,0.118,FILLED
ORD-000221,2026-08-26 09:00:37.171,BTCUSDT,SELL,MARKET,60004.91,1.134,REJECTED
ORD-000222,2026-08-26 09:00:37.231,SOLUSDT,BUY,MARKET,140.04,0.273,FILLED
ORD-000223,2026-08-26 09:00:37.444,ETHUSDT,BUY,MARKET,3002.79,1.13,FILLED
ORD-000224,2026-08-26 09:00:37.706,ETHUSDT,SELL,MARKET,2997.13,2.023,FILLED
ORD-000225,2026-08-26 09:00:37.857,SOLUSDT,SELL,MARKET,140.06,1.513,FILLED
ORD-000226,2026-08-26 09:00:37.956,ETHUSDT,SELL,MARKET,3000.7,1.62,FILLED
ORD-000227,2026-08-26 09:00:38.056,ETHUSDT,SELL,MARKET,2998.89,0.667,REJECTED
ORD-000228,2026-08-26 09:00:38.299,BTCUSDT,BUY,MARKET,59947.26,1.955,FILLED
ORD-000229,2026-08-26 09:00:38.597,SOLUSDT,SELL,MARKET,140.1,2.468,FILLED
ORD-000230,2026-08-26 09:00:38.661,SOLUSDT,SELL,MARKET,139.86,0.827,FILLED
ORD-000231,2026-08-26 09:00:38.923,ETHUSDT,BUY,MARKET,3001.54,0.237,FILLED
ORD-000232,2026-08-26 09:00:39.125,ETHUSDT,BUY,MARKET,2997.12,0.317,FILLED
ORD-000233,2026-08-26 09:00:39.404,SOLUSDT,SELL,MARKET,139.74,2.0,FILLED
ORD-000234,2026-08-26 09:00:39.608,BTCUSDT,SELL,MARKET,60004.83,0.552,FILLED
ORD-000235,2026-08-26 09:00:39.872,ETHUSDT,BUY,MARKET,3000.63,2.046,FILLED
ORD-000236,2026-08-26 09:00:40.034,ETHUSDT,BUY,MARKET,3000.95,0.695,FILLED
ORD-000237,2026-08-26 09:00:40.282,ETHUSDT,BUY,MARKET,3005.95,1.03,FILLED
ORD-000238,2026-08-26 09:00:40.356,ETHUSDT,BUY,MARKET,3000.85,0.258,FILLED
ORD-000239,2026-08-26 09:00:40.638,SOLUSDT,SELL,MARKET,139.85,1.676,FILLED
ORD-000240,2026-08-26 09:00:40.777,SOLUSDT,BUY,MARKET,140.37,0.439,FILLED
ORD-000241,2026-08-26 09:00:40.970,ETHUSDT,SELL,MARKET,2999.23,0.303,FILLED
ORD-000242,2026-08-26 09:00:41.209,ETHUSDT,SELL,MARKET,3002.26,2.09,FILLED
ORD-000243,2026-08-26 09:00:41.351,SOLUSDT,BUY,MARKET,139.83,0.968,FILLED
ORD-000244,2026-08-26 09:00:41.450,ETHUSDT,BUY,MARKET,2995.79,1.939,FILLED
ORD-000245,2026-08-26 09:00:41.629,BTCUSDT,BUY,MARKET,59991.26,1.991,FILLED
ORD-000246,2026-08-26 09:00:41.831,SOLUSDT,BUY,MARKET,140.12,1.583,FILLED
ORD-000247,2026-08-26 09:00:42.088,ETHUSDT,BUY,MARKET,3005.85,1.951,FILLED
ORD-000248,2026-08-26 09:00:42.386,BTCUSDT,SELL,MARKET,59932.98,1.827,FILLED
ORD-000249,2026-08-26 09:00:42.497,ETHUSDT,SELL,MARKET,2998.89,0.662,FILLED
ORD-000250,2026-08-26 09:00:42.693,ETHUSDT,SELL,MARKET,2999.7,1.728,FILLED
ORD-000251,2026-08-26 09:00:42.850,ETHUSDT,SELL,MARKET,2999.74,1.307,FILLED
ORD-000252,2026-08-26 09:00:43.064,BTCUSDT,BUY,MARKET,59999.11,0.7,FILLED
ORD-000253,2026-08-26 09:00:43.331,ETHUSDT,SELL,MARKET,2999.6,2.13,FILLED
ORD-000254,2026-08-26 09:00:43.512,BTCUSDT,SELL,MARKET,60077.3,1.178,FILLED
ORD-000255,2026-08-26 09:00:43.788,BTCUSDT,SELL,MARKET,60068.76,2.06,FILLED
ORD-000256,2026-08-26 09:00:43.936,ETHUSDT,BUY,MARKET,3001.17,0.998,FILLED
ORD-000257,2026-08-26 09:00:44.168,BTCUSDT,SELL,MARKET,59909.56,0.338,FILLED
ORD-000258,2026-08-26 09:00:44.430,SOLUSDT,SELL,MARKET,139.94,0.789,FILLED
ORD-000259,2026-08-26 09:00:44.711,ETHUSDT,BUY,MARKET,3003.11,1.577,FILLED
ORD-000260,2026-08-26 09:00:44.947,BTCUSDT,BUY,MARKET,59963.73,1.417,FILLED
ORD-000261,2026-08-26 09:00:45.009,SOLUSDT,SELL,MARKET,139.92,0.823,FILLED
ORD-000262,2026-08-26 09:00:45.273,BTCUSDT,SELL,MARKET,59972.96,0.251,FILLED
ORD-000263,2026-08-26 09:00:45.397,ETHUSDT,BUY,MARKET,3002.43,1.825,FILLED
ORD-000264,2026-08-26 09:00:45.617,ETHUSDT,BUY,MARKET,3005.24,1.1,FILLED
ORD-000265,2026-08-26 09:00:45.806,SOLUSDT,BUY,MARKET,140.09,2.388,FILLED
ORD-000266,2026-08-26 09:00:45.951,SOLUSDT,BUY,MARKET,139.78,1.626,FILLED
ORD-000267,2026-08-26 09:00:46.169,ETHUSDT,BUY,MARKET,2998.73,0.679,FILLED
ORD-000268,2026-08-26 09:00:46.230,SOLUSDT,BUY,MARKET,140.19,0.898,FILLED
ORD-000269,2026-08-26 09:00:46.398,ETHUSDT,SELL,MARKET,2995.86,1.97,FILLED
ORD-000270,2026-08-26 09:00:46.646,SOLUSDT,SELL,MARKET,139.74,0.251,FILLED
ORD-000271,2026-08-26 09:00:46.706,ETHUSDT,BUY,MARKET,2998.67,0.579,FILLED
ORD-000272,2026-08-26 09:00:46.820,ETHUSDT,SELL,MARKET,3002.62,1.403,FILLED
ORD-000273,2026-08-26 09:00:47.037,BTCUSDT,BUY,MARKET,59984.18,0.215,FILLED
ORD-000274,2026-08-26 09:00:47.277,ETHUSDT,SELL,MARKET,3006.17,2.235,FILLED
ORD-000275,2026-08-26 09:00:47.421,ETHUSDT,SELL,MARKET,3000.21,1.761,FILLED
ORD-000276,2026-08-26 09:00:47.625,SOLUSDT,SELL,MARKET,139.81,0.289,FILLED
ORD-000277,2026-08-26 09:00:47.753,BTCUSDT,SELL,MARKET,60005.75,1.686,FILLED
ORD-000278,2026-08-26 09:00:47.989,ETHUSDT,SELL,MARKET,3005.72,1.173,FILLED
ORD-000279,2026-08-26 09:00:48.058,ETHUSDT,SELL,MARKET,3000.47,2.375,FILLED
ORD-000280,2026-08-26 09:00:48.351,SOLUSDT,SELL,MARKET,139.85,1.731,FILLED
ORD-000281,2026-08-26 09:00:48.433,BTCUSDT,BUY,MARKET,59895.54,1.152,FILLED
ORD-000282,2026-08-26 09:00:48.628,BTCUSDT,BUY,MARKET,59985.12,1.019,FILLED
ORD-000283,2026-08-26 09:00:48.873,BTCUSDT,BUY,MARKET,59969.31,0.993,FILLED
ORD-000284,2026-08-26 09:00:48.986,BTCUSDT,BUY,MARKET,60086.49,1.659,FILLED
ORD-000285,2026-08-26 09:00:49.179,BTCUSDT,BUY,MARKET,59949.03,1.029,FILLED
ORD-000286,2026-08-26 09:00:49.385,BTCUSDT,SELL,MARKET,59999.72,0.615,FILLED
ORD-000287,2026-08-26 09:00:49.479,ETHUSDT,SELL,MARKET,2997.97,0.278,FILLED
ORD-000288,2026-08-26 09:00:49.610,SOLUSDT,SELL,MARKET,139.75,2.422,FILLED
ORD-000289,2026-08-26 09:00:49.736,SOLUSDT,SELL,MARKET,139.99,0.797,FILLED
ORD-000290,2026-08-26 09:00:49.837,BTCUSDT,BUY,MARKET,59912.51,0.391,FILLED
ORD-000291,2026-08-26 09:00:49.981,BTCUSDT,BUY,MARKET,60043.94,1.43,FILLED
ORD-000292,2026-08-26 09:00:50.214,ETHUSDT,BUY,MARKET,2995.01,0.842,FILLED
ORD-000293,2026-08-26 09:00:50.282,SOLUSDT,SELL,MARKET,139.98,2.076,FILLED
ORD-000294,2026-08-26 09:00:50.420,BTCUSDT,SELL,MARKET,60057.86,1.732,FILLED
ORD-000295,2026-08-26 09:00:50.692,BTCUSDT,BUY,MARKET,60039.59,1.307,FILLED
ORD-000296,2026-08-26 09:00:50.981,BTCUSDT,BUY,MARKET,59978.78,0.489,FILLED
ORD-000297,2026-08-26 09:00:51.247,SOLUSDT,BUY,MARKET,140.07,2.248,FILLED
ORD-000298,2026-08-26 09:00:51.457,BTCUSDT,SELL,MARKET,60043.11,0.759,FILLED
ORD-000299,2026-08-26 09:00:51.546,ETHUSDT,BUY,MARKET,2997.06,2.36,FILLED
ORD-000300,2026-08-26 09:00:51.603,BTCUSDT,SELL,MARKET,60061.73,2.081,FILLED
ORD-000301,2026-08-26 09:00:51.706,BTCUSDT,BUY,MARKET,60062.31,0.735,FILLED
ORD-000302,2026-08-26 09:00:51.895,SOLUSDT,SELL,MARKET,139.79,2.234,FILLED
ORD-000303,2026-08-26 09:00:52.021,ETHUSDT,SELL,MARKET,3000.37,1.744,FILLED
ORD-000304,2026-08-26 09:00:52.189,ETHUSDT,BUY,MARKET,2999.52,1.097,FILLED
ORD-000305,2026-08-26 09:00:52.426,BTCUSDT,SELL,MARKET,60080.81,1.824,FILLED
ORD-000306,2026-08-26 09:00:52.557,ETHUSDT,SELL,MARKET,3002.3,1.448,FILLED
ORD-000307,2026-08-26 09:00:52.619,BTCUSDT,SELL,MARKET,59998.94,0.438,FILLED
ORD-000308,2026-08-26 09:00:52.899,ETHUSDT,SELL,MARKET,3003.37,2.41,FILLED
ORD-000309,2026-08-26 09:00:52.989,BTCUSDT,SELL,MARKET,60131.92,0.556,FILLED
ORD-000310,2026-08-26 09:00:53.280,ETHUSDT,SELL,MARKET,2994.65,0.156,FILLED
ORD-000311,2026-08-26 09:00:53.342,ETHUSDT,SELL,MARKET,2998.44,0.947,FILLED
ORD-000312,2026-08-26 09:00:53.465,ETHUSDT,SELL,MARKET,2996.68,1.714,FILLED
ORD-000313,2026-08-26 09:00:53.701,SOLUSDT,BUY,MARKET,140.01,2.218,FILLED
ORD-000314,2026-08-26 09:00:53.800,ETHUSDT,SELL,MARKET,2996.49,1.469,FILLED
ORD-000315,2026-08-26 09:00:53.921,ETHUSDT,SELL,MARKET,3002.65,1.935,FILLED
ORD-000316,2026-08-26 09:00:54.057,SOLUSDT,BUY,MARKET,140.33,0.996,FILLED
ORD-000317,2026-08-26 09:00:54.235,SOLUSDT,SELL,MARKET,140.01,1.322,FILLED
ORD-000318,2026-08-26 09:00:54.417,BTCUSDT,BUY,MARKET,59911.79,2.03,FILLED
ORD-000319,2026-08-26 09:00:54.623,ETHUSDT,BUY,MARKET,2998.43,0.887,FILLED
ORD-000320,2026-08-26 09:00:54.824,ETHUSDT,BUY,MARKET,2998.81,2.122,FILLED
ORD-000321,2026-08-26 09:00:54.968,ETHUSDT,SELL,MARKET,3003.96,2.058,FILLED
ORD-000322,2026-08-26 09:00:55.203,ETHUSDT,BUY,MARKET,3001.33,2.012,FILLED
ORD-000323,2026-08-26 09:00:55.501,SOLUSDT,BUY,MARKET,140.04,1.673,FILLED
ORD-000324,2026-08-26 09:00:55.712,SOLUSDT,BUY,MARKET,139.89,0.509,FILLED
ORD-000325,2026-08-26 09:00:56.004,SOLUSDT,SELL,MARKET,139.9,0.176,FILLED
ORD-000326,2026-08-26 09:00:56.159,SOLUSDT,BUY,MARKET,140.09,1.105,FILLED
ORD-000327,2026-08-26 09:00:56.432,SOLUSDT,BUY,MARKET,139.99,2.309,FILLED
ORD-000328,2026-08-26 09:00:56.651,SOLUSDT,BUY,MARKET,140.13,1.446,FILLED
ORD-000329,2026-08-26 09:00:56.788,ETHUSDT,SELL,MARKET,2998.15,2.289,FILLED
ORD-000330,2026-08-26 09:00:57.043,SOLUSDT,SELL,MARKET,139.5,1.734,FILLED
ORD-000331,2026-08-26 09:00:57.235,SOLUSDT,SELL,MARKET,139.92,0.692,FILLED
ORD-000332,2026-08-26 09:00:57.465,ETHUSDT,BUY,MARKET,2995.38,1.951,FILLED
ORD-000333,2026-08-26 09:00:57.718,BTCUSDT,SELL,MARKET,60029.44,2.341,FILLED
ORD-000334,2026-08-26 09:00:57.997,SOLUSDT,SELL,MARKET,140.05,1.404,FILLED
ORD-000335,2026-08-26 09:00:58.120,ETHUSDT,SELL,MARKET,3002.9,0.797,FILLED
ORD-000336,2026-08-26 09:00:58.292,SOLUSDT,BUY,MARKET,139.92,0.715,FILLED
ORD-000337,2026-08-26 09:00:58.411,BTCUSDT,BUY,MARKET,59995.97,1.449,FILLED
ORD-000338,2026-08-26 09:00:58.632,BTCUSDT,BUY,MARKET,59964.63,0.682,FILLED
ORD-000339,2026-08-26 09:00:58.865,SOLUSDT,BUY,MARKET,140.01,1.092,FILLED
ORD-000340,2026-08-26 09:00:59.082,ETHUSDT,BUY,MARKET,3002.75,2.447,REJECTED
ORD-000341,2026-08-26 09:00:59.328,ETHUSDT,SELL,MARKET,2995.23,0.785,REJECTED
ORD-000342,2026-08-26 09:00:59.603,BTCUSDT,BUY,MARKET,60051.2,2.292,REJECTED
ORD-000343,2026-08-26 09:00:59.890,BTCUSDT,BUY,MARKET,59924.98,2.348,FILLED
ORD-000344,2026-08-26 09:01:00.104,ETHUSDT,BUY,MARKET,3001.1,2.459,FILLED
ORD-000345,2026-08-26 09:01:00.238,SOLUSDT,SELL,MARKET,139.93,0.755,FILLED
ORD-000346,2026-08-26 09:01:00.460,BTCUSDT,SELL,MARKET,60066.53,0.909,FILLED
ORD-000347,2026-08-26 09:01:00.612,BTCUSDT,BUY,MARKET,59919.5,1.126,FILLED
ORD-000348,2026-08-26 09:01:00.722,SOLUSDT,BUY,MARKET,140.03,0.695,FILLED
ORD-000349,2026-08-26 09:01:00.949,ETHUSDT,SELL,MARKET,3000.93,0.127,FILLED
ORD-000350,2026-08-26 09:01:01.226,BTCUSDT,BUY,MARKET,59984.22,1.747,FILLED
ORD-000351,2026-08-26 09:01:01.370,SOLUSDT,SELL,MARKET,140.01,2.358,FILLED
ORD-000352,2026-08-26 09:01:01.611,SOLUSDT,BUY,MARKET,140.03,0.468,FILLED
ORD-000353,2026-08-26 09:01:01.798,SOLUSDT,SELL,MARKET,140.04,1.23,FILLED
ORD-000354,2026-08-26 09:01:02.049,SOLUSDT,BUY,MARKET,139.73,1.53,FILLED
ORD-000355,2026-08-26 09:01:02.127,BTCUSDT,SELL,MARKET,60106.86,2.301,FILLED
ORD-000356,2026-08-26 09:01:02.310,BTCUSDT,BUY,MARKET,59995.34,0.887,FILLED
ORD-000357,2026-08-26 09:01:02.590,ETHUSDT,BUY,MARKET,3002.43,1.273,FILLED
ORD-000358,2026-08-26 09:01:02.756,SOLUSDT,SELL,MARKET,140.17,1.332,FILLED
ORD-000359,2026-08-26 09:01:02.811,SOLUSDT,BUY,MARKET,140.0,0.84,FILLED
ORD-000360,2026-08-26 09:01:02.872,ETHUSDT,SELL,MARKET,3004.68,1.488,FILLED
ORD-000361,2026-08-26 09:01:03.150,ETHUSDT,SELL,MARKET,3000.43,0.245,FILLED
ORD-000362,2026-08-26 09:01:03.396,BTCUSDT,SELL,MARKET,59953.85,1.946,FILLED
ORD-000363,2026-08-26 09:01:03.680,SOLUSDT,SELL,MARKET,140.19,1.176,FILLED
ORD-000364,2026-08-26 09:01:03.764,ETHUSDT,SELL,MARKET,2999.61,2.199,FILLED
ORD-000365,2026-08-26 09:01:03.846,SOLUSDT,SELL,MARKET,140.05,1.043,FILLED
ORD-000366,2026-08-26 09:01:04.014,SOLUSDT,BUY,MARKET,140.1,2.448,FILLED
ORD-000367,2026-08-26 09:01:04.152,SOLUSDT,SELL,MARKET,140.09,0.694,FILLED
ORD-000368,2026-08-26 09:01:04.210,BTCUSDT,SELL,MARKET,59991.01,1.937,FILLED
ORD-000369,2026-08-26 09:01:04.321,SOLUSDT,SELL,MARKET,140.24,2.234,FILLED
ORD-000370,2026-08-26 09:01:04.551,BTCUSDT,BUY,MARKET,60005.14,1.535,FILLED
ORD-000371,2026-08-26 09:01:04.656,BTCUSDT,BUY,MARKET,59966.84,0.662,FILLED
ORD-000372,2026-08-26 09:01:04.893,BTCUSDT,BUY,MARKET,60004.48,2.058,FILLED
ORD-000373,2026-08-26 09:01:05.003,SOLUSDT,SELL,MARKET,139.65,2.064,FILLED
ORD-000374,2026-08-26 09:01:05.123,ETHUSDT,BUY,MARKET,2997.02,1.093,FILLED
ORD-000375,2026-08-26 09:01:05.421,BTCUSDT,BUY,MARKET,60003.14,1.289,FILLED
ORD-000376,2026-08-26 09:01:05.509,ETHUSDT,SELL,MARKET,2999.63,1.099,FILLED
ORD-000377,2026-08-26 09:01:05.616,ETHUSDT,SELL,MARKET,2999.78,0.678,FILLED
ORD-000378,2026-08-26 09:01:05.913,ETHUSDT,BUY,MARKET,3000.41,1.45,FILLED
ORD-000379,2026-08-26 09:01:05.983,ETHUSDT,BUY,MARKET,2999.46,0.893,FILLED
ORD-000380,2026-08-26 09:01:06.101,ETHUSDT,SELL,MARKET,3001.57,0.557,FILLED
ORD-000381,2026-08-26 09:01:06.336,ETHUSDT,BUY,MARKET,3003.07,1.928,FILLED
ORD-000382,2026-08-26 09:01:06.630,SOLUSDT,BUY,MARKET,140.06,0.899,FILLED
ORD-000383,2026-08-26 09:01:06.873,BTCUSDT,BUY,MARKET,60044.11,0.382,FILLED
ORD-000384,2026-08-26 09:01:06.984,ETHUSDT,BUY,MARKET,3003.15,1.052,FILLED
ORD-000385,2026-08-26 09:01:07.125,SOLUSDT,SELL,MARKET,139.89,1.381,FILLED
ORD-000386,2026-08-26 09:01:07.380,ETHUSDT,SELL,MARKET,3000.31,1.218,FILLED
ORD-000387,2026-08-26 09:01:07.510,SOLUSDT,SELL,MARKET,139.92,0.588,FILLED
ORD-000388,2026-08-26 09:01:07.626,ETHUSDT,BUY,MARKET,2998.71,0.45,FILLED
ORD-000389,2026-08-26 09:01:07.821,SOLUSDT,SELL,MARKET,140.29,0.652,FILLED
ORD-000390,2026-08-26 09:01:08.066,BTCUSDT,SELL,MARKET,60039.2,0.91,FILLED
ORD-000391,2026-08-26 09:01:08.151,ETHUSDT,SELL,MARKET,3000.06,0.945,FILLED
ORD-000392,2026-08-26 09:01:08.446,SOLUSDT,SELL,MARKET,140.02,2.477,FILLED
ORD-000393,2026-08-26 09:01:08.508,BTCUSDT,BUY,MARKET,59905.87,2.063,FILLED
ORD-000394,2026-08-26 09:01:08.596,BTCUSDT,SELL,MARKET,60046.38,0.263,FILLED
ORD-000395,2026-08-26 09:01:08.816,BTCUSDT,BUY,MARKET,59918.13,1.583,FILLED
ORD-000396,2026-08-26 09:01:08.971,SOLUSDT,SELL,MARKET,140.27,1.377,FILLED
ORD-000397,2026-08-26 09:01:09.025,BTCUSDT,BUY,MARKET,60003.69,2.446,FILLED
ORD-000398,2026-08-26 09:01:09.099,SOLUSDT,SELL,MARKET,139.91,0.357,FILLED
ORD-000399,2026-08-26 09:01:09.239,SOLUSDT,BUY,MARKET,140.2,0.706,FILLED
ORD-000400,2026-08-26 09:01:09.351,ETHUSDT,SELL,MARKET,2997.64,1.202,FILLED
ORD-000401,2026-08-26 09:01:09.620,SOLUSDT,BUY,MARKET,139.92,0.293,FILLED
ORD-000402,2026-08-26 09:01:09.684,SOLUSDT,BUY,MARKET,139.97,1.426,FILLED
ORD-000403,2026-08-26 09:01:09.899,SOLUSDT,BUY,MARKET,139.96,2.129,FILLED
ORD-000404,2026-08-26 09:01:10.179,ETHUSDT,BUY,MARKET,3001.01,0.651,FILLED
ORD-000405,2026-08-26 09:01:10.300,SOLUSDT,SELL,MARKET,139.83,1.743,FILLED
ORD-000406,2026-08-26 09:01:10.403,SOLUSDT,BUY,MARKET,139.84,0.138,FILLED
ORD-000407,2026-08-26 09:01:10.472,SOLUSDT,BUY,MARKET,140.06,1.056,FILLED
ORD-000408,2026-08-26 09:01:10.695,ETHUSDT,BUY,MARKET,2999.48,2.139,FILLED
ORD-000409,2026-08-26 09:01:10.921,SOLUSDT,SELL,MARKET,139.81,1.997,FILLED
ORD-000410,2026-08-26 09:01:11.082,SOLUSDT,BUY,MARKET,140.18,0.229,FILLED
ORD-000411,2026-08-26 09:01:11.233,BTCUSDT,BUY,MARKET,60057.02,2.392,FILLED
ORD-000412,2026-08-26 09:01:11.341,ETHUSDT,BUY,MARKET,3003.97,1.181,FILLED
ORD-000413,2026-08-26 09:01:11.412,ETHUSDT,SELL,MARKET,3000.99,1.686,FILLED
ORD-000414,2026-08-26 09:01:11.501,SOLUSDT,SELL,MARKET,140.04,0.297,FILLED
ORD-000415,2026-08-26 09:01:11.552,ETHUSDT,BUY,MARKET,3000.19,0.356,FILLED
ORD-000416,2026-08-26 09:01:11.649,ETHUSDT,SELL,MARKET,2996.6,0.418,FILLED
ORD-000417,2026-08-26 09:01:11.721,ETHUSDT,SELL,MARKET,2993.71,0.348,FILLED
ORD-000418,2026-08-26 09:01:11.774,ETHUSDT,BUY,MARKET,3001.66,2.173,FILLED
ORD-000419,2026-08-26 09:01:12.055,ETHUSDT,SELL,MARKET,2991.01,2.263,FILLED
ORD-000420,2026-08-26 09:01:12.173,BTCUSDT,BUY,MARKET,60030.2,0.745,FILLED
ORD-000421,2026-08-26 09:01:12.346,ETHUSDT,BUY,MARKET,2997.18,1.111,FILLED
ORD-000422,2026-08-26 09:01:12.548,BTCUSDT,SELL,MARKET,59954.96,1.6,FILLED
ORD-000423,2026-08-26 09:01:12.699,SOLUSDT,BUY,MARKET,140.04,0.116,FILLED
ORD-000424,2026-08-26 09:01:12.957,ETHUSDT,SELL,MARKET,3005.71,0.903,FILLED
ORD-000425,2026-08-26 09:01:13.129,SOLUSDT,BUY,MARKET,140.16,1.769,FILLED
ORD-000426,2026-08-26 09:01:13.356,ETHUSDT,BUY,MARKET,3001.65,0.799,FILLED
ORD-000427,2026-08-26 09:01:13.477,SOLUSDT,SELL,MARKET,139.83,0.882,FILLED
ORD-000428,2026-08-26 09:01:13.666,ETHUSDT,SELL,MARKET,3000.59,1.521,FILLED
ORD-000429,2026-08-26 09:01:13.828,BTCUSDT,BUY,MARKET,60025.73,1.8,FILLED
ORD-000430,2026-08-26 09:01:14.005,ETHUSDT,BUY,MARKET,3004.61,1.082,FILLED
ORD-000431,2026-08-26 09:01:14.257,BTCUSDT,SELL,MARKET,60051.84,1.817,FILLED
ORD-000432,2026-08-26 09:01:14.443,ETHUSDT,BUY,MARKET,3002.01,1.497,FILLED
ORD-000433,2026-08-26 09:01:14.722,SOLUSDT,SELL,MARKET,140.18,0.963,FILLED
ORD-000434,2026-08-26 09:01:14.814,SOLUSDT,BUY,MARKET,139.87,1.695,FILLED
ORD-000435,2026-08-26 09:01:15.111,SOLUSDT,BUY,MARKET,139.81,1.652,FILLED
ORD-000436,2026-08-26 09:01:15.352,ETHUSDT,SELL,MARKET,3004.36,0.633,FILLED
ORD-000437,2026-08-26 09:01:15.552,SOLUSDT,BUY,MARKET,139.82,1.954,FILLED
ORD-000438,2026-08-26 09:01:15.708,SOLUSDT,BUY,MARKET,139.91,0.351,FILLED
ORD-000439,2026-08-26 09:01:15.845,BTCUSDT,BUY,MARKET,60141.16,0.936,FILLED
ORD-000440,2026-08-26 09:01:16.079,ETHUSDT,BUY,MARKET,3003.68,0.334,FILLED
ORD-000441,2026-08-26 09:01:16.158,SOLUSDT,SELL,MARKET,139.76,2.044,FILLED
ORD-000442,2026-08-26 09:01:16.397,BTCUSDT,SELL,MARKET,60037.51,0.494,FILLED
ORD-000443,2026-08-26 09:01:16.565,BTCUSDT,BUY,MARKET,60057.21,1.123,FILLED
ORD-000444,2026-08-26 09:01:16.716,BTCUSDT,SELL,MARKET,60017.53,1.678,FILLED
ORD-000445,2026-08-26 09:01:16.820,BTCUSDT,BUY,MARKET,59989.16,0.111,FILLED
ORD-000446,2026-08-26 09:01:16.896,BTCUSDT,SELL,MARKET,59934.95,0.25,FILLED
ORD-000447,2026-08-26 09:01:17.117,SOLUSDT,BUY,MARKET,140.2,0.373,FILLED
ORD-000448,2026-08-26 09:01:17.256,ETHUSDT,SELL,MARKET,3002.02,1.509,FILLED
ORD-000449,2026-08-26 09:01:17.382,ETHUSDT,SELL,MARKET,2999.03,1.794,FILLED
ORD-000450,2026-08-26 09:01:17.461,SOLUSDT,BUY,MARKET,140.09,0.673,FILLED
ORD-000451,2026-08-26 09:01:17.546,BTCUSDT,SELL,MARKET,60013.19,1.104,FILLED
ORD-000452,2026-08-26 09:01:17.831,SOLUSDT,SELL,MARKET,139.98,1.39,FILLED
ORD-000453,2026-08-26 09:01:17.961,SOLUSDT,BUY,MARKET,139.95,0.437,FILLED
ORD-000454,2026-08-26 09:01:18.060,ETHUSDT,BUY,MARKET,3001.45,1.263,FILLED
ORD-000455,2026-08-26 09:01:18.223,ETHUSDT,SELL,MARKET,2997.71,1.804,FILLED
ORD-000456,2026-08-26 09:01:18.347,ETHUSDT,BUY,MARKET,2999.4,1.927,FILLED
ORD-000457,2026-08-26 09:01:18.541,BTCUSDT,SELL,MARKET,59952.43,1.974,FILLED
ORD-000458,2026-08-26 09:01:18.789,SOLUSDT,SELL,MARKET,139.91,0.374,FILLED
ORD-000459,2026-08-26 09:01:18.951,SOLUSDT,SELL,MARKET,140.03,1.924,FILLED
ORD-000460,2026-08-26 09:01:19.009,SOLUSDT,BUY,MARKET,139.84,1.903,FILLED
ORD-000461,2026-08-26 09:01:19.119,ETHUSDT,SELL,MARKET,3001.6,2.485,FILLED
ORD-000462,2026-08-26 09:01:19.377,BTCUSDT,SELL,MARKET,60018.83,1.579,FILLED
ORD-000463,2026-08-26 09:01:19.501,BTCUSDT,BUY,MARKET,60008.63,0.504,FILLED
ORD-000464,2026-08-26 09:01:19.743,ETHUSDT,SELL,MARKET,2999.26,2.056,REJECTED
ORD-000465,2026-08-26 09:01:19.975,ETHUSDT,BUY,MARKET,2998.63,2.179,REJECTED
ORD-000466,2026-08-26 09:01:20.131,ETHUSDT,BUY,MARKET,2996.19,1.486,FILLED
ORD-000467,2026-08-26 09:01:20.358,ETHUSDT,SELL,MARKET,2997.29,1.067,FILLED
ORD-000468,2026-08-26 09:01:20.595,ETHUSDT,SELL,MARKET,3004.62,1.958,FILLED
ORD-000469,2026-08-26 09:01:20.771,ETHUSDT,SELL,MARKET,3001.41,2.424,FILLED
ORD-000470,2026-08-26 09:01:20.908,ETHUSDT,SELL,MARKET,3004.59,1.459,FILLED
ORD-000471,2026-08-26 09:01:20.962,SOLUSDT,BUY,MARKET,139.93,2.108,FILLED
ORD-000472,2026-08-26 09:01:21.063,BTCUSDT,BUY,MARKET,59970.81,2.399,FILLED
ORD-000473,2026-08-26 09:01:21.337,SOLUSDT,BUY,MARKET,140.04,2.199,FILLED
ORD-000474,2026-08-26 09:01:21.618,ETHUSDT,BUY,MARKET,3001.69,0.992,FILLED
ORD-000475,2026-08-26 09:01:21.861,SOLUSDT,BUY,MARKET,140.18,1.842,FILLED
ORD-000476,2026-08-26 09:01:22.033,BTCUSDT,SELL,MARKET,60035.7,0.103,FILLED
ORD-000477,2026-08-26 09:01:22.085,BTCUSDT,BUY,MARKET,59963.7,1.168,FILLED
ORD-000478,2026-08-26 09:01:22.168,SOLUSDT,SELL,MARKET,139.85,1.114,FILLED
ORD-000479,2026-08-26 09:01:22.244,ETHUSDT,BUY,MARKET,2999.97,2.034,FILLED
ORD-000480,2026-08-26 09:01:22.486,ETHUSDT,SELL,MARKET,3003.64,1.956,FILLED
ORD-000481,2026-08-26 09:01:22.578,BTCUSDT,BUY,MARKET,59940.45,1.565,FILLED
ORD-000482,2026-08-26 09:01:22.733,ETHUSDT,SELL,MARKET,2999.92,0.463,FILLED
ORD-000483,2026-08-26 09:01:22.975,SOLUSDT,SELL,MARKET,140.31,0.341,FILLED
ORD-000484,2026-08-26 09:01:23.088,BTCUSDT,SELL,MARKET,59962.35,1.999,FILLED
ORD-000485,2026-08-26 09:01:23.210,ETHUSDT,BUY,MARKET,3002.42,1.831,FILLED
ORD-000486,2026-08-26 09:01:23.392,SOLUSDT,BUY,MARKET,139.86,0.824,FILLED
ORD-000487,2026-08-26 09:01:23.671,SOLUSDT,BUY,MARKET,139.75,0.231,FILLED
ORD-000488,2026-08-26 09:01:23.739,BTCUSDT,SELL,MARKET,60123.33,1.631,FILLED
ORD-000489,2026-08-26 09:01:24.009,SOLUSDT,BUY,MARKET,140.01,0.417,FILLED
ORD-000490,2026-08-26 09:01:24.303,SOLUSDT,SELL,MARKET,139.94,1.931,FILLED
ORD-000491,2026-08-26 09:01:24.589,BTCUSDT,BUY,MARKET,60010.91,0.618,FILLED
ORD-000492,2026-08-26 09:01:24.745,BTCUSDT,SELL,MARKET,60028.11,1.303,FILLED
ORD-000493,2026-08-26 09:01:24.866,ETHUSDT,SELL,MARKET,2999.18,1.579,FILLED
ORD-000494,2026-08-26 09:01:24.955,BTCUSDT,SELL,MARKET,59931.82,2.438,FILLED
ORD-000495,2026-08-26 09:01:25.179,SOLUSDT,SELL,MARKET,140.14,2.103,FILLED
ORD-000496,2026-08-26 09:01:25.290,SOLUSDT,BUY,MARKET,140.36,2.388,FILLED
ORD-000497,2026-08-26 09:01:25.495,BTCUSDT,BUY,MARKET,60006.62,1.188,FILLED
ORD-000498,2026-08-26 09:01:25.548,BTCUSDT,SELL,MARKET,59971.7,0.522,FILLED
ORD-000499,2026-08-26 09:01:25.731,SOLUSDT,BUY,MARKET,140.02,2.387,FILLED
ORD-000500,2026-08-26 09:01:25.849,SOLUSDT,SELL,MARKET,139.74,1.975,FILLED
ORD-000501,2026-08-26 09:01:25.968,SOLUSDT,BUY,MARKET,139.88,2.037,FILLED
ORD-000502,2026-08-26 09:01:26.145,SOLUSDT,BUY,MARKET,140.09,1.606,FILLED
ORD-000503,2026-08-26 09:01:26.235,ETHUSDT,SELL,MARKET,2999.06,0.501,FILLED
ORD-000504,2026-08-26 09:01:26.474,ETHUSDT,BUY,MARKET,2998.61,0.377,FILLED
ORD-000505,2026-08-26 09:01:26.644,SOLUSDT,BUY,MARKET,139.92,0.687,FILLED
ORD-000506,2026-08-26 09:01:26.703,ETHUSDT,SELL,MARKET,2999.75,2.405,FILLED
ORD-000507,2026-08-26 09:01:26.834,SOLUSDT,SELL,MARKET,140.05,2.298,FILLED
ORD-000508,2026-08-26 09:01:26.897,ETHUSDT,BUY,MARKET,3001.8,1.716,FILLED
ORD-000509,2026-08-26 09:01:26.964,BTCUSDT,BUY,MARKET,59923.98,2.39,FILLED
ORD-000510,2026-08-26 09:01:27.130,ETHUSDT,SELL,MARKET,3003.32,0.307,FILLED
ORD-000511,2026-08-26 09:01:27.339,BTCUSDT,SELL,MARKET,59959.41,0.829,FILLED
ORD-000512,2026-08-26 09:01:27.587,BTCUSDT,SELL,MARKET,60045.78,2.495,FILLED
ORD-000513,2026-08-26 09:01:27.775,BTCUSDT,BUY,MARKET,59917.26,0.157,FILLED
ORD-000514,2026-08-26 09:01:28.042,ETHUSDT,BUY,MARKET,2997.32,1.678,FILLED
ORD-000515,2026-08-26 09:01:28.217,SOLUSDT,SELL,MARKET,140.16,0.672,FILLED
ORD-000516,2026-08-26 09:01:28.496,BTCUSDT,BUY,MARKET,59934.41,2.311,FILLED
ORD-000517,2026-08-26 09:01:28.567,SOLUSDT,SELL,MARKET,139.97,2.439,FILLED
ORD-000518,2026-08-26 09:01:28.768,SOLUSDT,BUY,MARKET,139.89,1.046,FILLED
ORD-000519,2026-08-26 09:01:28.884,SOLUSDT,BUY,MARKET,139.92,0.668,FILLED
ORD-000520,2026-08-26 09:01:29.003,ETHUSDT,SELL,MARKET,2994.9,0.863,FILLED
ORD-000521,2026-08-26 09:01:29.080,BTCUSDT,BUY,MARKET,60135.45,1.948,FILLED
ORD-000522,2026-08-26 09:01:29.267,BTCUSDT,BUY,MARKET,60022.59,1.076,FILLED
ORD-000523,2026-08-26 09:01:29.340,ETHUSDT,BUY,MARKET,3000.4,2.146,FILLED
ORD-000524,2026-08-26 09:01:29.603,BTCUSDT,SELL,MARKET,59999.32,0.197,FILLED
ORD-000525,2026-08-26 09:01:29.784,ETHUSDT,BUY,MARKET,2999.2,0.954,FILLED
ORD-000526,2026-08-26 09:01:29.937,BTCUSDT,SELL,MARKET,59945.85,0.175,FILLED
ORD-000527,2026-08-26 09:01:30.018,ETHUSDT,BUY,MARKET,3003.9,2.005,FILLED
ORD-000528,2026-08-26 09:01:30.278,BTCUSDT,BUY,MARKET,59978.92,0.414,FILLED
ORD-000529,2026-08-26 09:01:30.478,ETHUSDT,SELL,MARKET,3003.26,0.302,FILLED
ORD-000530,2026-08-26 09:01:30.641,ETHUSDT,BUY,MARKET,3002.12,2.266,FILLED
ORD-000531,2026-08-26 09:01:30.701,BTCUSDT,BUY,MARKET,59986.64,0.896,FILLED
ORD-000532,2026-08-26 09:01:30.852,ETHUSDT,BUY,MARKET,3002.23,2.072,FILLED
ORD-000533,2026-08-26 09:01:31.134,ETHUSDT,BUY,MARKET,2998.37,0.949,FILLED
ORD-000534,2026-08-26 09:01:31.342,BTCUSDT,SELL,MARKET,60081.33,0.183,FILLED
ORD-000535,2026-08-26 09:01:31.514,SOLUSDT,BUY,MARKET,140.09,2.219,FILLED
ORD-000536,2026-08-26 09:01:31.790,BTCUSDT,BUY,MARKET,60039.41,0.579,FILLED
ORD-000537,2026-08-26 09:01:31.937,SOLUSDT,BUY,MARKET,139.86,2.008,FILLED
ORD-000538,2026-08-26 09:01:32.131,SOLUSDT,SELL,MARKET,140.07,0.926,FILLED
ORD-000539,2026-08-26 09:01:32.237,SOLUSDT,SELL,MARKET,139.96,0.865,FILLED
ORD-000540,2026-08-26 09:01:32.483,BTCUSDT,SELL,MARKET,59913.58,1.371,FILLED
ORD-000541,2026-08-26 09:01:32.601,SOLUSDT,BUY,MARKET,139.99,1.676,FILLED
ORD-000542,2026-08-26 09:01:32.855,SOLUSDT,BUY,MARKET,140.18,1.482,FILLED
ORD-000543,2026-08-26 09:01:32.965,ETHUSDT,SELL,MARKET,3001.69,0.517,FILLED
ORD-000544,2026-08-26 09:01:33.022,SOLUSDT,SELL,MARKET,140.04,2.294,FILLED
ORD-000545,2026-08-26 09:01:33.120,SOLUSDT,SELL,MARKET,140.05,1.451,FILLED
ORD-000546,2026-08-26 09:01:33.324,ETHUSDT,SELL,MARKET,2999.79,0.235,FILLED
ORD-000547,2026-08-26 09:01:33.425,BTCUSDT,BUY,MARKET,60024.53,2.303,FILLED
ORD-000548,2026-08-26 09:01:33.557,BTCUSDT,SELL,MARKET,59880.06,2.126,FILLED
ORD-000549,2026-08-26 09:01:33.635,BTCUSDT,BUY,MARKET,60051.2,0.44,FILLED
ORD-000550,2026-08-26 09:01:33.786,SOLUSDT,SELL,MARKET,139.9,2.361,FILLED
ORD-000551,2026-08-26 09:01:34.023,SOLUSDT,BUY,MARKET,139.98,2.442,FILLED
ORD-000552,2026-08-26 09:01:34.250,ETHUSDT,SELL,MARKET,3000.48,2.425,FILLED
ORD-000553,2026-08-26 09:01:34.378,SOLUSDT,SELL,MARKET,139.82,0.521,FILLED
ORD-000554,2026-08-26 09:01:34.670,SOLUSDT,SELL,MARKET,140.03,2.377,FILLED
ORD-000555,2026-08-26 09:01:34.766,SOLUSDT,SELL,MARKET,139.88,1.462,FILLED
ORD-000556,2026-08-26 09:01:34.960,SOLUSDT,SELL,MARKET,139.79,0.63,FILLED
ORD-000557,2026-08-26 09:01:35.091,BTCUSDT,SELL,MARKET,60037.34,0.671,FILLED
ORD-000558,2026-08-26 09:01:35.226,BTCUSDT,BUY,MARKET,59956.97,1.85,FILLED
ORD-000559,2026-08-26 09:01:35.341,ETHUSDT,BUY,MARKET,3000.97,0.263,FILLED
ORD-000560,2026-08-26 09:01:35.433,BTCUSDT,BUY,MARKET,60106.88,1.107,FILLED
ORD-000561,2026-08-26 09:01:35.695,ETHUSDT,SELL,MARKET,2995.12,1.001,FILLED
ORD-000562,2026-08-26 09:01:35.820,ETHUSDT,BUY,MARKET,3000.84,2.13,FILLED
ORD-000563,2026-08-26 09:01:36.097,BTCUSDT,SELL,MARKET,59960.15,0.92,FILLED
ORD-000564,2026-08-26 09:01:36.170,ETHUSDT,BUY,MARKET,3005.88,2.255,FILLED
ORD-000565,2026-08-26 09:01:36.375,ETHUSDT,SELL,MARKET,3002.77,1.669,FILLED
ORD-000566,2026-08-26 09:01:36.529,ETHUSDT,BUY,MARKET,3000.28,2.439,FILLED
ORD-000567,2026-08-26 09:01:36.679,SOLUSDT,SELL,MARKET,139.97,0.33,FILLED
ORD-000568,2026-08-26 09:01:36.804,SOLUSDT,SELL,MARKET,140.12,1.126,FILLED
ORD-000569,2026-08-26 09:01:36.928,SOLUSDT,SELL,MARKET,139.83,0.51,FILLED
ORD-000570,2026-08-26 09:01:37.103,BTCUSDT,SELL,MARKET,59943.41,1.054,FILLED
ORD-000571,2026-08-26 09:01:37.379,SOLUSDT,SELL,MARKET,140.2,0.544,FILLED
ORD-000572,2026-08-26 09:01:37.496,ETHUSDT,SELL,MARKET,3000.27,1.155,FILLED
ORD-000573,2026-08-26 09:01:37.570,BTCUSDT,SELL,MARKET,60067.25,1.772,FILLED
ORD-000574,2026-08-26 09:01:37.678,BTCUSDT,SELL,MARKET,60062.83,1.915,FILLED
ORD-000575,2026-08-26 09:01:37.865,SOLUSDT,BUY,MARKET,140.27,1.105,FILLED
ORD-000576,2026-08-26 09:01:38.016,SOLUSDT,SELL,MARKET,139.79,0.817,FILLED
ORD-000577,2026-08-26 09:01:38.239,SOLUSDT,BUY,MARKET,140.03,2.021,FILLED
ORD-000578,2026-08-26 09:01:38.331,SOLUSDT,BUY,MARKET,140.15,0.515,FILLED
ORD-000579,2026-08-26 09:01:38.492,BTCUSDT,BUY,MARKET,60036.82,2.472,FILLED
ORD-000580,2026-08-26 09:01:38.641,BTCUSDT,BUY,MARKET,59939.31,2.294,REJECTED
ORD-000581,2026-08-26 09:01:38.870,SOLUSDT,SELL,MARKET,139.98,2.301,REJECTED
ORD-000582,2026-08-26 09:01:38.945,SOLUSDT,SELL,MARKET,139.59,1.498,FILLED
ORD-000583,2026-08-26 09:01:39.162,BTCUSDT,BUY,MARKET,59996.35,2.207,FILLED
ORD-000584,2026-08-26 09:01:39.221,ETHUSDT,SELL,MARKET,3000.76,1.561,FILLED
ORD-000585,2026-08-26 09:01:39.357,ETHUSDT,SELL,MARKET,2996.41,0.745,FILLED
ORD-000586,2026-08-26 09:01:39.441,ETHUSDT,SELL,MARKET,3000.76,0.336,FILLED
ORD-000587,2026-08-26 09:01:39.604,ETHUSDT,SELL,MARKET,3000.06,1.552,REJECTED
ORD-000588,2026-08-26 09:01:39.694,BTCUSDT,SELL,MARKET,59935.43,2.07,FILLED
ORD-000589,2026-08-26 09:01:39.788,BTCUSDT,SELL,MARKET,59940.46,1.358,FILLED
ORD-000590,2026-08-26 09:01:39.908,BTCUSDT,BUY,MARKET,59955.57,2.303,FILLED
ORD-000591,2026-08-26 09:01:39.965,ETHUSDT,SELL,MARKET,2996.93,0.397,FILLED
ORD-000592,2026-08-26 09:01:40.136,BTCUSDT,SELL,MARKET,59993.16,2.405,FILLED
ORD-000593,2026-08-26 09:01:40.398,SOLUSDT,SELL,MARKET,140.11,0.721,FILLED
ORD-000594,2026-08-26 09:01:40.594,SOLUSDT,BUY,MARKET,140.02,0.491,FILLED
ORD-000595,2026-08-26 09:01:40.748,BTCUSDT,BUY,MARKET,59974.26,0.746,FILLED
ORD-000596,2026-08-26 09:01:40.919,SOLUSDT,BUY,MARKET,140.09,1.737,FILLED
ORD-000597,2026-08-26 09:01:41.175,BTCUSDT,BUY,MARKET,60003.86,0.706,FILLED
ORD-000598,2026-08-26 09:01:41.289,ETHUSDT,SELL,MARKET,2998.75,0.937,FILLED
ORD-000599,2026-08-26 09:01:41.488,BTCUSDT,SELL,MARKET,59945.38,1.597,FILLED
ORD-000600,2026-08-26 09:01:41.633,BTCUSDT,BUY,MARKET,60165.81,2.124,FILLED
ORD-000601,2026-08-26 09:01:41.753,SOLUSDT,SELL,MARKET,140.09,0.253,FILLED
ORD-000602,2026-08-26 09:01:42.031,SOLUSDT,SELL,MARKET,140.24,1.807,FILLED
ORD-000603,2026-08-26 09:01:42.095,SOLUSDT,SELL,MARKET,139.58,0.677,FILLED
ORD-000604,2026-08-26 09:01:42.312,SOLUSDT,SELL,MARKET,140.27,1.831,FILLED
ORD-000605,2026-08-26 09:01:42.371,ETHUSDT,SELL,MARKET,3005.87,1.032,FILLED
ORD-000606,2026-08-26 09:01:42.584,SOLUSDT,BUY,MARKET,140.02,1.747,FILLED
ORD-000607,2026-08-26 09:01:42.858,ETHUSDT,SELL,MARKET,2997.3,2.118,FILLED
ORD-000608,2026-08-26 09:01:43.093,SOLUSDT,BUY,MARKET,139.9,1.878,FILLED
ORD-000609,2026-08-26 09:01:43.199,SOLUSDT,BUY,MARKET,139.97,1.671,FILLED
ORD-000610,2026-08-26 09:01:43.333,ETHUSDT,BUY,MARKET,3001.83,1.991,FILLED
ORD-000611,2026-08-26 09:01:43.396,ETHUSDT,SELL,MARKET,2999.47,0.383,FILLED
ORD-000612,2026-08-26 09:01:43.620,SOLUSDT,BUY,MARKET,140.01,0.388,FILLED
ORD-000613,2026-08-26 09:01:43.721,ETHUSDT,SELL,MARKET,3003.15,0.462,FILLED
ORD-000614,2026-08-26 09:01:43.807,ETHUSDT,SELL,MARKET,3000.3,2.468,FILLED
ORD-000615,2026-08-26 09:01:43.902,ETHUSDT,BUY,MARKET,3003.54,1.614,FILLED
ORD-000616,2026-08-26 09:01:43.995,ETHUSDT,BUY,MARKET,2999.72,1.927,FILLED
ORD-000617,2026-08-26 09:01:44.202,SOLUSDT,BUY,MARKET,139.89,0.311,FILLED
ORD-000618,2026-08-26 09:01:44.261,ETHUSDT,SELL,MARKET,2998.42,1.02,FILLED
ORD-000619,2026-08-26 09:01:44.504,SOLUSDT,BUY,MARKET,139.95,2.241,FILLED
ORD-000620,2026-08-26 09:01:44.611,SOLUSDT,BUY,MARKET,140.12,1.861,FILLED
ORD-000621,2026-08-26 09:01:44.739,SOLUSDT,SELL,MARKET,139.84,1.308,FILLED
ORD-000622,2026-08-26 09:01:44.975,BTCUSDT,BUY,MARKET,60020.47,0.798,FILLED
ORD-000623,2026-08-26 09:01:45.255,SOLUSDT,SELL,MARKET,140.05,0.421,FILLED
ORD-000624,2026-08-26 09:01:45.512,ETHUSDT,SELL,MARKET,3004.0,2.277,FILLED
ORD-000625,2026-08-26 09:01:45.749,ETHUSDT,BUY,MARKET,3003.26,0.415,FILLED
ORD-000626,2026-08-26 09:01:45.895,BTCUSDT,BUY,MARKET,59989.99,2.001,FILLED
ORD-000627,2026-08-26 09:01:45.957,SOLUSDT,SELL,MARKET,140.04,1.525,FILLED
ORD-000628,2026-08-26 09:01:46.113,SOLUSDT,BUY,MARKET,140.09,1.755,FILLED
ORD-000629,2026-08-26 09:01:46.215,ETHUSDT,SELL,MARKET,3003.65,1.784,FILLED
ORD-000630,2026-08-26 09:01:46.334,SOLUSDT,BUY,MARKET,139.74,1.69,FILLED
ORD-000631,2026-08-26 09:01:46.542,SOLUSDT,BUY,MARKET,139.92,1.328,FILLED
ORD-000632,2026-08-26 09:01:46.643,BTCUSDT,SELL,MARKET,60053.55,0.577,FILLED
ORD-000633,2026-08-26 09:01:46.833,ETHUSDT,BUY,MARKET,3001.94,0.485,FILLED
ORD-000634,2026-08-26 09:01:46.886,ETHUSDT,BUY,MARKET,2999.07,0.663,FILLED
ORD-000635,2026-08-26 09:01:46.974,SOLUSDT,BUY,MARKET,139.96,1.706,FILLED
ORD-000636,2026-08-26 09:01:47.083,BTCUSDT,BUY,MARKET,60080.64,0.714,FILLED
ORD-000637,2026-08-26 09:01:47.356,ETHUSDT,SELL,MARKET,2999.63,2.052,FILLED
ORD-000638,2026-08-26 09:01:47.435,BTCUSDT,SELL,MARKET,59946.6,1.122,FILLED
ORD-000639,2026-08-26 09:01:47.569,BTCUSDT,BUY,MARKET,60018.07,1.653,FILLED
ORD-000640,2026-08-26 09:01:47.714,ETHUSDT,SELL,MARKET,3001.27,1.859,FILLED
ORD-000641,2026-08-26 09:01:47.977,ETHUSDT,BUY,MARKET,2996.26,1.196,FILLED
ORD-000642,2026-08-26 09:01:48.055,ETHUSDT,SELL,MARKET,3000.08,2.013,FILLED
ORD-000643,2026-08-26 09:01:48.338,BTCUSDT,BUY,MARKET,60016.77,0.349,FILLED
ORD-000644,2026-08-26 09:01:48.485,SOLUSDT,SELL,MARKET,140.08,0.535,FILLED
ORD-000645,2026-08-26 09:01:48.763,ETHUSDT,BUY,MARKET,2999.58,1.845,FILLED
ORD-000646,2026-08-26 09:01:48.824,BTCUSDT,SELL,MARKET,60003.01,1.087,FILLED
ORD-000647,2026-08-26 09:01:49.008,BTCUSDT,SELL,MARKET,59986.78,2.184,FILLED
ORD-000648,2026-08-26 09:01:49.191,SOLUSDT,BUY,MARKET,140.0,0.912,FILLED
ORD-000649,2026-08-26 09:01:49.410,SOLUSDT,BUY,MARKET,140.0,1.257,FILLED
ORD-000650,2026-08-26 09:01:49.616,SOLUSDT,SELL,MARKET,140.05,2.241,FILLED
ORD-000651,2026-08-26 09:01:49.884,BTCUSDT,BUY,MARKET,59990.43,2.137,FILLED
ORD-000652,2026-08-26 09:01:50.182,ETHUSDT,BUY,MARKET,2998.72,0.678,FILLED
ORD-000653,2026-08-26 09:01:50.441,ETHUSDT,BUY,MARKET,3005.81,1.009,FILLED
ORD-000654,2026-08-26 09:01:50.710,BTCUSDT,BUY,MARKET,59988.22,1.175,FILLED
ORD-000655,2026-08-26 09:01:50.764,ETHUSDT,SELL,MARKET,2996.5,1.889,FILLED
ORD-000656,2026-08-26 09:01:50.837,BTCUSDT,SELL,MARKET,60047.94,0.1,FILLED
ORD-000657,2026-08-26 09:01:51.003,SOLUSDT,SELL,MARKET,139.97,1.671,FILLED
ORD-000658,2026-08-26 09:01:51.137,ETHUSDT,SELL,MARKET,2998.3,2.126,FILLED
ORD-000659,2026-08-26 09:01:51.211,SOLUSDT,SELL,MARKET,140.15,1.186,FILLED
ORD-000660,2026-08-26 09:01:51.465,SOLUSDT,BUY,MARKET,140.17,1.621,FILLED
ORD-000661,2026-08-26 09:01:51.550,ETHUSDT,SELL,MARKET,3001.2,0.494,FILLED
ORD-000662,2026-08-26 09:01:51.838,SOLUSDT,SELL,MARKET,140.37,0.55,FILLED
ORD-000663,2026-08-26 09:01:51.915,ETHUSDT,BUY,MARKET,2994.81,1.82,FILLED
ORD-000664,2026-08-26 09:01:52.162,ETHUSDT,BUY,MARKET,3000.99,1.513,FILLED
ORD-000665,2026-08-26 09:01:52.339,ETHUSDT,SELL,MARKET,3003.64,0.423,FILLED
ORD-000666,2026-08-26 09:01:52.625,BTCUSDT,BUY,MARKET,60052.97,1.504,FILLED
ORD-000667,2026-08-26 09:01:52.701,SOLUSDT,BUY,MARKET,139.89,2.057,FILLED
ORD-000668,2026-08-26 09:01:52.985,ETHUSDT,SELL,MARKET,3000.13,2.451,FILLED
ORD-000669,2026-08-26 09:01:53.150,SOLUSDT,BUY,MARKET,140.25,2.429,FILLED
ORD-000670,2026-08-26 09:01:53.276,BTCUSDT,BUY,MARKET,59994.94,1.896,FILLED
ORD-000671,2026-08-26 09:01:53.377,SOLUSDT,SELL,MARKET,139.98,1.618,FILLED
ORD-000672,2026-08-26 09:01:53.608,BTCUSDT,SELL,MARKET,59869.94,0.418,FILLED
ORD-000673,2026-08-26 09:01:53.687,SOLUSDT,BUY,MARKET,140.12,0.874,FILLED
ORD-000674,2026-08-26 09:01:53.909,ETHUSDT,SELL,MARKET,2999.72,1.804,FILLED
ORD-000675,2026-08-26 09:01:53.986,SOLUSDT,SELL,MARKET,139.88,0.131,FILLED
ORD-000676,2026-08-26 09:01:54.228,BTCUSDT,SELL,MARKET,60157.83,0.58,FILLED
ORD-000677,2026-08-26 09:01:54.478,BTCUSDT,SELL,MARKET,60034.28,0.249,FILLED
ORD-000678,2026-08-26 09:01:54.554,ETHUSDT,BUY,MARKET,3001.11,2.054,FILLED
ORD-000679,2026-08-26 09:01:54.804,SOLUSDT,BUY,MARKET,140.01,0.67,FILLED
ORD-000680,2026-08-26 09:01:54.960,SOLUSDT,SELL,MARKET,139.9,1.016,FILLED
ORD-000681,2026-08-26 09:01:55.061,SOLUSDT,SELL,MARKET,139.77,1.885,FILLED
ORD-000682,2026-08-26 09:01:55.276,SOLUSDT,SELL,MARKET,140.2,1.791,FILLED
ORD-000683,2026-08-26 09:01:55.371,ETHUSDT,BUY,MARKET,3000.74,0.806,FILLED
ORD-000684,2026-08-26 09:01:55.517,SOLUSDT,BUY,MARKET,139.92,1.333,FILLED
ORD-000685,2026-08-26 09:01:55.783,BTCUSDT,SELL,MARKET,59940.54,0.486,FILLED
ORD-000686,2026-08-26 09:01:55.872,ETHUSDT,BUY,MARKET,2999.38,0.472,FILLED
ORD-000687,2026-08-26 09:01:55.999,ETHUSDT,BUY,MARKET,3000.53,2.124,FILLED
ORD-000688,2026-08-26 09:01:56.293,ETHUSDT,SELL,MARKET,2999.2,1.361,FILLED
ORD-000689,2026-08-26 09:01:56.446,BTCUSDT,BUY,MARKET,60090.67,1.403,FILLED
ORD-000690,2026-08-26 09:01:56.588,BTCUSDT,SELL,MARKET,60039.54,0.897,FILLED
ORD-000691,2026-08-26 09:01:56.781,ETHUSDT,BUY,MARKET,3001.38,1.24,FILLED
ORD-000692,2026-08-26 09:01:56.995,SOLUSDT,BUY,MARKET,139.91,0.677,FILLED
ORD-000693,2026-08-26 09:01:57.279,SOLUSDT,BUY,MARKET,139.98,0.87,FILLED
ORD-000694,2026-08-26 09:01:57.461,BTCUSDT,SELL,MARKET,59964.86,0.159,FILLED
ORD-000695,2026-08-26 09:01:57.593,ETHUSDT,SELL,MARKET,2996.62,1.664,FILLED
ORD-000696,2026-08-26 09:01:57.780,SOLUSDT,BUY,MARKET,140.19,2.395,FILLED
ORD-000697,2026-08-26 09:01:57.884,SOLUSDT,BUY,MARKET,140.26,1.611,FILLED
ORD-000698,2026-08-26 09:01:58.158,SOLUSDT,SELL,MARKET,139.84,2.089,FILLED
ORD-000699,2026-08-26 09:01:58.247,SOLUSDT,SELL,MARKET,139.95,1.893,FILLED
ORD-000700,2026-08-26 09:01:58.315,BTCUSDT,SELL,MARKET,59952.41,0.527,FILLED
ORD-000701,2026-08-26 09:01:58.464,SOLUSDT,BUY,MARKET,140.19,1.071,FILLED
ORD-000702,2026-08-26 09:01:58.693,SOLUSDT,BUY,MARKET,139.78,1.914,FILLED
ORD-000703,2026-08-26 09:01:58.938,BTCUSDT,SELL,MARKET,59928.55,0.823,REJECTED
ORD-000704,2026-08-26 09:01:59.088,ETHUSDT,SELL,MARKET,2998.47,1.38,REJECTED
ORD-000705,2026-08-26 09:01:59.324,SOLUSDT,SELL,MARKET,139.95,2.294,FILLED
ORD-000706,2026-08-26 09:01:59.520,SOLUSDT,SELL,MARKET,140.1,0.439,REJECTED
ORD-000707,2026-08-26 09:01:59.658,SOLUSDT,SELL,MARKET,140.17,1.896,FILLED
ORD-000708,2026-08-26 09:01:59.772,BTCUSDT,SELL,MARKET,60077.73,0.542,FILLED
ORD-000709,2026-08-26 09:01:59.962,BTCUSDT,BUY,MARKET,59904.98,2.143,FILLED
ORD-000710,2026-08-26 09:02:00.096,ETHUSDT,BUY,MARKET,2997.88,1.841,FILLED
ORD-000711,2026-08-26 09:02:00.163,ETHUSDT,BUY,MARKET,2996.6,0.784,FILLED
ORD-000712,2026-08-26 09:02:00.390,BTCUSDT,SELL,MARKET,60107.47,1.683,FILLED
ORD-000713,2026-08-26 09:02:00.549,SOLUSDT,BUY,MARKET,139.94,0.859,FILLED
ORD-000714,2026-08-26 09:02:00.763,BTCUSDT,BUY,MARKET,59999.87,1.809,FILLED
ORD-000715,2026-08-26 09:02:01.037,ETHUSDT,SELL,MARKET,2999.43,1.859,FILLED
ORD-000716,2026-08-26 09:02:01.114,ETHUSDT,SELL,MARKET,2994.29,1.269,FILLED
ORD-000717,2026-08-26 09:02:01.301,BTCUSDT,BUY,MARKET,60047.82,0.436,FILLED
ORD-000718,2026-08-26 09:02:01.579,BTCUSDT,SELL,MARKET,59901.63,1.846,FILLED
ORD-000719,2026-08-26 09:02:01.683,BTCUSDT,BUY,MARKET,59934.35,1.946,FILLED
ORD-000720,2026-08-26 09:02:01.931,BTCUSDT,SELL,MARKET,60088.36,1.233,FILLED
ORD-000721,2026-08-26 09:02:02.200,BTCUSDT,SELL,MARKET,59885.95,1.515,FILLED
ORD-000722,2026-08-26 09:02:02.378,ETHUSDT,BUY,MARKET,2996.52,1.052,FILLED
ORD-000723,2026-08-26 09:02:02.470,BTCUSDT,BUY,MARKET,59887.23,1.574,FILLED
ORD-000724,2026-08-26 09:02:02.688,SOLUSDT,BUY,MARKET,139.99,2.377,FILLED
ORD-000725,2026-08-26 09:02:02.797,BTCUSDT,SELL,MARKET,59842.2,1.928,FILLED
ORD-000726,2026-08-26 09:02:03.079,BTCUSDT,SELL,MARKET,60011.51,0.596,FILLED
ORD-000727,2026-08-26 09:02:03.295,ETHUSDT,SELL,MARKET,2996.01,0.211,FILLED
ORD-000728,2026-08-26 09:02:03.558,ETHUSDT,BUY,MARKET,3000.21,2.091,FILLED
ORD-000729,2026-08-26 09:02:03.704,SOLUSDT,SELL,MARKET,140.03,1.004,FILLED
ORD-000730,2026-08-26 09:02:03.886,ETHUSDT,BUY,MARKET,2999.21,2.277,FILLED
ORD-000731,2026-08-26 09:02:04.163,ETHUSDT,SELL,MARKET,3001.56,2.002,FILLED
ORD-000732,2026-08-26 09:02:04.232,SOLUSDT,BUY,MARKET,139.99,0.497,FILLED
ORD-000733,2026-08-26 09:02:04.465,SOLUSDT,SELL,MARKET,140.15,0.969,FILLED
ORD-000734,2026-08-26 09:02:04.687,BTCUSDT,BUY,MARKET,59919.11,0.372,FILLED
ORD-000735,2026-08-26 09:02:04.742,ETHUSDT,SELL,MARKET,2997.91,2.1,FILLED
ORD-000736,2026-08-26 09:02:04.923,BTCUSDT,BUY,MARKET,60168.98,0.423,FILLED
ORD-000737,2026-08-26 09:02:05.218,BTCUSDT,BUY,MARKET,60002.71,0.532,FILLED
ORD-000738,2026-08-26 09:02:05.510,ETHUSDT,BUY,MARKET,3001.54,2.071,FILLED
ORD-000739,2026-08-26 09:02:05.603,BTCUSDT,BUY,MARKET,59994.16,2.182,FILLED
ORD-000740,2026-08-26 09:02:05.699,BTCUSDT,SELL,MARKET,60063.94,2.069,FILLED
ORD-000741,2026-08-26 09:02:05.901,SOLUSDT,SELL,MARKET,140.07,2.314,FILLED
ORD-000742,2026-08-26 09:02:06.002,SOLUSDT,BUY,MARKET,140.28,0.361,FILLED
ORD-000743,2026-08-26 09:02:06.282,SOLUSDT,SELL,MARKET,139.88,0.526,FILLED
ORD-000744,2026-08-26 09:02:06.355,SOLUSDT,BUY,MARKET,140.17,1.906,FILLED
ORD-000745,2026-08-26 09:02:06.645,ETHUSDT,BUY,MARKET,3003.16,0.103,FILLED
ORD-000746,2026-08-26 09:02:06.830,SOLUSDT,SELL,MARKET,140.06,0.204,FILLED
ORD-000747,2026-08-26 09:02:06.969,ETHUSDT,BUY,MARKET,3002.7,1.945,FILLED
ORD-000748,2026-08-26 09:02:07.251,SOLUSDT,BUY,MARKET,140.09,1.938,FILLED
ORD-000749,2026-08-26 09:02:07.302,BTCUSDT,SELL,MARKET,59992.41,0.719,FILLED
ORD-000750,2026-08-26 09:02:07.519,SOLUSDT,BUY,MARKET,139.78,0.117,FILLED
ORD-000751,2026-08-26 09:02:07.718,BTCUSDT,SELL,MARKET,59946.45,1.123,FILLED
ORD-000752,2026-08-26 09:02:07.838,ETHUSDT,SELL,MARKET,2999.79,0.978,FILLED
ORD-000753,2026-08-26 09:02:08.011,SOLUSDT,SELL,MARKET,139.99,1.981,FILLED
ORD-000754,2026-08-26 09:02:08.208,BTCUSDT,SELL,MARKET,59983.25,2.472,FILLED
ORD-000755,2026-08-26 09:02:08.449,ETHUSDT,SELL,MARKET,2994.88,1.682,FILLED
ORD-000756,2026-08-26 09:02:08.629,BTCUSDT,SELL,MARKET,60046.37,0.341,FILLED
ORD-000757,2026-08-26 09:02:08.692,ETHUSDT,SELL,MARKET,3002.19,1.743,FILLED
ORD-000758,2026-08-26 09:02:08.779,BTCUSDT,SELL,MARKET,59901.56,0.319,FILLED
ORD-000759,2026-08-26 09:02:08.984,ETHUSDT,SELL,MARKET,2999.88,0.99,FILLED
ORD-000760,2026-08-26 09:02:09.107,BTCUSDT,SELL,MARKET,59942.73,1.675,FILLED
ORD-000761,2026-08-26 09:02:09.269,SOLUSDT,BUY,MARKET,139.59,1.637,FILLED
ORD-000762,2026-08-26 09:02:09.368,BTCUSDT,BUY,MARKET,59967.07,1.344,FILLED
ORD-000763,2026-08-26 09:02:09.585,BTCUSDT,BUY,MARKET,60054.43,0.963,FILLED
ORD-000764,2026-08-26 09:02:09.806,BTCUSDT,BUY,MARKET,60020.19,1.059,FILLED
ORD-000765,2026-08-26 09:02:09.873,ETHUSDT,SELL,MARKET,3000.88,1.869,FILLED
ORD-000766,2026-08-26 09:02:10.011,BTCUSDT,SELL,MARKET,59884.01,1.499,FILLED
ORD-000767,2026-08-26 09:02:10.208,ETHUSDT,BUY,MARKET,2998.73,2.331,FILLED
ORD-000768,2026-08-26 09:02:10.386,BTCUSDT,SELL,MARKET,59956.43,1.441,FILLED
ORD-000769,2026-08-26 09:02:10.660,ETHUSDT,SELL,MARKET,2998.72,2.396,FILLED
ORD-000770,2026-08-26 09:02:10.907,SOLUSDT,SELL,MARKET,139.87,1.452,FILLED
ORD-000771,2026-08-26 09:02:11.107,BTCUSDT,SELL,MARKET,59913.26,1.206,FILLED
ORD-000772,2026-08-26 09:02:11.213,BTCUSDT,SELL,MARKET,60055.64,1.621,FILLED
ORD-000773,2026-08-26 09:02:11.400,SOLUSDT,BUY,MARKET,140.13,0.947,FILLED
ORD-000774,2026-08-26 09:02:11.660,BTCUSDT,SELL,MARKET,59990.07,1.717,FILLED
ORD-000775,2026-08-26 09:02:11.765,ETHUSDT,BUY,MARKET,3004.57,0.853,FILLED
ORD-000776,2026-08-26 09:02:11.863,SOLUSDT,SELL,MARKET,140.06,2.333,FILLED
ORD-000777,2026-08-26 09:02:11.971,ETHUSDT,BUY,MARKET,3000.57,0.737,FILLED
ORD-000778,2026-08-26 09:02:12.051,BTCUSDT,BUY,MARKET,60018.2,1.969,FILLED
ORD-000779,2026-08-26 09:02:12.111,BTCUSDT,SELL,MARKET,59985.63,1.4,FILLED
ORD-000780,2026-08-26 09:02:12.390,ETHUSDT,SELL,MARKET,2991.2,2.465,FILLED
ORD-000781,2026-08-26 09:02:12.511,SOLUSDT,SELL,MARKET,139.91,2.298,FILLED
ORD-000782,2026-08-26 09:02:12.669,ETHUSDT,BUY,MARKET,3004.01,1.362,FILLED
ORD-000783,2026-08-26 09:02:12.763,ETHUSDT,BUY,MARKET,3002.17,1.747,FILLED
ORD-000784,2026-08-26 09:02:12.816,ETHUSDT,BUY,MARKET,2999.48,1.754,FILLED
ORD-000785,2026-08-26 09:02:13.086,SOLUSDT,BUY,MARKET,139.79,0.968,FILLED
ORD-000786,2026-08-26 09:02:13.292,ETHUSDT,BUY,MARKET,3004.12,1.231,FILLED
ORD-000787,2026-08-26 09:02:13.534,ETHUSDT,SELL,MARKET,2996.13,1.106,FILLED
ORD-000788,2026-08-26 09:02:13.617,ETHUSDT,SELL,MARKET,3000.28,0.532,FILLED
ORD-000789,2026-08-26 09:02:13.809,SOLUSDT,BUY,MARKET,139.93,2.03,FILLED
ORD-000790,2026-08-26 09:02:13.980,ETHUSDT,SELL,MARKET,2994.47,1.873,FILLED
ORD-000791,2026-08-26 09:02:14.191,BTCUSDT,BUY,MARKET,59992.28,2.244,FILLED
ORD-000792,2026-08-26 09:02:14.386,SOLUSDT,SELL,MARKET,140.1,1.449,FILLED
ORD-000793,2026-08-26 09:02:14.501,BTCUSDT,SELL,MARKET,59992.84,0.617,FILLED
ORD-000794,2026-08-26 09:02:14.694,ETHUSDT,BUY,MARKET,3006.35,0.966,FILLED
ORD-000795,2026-08-26 09:02:14.917,SOLUSDT,SELL,MARKET,140.09,0.943,FILLED
ORD-000796,2026-08-26 09:02:15.217,SOLUSDT,BUY,MARKET,139.98,1.392,FILLED
ORD-000797,2026-08-26 09:02:15.381,ETHUSDT,SELL,MARKET,3000.01,1.959,FILLED
ORD-000798,2026-08-26 09:02:15.653,BTCUSDT,SELL,MARKET,60053.31,2.396,FILLED
ORD-000799,2026-08-26 09:02:15.935,BTCUSDT,SELL,MARKET,60004.4,1.071,FILLED
ORD-000800,2026-08-26 09:02:16.059,BTCUSDT,BUY,MARKET,59869.58,0.861,FILLED
ORD-000801,2026-08-26 09:02:16.308,SOLUSDT,SELL,MARKET,139.98,2.23,FILLED
ORD-000802,2026-08-26 09:02:16.544,ETHUSDT,SELL,MARKET,2997.61,0.155,FILLED
ORD-000803,2026-08-26 09:02:16.636,BTCUSDT,SELL,MARKET,59995.25,0.292,FILLED
ORD-000804,2026-08-26 09:02:16.699,ETHUSDT,BUY,MARKET,2999.68,1.236,FILLED
ORD-000805,2026-08-26 09:02:16.907,BTCUSDT,SELL,MARKET,59971.49,0.349,FILLED
ORD-000806,2026-08-26 09:02:17.020,BTCUSDT,BUY,MARKET,60029.6,0.842,FILLED
ORD-000807,2026-08-26 09:02:17.113,SOLUSDT,SELL,MARKET,140.06,1.364,FILLED
ORD-000808,2026-08-26 09:02:17.284,BTCUSDT,BUY,MARKET,59935.79,0.88,FILLED
ORD-000809,2026-08-26 09:02:17.472,ETHUSDT,SELL,MARKET,2999.0,2.376,FILLED
ORD-000810,2026-08-26 09:02:17.656,BTCUSDT,SELL,MARKET,60013.8,1.454,FILLED
ORD-000811,2026-08-26 09:02:17.728,SOLUSDT,SELL,MARKET,139.87,0.645,FILLED
ORD-000812,2026-08-26 09:02:17.778,ETHUSDT,SELL,MARKET,2999.81,0.829,FILLED
ORD-000813,2026-08-26 09:02:18.064,SOLUSDT,BUY,MARKET,140.29,0.12,FILLED
ORD-000814,2026-08-26 09:02:18.266,ETHUSDT,SELL,MARKET,3002.22,2.015,FILLED
ORD-000815,2026-08-26 09:02:18.427,BTCUSDT,BUY,MARKET,59873.28,2.217,FILLED
ORD-000816,2026-08-26 09:02:18.573,ETHUSDT,BUY,MARKET,2999.7,1.035,FILLED
ORD-000817,2026-08-26 09:02:18.827,BTCUSDT,SELL,MARKET,59968.25,1.34,FILLED
ORD-000818,2026-08-26 09:02:18.982,SOLUSDT,SELL,MARKET,140.0,2.041,FILLED
ORD-000819,2026-08-26 09:02:19.190,BTCUSDT,BUY,MARKET,60127.47,1.629,FILLED
ORD-000820,2026-08-26 09:02:19.245,ETHUSDT,SELL,MARKET,3000.19,0.465,FILLED
ORD-000821,2026-08-26 09:02:19.298,BTCUSDT,BUY,MARKET,60008.48,0.12,REJECTED
ORD-000822,2026-08-26 09:02:19.550,ETHUSDT,BUY,MARKET,3000.38,2.495,FILLED
ORD-000823,2026-08-26 09:02:19.739,BTCUSDT,SELL,MARKET,60028.33,0.74,FILLED
ORD-000824,2026-08-26 09:02:19.985,ETHUSDT,BUY,MARKET,3000.05,2.088,REJECTED
ORD-000825,2026-08-26 09:02:20.223,SOLUSDT,BUY,MARKET,139.84,2.487,REJECTED
ORD-000826,2026-08-26 09:02:20.283,BTCUSDT,BUY,MARKET,60089.56,0.875,FILLED
ORD-000827,2026-08-26 09:02:20.388,SOLUSDT,BUY,MARKET,140.17,2.23,FILLED
ORD-000828,2026-08-26 09:02:20.640,BTCUSDT,BUY,MARKET,60005.62,0.763,REJECTED
ORD-000829,2026-08-26 09:02:20.887,BTCUSDT,BUY,MARKET,60099.75,1.752,REJECTED
ORD-000830,2026-08-26 09:02:21.097,BTCUSDT,BUY,MARKET,60043.11,2.334,FILLED
ORD-000831,2026-08-26 09:02:21.174,BTCUSDT,BUY,MARKET,59993.55,1.387,FILLED
ORD-000832,2026-08-26 09:02:21.417,BTCUSDT,SELL,MARKET,59928.96,1.993,FILLED
ORD-000833,2026-08-26 09:02:21.652,ETHUSDT,SELL,MARKET,3000.5,1.007,FILLED
ORD-000834,2026-08-26 09:02:21.777,BTCUSDT,SELL,MARKET,59964.81,1.15,FILLED
ORD-000835,2026-08-26 09:02:22.014,SOLUSDT,SELL,MARKET,139.9,0.934,FILLED
ORD-000836,2026-08-26 09:02:22.105,ETHUSDT,SELL,MARKET,2994.89,2.165,FILLED
ORD-000837,2026-08-26 09:02:22.271,BTCUSDT,BUY,MARKET,60066.46,1.4,FILLED
ORD-000838,2026-08-26 09:02:22.414,BTCUSDT,SELL,MARKET,59899.23,1.587,FILLED
ORD-000839,2026-08-26 09:02:22.673,SOLUSDT,BUY,MARKET,140.11,2.421,FILLED
ORD-000840,2026-08-26 09:02:22.879,ETHUSDT,BUY,MARKET,3000.4,1.424,FILLED
ORD-000841,2026-08-26 09:02:23.097,ETHUSDT,SELL,MARKET,3001.76,0.331,FILLED
ORD-000842,2026-08-26 09:02:23.198,BTCUSDT,BUY,MARKET,60125.01,2.196,FILLED
ORD-000843,2026-08-26 09:02:23.347,BTCUSDT,SELL,MARKET,60000.26,1.64,FILLED
ORD-000844,2026-08-26 09:02:23.490,SOLUSDT,SELL,MARKET,139.95,0.714,FILLED
ORD-000845,2026-08-26 09:02:23.777,BTCUSDT,BUY,MARKET,60061.31,1.674,FILLED
ORD-000846,2026-08-26 09:02:24.067,BTCUSDT,SELL,MARKET,59785.73,1.439,FILLED
ORD-000847,2026-08-26 09:02:24.252,ETHUSDT,SELL,MARKET,3000.79,1.581,FILLED
ORD-000848,2026-08-26 09:02:24.434,BTCUSDT,BUY,MARKET,60032.63,0.618,FILLED
ORD-000849,2026-08-26 09:02:24.618,BTCUSDT,BUY,MARKET,60017.94,0.555,FILLED
ORD-000850,2026-08-26 09:02:24.810,SOLUSDT,BUY,MARKET,140.14,1.44,FILLED
ORD-000851,2026-08-26 09:02:25.039,ETHUSDT,BUY,MARKET,3003.88,1.719,FILLED
ORD-000852,2026-08-26 09:02:25.191,SOLUSDT,SELL,MARKET,140.14,0.533,FILLED
ORD-000853,2026-08-26 09:02:25.479,SOLUSDT,SELL,MARKET,139.98,1.54,FILLED
ORD-000854,2026-08-26 09:02:25.634,ETHUSDT,SELL,MARKET,2992.02,2.128,FILLED
ORD-000855,2026-08-26 09:02:25.823,SOLUSDT,SELL,MARKET,139.84,0.678,FILLED
ORD-000856,2026-08-26 09:02:26.119,BTCUSDT,SELL,MARKET,60043.23,0.71,FILLED
ORD-000857,2026-08-26 09:02:26.241,ETHUSDT,SELL,MARKET,2997.67,0.183,FILLED
ORD-000858,2026-08-26 09:02:26.367,SOLUSDT,BUY,MARKET,140.09,0.824,FILLED
ORD-000859,2026-08-26 09:02:26.593,BTCUSDT,BUY,MARKET,59990.91,2.073,FILLED
ORD-000860,2026-08-26 09:02:26.710,ETHUSDT,BUY,MARKET,2995.14,0.475,FILLED
ORD-000861,2026-08-26 09:02:26.862,ETHUSDT,BUY,MARKET,2997.88,0.321,FILLED
ORD-000862,2026-08-26 09:02:26.956,SOLUSDT,BUY,MARKET,139.93,2.003,FILLED
ORD-000863,2026-08-26 09:02:27.153,ETHUSDT,BUY,MARKET,2995.79,1.854,FILLED
ORD-000864,2026-08-26 09:02:27.428,ETHUSDT,BUY,MARKET,3002.71,0.903,FILLED
ORD-000865,2026-08-26 09:02:27.669,ETHUSDT,SELL,MARKET,3009.03,1.949,FILLED
ORD-000866,2026-08-26 09:02:27.853,SOLUSDT,BUY,MARKET,140.15,0.23,FILLED
ORD-000867,2026-08-26 09:02:27.959,BTCUSDT,SELL,MARKET,60023.86,1.306,FILLED
ORD-000868,2026-08-26 09:02:28.201,BTCUSDT,BUY,MARKET,60046.6,2.43,FILLED
ORD-000869,2026-08-26 09:02:28.284,SOLUSDT,BUY,MARKET,139.86,1.046,FILLED
ORD-000870,2026-08-26 09:02:28.401,ETHUSDT,BUY,MARKET,3003.11,1.416,FILLED
ORD-000871,2026-08-26 09:02:28.485,BTCUSDT,SELL,MARKET,60034.12,0.413,FILLED
ORD-000872,2026-08-26 09:02:28.692,ETHUSDT,BUY,MARKET,2998.7,0.571,FILLED
ORD-000873,2026-08-26 09:02:28.917,SOLUSDT,BUY,MARKET,140.0,1.132,FILLED
ORD-000874,2026-08-26 09:02:29.015,SOLUSDT,BUY,MARKET,140.07,0.977,FILLED
ORD-000875,2026-08-26 09:02:29.154,ETHUSDT,SELL,MARKET,3001.43,0.832,FILLED
ORD-000876,2026-08-26 09:02:29.263,SOLUSDT,SELL,MARKET,140.0,2.318,FILLED
ORD-000877,2026-08-26 09:02:29.502,BTCUSDT,SELL,MARKET,59962.44,0.306,FILLED
ORD-000878,2026-08-26 09:02:29.761,BTCUSDT,BUY,MARKET,59989.21,2.185,FILLED
ORD-000879,2026-08-26 09:02:29.931,ETHUSDT,BUY,MARKET,2997.71,0.832,FILLED
ORD-000880,2026-08-26 09:02:30.114,BTCUSDT,SELL,MARKET,60042.59,0.589,FILLED
ORD-000881,2026-08-26 09:02:30.335,ETHUSDT,SELL,MARKET,2995.6,1.768,FILLED
ORD-000882,2026-08-26 09:02:30.428,BTCUSDT,SELL,MARKET,59955.61,0.204,FILLED
ORD-000883,2026-08-26 09:02:30.597,BTCUSDT,SELL,MARKET,59912.85,0.751,FILLED
ORD-000884,2026-08-26 09:02:30.880,SOLUSDT,BUY,MARKET,139.89,1.691,FILLED
ORD-000885,2026-08-26 09:02:31.096,SOLUSDT,SELL,MARKET,139.75,2.182,FILLED
ORD-000886,2026-08-26 09:02:31.377,ETHUSDT,BUY,MARKET,2999.81,1.803,FILLED
ORD-000887,2026-08-26 09:02:31.555,ETHUSDT,SELL,MARKET,3001.21,0.547,FILLED
ORD-000888,2026-08-26 09:02:31.730,ETHUSDT,BUY,MARKET,3001.86,0.832,FILLED
ORD-000889,2026-08-26 09:02:31.857,ETHUSDT,BUY,MARKET,3001.08,0.953,FILLED
ORD-000890,2026-08-26 09:02:32.134,BTCUSDT,SELL,MARKET,59893.9,2.209,FILLED
ORD-000891,2026-08-26 09:02:32.219,BTCUSDT,SELL,MARKET,59948.49,1.043,FILLED
ORD-000892,2026-08-26 09:02:32.444,BTCUSDT,SELL,MARKET,59957.2,2.194,FILLED
ORD-000893,2026-08-26 09:02:32.726,BTCUSDT,SELL,MARKET,59938.24,2.429,FILLED
ORD-000894,2026-08-26 09:02:32.924,SOLUSDT,SELL,MARKET,139.9,1.666,FILLED
ORD-000895,2026-08-26 09:02:33.108,SOLUSDT,BUY,MARKET,139.87,1.792,FILLED
ORD-000896,2026-08-26 09:02:33.396,BTCUSDT,SELL,MARKET,60017.76,0.448,FILLED
ORD-000897,2026-08-26 09:02:33.476,SOLUSDT,BUY,MARKET,139.97,2.377,FILLED
ORD-000898,2026-08-26 09:02:33.607,BTCUSDT,SELL,MARKET,60068.86,0.171,FILLED
ORD-000899,2026-08-26 09:02:33.820,ETHUSDT,SELL,MARKET,2996.26,2.072,FILLED
ORD-000900,2026-08-26 09:02:33.876,SOLUSDT,SELL,MARKET,140.12,0.416,FILLED
ORD-000901,2026-08-26 09:02:33.985,SOLUSDT,SELL,MARKET,140.03,1.531,FILLED
ORD-000902,2026-08-26 09:02:34.163,SOLUSDT,BUY,MARKET,140.05,1.244,FILLED
ORD-000903,2026-08-26 09:02:34.338,SOLUSDT,SELL,MARKET,140.15,2.145,FILLED
ORD-000904,2026-08-26 09:02:34.636,ETHUSDT,BUY,MARKET,2999.53,1.081,FILLED
ORD-000905,2026-08-26 09:02:34.737,BTCUSDT,SELL,MARKET,59990.27,1.711,FILLED
ORD-000906,2026-08-26 09:02:34.944,BTCUSDT,BUY,MARKET,60031.23,1.154,FILLED
ORD-000907,2026-08-26 09:02:35.192,ETHUSDT,SELL,MARKET,2999.18,1.126,FILLED
ORD-000908,2026-08-26 09:02:35.388,BTCUSDT,SELL,MARKET,60005.38,2.354,FILLED
ORD-000909,2026-08-26 09:02:35.448,SOLUSDT,BUY,MARKET,139.79,2.085,FILLED
ORD-000910,2026-08-26 09:02:35.693,BTCUSDT,SELL,MARKET,59988.79,1.03,FILLED
ORD-000911,2026-08-26 09:02:35.941,SOLUSDT,BUY,MARKET,140.11,2.223,FILLED
ORD-000912,2026-08-26 09:02:36.167,ETHUSDT,SELL,MARKET,3001.4,2.306,FILLED
ORD-000913,2026-08-26 09:02:36.345,SOLUSDT,BUY,MARKET,139.91,0.317,FILLED
ORD-000914,2026-08-26 09:02:36.429,BTCUSDT,BUY,MARKET,59987.95,1.771,FILLED
ORD-000915,2026-08-26 09:02:36.708,ETHUSDT,SELL,MARKET,3000.42,1.189,FILLED
ORD-000916,2026-08-26 09:02:36.924,SOLUSDT,BUY,MARKET,140.07,0.878,FILLED
ORD-000917,2026-08-26 09:02:37.089,SOLUSDT,BUY,MARKET,140.11,0.374,FILLED
ORD-000918,2026-08-26 09:02:37.388,SOLUSDT,SELL,MARKET,140.09,1.844,FILLED
ORD-000919,2026-08-26 09:02:37.671,SOLUSDT,BUY,MARKET,140.02,1.944,FILLED
ORD-000920,2026-08-26 09:02:37.734,ETHUSDT,BUY,MARKET,3002.6,1.946,FILLED
ORD-000921,2026-08-26 09:02:37.944,ETHUSDT,SELL,MARKET,2995.56,1.171,FILLED
ORD-000922,2026-08-26 09:02:38.189,BTCUSDT,BUY,MARKET,60044.47,0.108,FILLED
ORD-000923,2026-08-26 09:02:38.240,ETHUSDT,BUY,MARKET,3002.38,1.404,FILLED
ORD-000924,2026-08-26 09:02:38.394,SOLUSDT,SELL,MARKET,139.71,1.242,FILLED
ORD-000925,2026-08-26 09:02:38.515,ETHUSDT,BUY,MARKET,3002.88,2.217,FILLED
ORD-000926,2026-08-26 09:02:38.574,SOLUSDT,BUY,MARKET,140.01,1.668,FILLED
ORD-000927,2026-08-26 09:02:38.859,BTCUSDT,BUY,MARKET,60092.63,0.816,FILLED
ORD-000928,2026-08-26 09:02:38.981,BTCUSDT,BUY,MARKET,59976.46,0.487,FILLED
ORD-000929,2026-08-26 09:02:39.040,SOLUSDT,BUY,MARKET,140.06,0.964,FILLED
ORD-000930,2026-08-26 09:02:39.284,BTCUSDT,SELL,MARKET,60013.8,2.069,FILLED
ORD-000931,2026-08-26 09:02:39.404,ETHUSDT,BUY,MARKET,2997.82,1.767,FILLED
ORD-000932,2026-08-26 09:02:39.481,ETHUSDT,SELL,MARKET,3001.3,1.569,FILLED
ORD-000933,2026-08-26 09:02:39.711,SOLUSDT,BUY,MARKET,140.09,2.341,FILLED
ORD-000934,2026-08-26 09:02:39.920,ETHUSDT,SELL,MARKET,2995.61,1.361,FILLED
ORD-000935,2026-08-26 09:02:40.097,ETHUSDT,BUY,MARKET,2997.75,1.85,FILLED
ORD-000936,2026-08-26 09:02:40.196,ETHUSDT,BUY,MARKET,3000.34,0.797,FILLED
ORD-000937,2026-08-26 09:02:40.463,BTCUSDT,BUY,MARKET,60034.96,0.383,FILLED
ORD-000938,2026-08-26 09:02:40.676,BTCUSDT,SELL,MARKET,60089.44,1.445,FILLED
ORD-000939,2026-08-26 09:02:40.743,BTCUSDT,BUY,MARKET,59950.41,0.711,FILLED
ORD-000940,2026-08-26 09:02:40.978,ETHUSDT,SELL,MARKET,3001.93,1.746,FILLED
ORD-000941,2026-08-26 09:02:41.149,SOLUSDT,BUY,MARKET,140.15,2.313,FILLED
ORD-000942,2026-08-26 09:02:41.399,BTCUSDT,BUY,MARKET,60061.12,1.389,FILLED
ORD-000943,2026-08-26 09:02:41.502,ETHUSDT,BUY,MARKET,2998.17,0.857,FILLED
ORD-000944,2026-08-26 09:02:41.559,SOLUSDT,SELL,MARKET,139.81,2.427,FILLED
ORD-000945,2026-08-26 09:02:41.830,ETHUSDT,SELL,MARKET,3006.98,1.035,FILLED
ORD-000946,2026-08-26 09:02:42.092,ETHUSDT,SELL,MARKET,3001.0,2.205,FILLED
ORD-000947,2026-08-26 09:02:42.165,ETHUSDT,BUY,MARKET,2996.17,0.19,REJECTED
ORD-000948,2026-08-26 09:02:42.438,ETHUSDT,BUY,MARKET,2998.61,0.916,FILLED
ORD-000949,2026-08-26 09:02:42.661,SOLUSDT,SELL,MARKET,140.13,2.073,FILLED
ORD-000950,2026-08-26 09:02:42.949,BTCUSDT,BUY,MARKET,60131.32,1.354,REJECTED
ORD-000951,2026-08-26 09:02:43.195,BTCUSDT,BUY,MARKET,60118.27,0.347,FILLED
ORD-000952,2026-08-26 09:02:43.298,SOLUSDT,SELL,MARKET,139.99,1.633,FILLED
ORD-000953,2026-08-26 09:02:43.460,ETHUSDT,BUY,MARKET,3001.28,0.866,FILLED
ORD-000954,2026-08-26 09:02:43.755,SOLUSDT,BUY,MARKET,140.05,0.375,FILLED
ORD-000955,2026-08-26 09:02:43.841,SOLUSDT,BUY,MARKET,139.88,0.864,FILLED
ORD-000956,2026-08-26 09:02:44.119,SOLUSDT,SELL,MARKET,139.92,0.847,FILLED
ORD-000957,2026-08-26 09:02:44.181,ETHUSDT,SELL,MARKET,2999.81,2.268,FILLED
ORD-000958,2026-08-26 09:02:44.383,BTCUSDT,SELL,MARKET,59991.26,0.53,FILLED
ORD-000959,2026-08-26 09:02:44.615,SOLUSDT,SELL,MARKET,140.19,2.062,FILLED
ORD-000960,2026-08-26 09:02:44.698,SOLUSDT,BUY,MARKET,140.18,1.218,FILLED
ORD-000961,2026-08-26 09:02:44.944,BTCUSDT,SELL,MARKET,59990.81,1.647,FILLED
ORD-000962,2026-08-26 09:02:45.151,ETHUSDT,SELL,MARKET,2998.98,2.167,FILLED
ORD-000963,2026-08-26 09:02:45.402,ETHUSDT,SELL,MARKET,2997.3,1.696,FILLED
ORD-000964,2026-08-26 09:02:45.574,ETHUSDT,SELL,MARKET,2998.87,0.371,FILLED
ORD-000965,2026-08-26 09:02:45.754,ETHUSDT,BUY,MARKET,2998.48,1.479,FILLED
ORD-000966,2026-08-26 09:02:45.970,BTCUSDT,SELL,MARKET,59976.31,0.882,FILLED
ORD-000967,2026-08-26 09:02:46.178,BTCUSDT,SELL,MARKET,59881.42,1.092,FILLED
ORD-000968,2026-08-26 09:02:46.436,BTCUSDT,BUY,MARKET,59930.73,0.918,FILLED
ORD-000969,2026-08-26 09:02:46.625,SOLUSDT,SELL,MARKET,139.91,1.99,FILLED
ORD-000970,2026-08-26 09:02:46.857,SOLUSDT,BUY,MARKET,140.19,1.874,FILLED
ORD-000971,2026-08-26 09:02:46.931,SOLUSDT,SELL,MARKET,140.08,0.881,FILLED
ORD-000972,2026-08-26 09:02:47.156,ETHUSDT,BUY,MARKET,3001.11,1.536,FILLED
ORD-000973,2026-08-26 09:02:47.261,SOLUSDT,SELL,MARKET,140.05,0.248,FILLED
ORD-000974,2026-08-26 09:02:47.385,BTCUSDT,BUY,MARKET,60051.07,1.187,FILLED
ORD-000975,2026-08-26 09:02:47.580,ETHUSDT,SELL,MARKET,3000.93,0.86,FILLED
ORD-000976,2026-08-26 09:02:47.864,SOLUSDT,SELL,MARKET,139.89,1.823,FILLED
ORD-000977,2026-08-26 09:02:48.130,ETHUSDT,BUY,MARKET,3001.19,1.325,FILLED
ORD-000978,2026-08-26 09:02:48.180,BTCUSDT,SELL,MARKET,60026.48,2.423,FILLED
ORD-000979,2026-08-26 09:02:48.340,SOLUSDT,SELL,MARKET,140.02,0.175,FILLED
ORD-000980,2026-08-26 09:02:48.501,SOLUSDT,SELL,MARKET,139.98,1.074,FILLED
ORD-000981,2026-08-26 09:02:48.649,SOLUSDT,BUY,MARKET,139.89,0.552,FILLED
ORD-000982,2026-08-26 09:02:48.733,ETHUSDT,SELL,MARKET,2997.43,1.708,FILLED
ORD-000983,2026-08-26 09:02:48.951,BTCUSDT,BUY,MARKET,60006.94,2.224,FILLED
ORD-000984,2026-08-26 09:02:49.117,ETHUSDT,BUY,MARKET,3000.97,1.098,FILLED
ORD-000985,2026-08-26 09:02:49.376,SOLUSDT,SELL,MARKET,140.06,1.118,FILLED
ORD-000986,2026-08-26 09:02:49.573,ETHUSDT,SELL,MARKET,3002.48,1.551,FILLED
ORD-000987,2026-08-26 09:02:49.770,ETHUSDT,BUY,MARKET,3000.82,2.324,FILLED
ORD-000988,2026-08-26 09:02:49.848,ETHUSDT,BUY,MARKET,2997.85,1.792,FILLED
ORD-000989,2026-08-26 09:02:50.032,SOLUSDT,SELL,MARKET,140.05,1.852,FILLED
ORD-000990,2026-08-26 09:02:50.144,ETHUSDT,SELL,MARKET,3002.83,1.564,FILLED
ORD-000991,2026-08-26 09:02:50.350,ETHUSDT,BUY,MARKET,2998.21,1.491,FILLED
ORD-000992,2026-08-26 09:02:50.631,BTCUSDT,SELL,MARKET,59937.04,1.19,FILLED
ORD-000993,2026-08-26 09:02:50.755,ETHUSDT,SELL,MARKET,3000.75,2.016,FILLED
ORD-000994,2026-08-26 09:02:51.005,BTCUSDT,BUY,MARKET,59931.87,0.83,FILLED
ORD-000995,2026-08-26 09:02:51.068,SOLUSDT,SELL,MARKET,139.94,0.506,FILLED
ORD-000996,2026-08-26 09:02:51.139,SOLUSDT,SELL,MARKET,139.92,0.788,FILLED
ORD-000997,2026-08-26 09:02:51.260,BTCUSDT,BUY,MARKET,60051.41,0.418,FILLED
ORD-000998,2026-08-26 09:02:51.461,ETHUSDT,SELL,MARKET,2999.41,0.519,FILLED
ORD-000999,2026-08-26 09:02:51.711,SOLUSDT,BUY,MARKET,140.0,0.521,FILLED
ORD-001000,2026-08-26 09:02:51.848,SOLUSDT,BUY,MARKET,139.76,2.169,FILLED
ORD-001001,2026-08-26 09:02:52.090,BTCUSDT,BUY,MARKET,60043.32,2.11,FILLED
ORD-001002,2026-08-26 09:02:52.193,ETHUSDT,SELL,MARKET,3002.91,1.63,FILLED
ORD-001003,2026-08-26 09:02:52.256,SOLUSDT,SELL,MARKET,140.02,2.067,FILLED
ORD-001004,2026-08-26 09:02:52.498,BTCUSDT,SELL,MARKET,60100.12,1.891,FILLED
ORD-001005,2026-08-26 09:02:52.585,SOLUSDT,BUY,MARKET,140.08,1.239,FILLED
ORD-001006,2026-08-26 09:02:52.808,SOLUSDT,SELL,MARKET,139.96,1.177,FILLED
ORD-001007,2026-08-26 09:02:53.074,ETHUSDT,BUY,MARKET,3002.18,0.949,FILLED
ORD-001008,2026-08-26 09:02:53.291,ETHUSDT,SELL,MARKET,2999.5,0.336,FILLED
ORD-001009,2026-08-26 09:02:53.513,SOLUSDT,SELL,MARKET,139.84,0.68,FILLED
ORD-001010,2026-08-26 09:02:53.643,SOLUSDT,BUY,MARKET,140.01,2.484,FILLED
ORD-001011,2026-08-26 09:02:53.718,SOLUSDT,BUY,MARKET,140.15,0.129,FILLED
ORD-001012,2026-08-26 09:02:53.832,SOLUSDT,BUY,MARKET,140.07,1.841,FILLED
ORD-001013,2026-08-26 09:02:54.050,BTCUSDT,BUY,MARKET,60039.77,2.352,FILLED
ORD-001014,2026-08-26 09:02:54.133,BTCUSDT,BUY,MARKET,60063.17,2.155,FILLED
ORD-001015,2026-08-26 09:02:54.302,ETHUSDT,BUY,MARKET,3004.96,0.708,FILLED
ORD-001016,2026-08-26 09:02:54.461,SOLUSDT,BUY,MARKET,139.87,0.763,FILLED
ORD-001017,2026-08-26 09:02:54.526,SOLUSDT,SELL,MARKET,140.02,0.765,FILLED
ORD-001018,2026-08-26 09:02:54.643,ETHUSDT,SELL,MARKET,3000.15,2.393,FILLED
ORD-001019,2026-08-26 09:02:54.793,BTCUSDT,SELL,MARKET,59966.05,0.582,FILLED
ORD-001020,2026-08-26 09:02:55.000,BTCUSDT,SELL,MARKET,59945.55,1.135,FILLED
ORD-001021,2026-08-26 09:02:55.068,SOLUSDT,BUY,MARKET,139.85,0.348,FILLED
ORD-001022,2026-08-26 09:02:55.285,BTCUSDT,SELL,MARKET,59984.01,1.294,FILLED
ORD-001023,2026-08-26 09:02:55.514,SOLUSDT,BUY,MARKET,140.14,0.739,FILLED
ORD-001024,2026-08-26 09:02:55.689,ETHUSDT,SELL,MARKET,3000.57,2.356,FILLED
ORD-001025,2026-08-26 09:02:55.756,ETHUSDT,SELL,MARKET,2998.15,2.049,FILLED
ORD-001026,2026-08-26 09:02:55.929,SOLUSDT,BUY,MARKET,140.06,2.063,FILLED
ORD-001027,2026-08-26 09:02:56.224,BTCUSDT,SELL,MARKET,59981.65,0.232,FILLED
ORD-001028,2026-08-26 09:02:56.489,SOLUSDT,BUY,MARKET,139.92,0.916,FILLED
ORD-001029,2026-08-26 09:02:56.637,ETHUSDT,SELL,MARKET,2998.23,0.194,FILLED
ORD-001030,2026-08-26 09:02:56.863,SOLUSDT,BUY,MARKET,139.77,0.356,FILLED
ORD-001031,2026-08-26 09:02:56.948,ETHUSDT,SELL,MARKET,2996.09,1.865,FILLED
ORD-001032,2026-08-26 09:02:57.097,BTCUSDT,BUY,MARKET,59983.11,0.672,FILLED
ORD-001033,2026-08-26 09:02:57.394,BTCUSDT,SELL,MARKET,59966.63,2.048,FILLED
ORD-001034,2026-08-26 09:02:57.547,BTCUSDT,BUY,MARKET,59983.24,1.83,FILLED
ORD-001035,2026-08-26 09:02:57.770,BTCUSDT,BUY,MARKET,60004.11,1.2,FILLED
ORD-001036,2026-08-26 09:02:58.008,SOLUSDT,BUY,MARKET,140.2,0.273,FILLED
ORD-001037,2026-08-26 09:02:58.069,BTCUSDT,SELL,MARKET,60005.03,2.303,FILLED
ORD-001038,2026-08-26 09:02:58.329,BTCUSDT,BUY,MARKET,59920.41,2.271,FILLED
ORD-001039,2026-08-26 09:02:58.588,BTCUSDT,SELL,MARKET,59989.16,0.253,FILLED
ORD-001040,2026-08-26 09:02:58.843,BTCUSDT,BUY,MARKET,59934.84,0.629,FILLED
ORD-001041,2026-08-26 09:02:58.995,BTCUSDT,SELL,MARKET,60103.94,1.871,FILLED
ORD-001042,2026-08-26 09:02:59.259,ETHUSDT,BUY,MARKET,2999.06,0.43,FILLED
ORD-001043,2026-08-26 09:02:59.345,BTCUSDT,BUY,MARKET,59989.27,0.39,FILLED
ORD-001044,2026-08-26 09:02:59.631,ETHUSDT,BUY,MARKET,3005.41,1.153,FILLED
ORD-001045,2026-08-26 09:02:59.777,SOLUSDT,BUY,MARKET,140.18,1.617,FILLED
ORD-001046,2026-08-26 09:03:00.064,BTCUSDT,BUY,MARKET,59989.61,0.117,FILLED
ORD-001047,2026-08-26 09:03:00.291,BTCUSDT,SELL,MARKET,60087.76,1.954,FILLED
ORD-001048,2026-08-26 09:03:00.402,BTCUSDT,BUY,MARKET,60021.72,1.181,FILLED
ORD-001049,2026-08-26 09:03:00.474,BTCUSDT,BUY,MARKET,60139.14,1.569,FILLED
ORD-001050,2026-08-26 09:03:00.554,SOLUSDT,SELL,MARKET,139.7,0.666,FILLED
ORD-001051,2026-08-26 09:03:00.733,SOLUSDT,BUY,MARKET,140.04,2.468,FILLED
ORD-001052,2026-08-26 09:03:00.832,BTCUSDT,SELL,MARKET,59939.49,0.763,FILLED
ORD-001053,2026-08-26 09:03:00.927,BTCUSDT,BUY,MARKET,59973.1,1.239,FILLED
ORD-001054,2026-08-26 09:03:01.041,BTCUSDT,BUY,MARKET,60010.05,0.603,FILLED
ORD-001055,2026-08-26 09:03:01.136,ETHUSDT,SELL,MARKET,3003.35,2.32,FILLED
ORD-001056,2026-08-26 09:03:01.370,BTCUSDT,BUY,MARKET,60012.97,2.248,FILLED
ORD-001057,2026-08-26 09:03:01.478,ETHUSDT,SELL,MARKET,2998.11,2.256,FILLED
ORD-001058,2026-08-26 09:03:01.579,BTCUSDT,SELL,MARKET,59953.06,1.09,FILLED
ORD-001059,2026-08-26 09:03:01.740,ETHUSDT,BUY,MARKET,2997.78,0.23,FILLED
ORD-001060,2026-08-26 09:03:01.951,BTCUSDT,BUY,MARKET,60023.77,0.427,FILLED
ORD-001061,2026-08-26 09:03:02.219,ETHUSDT,SELL,MARKET,3000.83,0.243,REJECTED
ORD-001062,2026-08-26 09:03:02.472,ETHUSDT,SELL,MARKET,2999.27,0.808,REJECTED
ORD-001063,2026-08-26 09:03:02.742,SOLUSDT,BUY,MARKET,139.84,1.088,FILLED
ORD-001064,2026-08-26 09:03:02.875,BTCUSDT,SELL,MARKET,60043.75,1.867,REJECTED
ORD-001065,2026-08-26 09:03:03.175,ETHUSDT,BUY,MARKET,3000.22,1.477,REJECTED
ORD-001066,2026-08-26 09:03:03.432,BTCUSDT,BUY,MARKET,59966.63,1.122,FILLED
ORD-001067,2026-08-26 09:03:03.725,SOLUSDT,BUY,MARKET,139.91,0.13,FILLED
ORD-001068,2026-08-26 09:03:03.816,BTCUSDT,BUY,MARKET,60101.47,0.138,FILLED
ORD-001069,2026-08-26 09:03:04.089,SOLUSDT,SELL,MARKET,139.96,1.192,FILLED
ORD-001070,2026-08-26 09:03:04.299,SOLUSDT,SELL,MARKET,140.26,1.789,REJECTED
ORD-001071,2026-08-26 09:03:04.458,BTCUSDT,SELL,MARKET,59909.95,0.179,FILLED
ORD-001072,2026-08-26 09:03:04.696,ETHUSDT,BUY,MARKET,2999.2,2.214,FILLED
ORD-001073,2026-08-26 09:03:04.904,BTCUSDT,SELL,MARKET,59866.18,0.977,FILLED
ORD-001074,2026-08-26 09:03:05.097,BTCUSDT,SELL,MARKET,60047.19,1.792,FILLED
ORD-001075,2026-08-26 09:03:05.313,SOLUSDT,BUY,MARKET,140.25,1.395,FILLED
ORD-001076,2026-08-26 09:03:05.592,ETHUSDT,BUY,MARKET,2999.4,0.869,FILLED
ORD-001077,2026-08-26 09:03:05.766,ETHUSDT,SELL,MARKET,3000.69,0.929,FILLED
ORD-001078,2026-08-26 09:03:06.046,SOLUSDT,BUY,MARKET,139.93,2.081,FILLED
ORD-001079,2026-08-26 09:03:06.303,ETHUSDT,SELL,MARKET,3003.47,2.369,FILLED
ORD-001080,2026-08-26 09:03:06.582,BTCUSDT,BUY,MARKET,59979.23,0.292,FILLED
ORD-001081,2026-08-26 09:03:06.660,BTCUSDT,SELL,MARKET,60104.91,0.495,FILLED
ORD-001082,2026-08-26 09:03:06.870,SOLUSDT,BUY,MARKET,139.99,1.35,FILLED
ORD-001083,2026-08-26 09:03:07.041,BTCUSDT,SELL,MARKET,60071.74,2.336,FILLED
ORD-001084,2026-08-26 09:03:07.107,ETHUSDT,SELL,MARKET,2996.09,0.8,FILLED
ORD-001085,2026-08-26 09:03:07.305,BTCUSDT,BUY,MARKET,60021.13,0.906,FILLED
ORD-001086,2026-08-26 09:03:07.495,ETHUSDT,SELL,MARKET,2995.31,1.372,FILLED
ORD-001087,2026-08-26 09:03:07.588,ETHUSDT,SELL,MARKET,2998.33,1.994,FILLED
ORD-001088,2026-08-26 09:03:07.650,ETHUSDT,BUY,MARKET,3001.9,1.947,FILLED
ORD-001089,2026-08-26 09:03:07.741,BTCUSDT,SELL,MARKET,60082.35,1.585,FILLED
ORD-001090,2026-08-26 09:03:08.022,SOLUSDT,SELL,MARKET,139.81,1.799,FILLED
ORD-001091,2026-08-26 09:03:08.219,SOLUSDT,BUY,MARKET,139.96,2.485,FILLED
ORD-001092,2026-08-26 09:03:08.277,BTCUSDT,SELL,MARKET,59924.73,1.45,FILLED
ORD-001093,2026-08-26 09:03:08.576,SOLUSDT,SELL,MARKET,139.83,1.176,FILLED
ORD-001094,2026-08-26 09:03:08.822,BTCUSDT,SELL,MARKET,60023.09,2.335,FILLED
ORD-001095,2026-08-26 09:03:09.011,BTCUSDT,SELL,MARKET,59896.18,2.428,FILLED
ORD-001096,2026-08-26 09:03:09.309,SOLUSDT,SELL,MARKET,140.1,2.25,FILLED
ORD-001097,2026-08-26 09:03:09.445,SOLUSDT,BUY,MARKET,140.25,2.314,FILLED
ORD-001098,2026-08-26 09:03:09.636,SOLUSDT,BUY,MARKET,140.09,0.435,FILLED
ORD-001099,2026-08-26 09:03:09.777,BTCUSDT,SELL,MARKET,59957.48,0.629,FILLED
ORD-001100,2026-08-26 09:03:09.883,BTCUSDT,SELL,MARKET,59880.92,1.5,FILLED
ORD-001101,2026-08-26 09:03:10.104,ETHUSDT,BUY,MARKET,2998.59,1.169,FILLED
ORD-001102,2026-08-26 09:03:10.395,BTCUSDT,SELL,MARKET,59882.97,1.552,FILLED
ORD-001103,2026-08-26 09:03:10.543,BTCUSDT,SELL,MARKET,60113.23,1.126,FILLED
ORD-001104,2026-08-26 09:03:10.816,ETHUSDT,BUY,MARKET,2997.27,2.446,FILLED
ORD-001105,2026-08-26 09:03:10.972,SOLUSDT,BUY,MARKET,139.89,1.88,FILLED
ORD-001106,2026-08-26 09:03:11.208,ETHUSDT,SELL,MARKET,3002.13,2.255,FILLED
ORD-001107,2026-08-26 09:03:11.335,ETHUSDT,BUY,MARKET,2997.42,0.445,FILLED
ORD-001108,2026-08-26 09:03:11.407,ETHUSDT,SELL,MARKET,3001.22,1.915,FILLED
ORD-001109,2026-08-26 09:03:11.575,BTCUSDT,SELL,MARKET,60138.69,0.52,FILLED
ORD-001110,2026-08-26 09:03:11.750,SOLUSDT,BUY,MARKET,139.91,0.795,FILLED
ORD-001111,2026-08-26 09:03:11.918,BTCUSDT,SELL,MARKET,59981.27,1.442,FILLED
ORD-001112,2026-08-26 09:03:12.131,BTCUSDT,BUY,MARKET,60040.93,0.82,FILLED
ORD-001113,2026-08-26 09:03:12.226,SOLUSDT,SELL,MARKET,139.87,0.79,FILLED
ORD-001114,2026-08-26 09:03:12.524,ETHUSDT,BUY,MARKET,2999.4,1.283,FILLED
ORD-001115,2026-08-26 09:03:12.734,BTCUSDT,SELL,MARKET,59913.88,2.184,FILLED
ORD-001116,2026-08-26 09:03:12.971,SOLUSDT,SELL,MARKET,140.13,0.996,FILLED
ORD-001117,2026-08-26 09:03:13.102,SOLUSDT,BUY,MARKET,140.2,0.24,FILLED
ORD-001118,2026-08-26 09:03:13.314,ETHUSDT,BUY,MARKET,2998.74,0.967,FILLED
ORD-001119,2026-08-26 09:03:13.495,ETHUSDT,BUY,MARKET,2991.8,2.347,FILLED
ORD-001120,2026-08-26 09:03:13.627,BTCUSDT,BUY,MARKET,59927.91,0.501,FILLED
ORD-001121,2026-08-26 09:03:13.813,ETHUSDT,SELL,MARKET,3003.16,0.97,FILLED
ORD-001122,2026-08-26 09:03:13.958,SOLUSDT,SELL,MARKET,139.96,1.344,FILLED
ORD-001123,2026-08-26 09:03:14.047,ETHUSDT,SELL,MARKET,3001.05,0.346,FILLED
ORD-001124,2026-08-26 09:03:14.273,SOLUSDT,BUY,MARKET,139.94,1.441,FILLED
ORD-001125,2026-08-26 09:03:14.356,SOLUSDT,BUY,MARKET,139.87,0.38,FILLED
ORD-001126,2026-08-26 09:03:14.519,BTCUSDT,SELL,MARKET,60023.95,0.434,FILLED
ORD-001127,2026-08-26 09:03:14.599,SOLUSDT,SELL,MARKET,139.96,1.887,FILLED
ORD-001128,2026-08-26 09:03:14.681,BTCUSDT,BUY,MARKET,60035.24,0.644,FILLED
ORD-001129,2026-08-26 09:03:14.759,BTCUSDT,BUY,MARKET,59882.99,1.931,FILLED
ORD-001130,2026-08-26 09:03:14.836,BTCUSDT,BUY,MARKET,60031.66,0.202,FILLED
ORD-001131,2026-08-26 09:03:14.963,BTCUSDT,BUY,MARKET,59963.43,0.204,FILLED
ORD-001132,2026-08-26 09:03:15.065,SOLUSDT,BUY,MARKET,139.76,2.308,FILLED
ORD-001133,2026-08-26 09:03:15.331,SOLUSDT,BUY,MARKET,140.04,0.318,FILLED
ORD-001134,2026-08-26 09:03:15.509,SOLUSDT,SELL,MARKET,139.94,0.485,FILLED
ORD-001135,2026-08-26 09:03:15.754,SOLUSDT,BUY,MARKET,139.94,2.067,FILLED
ORD-001136,2026-08-26 09:03:15.997,BTCUSDT,BUY,MARKET,60067.1,0.512,FILLED
ORD-001137,2026-08-26 09:03:16.176,SOLUSDT,BUY,MARKET,140.01,0.614,FILLED
ORD-001138,2026-08-26 09:03:16.471,SOLUSDT,SELL,MARKET,139.95,1.155,FILLED
ORD-001139,2026-08-26 09:03:16.652,BTCUSDT,BUY,MARKET,60047.56,1.118,FILLED
ORD-001140,2026-08-26 09:03:16.730,BTCUSDT,SELL,MARKET,59960.3,0.397,FILLED
ORD-001141,2026-08-26 09:03:16.964,SOLUSDT,BUY,MARKET,140.26,0.792,FILLED
ORD-001142,2026-08-26 09:03:17.167,BTCUSDT,BUY,MARKET,60022.44,0.781,FILLED
ORD-001143,2026-08-26 09:03:17.321,SOLUSDT,SELL,MARKET,140.01,0.642,FILLED
ORD-001144,2026-08-26 09:03:17.492,ETHUSDT,SELL,MARKET,2999.06,2.119,FILLED
ORD-001145,2026-08-26 09:03:17.568,SOLUSDT,SELL,MARKET,140.16,1.28,FILLED
ORD-001146,2026-08-26 09:03:17.719,ETHUSDT,SELL,MARKET,2994.41,0.386,FILLED
ORD-001147,2026-08-26 09:03:17.862,ETHUSDT,BUY,MARKET,3001.56,0.505,FILLED
ORD-001148,2026-08-26 09:03:17.971,BTCUSDT,SELL,MARKET,59923.28,1.07,FILLED
ORD-001149,2026-08-26 09:03:18.090,ETHUSDT,SELL,MARKET,3001.44,1.497,FILLED
ORD-001150,2026-08-26 09:03:18.264,SOLUSDT,SELL,MARKET,139.94,2.38,FILLED
ORD-001151,2026-08-26 09:03:18.439,SOLUSDT,SELL,MARKET,140.04,0.393,FILLED
ORD-001152,2026-08-26 09:03:18.502,ETHUSDT,BUY,MARKET,2996.84,0.339,FILLED
ORD-001153,2026-08-26 09:03:18.725,BTCUSDT,SELL,MARKET,59881.82,1.018,FILLED
ORD-001154,2026-08-26 09:03:18.944,ETHUSDT,BUY,MARKET,2999.28,1.924,FILLED
ORD-001155,2026-08-26 09:03:19.119,SOLUSDT,SELL,MARKET,140.03,1.689,FILLED
ORD-001156,2026-08-26 09:03:19.173,SOLUSDT,SELL,MARKET,139.96,1.397,FILLED
ORD-001157,2026-08-26 09:03:19.441,BTCUSDT,SELL,MARKET,60093.31,1.18,FILLED
ORD-001158,2026-08-26 09:03:19.711,ETHUSDT,SELL,MARKET,2998.18,1.436,FILLED
ORD-001159,2026-08-26 09:03:19.885,ETHUSDT,BUY,MARKET,3002.52,1.818,FILLED
ORD-001160,2026-08-26 09:03:20.056,BTCUSDT,SELL,MARKET,59962.8,1.473,FILLED
ORD-001161,2026-08-26 09:03:20.354,SOLUSDT,BUY,MARKET,139.95,1.287,FILLED
ORD-001162,2026-08-26 09:03:20.555,ETHUSDT,SELL,MARKET,3002.71,0.247,FILLED
ORD-001163,2026-08-26 09:03:20.611,BTCUSDT,BUY,MARKET,60095.71,1.881,FILLED
ORD-001164,2026-08-26 09:03:20.766,SOLUSDT,SELL,MARKET,140.04,2.481,FILLED
ORD-001165,2026-08-26 09:03:20.967,ETHUSDT,BUY,MARKET,2999.5,1.655,FILLED
ORD-001166,2026-08-26 09:03:21.154,BTCUSDT,BUY,MARKET,60010.2,0.507,FILLED
ORD-001167,2026-08-26 09:03:21.434,ETHUSDT,BUY,MARKET,3001.71,1.463,FILLED
ORD-001168,2026-08-26 09:03:21.565,ETHUSDT,SELL,MARKET,2998.05,0.153,FILLED
ORD-001169,2026-08-26 09:03:21.791,ETHUSDT,SELL,MARKET,2997.01,1.272,FILLED
ORD-001170,2026-08-26 09:03:21.927,SOLUSDT,BUY,MARKET,139.9,1.936,FILLED
ORD-001171,2026-08-26 09:03:22.193,BTCUSDT,SELL,MARKET,59971.51,1.293,FILLED
ORD-001172,2026-08-26 09:03:22.345,BTCUSDT,BUY,MARKET,59863.77,2.491,FILLED
ORD-001173,2026-08-26 09:03:22.464,BTCUSDT,BUY,MARKET,60024.79,1.52,FILLED
ORD-001174,2026-08-26 09:03:22.724,BTCUSDT,SELL,MARKET,59983.82,0.284,FILLED
ORD-001175,2026-08-26 09:03:22.876,ETHUSDT,SELL,MARKET,2994.44,0.58,FILLED
ORD-001176,2026-08-26 09:03:23.086,ETHUSDT,SELL,MARKET,2997.12,2.214,FILLED
ORD-001177,2026-08-26 09:03:23.326,SOLUSDT,BUY,MARKET,140.12,2.409,FILLED
ORD-001178,2026-08-26 09:03:23.572,ETHUSDT,SELL,MARKET,3001.53,1.575,FILLED
ORD-001179,2026-08-26 09:03:23.660,ETHUSDT,BUY,MARKET,2998.8,0.455,FILLED
ORD-001180,2026-08-26 09:03:23.926,SOLUSDT,SELL,MARKET,140.13,2.287,FILLED
ORD-001181,2026-08-26 09:03:24.005,ETHUSDT,SELL,MARKET,2996.39,1.543,FILLED
ORD-001182,2026-08-26 09:03:24.163,BTCUSDT,BUY,MARKET,59986.15,1.265,FILLED
ORD-001183,2026-08-26 09:03:24.353,SOLUSDT,BUY,MARKET,139.84,1.995,FILLED
ORD-001184,2026-08-26 09:03:24.557,BTCUSDT,BUY,MARKET,60059.63,2.163,REJECTED
ORD-001185,2026-08-26 09:03:24.848,ETHUSDT,BUY,MARKET,3002.98,1.678,REJECTED
ORD-001186,2026-08-26 09:03:25.046,SOLUSDT,BUY,MARKET,140.27,0.39,FILLED
ORD-001187,2026-08-26 09:03:25.309,SOLUSDT,SELL,MARKET,140.31,1.956,FILLED
ORD-001188,2026-08-26 09:03:25.413,SOLUSDT,SELL,MARKET,139.9,0.623,REJECTED
ORD-001189,2026-08-26 09:03:25.491,ETHUSDT,SELL,MARKET,3001.84,1.38,FILLED
ORD-001190,2026-08-26 09:03:25.662,ETHUSDT,SELL,MARKET,2994.05,1.982,REJECTED
ORD-001191,2026-08-26 09:03:25.867,SOLUSDT,SELL,MARKET,140.02,2.42,FILLED
ORD-001192,2026-08-26 09:03:26.058,BTCUSDT,BUY,MARKET,60094.18,0.675,FILLED
ORD-001193,2026-08-26 09:03:26.283,ETHUSDT,SELL,MARKET,2996.84,2.268,FILLED
ORD-001194,2026-08-26 09:03:26.433,BTCUSDT,BUY,MARKET,60041.18,2.283,FILLED
ORD-001195,2026-08-26 09:03:26.536,ETHUSDT,SELL,MARKET,3002.4,0.665,FILLED
ORD-001196,2026-08-26 09:03:26.690,BTCUSDT,SELL,MARKET,60048.09,1.94,FILLED
ORD-001197,2026-08-26 09:03:26.860,BTCUSDT,SELL,MARKET,60038.14,2.357,FILLED
ORD-001198,2026-08-26 09:03:27.145,SOLUSDT,SELL,MARKET,140.12,1.114,FILLED
ORD-001199,2026-08-26 09:03:27.349,BTCUSDT,BUY,MARKET,59942.98,0.944,FILLED
ORD-001200,2026-08-26 09:03:27.563,SOLUSDT,SELL,MARKET,139.88,0.225,FILLED
ORD-001201,2026-08-26 09:03:27.773,BTCUSDT,SELL,MARKET,60011.03,1.062,FILLED
ORD-001202,2026-08-26 09:03:28.005,ETHUSDT,SELL,MARKET,2998.84,0.699,FILLED
ORD-001203,2026-08-26 09:03:28.136,SOLUSDT,BUY,MARKET,139.95,2.002,FILLED
ORD-001204,2026-08-26 09:03:28.337,ETHUSDT,SELL,MARKET,2999.14,0.516,FILLED
ORD-001205,2026-08-26 09:03:28.611,ETHUSDT,SELL,MARKET,2996.49,0.537,FILLED
ORD-001206,2026-08-26 09:03:28.817,ETHUSDT,BUY,MARKET,2998.66,1.44,FILLED
ORD-001207,2026-08-26 09:03:29.046,SOLUSDT,BUY,MARKET,140.04,0.576,FILLED
ORD-001208,2026-08-26 09:03:29.118,BTCUSDT,BUY,MARKET,59959.61,0.724,FILLED
ORD-001209,2026-08-26 09:03:29.279,ETHUSDT,BUY,MARKET,2995.29,1.825,FILLED
ORD-001210,2026-08-26 09:03:29.549,ETHUSDT,SELL,MARKET,2996.5,0.557,FILLED
ORD-001211,2026-08-26 09:03:29.651,ETHUSDT,SELL,MARKET,3000.39,1.135,FILLED
ORD-001212,2026-08-26 09:03:29.808,SOLUSDT,BUY,MARKET,140.03,1.725,FILLED
ORD-001213,2026-08-26 09:03:29.918,BTCUSDT,SELL,MARKET,60016.06,2.443,FILLED
ORD-001214,2026-08-26 09:03:30.085,SOLUSDT,SELL,MARKET,140.08,1.742,FILLED
ORD-001215,2026-08-26 09:03:30.236,BTCUSDT,BUY,MARKET,59991.71,2.439,FILLED
ORD-001216,2026-08-26 09:03:30.351,SOLUSDT,BUY,MARKET,140.17,1.867,FILLED
ORD-001217,2026-08-26 09:03:30.521,BTCUSDT,BUY,MARKET,59953.29,2.335,FILLED
ORD-001218,2026-08-26 09:03:30.821,ETHUSDT,BUY,MARKET,2998.02,1.014,FILLED
ORD-001219,2026-08-26 09:03:30.916,ETHUSDT,SELL,MARKET,3002.34,0.199,FILLED
ORD-001220,2026-08-26 09:03:30.999,ETHUSDT,BUY,MARKET,2996.41,2.207,FILLED
ORD-001221,2026-08-26 09:03:31.129,BTCUSDT,SELL,MARKET,60064.2,0.725,FILLED
ORD-001222,2026-08-26 09:03:31.271,BTCUSDT,BUY,MARKET,60042.5,0.774,FILLED
ORD-001223,2026-08-26 09:03:31.558,ETHUSDT,SELL,MARKET,2993.24,2.091,FILLED
ORD-001224,2026-08-26 09:03:31.733,ETHUSDT,SELL,MARKET,2995.53,1.868,FILLED
ORD-001225,2026-08-26 09:03:31.792,BTCUSDT,SELL,MARKET,59956.34,0.652,FILLED
ORD-001226,2026-08-26 09:03:32.071,ETHUSDT,SELL,MARKET,2999.61,0.378,FILLED
ORD-001227,2026-08-26 09:03:32.238,ETHUSDT,BUY,MARKET,3004.13,1.446,FILLED
ORD-001228,2026-08-26 09:03:32.311,ETHUSDT,BUY,MARKET,2997.85,0.397,FILLED
ORD-001229,2026-08-26 09:03:32.430,BTCUSDT,SELL,MARKET,59924.81,1.321,FILLED
ORD-001230,2026-08-26 09:03:32.626,SOLUSDT,BUY,MARKET,139.88,1.362,FILLED
ORD-001231,2026-08-26 09:03:32.700,BTCUSDT,SELL,MARKET,60060.04,1.295,FILLED
ORD-001232,2026-08-26 09:03:32.845,ETHUSDT,BUY,MARKET,3000.3,0.393,FILLED
ORD-001233,2026-08-26 09:03:33.107,SOLUSDT,BUY,MARKET,139.84,0.295,FILLED
ORD-001234,2026-08-26 09:03:33.158,SOLUSDT,SELL,MARKET,139.93,1.526,FILLED
ORD-001235,2026-08-26 09:03:33.395,ETHUSDT,BUY,MARKET,2999.22,0.88,FILLED
ORD-001236,2026-08-26 09:03:33.527,SOLUSDT,BUY,MARKET,140.37,1.645,FILLED
ORD-001237,2026-08-26 09:03:33.642,BTCUSDT,BUY,MARKET,60017.77,0.322,FILLED
ORD-001238,2026-08-26 09:03:33.910,BTCUSDT,BUY,MARKET,60045.44,0.314,FILLED
ORD-001239,2026-08-26 09:03:34.204,BTCUSDT,BUY,MARKET,60005.86,1.653,FILLED
ORD-001240,2026-08-26 09:03:34.460,SOLUSDT,BUY,MARKET,139.89,1.138,FILLED
ORD-001241,2026-08-26 09:03:34.561,ETHUSDT,BUY,MARKET,3005.07,0.982,FILLED
ORD-001242,2026-08-26 09:03:34.719,ETHUSDT,SELL,MARKET,2998.14,1.451,FILLED
ORD-001243,2026-08-26 09:03:34.878,BTCUSDT,SELL,MARKET,60024.17,1.142,FILLED
ORD-001244,2026-08-26 09:03:35.093,BTCUSDT,BUY,MARKET,59983.55,1.723,FILLED
ORD-001245,2026-08-26 09:03:35.164,SOLUSDT,BUY,MARKET,139.87,1.653,FILLED
ORD-001246,2026-08-26 09:03:35.252,ETHUSDT,SELL,MARKET,3003.98,1.246,FILLED
ORD-001247,2026-08-26 09:03:35.314,BTCUSDT,SELL,MARKET,60034.74,0.809,FILLED
ORD-001248,2026-08-26 09:03:35.469,SOLUSDT,BUY,MARKET,140.04,1.326,FILLED
ORD-001249,2026-08-26 09:03:35.584,BTCUSDT,SELL,MARKET,59958.37,0.708,FILLED
ORD-001250,2026-08-26 09:03:35.752,SOLUSDT,BUY,MARKET,139.83,1.877,FILLED
ORD-001251,2026-08-26 09:03:35.982,BTCUSDT,BUY,MARKET,59936.79,1.099,FILLED
ORD-001252,2026-08-26 09:03:36.191,ETHUSDT,SELL,MARKET,2999.06,1.709,FILLED
ORD-001253,2026-08-26 09:03:36.288,ETHUSDT,SELL,MARKET,2997.57,0.549,FILLED
ORD-001254,2026-08-26 09:03:36.339,BTCUSDT,SELL,MARKET,60004.35,1.383,FILLED
ORD-001255,2026-08-26 09:03:36.492,ETHUSDT,BUY,MARKET,3000.07,1.204,FILLED
ORD-001256,2026-08-26 09:03:36.718,SOLUSDT,SELL,MARKET,139.74,1.58,FILLED
ORD-001257,2026-08-26 09:03:36.816,SOLUSDT,SELL,MARKET,139.95,0.424,FILLED
ORD-001258,2026-08-26 09:03:36.989,BTCUSDT,BUY,MARKET,59955.57,0.164,FILLED
ORD-001259,2026-08-26 09:03:37.241,SOLUSDT,BUY,MARKET,140.31,1.603,FILLED
ORD-001260,2026-08-26 09:03:37.399,SOLUSDT,BUY,MARKET,139.75,0.456,FILLED
ORD-001261,2026-08-26 09:03:37.695,BTCUSDT,BUY,MARKET,59957.03,1.786,FILLED
ORD-001262,2026-08-26 09:03:37.820,ETHUSDT,SELL,MARKET,2999.09,0.682,FILLED
ORD-001263,2026-08-26 09:03:38.052,SOLUSDT,SELL,MARKET,139.98,1.613,FILLED
ORD-001264,2026-08-26 09:03:38.243,ETHUSDT,SELL,MARKET,2997.43,1.53,FILLED
ORD-001265,2026-08-26 09:03:38.449,ETHUSDT,BUY,MARKET,3001.82,1.518,FILLED
ORD-001266,2026-08-26 09:03:38.646,SOLUSDT,SELL,MARKET,139.98,0.146,FILLED
ORD-001267,2026-08-26 09:03:38.725,ETHUSDT,BUY,MARKET,3001.77,2.234,FILLED
ORD-001268,2026-08-26 09:03:38.960,ETHUSDT,SELL,MARKET,3001.38,0.487,FILLED
ORD-001269,2026-08-26 09:03:39.242,BTCUSDT,SELL,MARKET,60020.16,0.627,FILLED
ORD-001270,2026-08-26 09:03:39.411,SOLUSDT,SELL,MARKET,140.02,1.816,FILLED
ORD-001271,2026-08-26 09:03:39.701,BTCUSDT,SELL,MARKET,59953.5,1.1,FILLED
ORD-001272,2026-08-26 09:03:39.910,SOLUSDT,SELL,MARKET,139.81,2.127,FILLED
ORD-001273,2026-08-26 09:03:40.004,BTCUSDT,SELL,MARKET,60044.43,1.259,FILLED
ORD-001274,2026-08-26 09:03:40.180,BTCUSDT,BUY,MARKET,59988.4,1.098,FILLED
ORD-001275,2026-08-26 09:03:40.455,ETHUSDT,BUY,MARKET,3001.58,0.144,FILLED
ORD-001276,2026-08-26 09:03:40.633,ETHUSDT,SELL,MARKET,3003.12,2.163,FILLED
ORD-001277,2026-08-26 09:03:40.826,BTCUSDT,BUY,MARKET,60032.65,0.644,FILLED
ORD-001278,2026-08-26 09:03:40.887,BTCUSDT,SELL,MARKET,59902.71,0.953,FILLED
ORD-001279,2026-08-26 09:03:41.091,SOLUSDT,SELL,MARKET,140.31,2.197,FILLED
ORD-001280,2026-08-26 09:03:41.258,SOLUSDT,BUY,MARKET,140.16,1.151,FILLED
ORD-001281,2026-08-26 09:03:41.334,BTCUSDT,BUY,MARKET,60014.73,2.16,FILLED
ORD-001282,2026-08-26 09:03:41.436,SOLUSDT,BUY,MARKET,139.79,0.383,FILLED
ORD-001283,2026-08-26 09:03:41.613,ETHUSDT,BUY,MARKET,2999.97,1.929,FILLED
ORD-001284,2026-08-26 09:03:41.694,SOLUSDT,BUY,MARKET,139.94,2.066,FILLED
ORD-001285,2026-08-26 09:03:41.957,BTCUSDT,SELL,MARKET,59986.34,0.116,FILLED
ORD-001286,2026-08-26 09:03:42.190,ETHUSDT,SELL,MARKET,2992.57,0.738,FILLED
ORD-001287,2026-08-26 09:03:42.375,ETHUSDT,SELL,MARKET,2999.76,1.908,FILLED
ORD-001288,2026-08-26 09:03:42.654,ETHUSDT,BUY,MARKET,3000.68,2.303,FILLED
ORD-001289,2026-08-26 09:03:42.887,ETHUSDT,SELL,MARKET,3000.17,1.948,FILLED
ORD-001290,2026-08-26 09:03:42.979,SOLUSDT,BUY,MARKET,140.3,2.457,FILLED
ORD-001291,2026-08-26 09:03:43.067,ETHUSDT,BUY,MARKET,2998.94,2.314,FILLED
ORD-001292,2026-08-26 09:03:43.341,SOLUSDT,BUY,MARKET,139.78,2.018,FILLED
ORD-001293,2026-08-26 09:03:43.614,SOLUSDT,SELL,MARKET,140.13,1.782,FILLED
ORD-001294,2026-08-26 09:03:43.799,ETHUSDT,SELL,MARKET,2996.36,0.771,FILLED
ORD-001295,2026-08-26 09:03:43.988,SOLUSDT,BUY,MARKET,139.96,0.592,FILLED
ORD-001296,2026-08-26 09:03:44.141,SOLUSDT,SELL,MARKET,140.01,1.976,FILLED
ORD-001297,2026-08-26 09:03:44.375,BTCUSDT,SELL,MARKET,59938.54,1.036,FILLED
ORD-001298,2026-08-26 09:03:44.555,SOLUSDT,BUY,MARKET,140.1,0.613,FILLED
ORD-001299,2026-08-26 09:03:44.612,SOLUSDT,SELL,MARKET,140.1,0.484,FILLED
ORD-001300,2026-08-26 09:03:44.677,SOLUSDT,SELL,MARKET,139.86,2.469,REJECTED
ORD-001301,2026-08-26 09:03:44.803,ETHUSDT,SELL,MARKET,2995.76,1.662,REJECTED
ORD-001302,2026-08-26 09:03:45.081,SOLUSDT,BUY,MARKET,140.08,2.474,FILLED
ORD-001303,2026-08-26 09:03:45.313,SOLUSDT,BUY,MARKET,139.96,1.816,FILLED
ORD-001304,2026-08-26 09:03:45.400,ETHUSDT,BUY,MARKET,2995.72,1.969,FILLED
ORD-001305,2026-08-26 09:03:45.564,SOLUSDT,SELL,MARKET,139.75,2.232,FILLED
ORD-001306,2026-08-26 09:03:45.763,BTCUSDT,SELL,MARKET,59958.15,1.969,FILLED
ORD-001307,2026-08-26 09:03:45.854,ETHUSDT,SELL,MARKET,3002.93,1.856,FILLED
ORD-001308,2026-08-26 09:03:46.081,BTCUSDT,BUY,MARKET,60078.07,1.332,FILLED
ORD-001309,2026-08-26 09:03:46.285,BTCUSDT,SELL,MARKET,60010.98,0.986,FILLED
ORD-001310,2026-08-26 09:03:46.430,ETHUSDT,BUY,MARKET,3000.78,0.468,FILLED
ORD-001311,2026-08-26 09:03:46.630,ETHUSDT,SELL,MARKET,2998.6,0.441,FILLED
ORD-001312,2026-08-26 09:03:46.726,ETHUSDT,BUY,MARKET,3003.61,0.78,FILLED
ORD-001313,2026-08-26 09:03:46.787,SOLUSDT,SELL,MARKET,140.22,0.262,FILLED
ORD-001314,2026-08-26 09:03:47.037,ETHUSDT,SELL,MARKET,2996.19,2.261,FILLED
ORD-001315,2026-08-26 09:03:47.122,ETHUSDT,SELL,MARKET,2996.55,0.419,FILLED
ORD-001316,2026-08-26 09:03:47.358,SOLUSDT,SELL,MARKET,140.03,0.458,FILLED
ORD-001317,2026-08-26 09:03:47.467,ETHUSDT,BUY,MARKET,3005.08,1.083,FILLED
ORD-001318,2026-08-26 09:03:47.705,ETHUSDT,SELL,MARKET,2997.83,2.236,FILLED
ORD-001319,2026-08-26 09:03:47.958,ETHUSDT,BUY,MARKET,2997.07,1.473,FILLED
ORD-001320,2026-08-26 09:03:48.057,SOLUSDT,SELL,MARKET,140.11,1.442,FILLED
ORD-001321,2026-08-26 09:03:48.235,SOLUSDT,BUY,MARKET,140.0,1.901,FILLED
ORD-001322,2026-08-26 09:03:48.355,BTCUSDT,BUY,MARKET,59917.54,2.41,FILLED
ORD-001323,2026-08-26 09:03:48.426,BTCUSDT,BUY,MARKET,60004.06,1.491,FILLED
ORD-001324,2026-08-26 09:03:48.481,SOLUSDT,SELL,MARKET,139.94,2.169,FILLED
ORD-001325,2026-08-26 09:03:48.628,ETHUSDT,SELL,MARKET,2995.8,1.367,FILLED
ORD-001326,2026-08-26 09:03:48.714,ETHUSDT,BUY,MARKET,3006.66,0.504,FILLED
ORD-001327,2026-08-26 09:03:48.937,BTCUSDT,SELL,MARKET,59997.1,2.385,FILLED
ORD-001328,2026-08-26 09:03:49.001,BTCUSDT,BUY,MARKET,60017.09,0.165,FILLED
ORD-001329,2026-08-26 09:03:49.117,ETHUSDT,SELL,MARKET,3003.64,2.243,FILLED
ORD-001330,2026-08-26 09:03:49.227,ETHUSDT,BUY,MARKET,3002.78,1.533,FILLED
ORD-001331,2026-08-26 09:03:49.418,ETHUSDT,SELL,MARKET,2997.79,0.864,FILLED
ORD-001332,2026-08-26 09:03:49.694,ETHUSDT,BUY,MARKET,2994.8,0.661,FILLED
ORD-001333,2026-08-26 09:03:49.939,BTCUSDT,SELL,MARKET,59920.64,0.344,FILLED
ORD-001334,2026-08-26 09:03:50.151,SOLUSDT,BUY,MARKET,140.02,0.301,FILLED
ORD-001335,2026-08-26 09:03:50.244,SOLUSDT,BUY,MARKET,139.95,1.397,FILLED
ORD-001336,2026-08-26 09:03:50.502,BTCUSDT,SELL,MARKET,60064.94,0.2,FILLED
ORD-001337,2026-08-26 09:03:50.787,ETHUSDT,SELL,MARKET,2995.26,0.244,FILLED
ORD-001338,2026-08-26 09:03:50.926,ETHUSDT,SELL,MARKET,3000.3,1.012,FILLED
ORD-001339,2026-08-26 09:03:51.165,SOLUSDT,BUY,MARKET,140.15,0.209,FILLED
ORD-001340,2026-08-26 09:03:51.250,SOLUSDT,BUY,MARKET,140.07,0.395,FILLED
ORD-001341,2026-08-26 09:03:51.505,SOLUSDT,SELL,MARKET,139.99,1.312,FILLED
ORD-001342,2026-08-26 09:03:51.624,ETHUSDT,SELL,MARKET,3002.06,1.799,FILLED
ORD-001343,2026-08-26 09:03:51.678,BTCUSDT,SELL,MARKET,59969.09,1.539,FILLED
ORD-001344,2026-08-26 09:03:51.958,SOLUSDT,BUY,MARKET,140.04,1.244,FILLED
ORD-001345,2026-08-26 09:03:52.203,BTCUSDT,BUY,MARKET,60050.08,1.788,FILLED
ORD-001346,2026-08-26 09:03:52.260,ETHUSDT,BUY,MARKET,3001.55,0.286,FILLED
ORD-001347,2026-08-26 09:03:52.521,SOLUSDT,SELL,MARKET,140.12,2.051,FILLED
ORD-001348,2026-08-26 09:03:52.573,SOLUSDT,SELL,MARKET,139.79,2.048,FILLED
ORD-001349,2026-08-26 09:03:52.813,BTCUSDT,SELL,MARKET,59937.14,0.122,FILLED
ORD-001350,2026-08-26 09:03:53.071,BTCUSDT,SELL,MARKET,59908.93,0.56,FILLED
ORD-001351,2026-08-26 09:03:53.368,SOLUSDT,SELL,MARKET,139.9,2.452,FILLED
ORD-001352,2026-08-26 09:03:53.471,ETHUSDT,BUY,MARKET,2998.22,1.797,FILLED
ORD-001353,2026-08-26 09:03:53.592,BTCUSDT,BUY,MARKET,60028.2,0.366,FILLED
ORD-001354,2026-08-26 09:03:53.814,SOLUSDT,SELL,MARKET,139.83,1.873,FILLED
ORD-001355,2026-08-26 09:03:53.930,SOLUSDT,BUY,MARKET,140.01,0.256,FILLED
ORD-001356,2026-08-26 09:03:54.197,SOLUSDT,BUY,MARKET,139.93,0.758,FILLED
ORD-001357,2026-08-26 09:03:54.311,SOLUSDT,BUY,MARKET,139.95,1.379,FILLED
ORD-001358,2026-08-26 09:03:54.527,SOLUSDT,SELL,MARKET,140.05,1.715,FILLED
ORD-001359,2026-08-26 09:03:54.751,BTCUSDT,SELL,MARKET,60015.85,0.758,FILLED
ORD-001360,2026-08-26 09:03:54.985,SOLUSDT,SELL,MARKET,139.99,0.204,FILLED
ORD-001361,2026-08-26 09:03:55.036,BTCUSDT,BUY,MARKET,59962.32,1.177,FILLED
ORD-001362,2026-08-26 09:03:55.274,ETHUSDT,BUY,MARKET,3001.32,2.038,FILLED
ORD-001363,2026-08-26 09:03:55.408,BTCUSDT,SELL,MARKET,60029.43,0.573,FILLED
ORD-001364,2026-08-26 09:03:55.664,ETHUSDT,BUY,MARKET,2999.02,1.252,FILLED
ORD-001365,2026-08-26 09:03:55.959,BTCUSDT,SELL,MARKET,60046.33,1.237,FILLED
ORD-001366,2026-08-26 09:03:56.027,ETHUSDT,BUY,MARKET,2999.2,0.668,FILLED
ORD-001367,2026-08-26 09:03:56.098,SOLUSDT,SELL,MARKET,139.97,1.489,FILLED
ORD-001368,2026-08-26 09:03:56.348,BTCUSDT,BUY,MARKET,60069.01,1.764,FILLED
ORD-001369,2026-08-26 09:03:56.558,BTCUSDT,BUY,MARKET,60079.76,0.824,FILLED
ORD-001370,2026-08-26 09:03:56.825,ETHUSDT,BUY,MARKET,3005.72,0.225,FILLED
ORD-001371,2026-08-26 09:03:57.028,ETHUSDT,SELL,MARKET,2999.24,0.659,FILLED
ORD-001372,2026-08-26 09:03:57.236,SOLUSDT,BUY,MARKET,140.05,1.127,FILLED
ORD-001373,2026-08-26 09:03:57.402,SOLUSDT,BUY,MARKET,140.16,1.979,FILLED
ORD-001374,2026-08-26 09:03:57.634,SOLUSDT,SELL,MARKET,140.08,0.129,FILLED
ORD-001375,2026-08-26 09:03:57.774,BTCUSDT,BUY,MARKET,59992.64,1.321,FILLED
ORD-001376,2026-08-26 09:03:58.028,ETHUSDT,SELL,MARKET,3000.26,0.684,FILLED
ORD-001377,2026-08-26 09:03:58.244,BTCUSDT,BUY,MARKET,59955.77,1.332,FILLED
ORD-001378,2026-08-26 09:03:58.414,ETHUSDT,SELL,MARKET,2997.51,0.449,FILLED
ORD-001379,2026-08-26 09:03:58.632,ETHUSDT,SELL,MARKET,2999.82,1.342,FILLED
ORD-001380,2026-08-26 09:03:58.901,SOLUSDT,BUY,MARKET,139.83,2.104,FILLED
ORD-001381,2026-08-26 09:03:59.002,BTCUSDT,SELL,MARKET,59984.51,1.637,FILLED
ORD-001382,2026-08-26 09:03:59.171,BTCUSDT,SELL,MARKET,59995.46,1.76,FILLED
ORD-001383,2026-08-26 09:03:59.297,SOLUSDT,SELL,MARKET,139.98,0.906,FILLED
ORD-001384,2026-08-26 09:03:59.357,ETHUSDT,SELL,MARKET,3004.94,1.994,FILLED
ORD-001385,2026-08-26 09:03:59.526,ETHUSDT,BUY,MARKET,3002.05,1.764,FILLED
ORD-001386,2026-08-26 09:03:59.660,SOLUSDT,BUY,MARKET,140.27,2.386,FILLED
ORD-001387,2026-08-26 09:03:59.802,SOLUSDT,SELL,MARKET,139.87,2.476,FILLED
ORD-001388,2026-08-26 09:03:59.964,BTCUSDT,BUY,MARKET,59905.66,0.442,FILLED
ORD-001389,2026-08-26 09:04:00.058,BTCUSDT,SELL,MARKET,59986.68,0.575,FILLED
ORD-001390,2026-08-26 09:04:00.153,BTCUSDT,SELL,MARKET,59969.48,1.431,FILLED
ORD-001391,2026-08-26 09:04:00.415,BTCUSDT,BUY,MARKET,60037.28,0.343,FILLED
ORD-001392,2026-08-26 09:04:00.704,SOLUSDT,BUY,MARKET,139.97,0.366,FILLED
ORD-001393,2026-08-26 09:04:00.797,BTCUSDT,SELL,MARKET,59983.11,0.994,FILLED
ORD-001394,2026-08-26 09:04:01.083,SOLUSDT,SELL,MARKET,139.78,0.447,FILLED
ORD-001395,2026-08-26 09:04:01.286,BTCUSDT,BUY,MARKET,60025.75,0.998,FILLED
ORD-001396,2026-08-26 09:04:01.554,ETHUSDT,BUY,MARKET,2998.94,1.51,FILLED
ORD-001397,2026-08-26 09:04:01.807,SOLUSDT,SELL,MARKET,139.71,0.228,FILLED
ORD-001398,2026-08-26 09:04:01.910,ETHUSDT,BUY,MARKET,3000.38,2.226,FILLED
ORD-001399,2026-08-26 09:04:02.002,SOLUSDT,BUY,MARKET,140.01,1.576,FILLED
ORD-001400,2026-08-26 09:04:02.179,SOLUSDT,SELL,MARKET,139.76,1.322,FILLED
ORD-001401,2026-08-26 09:04:02.352,SOLUSDT,SELL,MARKET,140.17,1.361,FILLED
ORD-001402,2026-08-26 09:04:02.604,SOLUSDT,SELL,MARKET,139.92,1.631,FILLED
ORD-001403,2026-08-26 09:04:02.714,SOLUSDT,BUY,MARKET,139.94,1.185,FILLED
ORD-001404,2026-08-26 09:04:03.003,ETHUSDT,BUY,MARKET,2997.93,1.471,FILLED
ORD-001405,2026-08-26 09:04:03.166,ETHUSDT,SELL,MARKET,3001.11,0.302,FILLED
ORD-001406,2026-08-26 09:04:03.302,SOLUSDT,SELL,MARKET,139.95,1.329,FILLED
ORD-001407,2026-08-26 09:04:03.433,ETHUSDT,SELL,MARKET,2999.44,2.031,FILLED
ORD-001408,2026-08-26 09:04:03.502,ETHUSDT,SELL,MARKET,2996.52,0.737,FILLED
ORD-001409,2026-08-26 09:04:03.572,ETHUSDT,BUY,MARKET,2998.65,1.412,FILLED
ORD-001410,2026-08-26 09:04:03.673,ETHUSDT,BUY,MARKET,3001.26,0.192,FILLED
ORD-001411,2026-08-26 09:04:03.919,ETHUSDT,BUY,MARKET,3004.21,1.889,FILLED
ORD-001412,2026-08-26 09:04:04.187,SOLUSDT,SELL,MARKET,140.02,0.431,FILLED
ORD-001413,2026-08-26 09:04:04.437,SOLUSDT,SELL,MARKET,139.94,2.074,FILLED
ORD-001414,2026-08-26 09:04:04.654,ETHUSDT,SELL,MARKET,2997.03,0.129,FILLED
ORD-001415,2026-08-26 09:04:04.757,SOLUSDT,BUY,MARKET,139.79,1.836,FILLED
ORD-001416,2026-08-26 09:04:04.991,ETHUSDT,BUY,MARKET,2997.7,1.918,FILLED
ORD-001417,2026-08-26 09:04:05.238,ETHUSDT,SELL,MARKET,2993.79,0.551,FILLED
ORD-001418,2026-08-26 09:04:05.383,SOLUSDT,SELL,MARKET,140.17,1.44,FILLED
ORD-001419,2026-08-26 09:04:05.601,BTCUSDT,BUY,MARKET,60011.86,1.3,FILLED
ORD-001420,2026-08-26 09:04:05.727,ETHUSDT,SELL,MARKET,2999.42,1.931,FILLED
ORD-001421,2026-08-26 09:04:05.922,ETHUSDT,BUY,MARKET,2999.15,2.445,FILLED
ORD-001422,2026-08-26 09:04:05.999,SOLUSDT,SELL,MARKET,139.97,1.383,REJECTED
ORD-001423,2026-08-26 09:04:06.260,ETHUSDT,SELL,MARKET,2998.5,1.72,REJECTED
ORD-001424,2026-08-26 09:04:06.384,SOLUSDT,SELL,MARKET,140.03,1.026,REJECTED
ORD-001425,2026-08-26 09:04:06.534,SOLUSDT,BUY,MARKET,139.92,0.884,FILLED
ORD-001426,2026-08-26 09:04:06.636,BTCUSDT,BUY,MARKET,60076.31,1.034,FILLED
ORD-001427,2026-08-26 09:04:06.765,BTCUSDT,BUY,MARKET,60076.92,0.481,FILLED
ORD-001428,2026-08-26 09:04:06.831,SOLUSDT,BUY,MARKET,140.08,0.118,REJECTED
ORD-001429,2026-08-26 09:04:07.069,ETHUSDT,BUY,MARKET,3003.41,1.204,FILLED
ORD-001430,2026-08-26 09:04:07.219,BTCUSDT,SELL,MARKET,59908.63,2.122,FILLED
ORD-001431,2026-08-26 09:04:07.379,SOLUSDT,BUY,MARKET,140.18,1.583,FILLED
ORD-001432,2026-08-26 09:04:07.529,ETHUSDT,SELL,MARKET,2998.87,1.465,FILLED
ORD-001433,2026-08-26 09:04:07.739,SOLUSDT,BUY,MARKET,140.15,0.757,FILLED
ORD-001434,2026-08-26 09:04:08.019,SOLUSDT,SELL,MARKET,139.85,1.844,FILLED
ORD-001435,2026-08-26 09:04:08.163,BTCUSDT,SELL,MARKET,59985.0,0.391,FILLED
ORD-001436,2026-08-26 09:04:08.255,BTCUSDT,BUY,MARKET,59986.32,1.084,FILLED
ORD-001437,2026-08-26 09:04:08.482,ETHUSDT,BUY,MARKET,2999.2,0.276,FILLED
ORD-001438,2026-08-26 09:04:08.633,SOLUSDT,SELL,MARKET,139.91,2.154,FILLED
ORD-001439,2026-08-26 09:04:08.854,BTCUSDT,BUY,MARKET,59978.88,0.428,FILLED
ORD-001440,2026-08-26 09:04:08.966,SOLUSDT,SELL,MARKET,139.84,1.416,FILLED
ORD-001441,2026-08-26 09:04:09.059,SOLUSDT,SELL,MARKET,140.03,2.12,FILLED
ORD-001442,2026-08-26 09:04:09.152,BTCUSDT,BUY,MARKET,60098.73,1.879,FILLED
ORD-001443,2026-08-26 09:04:09.257,BTCUSDT,BUY,MARKET,59940.15,0.959,FILLED
ORD-001444,2026-08-26 09:04:09.319,SOLUSDT,BUY,MARKET,140.06,1.161,FILLED
ORD-001445,2026-08-26 09:04:09.370,SOLUSDT,BUY,MARKET,140.14,0.226,FILLED
ORD-001446,2026-08-26 09:04:09.481,BTCUSDT,SELL,MARKET,59979.58,0.999,FILLED
ORD-001447,2026-08-26 09:04:09.741,BTCUSDT,BUY,MARKET,60024.1,0.135,FILLED
ORD-001448,2026-08-26 09:04:10.003,BTCUSDT,BUY,MARKET,60023.84,2.013,FILLED
ORD-001449,2026-08-26 09:04:10.261,SOLUSDT,BUY,MARKET,139.7,1.33,FILLED
ORD-001450,2026-08-26 09:04:10.449,ETHUSDT,SELL,MARKET,3004.24,0.597,FILLED
ORD-001451,2026-08-26 09:04:10.543,ETHUSDT,SELL,MARKET,2997.3,0.956,FILLED
ORD-001452,2026-08-26 09:04:10.649,BTCUSDT,SELL,MARKET,60065.61,0.611,FILLED
ORD-001453,2026-08-26 09:04:10.754,BTCUSDT,SELL,MARKET,60077.6,0.262,FILLED
ORD-001454,2026-08-26 09:04:10.986,ETHUSDT,SELL,MARKET,2998.7,2.477,FILLED
ORD-001455,2026-08-26 09:04:11.197,SOLUSDT,BUY,MARKET,140.24,0.878,FILLED
ORD-001456,2026-08-26 09:04:11.332,SOLUSDT,SELL,MARKET,139.89,1.765,FILLED
ORD-001457,2026-08-26 09:04:11.386,BTCUSDT,SELL,MARKET,60029.15,0.262,FILLED
ORD-001458,2026-08-26 09:04:11.586,SOLUSDT,SELL,MARKET,139.9,0.658,FILLED
ORD-001459,2026-08-26 09:04:11.715,SOLUSDT,BUY,MARKET,139.8,2.252,FILLED
ORD-001460,2026-08-26 09:04:11.860,BTCUSDT,SELL,MARKET,59940.96,0.244,FILLED
ORD-001461,2026-08-26 09:04:11.970,ETHUSDT,SELL,MARKET,3005.27,1.641,FILLED
ORD-001462,2026-08-26 09:04:12.184,SOLUSDT,SELL,MARKET,139.84,0.768,FILLED
ORD-001463,2026-08-26 09:04:12.450,BTCUSDT,SELL,MARKET,60051.61,0.157,FILLED
ORD-001464,2026-08-26 09:04:12.734,SOLUSDT,SELL,MARKET,140.06,0.23,FILLED
ORD-001465,2026-08-26 09:04:13.007,SOLUSDT,BUY,MARKET,140.13,0.634,FILLED
ORD-001466,2026-08-26 09:04:13.182,ETHUSDT,SELL,MARKET,2994.12,0.255,FILLED
ORD-001467,2026-08-26 09:04:13.264,BTCUSDT,BUY,MARKET,59985.03,2.352,FILLED
ORD-001468,2026-08-26 09:04:13.374,BTCUSDT,BUY,MARKET,59907.25,2.336,FILLED
ORD-001469,2026-08-26 09:04:13.474,SOLUSDT,BUY,MARKET,139.95,0.494,FILLED
ORD-001470,2026-08-26 09:04:13.638,BTCUSDT,SELL,MARKET,59999.82,0.785,FILLED
ORD-001471,2026-08-26 09:04:13.936,SOLUSDT,BUY,MARKET,139.97,0.292,FILLED
ORD-001472,2026-08-26 09:04:14.142,ETHUSDT,SELL,MARKET,3000.64,1.114,FILLED
ORD-001473,2026-08-26 09:04:14.197,SOLUSDT,SELL,MARKET,139.91,2.005,FILLED
ORD-001474,2026-08-26 09:04:14.399,ETHUSDT,SELL,MARKET,3001.59,2.312,FILLED
ORD-001475,2026-08-26 09:04:14.527,SOLUSDT,BUY,MARKET,139.91,1.013,FILLED
ORD-001476,2026-08-26 09:04:14.611,ETHUSDT,SELL,MARKET,3000.7,0.273,FILLED
ORD-001477,2026-08-26 09:04:14.881,SOLUSDT,SELL,MARKET,139.9,0.11,FILLED
ORD-001478,2026-08-26 09:04:15.179,SOLUSDT,SELL,MARKET,140.34,2.357,FILLED
ORD-001479,2026-08-26 09:04:15.247,SOLUSDT,SELL,MARKET,139.93,2.47,FILLED
ORD-001480,2026-08-26 09:04:15.338,ETHUSDT,BUY,MARKET,3000.53,2.337,FILLED
ORD-001481,2026-08-26 09:04:15.477,BTCUSDT,SELL,MARKET,60028.09,1.904,FILLED
ORD-001482,2026-08-26 09:04:15.625,SOLUSDT,SELL,MARKET,139.96,0.238,FILLED
ORD-001483,2026-08-26 09:04:15.836,ETHUSDT,BUY,MARKET,3001.03,2.052,FILLED
ORD-001484,2026-08-26 09:04:16.002,SOLUSDT,BUY,MARKET,139.94,0.727,FILLED
ORD-001485,2026-08-26 09:04:16.267,SOLUSDT,BUY,MARKET,140.28,2.384,FILLED
ORD-001486,2026-08-26 09:04:16.415,BTCUSDT,BUY,MARKET,60032.61,1.808,FILLED
ORD-001487,2026-08-26 09:04:16.677,ETHUSDT,BUY,MARKET,2994.1,1.115,FILLED
ORD-001488,2026-08-26 09:04:16.953,ETHUSDT,SELL,MARKET,2999.61,1.38,FILLED
ORD-001489,2026-08-26 09:04:17.225,ETHUSDT,SELL,MARKET,3004.63,2.318,FILLED
ORD-001490,2026-08-26 09:04:17.311,BTCUSDT,BUY,MARKET,60149.46,0.927,FILLED
ORD-001491,2026-08-26 09:04:17.404,ETHUSDT,BUY,MARKET,2992.19,0.839,FILLED
ORD-001492,2026-08-26 09:04:17.560,ETHUSDT,BUY,MARKET,2998.15,1.103,FILLED
ORD-001493,2026-08-26 09:04:17.790,SOLUSDT,SELL,MARKET,139.85,0.999,FILLED
ORD-001494,2026-08-26 09:04:17.985,BTCUSDT,BUY,MARKET,60076.66,0.365,FILLED
ORD-001495,2026-08-26 09:04:18.084,BTCUSDT,BUY,MARKET,59974.94,2.042,FILLED
ORD-001496,2026-08-26 09:04:18.296,ETHUSDT,SELL,MARKET,3004.75,0.362,FILLED
ORD-001497,2026-08-26 09:04:18.433,BTCUSDT,BUY,MARKET,59965.28,0.764,FILLED
ORD-001498,2026-08-26 09:04:18.498,BTCUSDT,BUY,MARKET,60019.04,0.342,FILLED
ORD-001499,2026-08-26 09:04:18.602,ETHUSDT,BUY,MARKET,3005.1,0.2,FILLED
ORD-001500,2026-08-26 09:04:18.720,SOLUSDT,BUY,MARKET,139.91,2.409,FILLED
ORD-001501,2026-08-26 09:04:18.944,ETHUSDT,SELL,MARKET,2997.27,0.908,FILLED
ORD-001502,2026-08-26 09:04:19.090,ETHUSDT,SELL,MARKET,3002.32,1.696,FILLED
ORD-001503,2026-08-26 09:04:19.140,SOLUSDT,BUY,MARKET,139.78,2.035,FILLED
ORD-001504,2026-08-26 09:04:19.344,ETHUSDT,SELL,MARKET,3000.28,0.433,FILLED
ORD-001505,2026-08-26 09:04:19.509,BTCUSDT,SELL,MARKET,59987.74,0.696,FILLED
ORD-001506,2026-08-26 09:04:19.722,SOLUSDT,SELL,MARKET,140.02,0.108,FILLED
ORD-001507,2026-08-26 09:04:19.960,ETHUSDT,BUY,MARKET,2997.24,2.427,FILLED
ORD-001508,2026-08-26 09:04:20.213,ETHUSDT,SELL,MARKET,2998.2,1.874,FILLED
ORD-001509,2026-08-26 09:04:20.431,BTCUSDT,SELL,MARKET,60038.99,2.334,FILLED
ORD-001510,2026-08-26 09:04:20.517,SOLUSDT,BUY,MARKET,139.95,0.568,FILLED
ORD-001511,2026-08-26 09:04:20.739,SOLUSDT,BUY,MARKET,140.04,0.823,FILLED
ORD-001512,2026-08-26 09:04:20.958,SOLUSDT,SELL,MARKET,139.86,0.378,FILLED
ORD-001513,2026-08-26 09:04:21.187,SOLUSDT,BUY,MARKET,139.79,2.366,FILLED
ORD-001514,2026-08-26 09:04:21.474,BTCUSDT,BUY,MARKET,60000.42,0.485,FILLED
ORD-001515,2026-08-26 09:04:21.645,ETHUSDT,SELL,MARKET,2998.53,0.718,FILLED
ORD-001516,2026-08-26 09:04:21.820,SOLUSDT,BUY,MARKET,139.95,1.621,FILLED
ORD-001517,2026-08-26 09:04:22.023,BTCUSDT,SELL,MARKET,60072.66,1.939,FILLED
ORD-001518,2026-08-26 09:04:22.170,BTCUSDT,SELL,MARKET,59998.79,1.866,FILLED
ORD-001519,2026-08-26 09:04:22.242,SOLUSDT,SELL,MARKET,140.15,0.378,FILLED
ORD-001520,2026-08-26 09:04:22.533,BTCUSDT,BUY,MARKET,60016.02,0.552,FILLED
ORD-001521,2026-08-26 09:04:22.771,BTCUSDT,SELL,MARKET,59987.19,1.012,FILLED
ORD-001522,2026-08-26 09:04:23.071,BTCUSDT,SELL,MARKET,60055.05,2.133,FILLED
ORD-001523,2026-08-26 09:04:23.153,ETHUSDT,SELL,MARKET,3001.49,2.341,FILLED
ORD-001524,2026-08-26 09:04:23.283,SOLUSDT,BUY,MARKET,139.99,2.146,FILLED
ORD-001525,2026-08-26 09:04:23.486,BTCUSDT,SELL,MARKET,60075.05,1.194,FILLED
ORD-001526,2026-08-26 09:04:23.544,ETHUSDT,BUY,MARKET,3003.94,2.087,FILLED
ORD-001527,2026-08-26 09:04:23.811,SOLUSDT,SELL,MARKET,139.96,0.396,FILLED
ORD-001528,2026-08-26 09:04:24.108,SOLUSDT,SELL,MARKET,139.9,0.8,FILLED
ORD-001529,2026-08-26 09:04:24.211,ETHUSDT,BUY,MARKET,3004.98,2.087,FILLED
ORD-001530,2026-08-26 09:04:24.306,SOLUSDT,BUY,MARKET,139.89,2.177,FILLED
ORD-001531,2026-08-26 09:04:24.396,ETHUSDT,SELL,MARKET,2998.97,2.29,FILLED
ORD-001532,2026-08-26 09:04:24.639,BTCUSDT,SELL,MARKET,59924.51,2.477,FILLED
ORD-001533,2026-08-26 09:04:24.925,ETHUSDT,SELL,MARKET,3002.57,0.778,FILLED
ORD-001534,2026-08-26 09:04:25.196,BTCUSDT,SELL,MARKET,60095.05,1.999,FILLED
ORD-001535,2026-08-26 09:04:25.424,BTCUSDT,SELL,MARKET,59949.89,0.43,FILLED
ORD-001536,2026-08-26 09:04:25.524,ETHUSDT,SELL,MARKET,2998.85,2.03,FILLED
ORD-001537,2026-08-26 09:04:25.775,SOLUSDT,BUY,MARKET,140.0,0.345,FILLED
ORD-001538,2026-08-26 09:04:26.062,BTCUSDT,SELL,MARKET,60009.37,2.12,FILLED
ORD-001539,2026-08-26 09:04:26.142,BTCUSDT,BUY,MARKET,60028.88,2.368,FILLED
ORD-001540,2026-08-26 09:04:26.253,SOLUSDT,SELL,MARKET,139.66,1.07,REJECTED
ORD-001541,2026-08-26 09:04:26.506,ETHUSDT,SELL,MARKET,2998.16,1.888,FILLED
ORD-001542,2026-08-26 09:04:26.650,SOLUSDT,BUY,MARKET,139.9,0.761,FILLED
ORD-001543,2026-08-26 09:04:26.850,BTCUSDT,BUY,MARKET,60003.93,2.28,REJECTED
ORD-001544,2026-08-26 09:04:27.065,SOLUSDT,SELL,MARKET,139.96,0.535,FILLED
ORD-001545,2026-08-26 09:04:27.252,SOLUSDT,SELL,MARKET,140.03,1.813,FILLED
ORD-001546,2026-08-26 09:04:27.427,BTCUSDT,SELL,MARKET,59882.29,1.387,FILLED
ORD-001547,2026-08-26 09:04:27.654,BTCUSDT,BUY,MARKET,60012.74,0.382,FILLED
ORD-001548,2026-08-26 09:04:27.745,BTCUSDT,BUY,MARKET,59948.91,0.409,REJECTED
ORD-001549,2026-08-26 09:04:27.934,BTCUSDT,SELL,MARKET,59957.77,1.315,FILLED
ORD-001550,2026-08-26 09:04:28.215,BTCUSDT,SELL,MARKET,59984.83,0.211,FILLED
ORD-001551,2026-08-26 09:04:28.498,ETHUSDT,SELL,MARKET,3004.22,0.851,FILLED
ORD-001552,2026-08-26 09:04:28.557,ETHUSDT,BUY,MARKET,2999.78,0.207,FILLED
ORD-001553,2026-08-26 09:04:28.761,BTCUSDT,BUY,MARKET,60024.42,2.398,FILLED
ORD-001554,2026-08-26 09:04:28.919,SOLUSDT,BUY,MARKET,140.15,1.85,FILLED
ORD-001555,2026-08-26 09:04:29.085,BTCUSDT,SELL,MARKET,59963.45,0.492,FILLED
ORD-001556,2026-08-26 09:04:29.187,BTCUSDT,SELL,MARKET,59927.53,0.444,FILLED
ORD-001557,2026-08-26 09:04:29.332,BTCUSDT,SELL,MARKET,59990.21,0.562,FILLED
ORD-001558,2026-08-26 09:04:29.493,SOLUSDT,BUY,MARKET,140.14,2.482,FILLED
ORD-001559,2026-08-26 09:04:29.679,ETHUSDT,BUY,MARKET,2998.81,0.748,FILLED
ORD-001560,2026-08-26 09:04:29.814,BTCUSDT,SELL,MARKET,60038.08,0.971,FILLED
ORD-001561,2026-08-26 09:04:29.960,ETHUSDT,BUY,MARKET,3002.01,0.124,FILLED
ORD-001562,2026-08-26 09:04:30.144,BTCUSDT,SELL,MARKET,60030.28,0.396,FILLED
ORD-001563,2026-08-26 09:04:30.283,SOLUSDT,SELL,MARKET,139.9,0.329,FILLED
ORD-001564,2026-08-26 09:04:30.376,SOLUSDT,SELL,MARKET,139.83,2.252,FILLED
ORD-001565,2026-08-26 09:04:30.627,ETHUSDT,SELL,MARKET,2996.32,1.727,FILLED
ORD-001566,2026-08-26 09:04:30.808,SOLUSDT,SELL,MARKET,140.05,0.123,FILLED
ORD-001567,2026-08-26 09:04:30.926,SOLUSDT,BUY,MARKET,140.09,1.462,FILLED
ORD-001568,2026-08-26 09:04:31.156,BTCUSDT,SELL,MARKET,59895.46,1.561,FILLED
ORD-001569,2026-08-26 09:04:31.279,ETHUSDT,BUY,MARKET,2994.89,1.225,FILLED
ORD-001570,2026-08-26 09:04:31.387,ETHUSDT,SELL,MARKET,2998.69,2.317,FILLED
ORD-001571,2026-08-26 09:04:31.460,ETHUSDT,BUY,MARKET,3003.84,0.851,FILLED
ORD-001572,2026-08-26 09:04:31.657,SOLUSDT,BUY,MARKET,139.8,0.325,FILLED
ORD-001573,2026-08-26 09:04:31.930,BTCUSDT,BUY,MARKET,60006.51,1.283,FILLED
ORD-001574,2026-08-26 09:04:32.107,BTCUSDT,SELL,MARKET,59957.4,0.427,FILLED
ORD-001575,2026-08-26 09:04:32.347,SOLUSDT,BUY,MARKET,139.84,2.286,FILLED
ORD-001576,2026-08-26 09:04:32.586,BTCUSDT,SELL,MARKET,60084.6,0.686,FILLED
ORD-001577,2026-08-26 09:04:32.861,SOLUSDT,BUY,MARKET,140.13,1.719,FILLED
ORD-001578,2026-08-26 09:04:33.001,SOLUSDT,BUY,MARKET,139.91,0.42,FILLED
ORD-001579,2026-08-26 09:04:33.137,BTCUSDT,SELL,MARKET,60125.76,2.427,FILLED
ORD-001580,2026-08-26 09:04:33.261,SOLUSDT,BUY,MARKET,140.08,2.159,FILLED
ORD-001581,2026-08-26 09:04:33.456,ETHUSDT,SELL,MARKET,2996.43,1.871,FILLED
ORD-001582,2026-08-26 09:04:33.637,ETHUSDT,BUY,MARKET,3002.17,2.402,FILLED
ORD-001583,2026-08-26 09:04:33.688,BTCUSDT,SELL,MARKET,59940.74,0.238,FILLED
ORD-001584,2026-08-26 09:04:33.965,SOLUSDT,SELL,MARKET,140.07,0.112,FILLED
ORD-001585,2026-08-26 09:04:34.065,SOLUSDT,BUY,MARKET,139.97,1.134,FILLED
ORD-001586,2026-08-26 09:04:34.311,BTCUSDT,BUY,MARKET,59970.21,0.117,FILLED
ORD-001587,2026-08-26 09:04:34.470,SOLUSDT,SELL,MARKET,140.12,0.818,FILLED
ORD-001588,2026-08-26 09:04:34.561,BTCUSDT,SELL,MARKET,59920.75,2.114,FILLED
ORD-001589,2026-08-26 09:04:34.792,BTCUSDT,SELL,MARKET,59987.92,2.221,FILLED
ORD-001590,2026-08-26 09:04:35.032,BTCUSDT,BUY,MARKET,59878.57,1.047,FILLED
ORD-001591,2026-08-26 09:04:35.252,ETHUSDT,BUY,MARKET,3003.22,1.25,FILLED
ORD-001592,2026-08-26 09:04:35.484,ETHUSDT,BUY,MARKET,2998.47,2.02,FILLED
ORD-001593,2026-08-26 09:04:35.719,BTCUSDT,SELL,MARKET,60030.34,1.06,FILLED
ORD-001594,2026-08-26 09:04:35.801,SOLUSDT,SELL,MARKET,140.16,2.003,FILLED
ORD-001595,2026-08-26 09:04:36.024,BTCUSDT,SELL,MARKET,59902.38,0.668,FILLED
ORD-001596,2026-08-26 09:04:36.148,ETHUSDT,SELL,MARKET,2997.66,1.142,FILLED
ORD-001597,2026-08-26 09:04:36.384,ETHUSDT,SELL,MARKET,2995.6,1.582,FILLED
ORD-001598,2026-08-26 09:04:36.613,SOLUSDT,BUY,MARKET,139.84,2.174,FILLED
ORD-001599,2026-08-26 09:04:36.842,BTCUSDT,SELL,MARKET,60037.92,2.044,FILLED
ORD-001600,2026-08-26 09:04:36.930,SOLUSDT,BUY,MARKET,139.89,1.609,FILLED
ORD-001601,2026-08-26 09:04:37.217,BTCUSDT,BUY,MARKET,60029.01,2.477,FILLED
ORD-001602,2026-08-26 09:04:37.364,BTCUSDT,SELL,MARKET,59931.3,2.174,FILLED
ORD-001603,2026-08-26 09:04:37.523,ETHUSDT,SELL,MARKET,2998.69,0.632,FILLED
ORD-001604,2026-08-26 09:04:37.641,ETHUSDT,BUY,MARKET,2997.55,0.83,FILLED
ORD-001605,2026-08-26 09:04:37.920,ETHUSDT,SELL,MARKET,3002.81,0.693,FILLED
ORD-001606,2026-08-26 09:04:38.024,BTCUSDT,BUY,MARKET,59898.71,1.887,FILLED
ORD-001607,2026-08-26 09:04:38.138,ETHUSDT,SELL,MARKET,2996.24,1.134,FILLED
ORD-001608,2026-08-26 09:04:38.362,ETHUSDT,SELL,MARKET,3004.37,1.705,FILLED
ORD-001609,2026-08-26 09:04:38.611,SOLUSDT,BUY,MARKET,139.97,0.967,FILLED
ORD-001610,2026-08-26 09:04:38.683,SOLUSDT,SELL,MARKET,140.12,1.502,FILLED
ORD-001611,2026-08-26 09:04:38.980,BTCUSDT,BUY,MARKET,60007.64,0.198,FILLED
ORD-001612,2026-08-26 09:04:39.271,SOLUSDT,BUY,MARKET,140.0,0.337,FILLED
ORD-001613,2026-08-26 09:04:39.457,SOLUSDT,SELL,MARKET,140.0,1.926,FILLED
ORD-001614,2026-08-26 09:04:39.571,SOLUSDT,BUY,MARKET,139.99,1.421,FILLED
ORD-001615,2026-08-26 09:04:39.854,SOLUSDT,SELL,MARKET,140.09,1.822,FILLED
ORD-001616,2026-08-26 09:04:40.106,ETHUSDT,BUY,MARKET,3002.05,2.386,FILLED
ORD-001617,2026-08-26 09:04:40.167,BTCUSDT,BUY,MARKET,59956.52,0.409,FILLED
ORD-001618,2026-08-26 09:04:40.318,SOLUSDT,BUY,MARKET,140.15,1.878,FILLED
ORD-001619,2026-08-26 09:04:40.567,ETHUSDT,BUY,MARKET,3000.4,1.022,FILLED
ORD-001620,2026-08-26 09:04:40.763,ETHUSDT,SELL,MARKET,2997.29,0.109,FILLED
ORD-001621,2026-08-26 09:04:40.994,BTCUSDT,BUY,MARKET,60014.12,1.193,FILLED
ORD-001622,2026-08-26 09:04:41.185,SOLUSDT,SELL,MARKET,140.05,1.8,FILLED
ORD-001623,2026-08-26 09:04:41.398,BTCUSDT,BUY,MARKET,60128.53,0.8,FILLED
ORD-001624,2026-08-26 09:04:41.612,BTCUSDT,SELL,MARKET,60015.67,1.997,FILLED
ORD-001625,2026-08-26 09:04:41.816,BTCUSDT,BUY,MARKET,60017.88,0.934,FILLED
ORD-001626,2026-08-26 09:04:42.050,ETHUSDT,SELL,MARKET,2997.85,1.418,FILLED
ORD-001627,2026-08-26 09:04:42.260,BTCUSDT,SELL,MARKET,60029.12,2.465,FILLED
ORD-001628,2026-08-26 09:04:42.558,BTCUSDT,SELL,MARKET,60014.3,0.524,FILLED
ORD-001629,2026-08-26 09:04:42.673,BTCUSDT,BUY,MARKET,59924.54,2.37,FILLED
ORD-001630,2026-08-26 09:04:42.871,SOLUSDT,BUY,MARKET,139.99,0.745,FILLED
ORD-001631,2026-08-26 09:04:43.015,SOLUSDT,SELL,MARKET,140.12,1.843,FILLED
ORD-001632,2026-08-26 09:04:43.285,BTCUSDT,SELL,MARKET,60073.25,0.544,FILLED
ORD-001633,2026-08-26 09:04:43.407,BTCUSDT,BUY,MARKET,60056.82,0.533,FILLED
ORD-001634,2026-08-26 09:04:43.612,BTCUSDT,SELL,MARKET,59966.62,1.046,FILLED
ORD-001635,2026-08-26 09:04:43.827,BTCUSDT,BUY,MARKET,60002.34,1.192,FILLED
ORD-001636,2026-08-26 09:04:43.880,ETHUSDT,BUY,MARKET,3000.13,1.901,FILLED
ORD-001637,2026-08-26 09:04:44.125,SOLUSDT,BUY,MARKET,139.74,2.084,FILLED
ORD-001638,2026-08-26 09:04:44.415,SOLUSDT,BUY,MARKET,140.04,0.742,FILLED
ORD-001639,2026-08-26 09:04:44.603,SOLUSDT,BUY,MARKET,139.86,2.0,FILLED
ORD-001640,2026-08-26 09:04:44.847,SOLUSDT,SELL,MARKET,140.12,0.434,FILLED
ORD-001641,2026-08-26 09:04:44.959,SOLUSDT,SELL,MARKET,139.87,1.249,FILLED
ORD-001642,2026-08-26 09:04:45.035,BTCUSDT,SELL,MARKET,60009.88,2.08,FILLED
ORD-001643,2026-08-26 09:04:45.085,SOLUSDT,SELL,MARKET,139.68,1.097,FILLED
ORD-001644,2026-08-26 09:04:45.208,BTCUSDT,BUY,MARKET,60037.76,0.948,FILLED
ORD-001645,2026-08-26 09:04:45.383,BTCUSDT,SELL,MARKET,59977.65,2.264,FILLED
ORD-001646,2026-08-26 09:04:45.452,BTCUSDT,BUY,MARKET,59911.27,0.776,FILLED
ORD-001647,2026-08-26 09:04:45.731,SOLUSDT,SELL,MARKET,140.09,2.308,FILLED
ORD-001648,2026-08-26 09:04:45.954,BTCUSDT,BUY,MARKET,60076.75,1.539,FILLED
ORD-001649,2026-08-26 09:04:46.077,ETHUSDT,BUY,MARKET,3000.6,1.599,FILLED
ORD-001650,2026-08-26 09:04:46.194,ETHUSDT,BUY,MARKET,3001.31,0.986,FILLED
ORD-001651,2026-08-26 09:04:46.443,SOLUSDT,BUY,MARKET,140.05,2.447,FILLED
ORD-001652,2026-08-26 09:04:46.694,SOLUSDT,BUY,MARKET,139.93,1.831,FILLED
ORD-001653,2026-08-26 09:04:46.781,ETHUSDT,BUY,MARKET,2996.3,1.844,FILLED
ORD-001654,2026-08-26 09:04:46.912,BTCUSDT,SELL,MARKET,60077.91,1.024,FILLED
ORD-001655,2026-08-26 09:04:47.124,ETHUSDT,SELL,MARKET,3003.19,1.544,FILLED
ORD-001656,2026-08-26 09:04:47.281,ETHUSDT,BUY,MARKET,2999.27,0.69,FILLED
ORD-001657,2026-08-26 09:04:47.389,SOLUSDT,SELL,MARKET,140.05,1.387,FILLED
ORD-001658,2026-08-26 09:04:47.616,ETHUSDT,BUY,MARKET,3001.7,1.487,FILLED
ORD-001659,2026-08-26 09:04:47.883,SOLUSDT,BUY,MARKET,140.19,0.107,FILLED
ORD-001660,2026-08-26 09:04:48.150,BTCUSDT,SELL,MARKET,60052.74,0.243,FILLED
ORD-001661,2026-08-26 09:04:48.253,BTCUSDT,SELL,MARKET,59966.33,2.335,FILLED
ORD-001662,2026-08-26 09:04:48.481,BTCUSDT,BUY,MARKET,60051.39,0.443,FILLED
ORD-001663,2026-08-26 09:04:48.571,ETHUSDT,SELL,MARKET,2996.12,1.244,FILLED
ORD-001664,2026-08-26 09:04:48.659,BTCUSDT,BUY,MARKET,60023.15,1.466,FILLED
ORD-001665,2026-08-26 09:04:48.795,BTCUSDT,SELL,MARKET,59991.96,0.819,FILLED
ORD-001666,2026-08-26 09:04:48.973,ETHUSDT,BUY,MARKET,2995.52,0.177,FILLED
ORD-001667,2026-08-26 09:04:49.089,BTCUSDT,BUY,MARKET,60031.24,1.19,FILLED
ORD-001668,2026-08-26 09:04:49.389,SOLUSDT,SELL,MARKET,139.91,2.435,FILLED
ORD-001669,2026-08-26 09:04:49.593,BTCUSDT,BUY,MARKET,60029.73,2.074,FILLED
ORD-001670,2026-08-26 09:04:49.738,BTCUSDT,SELL,MARKET,59936.56,1.013,REJECTED
ORD-001671,2026-08-26 09:04:49.942,SOLUSDT,SELL,MARKET,140.11,0.287,FILLED
ORD-001672,2026-08-26 09:04:50.046,ETHUSDT,BUY,MARKET,2998.78,0.356,FILLED
ORD-001673,2026-08-26 09:04:50.259,SOLUSDT,BUY,MARKET,139.88,1.424,FILLED
ORD-001674,2026-08-26 09:04:50.453,BTCUSDT,BUY,MARKET,60024.86,1.456,FILLED
ORD-001675,2026-08-26 09:04:50.594,ETHUSDT,BUY,MARKET,3002.37,0.841,FILLED
ORD-001676,2026-08-26 09:04:50.735,ETHUSDT,SELL,MARKET,2999.55,1.038,FILLED
ORD-001677,2026-08-26 09:04:50.913,BTCUSDT,BUY,MARKET,59934.77,1.309,FILLED
ORD-001678,2026-08-26 09:04:51.181,BTCUSDT,BUY,MARKET,59971.6,1.507,FILLED
ORD-001679,2026-08-26 09:04:51.391,BTCUSDT,SELL,MARKET,59983.32,0.289,FILLED
ORD-001680,2026-08-26 09:04:51.637,BTCUSDT,BUY,MARKET,59937.38,1.67,FILLED
ORD-001681,2026-08-26 09:04:51.842,SOLUSDT,BUY,MARKET,139.94,2.481,FILLED
ORD-001682,2026-08-26 09:04:52.051,SOLUSDT,SELL,MARKET,140.27,0.798,FILLED
ORD-001683,2026-08-26 09:04:52.154,ETHUSDT,BUY,MARKET,2996.14,1.03,FILLED
ORD-001684,2026-08-26 09:04:52.228,SOLUSDT,BUY,MARKET,140.15,2.487,FILLED
ORD-001685,2026-08-26 09:04:52.482,BTCUSDT,BUY,MARKET,60036.05,2.182,FILLED
ORD-001686,2026-08-26 09:04:52.573,BTCUSDT,SELL,MARKET,59928.56,2.342,FILLED
ORD-001687,2026-08-26 09:04:52.804,BTCUSDT,SELL,MARKET,60007.0,0.271,FILLED
ORD-001688,2026-08-26 09:04:52.967,ETHUSDT,SELL,MARKET,3004.27,1.932,FILLED
ORD-001689,2026-08-26 09:04:53.110,SOLUSDT,BUY,MARKET,139.76,1.272,FILLED
ORD-001690,2026-08-26 09:04:53.272,ETHUSDT,SELL,MARKET,3000.1,1.733,FILLED
ORD-001691,2026-08-26 09:04:53.389,ETHUSDT,SELL,MARKET,2999.4,1.314,FILLED
ORD-001692,2026-08-26 09:04:53.501,SOLUSDT,BUY,MARKET,140.04,1.879,FILLED
ORD-001693,2026-08-26 09:04:53.696,SOLUSDT,BUY,MARKET,140.13,1.002,FILLED
ORD-001694,2026-08-26 09:04:53.835,ETHUSDT,BUY,MARKET,3004.65,1.706,FILLED
ORD-001695,2026-08-26 09:04:53.906,ETHUSDT,SELL,MARKET,2998.09,1.216,FILLED
ORD-001696,2026-08-26 09:04:54.007,BTCUSDT,BUY,MARKET,60103.75,1.944,FILLED
ORD-001697,2026-08-26 09:04:54.111,ETHUSDT,SELL,MARKET,3002.08,1.55,FILLED
ORD-001698,2026-08-26 09:04:54.403,SOLUSDT,SELL,MARKET,139.89,1.408,FILLED
ORD-001699,2026-08-26 09:04:54.606,ETHUSDT,BUY,MARKET,3004.66,0.175,FILLED
ORD-001700,2026-08-26 09:04:54.777,ETHUSDT,BUY,MARKET,2998.78,1.132,FILLED
ORD-001701,2026-08-26 09:04:54.935,BTCUSDT,BUY,MARKET,60054.54,1.921,FILLED
ORD-001702,2026-08-26 09:04:55.088,ETHUSDT,SELL,MARKET,2998.94,0.266,FILLED
ORD-001703,2026-08-26 09:04:55.192,BTCUSDT,SELL,MARKET,59923.39,1.107,FILLED
ORD-001704,2026-08-26 09:04:55.351,SOLUSDT,SELL,MARKET,139.94,2.248,FILLED
ORD-001705,2026-08-26 09:04:55.522,ETHUSDT,SELL,MARKET,3000.33,1.106,FILLED
ORD-001706,2026-08-26 09:04:55.718,SOLUSDT,BUY,MARKET,140.18,2.29,FILLED
ORD-001707,2026-08-26 09:04:55.953,ETHUSDT,BUY,MARKET,3003.36,0.577,FILLED
ORD-001708,2026-08-26 09:04:56.193,SOLUSDT,BUY,MARKET,140.2,2.354,FILLED
ORD-001709,2026-08-26 09:04:56.370,SOLUSDT,SELL,MARKET,140.07,2.341,FILLED
ORD-001710,2026-08-26 09:04:56.604,ETHUSDT,BUY,MARKET,3004.34,0.731,FILLED
ORD-001711,2026-08-26 09:04:56.817,BTCUSDT,SELL,MARKET,60019.31,1.622,FILLED
ORD-001712,2026-08-26 09:04:57.045,SOLUSDT,BUY,MARKET,140.25,0.55,FILLED
ORD-001713,2026-08-26 09:04:57.143,SOLUSDT,BUY,MARKET,139.86,0.603,FILLED
ORD-001714,2026-08-26 09:04:57.271,SOLUSDT,BUY,MARKET,139.91,0.825,FILLED
ORD-001715,2026-08-26 09:04:57.426,SOLUSDT,BUY,MARKET,140.02,1.194,FILLED
ORD-001716,2026-08-26 09:04:57.561,ETHUSDT,SELL,MARKET,2998.9,2.438,FILLED
ORD-001717,2026-08-26 09:04:57.652,BTCUSDT,BUY,MARKET,60009.35,1.427,FILLED
ORD-001718,2026-08-26 09:04:57.813,SOLUSDT,SELL,MARKET,139.96,1.753,FILLED
ORD-001719,2026-08-26 09:04:57.888,SOLUSDT,SELL,MARKET,139.93,2.274,FILLED
ORD-001720,2026-08-26 09:04:57.964,BTCUSDT,BUY,MARKET,60046.3,2.338,FILLED
ORD-001721,2026-08-26 09:04:58.184,ETHUSDT,BUY,MARKET,2998.3,2.034,FILLED
ORD-001722,2026-08-26 09:04:58.263,ETHUSDT,SELL,MARKET,2998.78,1.424,FILLED
ORD-001723,2026-08-26 09:04:58.431,BTCUSDT,SELL,MARKET,60017.18,2.005,FILLED
ORD-001724,2026-08-26 09:04:58.553,ETHUSDT,SELL,MARKET,2995.36,0.637,FILLED
ORD-001725,2026-08-26 09:04:58.775,ETHUSDT,SELL,MARKET,2993.65,2.282,FILLED
ORD-001726,2026-08-26 09:04:58.864,BTCUSDT,BUY,MARKET,60110.92,0.137,FILLED
ORD-001727,2026-08-26 09:04:58.975,ETHUSDT,SELL,MARKET,2995.52,2.483,FILLED
ORD-001728,2026-08-26 09:04:59.230,SOLUSDT,SELL,MARKET,140.03,2.089,FILLED
ORD-001729,2026-08-26 09:04:59.324,SOLUSDT,SELL,MARKET,140.0,2.446,FILLED
ORD-001730,2026-08-26 09:04:59.579,ETHUSDT,SELL,MARKET,2996.48,0.339,FILLED
ORD-001731,2026-08-26 09:04:59.789,BTCUSDT,BUY,MARKET,60020.77,2.123,FILLED
ORD-001732,2026-08-26 09:04:59.950,ETHUSDT,BUY,MARKET,2998.23,0.324,FILLED
ORD-001733,2026-08-26 09:05:00.020,BTCUSDT,BUY,MARKET,60049.11,2.309,FILLED
ORD-001734,2026-08-26 09:05:00.232,SOLUSDT,SELL,MARKET,140.07,2.46,FILLED
ORD-001735,2026-08-26 09:05:00.331,SOLUSDT,SELL,MARKET,140.08,0.632,FILLED
ORD-001736,2026-08-26 09:05:00.447,SOLUSDT,BUY,MARKET,139.83,1.007,FILLED
ORD-001737,2026-08-26 09:05:00.660,SOLUSDT,BUY,MARKET,140.11,1.606,FILLED
ORD-001738,2026-08-26 09:05:00.746,SOLUSDT,BUY,MARKET,139.85,0.394,FILLED
ORD-001739,2026-08-26 09:05:00.888,ETHUSDT,SELL,MARKET,3004.11,1.286,FILLED
ORD-001740,2026-08-26 09:05:01.062,BTCUSDT,SELL,MARKET,59953.54,1.093,FILLED
ORD-001741,2026-08-26 09:05:01.274,SOLUSDT,BUY,MARKET,139.81,2.235,FILLED
ORD-001742,2026-08-26 09:05:01.469,ETHUSDT,BUY,MARKET,2996.49,0.529,FILLED
ORD-001743,2026-08-26 09:05:01.676,SOLUSDT,BUY,MARKET,140.14,0.932,FILLED
ORD-001744,2026-08-26 09:05:01.775,SOLUSDT,BUY,MARKET,140.07,2.324,FILLED
ORD-001745,2026-08-26 09:05:01.880,SOLUSDT,BUY,MARKET,140.03,1.926,FILLED
ORD-001746,2026-08-26 09:05:01.951,ETHUSDT,BUY,MARKET,3004.16,0.433,FILLED
ORD-001747,2026-08-26 09:05:02.090,SOLUSDT,BUY,MARKET,140.09,2.388,FILLED
ORD-001748,2026-08-26 09:05:02.382,SOLUSDT,SELL,MARKET,139.98,1.147,FILLED
ORD-001749,2026-08-26 09:05:02.615,ETHUSDT,BUY,MARKET,2998.47,2.13,FILLED
ORD-001750,2026-08-26 09:05:02.707,ETHUSDT,SELL,MARKET,2998.31,1.51,FILLED
ORD-001751,2026-08-26 09:05:02.826,BTCUSDT,SELL,MARKET,60137.29,1.531,FILLED
ORD-001752,2026-08-26 09:05:02.971,ETHUSDT,BUY,MARKET,3000.41,1.461,FILLED
ORD-001753,2026-08-26 09:05:03.085,SOLUSDT,BUY,MARKET,140.15,2.399,FILLED
ORD-001754,2026-08-26 09:05:03.382,SOLUSDT,SELL,MARKET,139.71,1.648,FILLED
ORD-001755,2026-08-26 09:05:03.541,SOLUSDT,SELL,MARKET,140.02,2.042,FILLED
ORD-001756,2026-08-26 09:05:03.628,BTCUSDT,SELL,MARKET,59988.71,0.992,FILLED
ORD-001757,2026-08-26 09:05:03.732,ETHUSDT,BUY,MARKET,2997.16,1.82,FILLED
ORD-001758,2026-08-26 09:05:03.936,ETHUSDT,SELL,MARKET,2996.45,1.025,FILLED
ORD-001759,2026-08-26 09:05:04.212,BTCUSDT,BUY,MARKET,59958.55,1.559,FILLED
ORD-001760,2026-08-26 09:05:04.373,SOLUSDT,BUY,MARKET,140.12,1.737,FILLED
ORD-001761,2026-08-26 09:05:04.434,ETHUSDT,SELL,MARKET,2999.7,1.285,FILLED
ORD-001762,2026-08-26 09:05:04.635,ETHUSDT,SELL,MARKET,2998.04,1.543,FILLED
ORD-001763,2026-08-26 09:05:04.904,ETHUSDT,BUY,MARKET,2997.7,1.645,FILLED
ORD-001764,2026-08-26 09:05:05.057,SOLUSDT,BUY,MARKET,140.09,2.12,FILLED
ORD-001765,2026-08-26 09:05:05.319,BTCUSDT,BUY,MARKET,59973.91,1.228,FILLED
ORD-001766,2026-08-26 09:05:05.511,ETHUSDT,SELL,MARKET,3003.25,1.061,FILLED
ORD-001767,2026-08-26 09:05:05.677,ETHUSDT,SELL,MARKET,2995.89,1.771,FILLED
ORD-001768,2026-08-26 09:05:05.784,ETHUSDT,BUY,MARKET,3001.08,0.347,FILLED
ORD-001769,2026-08-26 09:05:06.019,BTCUSDT,BUY,MARKET,59935.01,2.167,FILLED
ORD-001770,2026-08-26 09:05:06.163,ETHUSDT,BUY,MARKET,2999.09,2.265,FILLED
ORD-001771,2026-08-26 09:05:06.413,SOLUSDT,BUY,MARKET,140.1,0.723,FILLED
ORD-001772,2026-08-26 09:05:06.639,BTCUSDT,BUY,MARKET,60070.72,0.733,FILLED
ORD-001773,2026-08-26 09:05:06.806,SOLUSDT,SELL,MARKET,139.84,0.431,FILLED
ORD-001774,2026-08-26 09:05:07.073,BTCUSDT,BUY,MARKET,59985.65,1.502,FILLED
ORD-001775,2026-08-26 09:05:07.245,ETHUSDT,SELL,MARKET,3007.97,0.677,FILLED
ORD-001776,2026-08-26 09:05:07.352,SOLUSDT,SELL,MARKET,139.98,1.854,FILLED
ORD-001777,2026-08-26 09:05:07.615,BTCUSDT,SELL,MARKET,59978.06,0.947,FILLED
ORD-001778,2026-08-26 09:05:07.719,BTCUSDT,BUY,MARKET,59952.92,1.287,FILLED
ORD-001779,2026-08-26 09:05:07.856,BTCUSDT,BUY,MARKET,60035.17,1.27,FILLED
ORD-001780,2026-08-26 09:05:08.140,BTCUSDT,SELL,MARKET,59948.95,0.47,FILLED
ORD-001781,2026-08-26 09:05:08.292,BTCUSDT,BUY,MARKET,59883.35,1.589,REJECTED
ORD-001782,2026-08-26 09:05:08.379,BTCUSDT,BUY,MARKET,59954.36,2.188,FILLED
ORD-001783,2026-08-26 09:05:08.598,ETHUSDT,BUY,MARKET,2997.87,0.549,REJECTED
ORD-001784,2026-08-26 09:05:08.749,SOLUSDT,SELL,MARKET,140.08,0.951,REJECTED
ORD-001785,2026-08-26 09:05:08.986,SOLUSDT,SELL,MARKET,139.86,0.335,FILLED
ORD-001786,2026-08-26 09:05:09.146,ETHUSDT,BUY,MARKET,2998.27,1.371,FILLED
ORD-001787,2026-08-26 09:05:09.264,BTCUSDT,BUY,MARKET,60075.33,0.228,REJECTED
ORD-001788,2026-08-26 09:05:09.414,BTCUSDT,BUY,MARKET,59984.69,1.779,FILLED
ORD-001789,2026-08-26 09:05:09.552,BTCUSDT,BUY,MARKET,60030.89,0.594,FILLED
ORD-001790,2026-08-26 09:05:09.761,SOLUSDT,SELL,MARKET,139.86,0.544,FILLED
ORD-001791,2026-08-26 09:05:09.985,ETHUSDT,SELL,MARKET,3003.17,0.509,FILLED
ORD-001792,2026-08-26 09:05:10.038,BTCUSDT,BUY,MARKET,59926.28,0.44,FILLED
ORD-001793,2026-08-26 09:05:10.313,SOLUSDT,SELL,MARKET,140.02,2.438,FILLED
ORD-001794,2026-08-26 09:05:10.611,BTCUSDT,BUY,MARKET,60025.95,1.526,FILLED
ORD-001795,2026-08-26 09:05:10.870,ETHUSDT,BUY,MARKET,2996.74,0.363,FILLED
ORD-001796,2026-08-26 09:05:10.957,BTCUSDT,SELL,MARKET,60083.38,0.502,FILLED
ORD-001797,2026-08-26 09:05:11.195,BTCUSDT,BUY,MARKET,59960.47,1.186,FILLED
ORD-001798,2026-08-26 09:05:11.456,ETHUSDT,SELL,MARKET,3004.5,1.201,FILLED
ORD-001799,2026-08-26 09:05:11.725,ETHUSDT,SELL,MARKET,2999.28,1.959,FILLED
ORD-001800,2026-08-26 09:05:11.780,SOLUSDT,SELL,MARKET,140.19,1.848,FILLED
ORD-001801,2026-08-26 09:05:11.957,BTCUSDT,SELL,MARKET,60022.76,0.44,FILLED
ORD-001802,2026-08-26 09:05:12.059,BTCUSDT,BUY,MARKET,59991.84,1.134,FILLED
ORD-001803,2026-08-26 09:05:12.356,SOLUSDT,BUY,MARKET,140.34,1.633,FILLED
ORD-001804,2026-08-26 09:05:12.639,ETHUSDT,SELL,MARKET,3000.95,0.52,FILLED
ORD-001805,2026-08-26 09:05:12.759,SOLUSDT,SELL,MARKET,139.87,1.102,FILLED
ORD-001806,2026-08-26 09:05:12.965,ETHUSDT,BUY,MARKET,2998.17,0.924,FILLED
ORD-001807,2026-08-26 09:05:13.103,BTCUSDT,SELL,MARKET,59991.82,2.002,FILLED
ORD-001808,2026-08-26 09:05:13.272,ETHUSDT,BUY,MARKET,3000.75,1.745,FILLED
ORD-001809,2026-08-26 09:05:13.363,SOLUSDT,BUY,MARKET,140.2,1.44,FILLED
ORD-001810,2026-08-26 09:05:13.423,ETHUSDT,SELL,MARKET,2998.22,0.137,FILLED
ORD-001811,2026-08-26 09:05:13.474,BTCUSDT,SELL,MARKET,60019.93,1.272,FILLED
ORD-001812,2026-08-26 09:05:13.613,ETHUSDT,SELL,MARKET,3001.54,0.703,FILLED
ORD-001813,2026-08-26 09:05:13.850,ETHUSDT,BUY,MARKET,3004.42,0.442,FILLED
ORD-001814,2026-08-26 09:05:14.021,BTCUSDT,SELL,MARKET,60017.46,0.625,FILLED
ORD-001815,2026-08-26 09:05:14.318,ETHUSDT,BUY,MARKET,2998.88,1.114,FILLED
ORD-001816,2026-08-26 09:05:14.479,BTCUSDT,SELL,MARKET,59968.64,0.516,FILLED
ORD-001817,2026-08-26 09:05:14.593,SOLUSDT,SELL,MARKET,140.08,1.942,FILLED
ORD-001818,2026-08-26 09:05:14.788,BTCUSDT,SELL,MARKET,59892.78,0.305,FILLED
ORD-001819,2026-08-26 09:05:14.949,SOLUSDT,SELL,MARKET,139.99,2.202,FILLED
ORD-001820,2026-08-26 09:05:15.174,BTCUSDT,BUY,MARKET,59966.31,1.309,FILLED
ORD-001821,2026-08-26 09:05:15.329,SOLUSDT,SELL,MARKET,139.85,1.109,FILLED
ORD-001822,2026-08-26 09:05:15.401,ETHUSDT,BUY,MARKET,2998.97,1.94,FILLED
ORD-001823,2026-08-26 09:05:15.609,BTCUSDT,SELL,MARKET,59924.8,0.995,FILLED
ORD-001824,2026-08-26 09:05:15.830,SOLUSDT,SELL,MARKET,140.03,0.402,FILLED
ORD-001825,2026-08-26 09:05:15.893,BTCUSDT,SELL,MARKET,60073.51,1.205,FILLED
ORD-001826,2026-08-26 09:05:16.095,BTCUSDT,BUY,MARKET,60057.41,0.357,FILLED
ORD-001827,2026-08-26 09:05:16.176,BTCUSDT,SELL,MARKET,59971.46,2.174,FILLED
ORD-001828,2026-08-26 09:05:16.473,SOLUSDT,BUY,MARKET,140.06,1.449,FILLED
ORD-001829,2026-08-26 09:05:16.600,ETHUSDT,BUY,MARKET,3001.22,2.145,FILLED
ORD-001830,2026-08-26 09:05:16.809,SOLUSDT,SELL,MARKET,140.04,2.033,FILLED
ORD-001831,2026-08-26 09:05:16.889,SOLUSDT,BUY,MARKET,140.04,1.549,FILLED
ORD-001832,2026-08-26 09:05:17.068,SOLUSDT,BUY,MARKET,139.87,0.159,FILLED
ORD-001833,2026-08-26 09:05:17.165,ETHUSDT,SELL,MARKET,2993.13,1.071,FILLED
ORD-001834,2026-08-26 09:05:17.372,BTCUSDT,SELL,MARKET,60022.28,2.162,FILLED
ORD-001835,2026-08-26 09:05:17.612,BTCUSDT,SELL,MARKET,60067.79,0.44,FILLED
ORD-001836,2026-08-26 09:05:17.783,SOLUSDT,BUY,MARKET,139.93,1.412,FILLED
ORD-001837,2026-08-26 09:05:17.927,ETHUSDT,SELL,MARKET,2999.08,1.513,FILLED
ORD-001838,2026-08-26 09:05:18.083,SOLUSDT,SELL,MARKET,140.16,0.358,FILLED
ORD-001839,2026-08-26 09:05:18.135,ETHUSDT,BUY,MARKET,2996.3,1.454,FILLED
ORD-001840,2026-08-26 09:05:18.298,SOLUSDT,SELL,MARKET,139.93,1.677,FILLED
ORD-001841,2026-08-26 09:05:18.418,BTCUSDT,SELL,MARKET,60052.16,1.835,FILLED
ORD-001842,2026-08-26 09:05:18.557,BTCUSDT,BUY,MARKET,60017.89,1.308,FILLED
ORD-001843,2026-08-26 09:05:18.774,SOLUSDT,SELL,MARKET,140.06,0.463,FILLED
ORD-001844,2026-08-26 09:05:19.024,SOLUSDT,SELL,MARKET,139.97,0.436,FILLED
ORD-001845,2026-08-26 09:05:19.197,SOLUSDT,SELL,MARKET,139.96,2.114,FILLED
ORD-001846,2026-08-26 09:05:19.376,ETHUSDT,SELL,MARKET,2997.63,1.8,FILLED
ORD-001847,2026-08-26 09:05:19.515,SOLUSDT,SELL,MARKET,139.98,2.392,FILLED
ORD-001848,2026-08-26 09:05:19.624,SOLUSDT,SELL,MARKET,139.86,1.859,FILLED
ORD-001849,2026-08-26 09:05:19.733,BTCUSDT,BUY,MARKET,60012.95,0.877,FILLED
ORD-001850,2026-08-26 09:05:19.881,SOLUSDT,BUY,MARKET,140.05,1.848,FILLED
ORD-001851,2026-08-26 09:05:20.122,ETHUSDT,BUY,MARKET,2999.86,0.19,FILLED
ORD-001852,2026-08-26 09:05:20.408,BTCUSDT,SELL,MARKET,60052.24,2.118,FILLED
ORD-001853,2026-08-26 09:05:20.621,BTCUSDT,SELL,MARKET,60137.52,0.42,FILLED
ORD-001854,2026-08-26 09:05:20.728,SOLUSDT,BUY,MARKET,139.98,1.729,FILLED
ORD-001855,2026-08-26 09:05:20.800,BTCUSDT,BUY,MARKET,60040.01,1.996,FILLED
ORD-001856,2026-08-26 09:05:21.057,SOLUSDT,BUY,MARKET,140.26,0.588,FILLED
ORD-001857,2026-08-26 09:05:21.125,BTCUSDT,BUY,MARKET,59955.11,1.412,FILLED
ORD-001858,2026-08-26 09:05:21.310,ETHUSDT,BUY,MARKET,2996.22,1.848,FILLED
ORD-001859,2026-08-26 09:05:21.450,ETHUSDT,BUY,MARKET,2996.48,1.237,FILLED
ORD-001860,2026-08-26 09:05:21.723,ETHUSDT,BUY,MARKET,3003.98,1.601,FILLED
ORD-001861,2026-08-26 09:05:21.900,BTCUSDT,BUY,MARKET,60050.01,0.342,FILLED
ORD-001862,2026-08-26 09:05:22.190,BTCUSDT,BUY,MARKET,60007.31,0.638,FILLED
ORD-001863,2026-08-26 09:05:22.280,ETHUSDT,SELL,MARKET,3005.83,2.194,FILLED
ORD-001864,2026-08-26 09:05:22.486,ETHUSDT,BUY,MARKET,3000.87,1.343,FILLED
ORD-001865,2026-08-26 09:05:22.564,SOLUSDT,SELL,MARKET,139.77,1.774,FILLED
ORD-001866,2026-08-26 09:05:22.622,SOLUSDT,SELL,MARKET,140.14,1.668,FILLED
ORD-001867,2026-08-26 09:05:22.707,ETHUSDT,SELL,MARKET,2999.74,1.935,FILLED
ORD-001868,2026-08-26 09:05:22.817,BTCUSDT,SELL,MARKET,59982.68,2.208,FILLED
ORD-001869,2026-08-26 09:05:23.080,ETHUSDT,BUY,MARKET,3001.92,1.564,FILLED
ORD-001870,2026-08-26 09:05:23.286,BTCUSDT,SELL,MARKET,60048.08,1.536,FILLED
ORD-001871,2026-08-26 09:05:23.345,BTCUSDT,SELL,MARKET,59952.8,0.2,FILLED
ORD-001872,2026-08-26 09:05:23.612,ETHUSDT,BUY,MARKET,3003.19,0.828,FILLED
ORD-001873,2026-08-26 09:05:23.712,BTCUSDT,BUY,MARKET,59957.23,1.976,FILLED
ORD-001874,2026-08-26 09:05:23.775,SOLUSDT,SELL,MARKET,139.74,1.426,FILLED
ORD-001875,2026-08-26 09:05:23.860,ETHUSDT,SELL,MARKET,2999.14,1.124,FILLED
ORD-001876,2026-08-26 09:05:24.000,BTCUSDT,SELL,MARKET,60011.15,2.269,FILLED
ORD-001877,2026-08-26 09:05:24.200,BTCUSDT,SELL,MARKET,59926.72,0.657,FILLED
ORD-001878,2026-08-26 09:05:24.387,BTCUSDT,BUY,MARKET,59982.63,2.039,FILLED
ORD-001879,2026-08-26 09:05:24.645,SOLUSDT,BUY,MARKET,139.82,1.828,FILLED
ORD-001880,2026-08-26 09:05:24.775,BTCUSDT,BUY,MARKET,60019.6,0.778,FILLED
ORD-001881,2026-08-26 09:05:24.993,ETHUSDT,BUY,MARKET,3001.17,1.055,FILLED
ORD-001882,2026-08-26 09:05:25.223,BTCUSDT,BUY,MARKET,59908.44,0.594,FILLED
ORD-001883,2026-08-26 09:05:25.350,SOLUSDT,SELL,MARKET,139.77,1.165,FILLED
ORD-001884,2026-08-26 09:05:25.481,ETHUSDT,SELL,MARKET,2999.96,2.243,FILLED
ORD-001885,2026-08-26 09:05:25.690,SOLUSDT,BUY,MARKET,140.03,1.793,FILLED
ORD-001886,2026-08-26 09:05:25.873,ETHUSDT,SELL,MARKET,3000.36,2.119,FILLED
ORD-001887,2026-08-26 09:05:26.131,BTCUSDT,SELL,MARKET,60133.47,0.994,FILLED
ORD-001888,2026-08-26 09:05:26.297,BTCUSDT,BUY,MARKET,60004.4,1.66,FILLED
ORD-001889,2026-08-26 09:05:26.445,BTCUSDT,BUY,MARKET,59963.65,0.767,FILLED
ORD-001890,2026-08-26 09:05:26.499,ETHUSDT,BUY,MARKET,2996.67,1.021,FILLED
ORD-001891,2026-08-26 09:05:26.717,ETHUSDT,SELL,MARKET,2998.66,1.01,FILLED
ORD-001892,2026-08-26 09:05:27.006,ETHUSDT,BUY,MARKET,3000.69,1.931,FILLED
ORD-001893,2026-08-26 09:05:27.207,BTCUSDT,SELL,MARKET,59998.08,2.045,FILLED
ORD-001894,2026-08-26 09:05:27.366,BTCUSDT,BUY,MARKET,60077.45,1.142,FILLED
ORD-001895,2026-08-26 09:05:27.654,SOLUSDT,BUY,MARKET,140.02,2.386,FILLED
ORD-001896,2026-08-26 09:05:27.850,SOLUSDT,SELL,MARKET,140.1,1.212,FILLED
ORD-001897,2026-08-26 09:05:28.136,SOLUSDT,SELL,MARKET,140.0,1.89,FILLED
ORD-001898,2026-08-26 09:05:28.256,BTCUSDT,BUY,MARKET,59985.95,1.738,FILLED
ORD-001899,2026-08-26 09:05:28.315,BTCUSDT,BUY,MARKET,59921.74,1.471,FILLED
ORD-001900,2026-08-26 09:05:28.396,SOLUSDT,SELL,MARKET,139.72,2.045,FILLED
ORD-001901,2026-08-26 09:05:28.455,ETHUSDT,SELL,MARKET,2994.95,0.141,REJECTED
ORD-001902,2026-08-26 09:05:28.734,ETHUSDT,SELL,MARKET,3002.15,1.491,REJECTED
ORD-001903,2026-08-26 09:05:28.910,SOLUSDT,SELL,MARKET,139.95,1.988,FILLED
ORD-001904,2026-08-26 09:05:28.969,BTCUSDT,BUY,MARKET,60001.82,0.219,REJECTED
ORD-001905,2026-08-26 09:05:29.085,BTCUSDT,SELL,MARKET,59977.58,0.246,FILLED
ORD-001906,2026-08-26 09:05:29.224,ETHUSDT,BUY,MARKET,3000.26,1.824,FILLED
ORD-001907,2026-08-26 09:05:29.486,BTCUSDT,BUY,MARKET,60014.98,0.59,FILLED
ORD-001908,2026-08-26 09:05:29.628,SOLUSDT,SELL,MARKET,140.0,0.159,FILLED
ORD-001909,2026-08-26 09:05:29.772,ETHUSDT,SELL,MARKET,3000.88,0.806,REJECTED
ORD-001910,2026-08-26 09:05:29.952,BTCUSDT,SELL,MARKET,60021.22,1.562,FILLED
ORD-001911,2026-08-26 09:05:30.170,SOLUSDT,SELL,MARKET,140.06,1.498,FILLED
ORD-001912,2026-08-26 09:05:30.239,SOLUSDT,BUY,MARKET,139.95,0.288,FILLED
ORD-001913,2026-08-26 09:05:30.493,BTCUSDT,SELL,MARKET,59959.55,2.208,FILLED
ORD-001914,2026-08-26 09:05:30.592,BTCUSDT,SELL,MARKET,59968.51,0.861,FILLED
ORD-001915,2026-08-26 09:05:30.892,SOLUSDT,SELL,MARKET,140.12,2.018,FILLED
ORD-001916,2026-08-26 09:05:31.003,ETHUSDT,BUY,MARKET,3002.69,0.377,FILLED
ORD-001917,2026-08-26 09:05:31.287,ETHUSDT,SELL,MARKET,3006.53,1.314,FILLED
ORD-001918,2026-08-26 09:05:31.482,ETHUSDT,SELL,MARKET,2999.58,1.105,FILLED
ORD-001919,2026-08-26 09:05:31.567,BTCUSDT,BUY,MARKET,60014.24,1.503,FILLED
ORD-001920,2026-08-26 09:05:31.721,SOLUSDT,SELL,MARKET,139.72,0.383,FILLED
ORD-001921,2026-08-26 09:05:32.001,ETHUSDT,BUY,MARKET,3000.02,1.954,FILLED
ORD-001922,2026-08-26 09:05:32.192,BTCUSDT,SELL,MARKET,59941.12,0.732,FILLED
ORD-001923,2026-08-26 09:05:32.352,SOLUSDT,SELL,MARKET,139.88,0.182,FILLED
ORD-001924,2026-08-26 09:05:32.637,BTCUSDT,BUY,MARKET,59937.06,2.181,FILLED
ORD-001925,2026-08-26 09:05:32.869,ETHUSDT,SELL,MARKET,3001.35,1.437,FILLED
ORD-001926,2026-08-26 09:05:33.074,ETHUSDT,BUY,MARKET,3004.96,0.908,FILLED
ORD-001927,2026-08-26 09:05:33.214,SOLUSDT,BUY,MARKET,140.04,1.873,FILLED
ORD-001928,2026-08-26 09:05:33.457,ETHUSDT,SELL,MARKET,2997.34,1.146,FILLED
ORD-001929,2026-08-26 09:05:33.716,ETHUSDT,BUY,MARKET,2999.19,1.515,FILLED
ORD-001930,2026-08-26 09:05:33.938,SOLUSDT,BUY,MARKET,139.9,1.523,FILLED
ORD-001931,2026-08-26 09:05:34.138,SOLUSDT,SELL,MARKET,140.07,1.321,FILLED
ORD-001932,2026-08-26 09:05:34.320,ETHUSDT,BUY,MARKET,2997.63,0.216,FILLED
ORD-001933,2026-08-26 09:05:34.614,SOLUSDT,SELL,MARKET,139.87,1.918,FILLED
ORD-001934,2026-08-26 09:05:34.717,BTCUSDT,BUY,MARKET,60021.83,2.474,FILLED
ORD-001935,2026-08-26 09:05:34.839,ETHUSDT,SELL,MARKET,3006.85,0.339,FILLED
ORD-001936,2026-08-26 09:05:34.932,BTCUSDT,BUY,MARKET,60012.32,0.637,FILLED
ORD-001937,2026-08-26 09:05:35.152,ETHUSDT,SELL,MARKET,3000.02,2.319,FILLED
ORD-001938,2026-08-26 09:05:35.245,ETHUSDT,BUY,MARKET,3002.58,1.321,FILLED
ORD-001939,2026-08-26 09:05:35.296,BTCUSDT,BUY,MARKET,60023.46,2.018,FILLED
ORD-001940,2026-08-26 09:05:35.455,ETHUSDT,BUY,MARKET,3000.39,2.375,FILLED
ORD-001941,2026-08-26 09:05:35.533,SOLUSDT,SELL,MARKET,139.96,0.808,FILLED
ORD-001942,2026-08-26 09:05:35.804,SOLUSDT,BUY,MARKET,140.19,0.731,FILLED
ORD-001943,2026-08-26 09:05:35.874,BTCUSDT,SELL,MARKET,60030.01,0.949,FILLED
ORD-001944,2026-08-26 09:05:35.994,SOLUSDT,BUY,MARKET,139.91,1.317,FILLED
ORD-001945,2026-08-26 09:05:36.154,ETHUSDT,BUY,MARKET,3001.22,2.319,FILLED
ORD-001946,2026-08-26 09:05:36.364,BTCUSDT,SELL,MARKET,60034.59,2.11,FILLED
ORD-001947,2026-08-26 09:05:36.470,BTCUSDT,BUY,MARKET,59999.88,2.193,FILLED
ORD-001948,2026-08-26 09:05:36.707,SOLUSDT,BUY,MARKET,140.01,2.053,FILLED
ORD-001949,2026-08-26 09:05:36.889,ETHUSDT,SELL,MARKET,2997.9,0.313,FILLED
ORD-001950,2026-08-26 09:05:36.992,SOLUSDT,BUY,MARKET,140.05,1.439,FILLED
ORD-001951,2026-08-26 09:05:37.203,SOLUSDT,BUY,MARKET,139.87,1.572,FILLED
ORD-001952,2026-08-26 09:05:37.299,SOLUSDT,BUY,MARKET,139.8,1.677,FILLED
ORD-001953,2026-08-26 09:05:37.510,ETHUSDT,BUY,MARKET,2999.06,1.277,FILLED
ORD-001954,2026-08-26 09:05:37.806,ETHUSDT,SELL,MARKET,2993.78,0.625,FILLED
ORD-001955,2026-08-26 09:05:37.885,ETHUSDT,SELL,MARKET,3000.52,1.69,FILLED
ORD-001956,2026-08-26 09:05:38.036,BTCUSDT,SELL,MARKET,59954.5,0.934,FILLED
ORD-001957,2026-08-26 09:05:38.211,SOLUSDT,BUY,MARKET,140.16,2.031,FILLED
ORD-001958,2026-08-26 09:05:38.316,SOLUSDT,SELL,MARKET,140.04,0.743,FILLED
ORD-001959,2026-08-26 09:05:38.471,ETHUSDT,BUY,MARKET,3004.17,1.72,FILLED
ORD-001960,2026-08-26 09:05:38.645,ETHUSDT,SELL,MARKET,3001.24,0.231,FILLED
ORD-001961,2026-08-26 09:05:38.799,SOLUSDT,BUY,MARKET,139.8,0.84,FILLED
ORD-001962,2026-08-26 09:05:39.096,BTCUSDT,BUY,MARKET,60046.63,0.365,FILLED
ORD-001963,2026-08-26 09:05:39.151,SOLUSDT,SELL,MARKET,140.22,2.381,FILLED
ORD-001964,2026-08-26 09:05:39.397,ETHUSDT,BUY,MARKET,3003.66,0.946,FILLED
ORD-001965,2026-08-26 09:05:39.497,SOLUSDT,BUY,MARKET,140.23,0.969,FILLED
ORD-001966,2026-08-26 09:05:39.780,BTCUSDT,SELL,MARKET,59970.9,2.023,FILLED
ORD-001967,2026-08-26 09:05:39.833,ETHUSDT,SELL,MARKET,2999.94,0.697,FILLED
ORD-001968,2026-08-26 09:05:40.085,BTCUSDT,BUY,MARKET,60051.87,1.304,FILLED
ORD-001969,2026-08-26 09:05:40.332,ETHUSDT,BUY,MARKET,2999.53,0.652,FILLED
ORD-001970,2026-08-26 09:05:40.478,SOLUSDT,BUY,MARKET,139.8,2.051,FILLED
ORD-001971,2026-08-26 09:05:40.549,SOLUSDT,SELL,MARKET,139.95,0.748,FILLED
ORD-001972,2026-08-26 09:05:40.604,BTCUSDT,BUY,MARKET,59990.39,1.858,FILLED
ORD-001973,2026-08-26 09:05:40.866,BTCUSDT,BUY,MARKET,59915.39,1.039,FILLED
ORD-001974,2026-08-26 09:05:40.993,SOLUSDT,SELL,MARKET,139.85,1.884,FILLED
ORD-001975,2026-08-26 09:05:41.163,ETHUSDT,SELL,MARKET,3002.95,1.675,FILLED
ORD-001976,2026-08-26 09:05:41.284,ETHUSDT,SELL,MARKET,2994.87,1.075,FILLED
ORD-001977,2026-08-26 09:05:41.338,ETHUSDT,SELL,MARKET,2998.08,0.687,FILLED
ORD-001978,2026-08-26 09:05:41.503,ETHUSDT,SELL,MARKET,3003.38,1.815,FILLED
ORD-001979,2026-08-26 09:05:41.697,BTCUSDT,BUY,MARKET,59959.7,0.988,FILLED
ORD-001980,2026-08-26 09:05:41.771,BTCUSDT,SELL,MARKET,60048.7,2.442,FILLED
ORD-001981,2026-08-26 09:05:41.842,SOLUSDT,BUY,MARKET,139.96,1.524,FILLED
ORD-001982,2026-08-26 09:05:42.037,BTCUSDT,SELL,MARKET,60014.19,1.835,FILLED
ORD-001983,2026-08-26 09:05:42.173,BTCUSDT,BUY,MARKET,59903.88,0.847,FILLED
ORD-001984,2026-08-26 09:05:42.224,BTCUSDT,BUY,MARKET,60021.65,1.076,FILLED
ORD-001985,2026-08-26 09:05:42.354,ETHUSDT,BUY,MARKET,2999.48,1.409,FILLED
ORD-001986,2026-08-26 09:05:42.623,SOLUSDT,BUY,MARKET,140.17,1.335,FILLED
ORD-001987,2026-08-26 09:05:42.705,SOLUSDT,BUY,MARKET,140.03,0.286,FILLED
ORD-001988,2026-08-26 09:05:42.977,BTCUSDT,BUY,MARKET,59956.25,0.574,FILLED
ORD-001989,2026-08-26 09:05:43.161,BTCUSDT,BUY,MARKET,59897.57,1.603,FILLED
ORD-001990,2026-08-26 09:05:43.286,ETHUSDT,BUY,MARKET,2998.41,1.059,FILLED
ORD-001991,2026-08-26 09:05:43.405,BTCUSDT,SELL,MARKET,59982.59,2.213,FILLED
ORD-001992,2026-08-26 09:05:43.491,SOLUSDT,SELL,MARKET,140.08,1.661,FILLED
ORD-001993,2026-08-26 09:05:43.695,ETHUSDT,BUY,MARKET,2996.57,0.991,FILLED
ORD-001994,2026-08-26 09:05:43.929,ETHUSDT,SELL,MARKET,2999.37,2.325,FILLED
ORD-001995,2026-08-26 09:05:44.085,BTCUSDT,BUY,MARKET,60031.9,0.124,FILLED
ORD-001996,2026-08-26 09:05:44.314,BTCUSDT,BUY,MARKET,60032.77,0.113,FILLED
ORD-001997,2026-08-26 09:05:44.379,BTCUSDT,BUY,MARKET,60042.52,0.894,FILLED
ORD-001998,2026-08-26 09:05:44.655,SOLUSDT,SELL,MARKET,140.08,1.627,FILLED
ORD-001999,2026-08-26 09:05:44.915,BTCUSDT,SELL,MARKET,60044.53,0.759,FILLED
ORD-002000,2026-08-26 09:05:45.108,ETHUSDT,SELL,MARKET,2998.5,2.342,FILLED
ORD-002001,2026-08-26 09:05:45.229,SOLUSDT,BUY,MARKET,139.82,1.854,FILLED
ORD-002002,2026-08-26 09:05:45.444,BTCUSDT,SELL,MARKET,60059.52,1.354,FILLED
ORD-002003,2026-08-26 09:05:45.741,ETHUSDT,SELL,MARKET,3000.42,1.551,FILLED
ORD-002004,2026-08-26 09:05:45.846,SOLUSDT,SELL,MARKET,140.0,0.656,FILLED
ORD-002005,2026-08-26 09:05:45.915,BTCUSDT,BUY,MARKET,59934.72,0.101,FILLED
ORD-002006,2026-08-26 09:05:46.048,BTCUSDT,BUY,MARKET,60006.24,1.696,FILLED
ORD-002007,2026-08-26 09:05:46.278,ETHUSDT,BUY,MARKET,2995.71,1.957,FILLED
ORD-002008,2026-08-26 09:05:46.554,ETHUSDT,SELL,MARKET,2995.7,1.374,FILLED
ORD-002009,2026-08-26 09:05:46.786,SOLUSDT,BUY,MARKET,139.9,2.101,FILLED
ORD-002010,2026-08-26 09:05:47.011,BTCUSDT,SELL,MARKET,59955.95,1.994,FILLED
ORD-002011,2026-08-26 09:05:47.279,BTCUSDT,SELL,MARKET,59959.78,2.179,FILLED
ORD-002012,2026-08-26 09:05:47.564,ETHUSDT,SELL,MARKET,2990.49,1.444,FILLED
ORD-002013,2026-08-26 09:05:47.664,BTCUSDT,SELL,MARKET,59983.34,2.489,FILLED
ORD-002014,2026-08-26 09:05:47.738,ETHUSDT,SELL,MARKET,2995.33,0.845,FILLED
ORD-002015,2026-08-26 09:05:47.953,ETHUSDT,SELL,MARKET,3000.02,0.755,FILLED
ORD-002016,2026-08-26 09:05:48.073,ETHUSDT,SELL,MARKET,3000.96,1.79,FILLED
ORD-002017,2026-08-26 09:05:48.360,SOLUSDT,BUY,MARKET,140.06,2.172,FILLED
ORD-002018,2026-08-26 09:05:48.602,ETHUSDT,SELL,MARKET,2997.61,2.2,FILLED
ORD-002019,2026-08-26 09:05:48.691,SOLUSDT,BUY,MARKET,140.12,2.246,FILLED
ORD-002020,2026-08-26 09:05:48.904,SOLUSDT,BUY,MARKET,140.11,2.13,REJECTED
ORD-002021,2026-08-26 09:05:49.142,SOLUSDT,BUY,MARKET,139.99,2.146,FILLED
ORD-002022,2026-08-26 09:05:49.342,BTCUSDT,SELL,MARKET,60113.94,1.802,FILLED
ORD-002023,2026-08-26 09:05:49.408,SOLUSDT,SELL,MARKET,140.15,2.111,FILLED
ORD-002024,2026-08-26 09:05:49.587,BTCUSDT,BUY,MARKET,60086.29,0.761,REJECTED
ORD-002025,2026-08-26 09:05:49.667,ETHUSDT,BUY,MARKET,3003.32,0.847,FILLED
ORD-002026,2026-08-26 09:05:49.740,ETHUSDT,SELL,MARKET,2999.24,1.211,REJECTED
ORD-002027,2026-08-26 09:05:49.845,BTCUSDT,BUY,MARKET,59954.34,1.94,FILLED
ORD-002028,2026-08-26 09:05:50.136,SOLUSDT,SELL,MARKET,139.71,0.839,FILLED
ORD-002029,2026-08-26 09:05:50.291,BTCUSDT,BUY,MARKET,59989.87,0.77,FILLED
ORD-002030,2026-08-26 09:05:50.364,BTCUSDT,BUY,MARKET,60063.44,0.722,FILLED
ORD-002031,2026-08-26 09:05:50.529,ETHUSDT,SELL,MARKET,2997.95,1.64,FILLED
ORD-002032,2026-08-26 09:05:50.716,SOLUSDT,BUY,MARKET,139.93,1.026,FILLED
ORD-002033,2026-08-26 09:05:50.940,SOLUSDT,BUY,MARKET,139.94,1.65,FILLED
ORD-002034,2026-08-26 09:05:51.180,ETHUSDT,BUY,MARKET,2996.43,1.424,FILLED
ORD-002035,2026-08-26 09:05:51.296,ETHUSDT,BUY,MARKET,3003.6,0.624,FILLED
ORD-002036,2026-08-26 09:05:51.465,BTCUSDT,BUY,MARKET,60068.18,1.241,FILLED
ORD-002037,2026-08-26 09:05:51.523,SOLUSDT,SELL,MARKET,140.09,1.512,FILLED
ORD-002038,2026-08-26 09:05:51.680,ETHUSDT,BUY,MARKET,3003.2,0.119,FILLED
ORD-002039,2026-08-26 09:05:51.821,ETHUSDT,SELL,MARKET,3002.76,0.549,FILLED
ORD-002040,2026-08-26 09:05:52.078,ETHUSDT,BUY,MARKET,2999.89,0.152,FILLED
ORD-002041,2026-08-26 09:05:52.249,SOLUSDT,SELL,MARKET,139.9,1.854,FILLED
ORD-002042,2026-08-26 09:05:52.401,BTCUSDT,SELL,MARKET,59969.6,1.258,FILLED
ORD-002043,2026-08-26 09:05:52.681,ETHUSDT,BUY,MARKET,2996.15,1.932,FILLED
ORD-002044,2026-08-26 09:05:52.833,SOLUSDT,BUY,MARKET,140.05,2.39,FILLED
ORD-002045,2026-08-26 09:05:53.035,SOLUSDT,BUY,MARKET,139.66,0.821,FILLED
ORD-002046,2026-08-26 09:05:53.254,SOLUSDT,BUY,MARKET,139.9,0.435,FILLED
ORD-002047,2026-08-26 09:05:53.509,ETHUSDT,BUY,MARKET,3002.49,1.938,FILLED
ORD-002048,2026-08-26 09:05:53.610,ETHUSDT,SELL,MARKET,3001.72,1.681,FILLED
ORD-002049,2026-08-26 09:05:53.771,BTCUSDT,SELL,MARKET,60031.59,2.159,FILLED
ORD-002050,2026-08-26 09:05:53.822,BTCUSDT,BUY,MARKET,59870.71,1.961,FILLED
ORD-002051,2026-08-26 09:05:54.050,ETHUSDT,BUY,MARKET,2998.32,1.748,FILLED
ORD-002052,2026-08-26 09:05:54.295,BTCUSDT,SELL,MARKET,60045.73,1.795,FILLED
ORD-002053,2026-08-26 09:05:54.542,BTCUSDT,SELL,MARKET,59994.78,0.42,FILLED
ORD-002054,2026-08-26 09:05:54.692,ETHUSDT,SELL,MARKET,2997.77,1.119,FILLED
ORD-002055,2026-08-26 09:05:54.748,SOLUSDT,BUY,MARKET,140.04,2.429,FILLED
ORD-002056,2026-08-26 09:05:55.008,BTCUSDT,BUY,MARKET,60084.07,0.916,FILLED
ORD-002057,2026-08-26 09:05:55.106,BTCUSDT,SELL,MARKET,59972.78,0.431,FILLED
ORD-002058,2026-08-26 09:05:55.202,BTCUSDT,BUY,MARKET,59908.32,1.022,FILLED
ORD-002059,2026-08-26 09:05:55.260,ETHUSDT,BUY,MARKET,2999.71,2.071,FILLED
ORD-002060,2026-08-26 09:05:55.337,ETHUSDT,SELL,MARKET,2992.76,1.342,FILLED
ORD-002061,2026-08-26 09:05:55.490,ETHUSDT,BUY,MARKET,3004.28,1.674,FILLED
ORD-002062,2026-08-26 09:05:55.656,BTCUSDT,BUY,MARKET,59961.64,1.022,FILLED
ORD-002063,2026-08-26 09:05:55.719,BTCUSDT,SELL,MARKET,59906.95,1.114,FILLED
ORD-002064,2026-08-26 09:05:55.974,ETHUSDT,SELL,MARKET,2999.85,1.549,FILLED
ORD-002065,2026-08-26 09:05:56.272,ETHUSDT,SELL,MARKET,2999.62,2.126,FILLED
ORD-002066,2026-08-26 09:05:56.420,ETHUSDT,BUY,MARKET,2999.54,1.376,FILLED
ORD-002067,2026-08-26 09:05:56.621,SOLUSDT,BUY,MARKET,140.11,2.342,FILLED
ORD-002068,2026-08-26 09:05:56.782,ETHUSDT,BUY,MARKET,3001.31,2.193,FILLED
ORD-002069,2026-08-26 09:05:56.925,BTCUSDT,SELL,MARKET,59962.01,1.275,FILLED
ORD-002070,2026-08-26 09:05:57.184,BTCUSDT,SELL,MARKET,59926.65,0.811,FILLED
ORD-002071,2026-08-26 09:05:57.317,BTCUSDT,SELL,MARKET,60005.6,0.142,FILLED
ORD-002072,2026-08-26 09:05:57.556,ETHUSDT,BUY,MARKET,2996.48,0.188,FILLED
ORD-002073,2026-08-26 09:05:57.643,ETHUSDT,BUY,MARKET,3001.47,0.403,FILLED
ORD-002074,2026-08-26 09:05:57.869,SOLUSDT,SELL,MARKET,140.2,2.432,FILLED
ORD-002075,2026-08-26 09:05:58.129,SOLUSDT,BUY,MARKET,140.23,2.337,FILLED
ORD-002076,2026-08-26 09:05:58.334,SOLUSDT,SELL,MARKET,140.06,0.192,FILLED
ORD-002077,2026-08-26 09:05:58.621,SOLUSDT,BUY,MARKET,139.77,0.289,FILLED
ORD-002078,2026-08-26 09:05:58.736,SOLUSDT,SELL,MARKET,140.09,2.381,FILLED
ORD-002079,2026-08-26 09:05:58.835,SOLUSDT,BUY,MARKET,140.15,0.379,FILLED
ORD-002080,2026-08-26 09:05:59.088,SOLUSDT,SELL,MARKET,140.1,1.394,FILLED
ORD-002081,2026-08-26 09:05:59.249,BTCUSDT,BUY,MARKET,60008.26,1.926,FILLED
ORD-002082,2026-08-26 09:05:59.531,ETHUSDT,BUY,MARKET,2999.06,1.551,FILLED
ORD-002083,2026-08-26 09:05:59.687,BTCUSDT,SELL,MARKET,59999.59,0.145,FILLED
ORD-002084,2026-08-26 09:05:59.899,SOLUSDT,BUY,MARKET,140.01,1.997,FILLED
ORD-002085,2026-08-26 09:05:59.965,ETHUSDT,BUY,MARKET,2999.84,0.879,FILLED
ORD-002086,2026-08-26 09:06:00.122,SOLUSDT,SELL,MARKET,139.93,1.206,FILLED
ORD-002087,2026-08-26 09:06:00.259,SOLUSDT,SELL,MARKET,139.98,1.438,FILLED
ORD-002088,2026-08-26 09:06:00.499,ETHUSDT,SELL,MARKET,3003.03,1.209,FILLED
ORD-002089,2026-08-26 09:06:00.652,ETHUSDT,BUY,MARKET,3002.89,1.036,FILLED
ORD-002090,2026-08-26 09:06:00.755,BTCUSDT,BUY,MARKET,60055.57,0.929,FILLED
ORD-002091,2026-08-26 09:06:00.924,SOLUSDT,SELL,MARKET,139.85,1.184,FILLED
ORD-002092,2026-08-26 09:06:01.084,BTCUSDT,BUY,MARKET,60038.57,0.944,FILLED
ORD-002093,2026-08-26 09:06:01.194,ETHUSDT,BUY,MARKET,3004.38,1.886,FILLED
ORD-002094,2026-08-26 09:06:01.345,ETHUSDT,BUY,MARKET,3001.99,0.396,FILLED
ORD-002095,2026-08-26 09:06:01.435,BTCUSDT,BUY,MARKET,60062.33,0.529,FILLED
ORD-002096,2026-08-26 09:06:01.715,SOLUSDT,SELL,MARKET,139.95,0.623,FILLED
ORD-002097,2026-08-26 09:06:01.991,SOLUSDT,SELL,MARKET,139.98,0.354,FILLED
ORD-002098,2026-08-26 09:06:02.144,SOLUSDT,SELL,MARKET,140.02,0.64,FILLED
ORD-002099,2026-08-26 09:06:02.417,ETHUSDT,SELL,MARKET,2995.26,0.477,FILLED
ORD-002100,2026-08-26 09:06:02.585,BTCUSDT,SELL,MARKET,59967.16,0.902,FILLED
ORD-002101,2026-08-26 09:06:02.742,SOLUSDT,BUY,MARKET,140.2,1.492,FILLED
ORD-002102,2026-08-26 09:06:02.948,ETHUSDT,SELL,MARKET,3005.91,0.638,FILLED
ORD-002103,2026-08-26 09:06:03.081,SOLUSDT,BUY,MARKET,140.01,2.369,FILLED
ORD-002104,2026-08-26 09:06:03.374,SOLUSDT,BUY,MARKET,140.03,1.742,FILLED
ORD-002105,2026-08-26 09:06:03.565,ETHUSDT,BUY,MARKET,2999.27,1.67,FILLED
ORD-002106,2026-08-26 09:06:03.838,SOLUSDT,BUY,MARKET,139.91,0.986,FILLED
ORD-002107,2026-08-26 09:06:03.921,BTCUSDT,BUY,MARKET,59976.14,0.579,FILLED
ORD-002108,2026-08-26 09:06:04.033,ETHUSDT,BUY,MARKET,2998.03,1.207,FILLED
ORD-002109,2026-08-26 09:06:04.211,SOLUSDT,SELL,MARKET,139.84,2.435,FILLED
ORD-002110,2026-08-26 09:06:04.493,SOLUSDT,BUY,MARKET,140.03,2.193,FILLED
ORD-002111,2026-08-26 09:06:04.551,BTCUSDT,BUY,MARKET,59961.29,0.117,FILLED
ORD-002112,2026-08-26 09:06:04.619,SOLUSDT,SELL,MARKET,139.99,2.169,FILLED
ORD-002113,2026-08-26 09:06:04.824,ETHUSDT,SELL,MARKET,2997.89,1.818,FILLED
ORD-002114,2026-08-26 09:06:05.081,SOLUSDT,BUY,MARKET,139.93,0.243,FILLED
ORD-002115,2026-08-26 09:06:05.297,ETHUSDT,BUY,MARKET,3006.0,1.328,FILLED
ORD-002116,2026-08-26 09:06:05.541,ETHUSDT,SELL,MARKET,3000.5,2.133,FILLED
ORD-002117,2026-08-26 09:06:05.627,SOLUSDT,BUY,MARKET,140.07,1.676,FILLED
ORD-002118,2026-08-26 09:06:05.695,BTCUSDT,SELL,MARKET,60013.19,1.641,FILLED
ORD-002119,2026-08-26 09:06:05.921,ETHUSDT,SELL,MARKET,2998.91,0.922,FILLED
ORD-002120,2026-08-26 09:06:06.123,ETHUSDT,SELL,MARKET,2999.92,1.464,FILLED
ORD-002121,2026-08-26 09:06:06.267,BTCUSDT,BUY,MARKET,60109.34,0.63,FILLED
ORD-002122,2026-08-26 09:06:06.462,SOLUSDT,SELL,MARKET,139.85,1.818,FILLED
ORD-002123,2026-08-26 09:06:06.702,SOLUSDT,SELL,MARKET,139.82,0.808,FILLED
ORD-002124,2026-08-26 09:06:06.915,SOLUSDT,BUY,MARKET,139.86,1.022,FILLED
ORD-002125,2026-08-26 09:06:06.968,BTCUSDT,BUY,MARKET,60008.58,0.456,FILLED
ORD-002126,2026-08-26 09:06:07.121,ETHUSDT,SELL,MARKET,3001.85,2.491,FILLED
ORD-002127,2026-08-26 09:06:07.299,ETHUSDT,BUY,MARKET,3004.54,1.509,FILLED
ORD-002128,2026-08-26 09:06:07.571,ETHUSDT,SELL,MARKET,3001.27,1.656,FILLED
ORD-002129,2026-08-26 09:06:07.863,SOLUSDT,SELL,MARKET,140.04,0.134,FILLED
ORD-002130,2026-08-26 09:06:08.068,BTCUSDT,SELL,MARKET,60039.29,0.46,FILLED
ORD-002131,2026-08-26 09:06:08.351,SOLUSDT,BUY,MARKET,139.87,1.202,FILLED
ORD-002132,2026-08-26 09:06:08.535,SOLUSDT,BUY,MARKET,139.98,1.979,FILLED
ORD-002133,2026-08-26 09:06:08.828,BTCUSDT,BUY,MARKET,59943.45,1.603,FILLED
ORD-002134,2026-08-26 09:06:09.015,ETHUSDT,BUY,MARKET,2998.27,2.132,FILLED
ORD-002135,2026-08-26 09:06:09.269,BTCUSDT,BUY,MARKET,60037.0,0.687,FILLED
ORD-002136,2026-08-26 09:06:09.495,SOLUSDT,BUY,MARKET,139.98,0.688,FILLED
ORD-002137,2026-08-26 09:06:09.616,SOLUSDT,SELL,MARKET,139.95,0.738,FILLED
ORD-002138,2026-08-26 09:06:09.699,BTCUSDT,BUY,MARKET,60176.03,2.275,FILLED
ORD-002139,2026-08-26 09:06:09.897,SOLUSDT,SELL,MARKET,139.87,1.506,FILLED
ORD-002140,2026-08-26 09:06:10.069,ETHUSDT,SELL,MARKET,3000.79,1.996,REJECTED
ORD-002141,2026-08-26 09:06:10.264,BTCUSDT,SELL,MARKET,59995.75,0.616,FILLED
ORD-002142,2026-08-26 09:06:10.520,BTCUSDT,SELL,MARKET,60035.88,1.966,REJECTED
ORD-002143,2026-08-26 09:06:10.654,SOLUSDT,SELL,MARKET,140.05,0.75,FILLED
ORD-002144,2026-08-26 09:06:10.774,SOLUSDT,SELL,MARKET,140.28,2.181,REJECTED
ORD-002145,2026-08-26 09:06:11.052,SOLUSDT,SELL,MARKET,139.98,0.537,REJECTED
ORD-002146,2026-08-26 09:06:11.322,SOLUSDT,SELL,MARKET,140.26,1.715,REJECTED
ORD-002147,2026-08-26 09:06:11.426,ETHUSDT,SELL,MARKET,2994.82,1.969,FILLED
ORD-002148,2026-08-26 09:06:11.622,ETHUSDT,SELL,MARKET,2992.18,0.82,FILLED
ORD-002149,2026-08-26 09:06:11.841,SOLUSDT,BUY,MARKET,139.97,0.512,REJECTED
ORD-002150,2026-08-26 09:06:11.959,BTCUSDT,SELL,MARKET,59987.63,1.993,FILLED
ORD-002151,2026-08-26 09:06:12.046,BTCUSDT,SELL,MARKET,60024.61,0.829,FILLED
ORD-002152,2026-08-26 09:06:12.174,ETHUSDT,SELL,MARKET,3000.84,0.857,FILLED
ORD-002153,2026-08-26 09:06:12.238,ETHUSDT,SELL,MARKET,3003.23,2.356,FILLED
ORD-002154,2026-08-26 09:06:12.358,ETHUSDT,SELL,MARKET,2999.33,1.197,FILLED
ORD-002155,2026-08-26 09:06:12.503,BTCUSDT,BUY,MARKET,60072.2,0.808,FILLED
ORD-002156,2026-08-26 09:06:12.742,BTCUSDT,SELL,MARKET,59937.26,1.439,FILLED
ORD-002157,2026-08-26 09:06:12.811,BTCUSDT,BUY,MARKET,59859.87,0.758,FILLED
ORD-002158,2026-08-26 09:06:12.981,BTCUSDT,BUY,MARKET,59997.5,1.831,FILLED
ORD-002159,2026-08-26 09:06:13.102,BTCUSDT,SELL,MARKET,59996.02,1.269,FILLED
ORD-002160,2026-08-26 09:06:13.289,SOLUSDT,SELL,MARKET,139.9,0.922,FILLED
ORD-002161,2026-08-26 09:06:13.530,ETHUSDT,SELL,MARKET,2997.91,0.422,FILLED
ORD-002162,2026-08-26 09:06:13.803,BTCUSDT,SELL,MARKET,59888.14,2.078,FILLED
ORD-002163,2026-08-26 09:06:13.936,BTCUSDT,SELL,MARKET,59927.82,1.152,FILLED
ORD-002164,2026-08-26 09:06:14.021,SOLUSDT,SELL,MARKET,140.08,1.755,FILLED
ORD-002165,2026-08-26 09:06:14.262,BTCUSDT,SELL,MARKET,59920.35,1.954,FILLED
ORD-002166,2026-08-26 09:06:14.362,BTCUSDT,BUY,MARKET,59918.59,0.969,FILLED
ORD-002167,2026-08-26 09:06:14.442,SOLUSDT,SELL,MARKET,140.09,0.156,FILLED
ORD-002168,2026-08-26 09:06:14.704,SOLUSDT,SELL,MARKET,139.73,2.015,FILLED
ORD-002169,2026-08-26 09:06:14.865,SOLUSDT,BUY,MARKET,140.04,0.139,FILLED
ORD-002170,2026-08-26 09:06:15.077,BTCUSDT,SELL,MARKET,59939.6,1.48,FILLED
ORD-002171,2026-08-26 09:06:15.263,BTCUSDT,BUY,MARKET,59872.58,1.973,FILLED
ORD-002172,2026-08-26 09:06:15.361,BTCUSDT,BUY,MARKET,60070.95,1.66,FILLED
ORD-002173,2026-08-26 09:06:15.600,BTCUSDT,SELL,MARKET,59973.91,2.234,FILLED
ORD-002174,2026-08-26 09:06:15.785,BTCUSDT,SELL,MARKET,59984.48,0.916,FILLED
ORD-002175,2026-08-26 09:06:15.994,SOLUSDT,SELL,MARKET,139.9,0.805,FILLED
ORD-002176,2026-08-26 09:06:16.263,ETHUSDT,BUY,MARKET,2996.22,0.461,FILLED
ORD-002177,2026-08-26 09:06:16.523,BTCUSDT,SELL,MARKET,59896.94,0.581,FILLED
ORD-002178,2026-08-26 09:06:16.621,SOLUSDT,SELL,MARKET,140.0,1.484,FILLED
ORD-002179,2026-08-26 09:06:16.912,BTCUSDT,BUY,MARKET,60046.34,1.38,FILLED
ORD-002180,2026-08-26 09:06:17.042,BTCUSDT,BUY,MARKET,59922.54,0.886,FILLED
ORD-002181,2026-08-26 09:06:17.151,BTCUSDT,BUY,MARKET,59870.03,2.478,FILLED
ORD-002182,2026-08-26 09:06:17.232,BTCUSDT,SELL,MARKET,59910.57,2.367,FILLED
ORD-002183,2026-08-26 09:06:17.379,ETHUSDT,BUY,MARKET,3001.65,1.876,FILLED
ORD-002184,2026-08-26 09:06:17.580,BTCUSDT,SELL,MARKET,60055.34,1.95,FILLED
ORD-002185,2026-08-26 09:06:17.762,BTCUSDT,BUY,MARKET,60008.25,1.488,FILLED
ORD-002186,2026-08-26 09:06:17.966,BTCUSDT,BUY,MARKET,60131.5,1.274,FILLED
ORD-002187,2026-08-26 09:06:18.145,ETHUSDT,SELL,MARKET,2999.24,0.318,FILLED
ORD-002188,2026-08-26 09:06:18.196,ETHUSDT,SELL,MARKET,2999.15,1.197,FILLED
ORD-002189,2026-08-26 09:06:18.488,ETHUSDT,SELL,MARKET,3004.71,0.951,FILLED
ORD-002190,2026-08-26 09:06:18.717,ETHUSDT,BUY,MARKET,3000.6,0.822,FILLED
ORD-002191,2026-08-26 09:06:18.953,BTCUSDT,SELL,MARKET,59979.9,2.414,FILLED
ORD-002192,2026-08-26 09:06:19.005,SOLUSDT,SELL,MARKET,140.14,0.526,FILLED
ORD-002193,2026-08-26 09:06:19.207,BTCUSDT,BUY,MARKET,60044.75,0.194,FILLED
ORD-002194,2026-08-26 09:06:19.301,BTCUSDT,SELL,MARKET,60003.78,0.478,FILLED
ORD-002195,2026-08-26 09:06:19.576,BTCUSDT,BUY,MARKET,59900.85,0.536,FILLED
ORD-002196,2026-08-26 09:06:19.721,BTCUSDT,BUY,MARKET,60021.22,1.069,FILLED
ORD-002197,2026-08-26 09:06:19.891,ETHUSDT,SELL,MARKET,2996.8,0.168,FILLED
ORD-002198,2026-08-26 09:06:20.094,BTCUSDT,BUY,MARKET,59996.53,1.005,FILLED
ORD-002199,2026-08-26 09:06:20.167,SOLUSDT,BUY,MARKET,140.24,2.253,FILLED
ORD-002200,2026-08-26 09:06:20.436,ETHUSDT,BUY,MARKET,3004.37,2.46,FILLED
ORD-002201,2026-08-26 09:06:20.565,SOLUSDT,SELL,MARKET,139.81,1.628,FILLED
ORD-002202,2026-08-26 09:06:20.753,ETHUSDT,SELL,MARKET,2998.82,0.875,FILLED
ORD-002203,2026-08-26 09:06:20.853,ETHUSDT,BUY,MARKET,3001.78,2.145,FILLED
ORD-002204,2026-08-26 09:06:21.071,BTCUSDT,BUY,MARKET,59940.07,0.442,FILLED
ORD-002205,2026-08-26 09:06:21.184,BTCUSDT,BUY,MARKET,60014.2,1.576,FILLED
ORD-002206,2026-08-26 09:06:21.483,BTCUSDT,SELL,MARKET,60036.18,0.889,FILLED
ORD-002207,2026-08-26 09:06:21.702,ETHUSDT,SELL,MARKET,2999.33,1.113,FILLED
ORD-002208,2026-08-26 09:06:21.955,BTCUSDT,BUY,MARKET,60138.52,1.617,FILLED
ORD-002209,2026-08-26 09:06:22.065,BTCUSDT,BUY,MARKET,60008.09,2.105,FILLED
ORD-002210,2026-08-26 09:06:22.203,BTCUSDT,SELL,MARKET,60030.18,1.261,FILLED
ORD-002211,2026-08-26 09:06:22.392,BTCUSDT,SELL,MARKET,60014.28,1.591,FILLED
ORD-002212,2026-08-26 09:06:22.528,ETHUSDT,BUY,MARKET,2999.97,1.335,FILLED
ORD-002213,2026-08-26 09:06:22.718,ETHUSDT,BUY,MARKET,3001.64,1.27,FILLED
ORD-002214,2026-08-26 09:06:22.784,ETHUSDT,BUY,MARKET,3001.18,1.346,FILLED
ORD-002215,2026-08-26 09:06:22.892,ETHUSDT,SELL,MARKET,3000.42,0.403,FILLED
ORD-002216,2026-08-26 09:06:23.030,ETHUSDT,BUY,MARKET,3000.58,0.403,FILLED
ORD-002217,2026-08-26 09:06:23.301,ETHUSDT,SELL,MARKET,3004.47,0.299,FILLED
ORD-002218,2026-08-26 09:06:23.400,SOLUSDT,BUY,MARKET,140.08,2.497,FILLED
ORD-002219,2026-08-26 09:06:23.584,BTCUSDT,BUY,MARKET,59946.09,1.887,FILLED
ORD-002220,2026-08-26 09:06:23.770,SOLUSDT,BUY,MARKET,139.97,0.213,FILLED
ORD-002221,2026-08-26 09:06:23.860,ETHUSDT,BUY,MARKET,3001.7,0.5,FILLED
ORD-002222,2026-08-26 09:06:24.148,BTCUSDT,BUY,MARKET,59966.13,0.643,FILLED
ORD-002223,2026-08-26 09:06:24.249,SOLUSDT,BUY,MARKET,139.98,1.118,FILLED
ORD-002224,2026-08-26 09:06:24.529,ETHUSDT,BUY,MARKET,2994.58,0.812,FILLED
ORD-002225,2026-08-26 09:06:24.819,SOLUSDT,SELL,MARKET,139.98,0.427,FILLED
ORD-002226,2026-08-26 09:06:24.922,ETHUSDT,BUY,MARKET,2996.77,1.703,FILLED
ORD-002227,2026-08-26 09:06:25.182,SOLUSDT,BUY,MARKET,140.31,0.445,FILLED
ORD-002228,2026-08-26 09:06:25.383,BTCUSDT,BUY,MARKET,60060.31,1.106,FILLED
ORD-002229,2026-08-26 09:06:25.503,BTCUSDT,BUY,MARKET,60155.54,2.412,FILLED
ORD-002230,2026-08-26 09:06:25.591,BTCUSDT,SELL,MARKET,59987.35,2.366,FILLED
ORD-002231,2026-08-26 09:06:25.804,BTCUSDT,SELL,MARKET,59876.08,0.886,FILLED
ORD-002232,2026-08-26 09:06:25.913,BTCUSDT,SELL,MARKET,59950.57,1.536,FILLED
ORD-002233,2026-08-26 09:06:26.079,SOLUSDT,SELL,MARKET,139.79,1.883,FILLED
ORD-002234,2026-08-26 09:06:26.353,BTCUSDT,BUY,MARKET,59963.13,1.828,FILLED
ORD-002235,2026-08-26 09:06:26.522,ETHUSDT,BUY,MARKET,3002.76,0.371,FILLED
ORD-002236,2026-08-26 09:06:26.766,ETHUSDT,BUY,MARKET,2999.46,2.007,FILLED
ORD-002237,2026-08-26 09:06:27.061,ETHUSDT,BUY,MARKET,3000.63,1.856,FILLED
ORD-002238,2026-08-26 09:06:27.290,SOLUSDT,SELL,MARKET,139.68,1.287,FILLED
ORD-002239,2026-08-26 09:06:27.555,ETHUSDT,SELL,MARKET,3003.83,1.948,FILLED
ORD-002240,2026-08-26 09:06:27.775,SOLUSDT,SELL,MARKET,140.16,0.889,FILLED
ORD-002241,2026-08-26 09:06:27.887,ETHUSDT,SELL,MARKET,2999.92,2.034,FILLED
ORD-002242,2026-08-26 09:06:28.136,SOLUSDT,SELL,MARKET,140.21,0.738,FILLED
ORD-002243,2026-08-26 09:06:28.318,SOLUSDT,SELL,MARKET,140.0,1.002,FILLED
ORD-002244,2026-08-26 09:06:28.532,SOLUSDT,SELL,MARKET,139.86,2.112,FILLED
ORD-002245,2026-08-26 09:06:28.754,BTCUSDT,BUY,MARKET,59955.85,0.966,FILLED
ORD-002246,2026-08-26 09:06:28.969,SOLUSDT,SELL,MARKET,139.94,0.196,FILLED
ORD-002247,2026-08-26 09:06:29.227,ETHUSDT,SELL,MARKET,3000.25,2.356,FILLED
ORD-002248,2026-08-26 09:06:29.283,SOLUSDT,SELL,MARKET,139.84,1.461,FILLED
ORD-002249,2026-08-26 09:06:29.519,SOLUSDT,SELL,MARKET,139.8,2.025,FILLED
ORD-002250,2026-08-26 09:06:29.816,ETHUSDT,SELL,MARKET,2999.87,0.946,FILLED
ORD-002251,2026-08-26 09:06:30.028,BTCUSDT,SELL,MARKET,60067.27,1.2,FILLED
ORD-002252,2026-08-26 09:06:30.160,ETHUSDT,BUY,MARKET,2996.41,1.413,FILLED
ORD-002253,2026-08-26 09:06:30.337,SOLUSDT,SELL,MARKET,140.03,0.513,FILLED
ORD-002254,2026-08-26 09:06:30.634,BTCUSDT,SELL,MARKET,60017.91,2.032,FILLED
ORD-002255,2026-08-26 09:06:30.847,BTCUSDT,SELL,MARKET,59984.24,1.833,FILLED
ORD-002256,2026-08-26 09:06:30.948,ETHUSDT,SELL,MARKET,3004.64,1.916,FILLED
ORD-002257,2026-08-26 09:06:31.191,ETHUSDT,SELL,MARKET,3000.4,2.25,FILLED
ORD-002258,2026-08-26 09:06:31.473,BTCUSDT,BUY,MARKET,60043.47,1.496,FILLED
ORD-002259,2026-08-26 09:06:31.701,SOLUSDT,SELL,MARKET,139.83,1.055,FILLED
ORD-002260,2026-08-26 09:06:31.788,BTCUSDT,BUY,MARKET,59985.31,1.692,FILLED
ORD-002261,2026-08-26 09:06:32.046,SOLUSDT,SELL,MARKET,139.73,0.349,FILLED
ORD-002262,2026-08-26 09:06:32.166,ETHUSDT,BUY,MARKET,2997.69,0.69,REJECTED
ORD-002263,2026-08-26 09:06:32.423,BTCUSDT,SELL,MARKET,60057.82,2.2,FILLED
ORD-002264,2026-08-26 09:06:32.579,BTCUSDT,BUY,MARKET,59960.29,1.569,FILLED
ORD-002265,2026-08-26 09:06:32.879,SOLUSDT,BUY,MARKET,140.06,1.605,FILLED
ORD-002266,2026-08-26 09:06:33.159,ETHUSDT,SELL,MARKET,2997.16,0.733,FILLED
ORD-002267,2026-08-26 09:06:33.388,BTCUSDT,SELL,MARKET,60046.98,0.872,FILLED
ORD-002268,2026-08-26 09:06:33.464,BTCUSDT,BUY,MARKET,60033.74,1.8,FILLED
ORD-002269,2026-08-26 09:06:33.633,SOLUSDT,BUY,MARKET,139.84,1.43,FILLED
ORD-002270,2026-08-26 09:06:33.688,ETHUSDT,BUY,MARKET,3003.15,0.255,FILLED
ORD-002271,2026-08-26 09:06:33.960,SOLUSDT,SELL,MARKET,140.17,0.934,FILLED
ORD-002272,2026-08-26 09:06:34.080,SOLUSDT,BUY,MARKET,139.97,2.391,FILLED
ORD-002273,2026-08-26 09:06:34.255,SOLUSDT,SELL,MARKET,139.99,1.813,FILLED
ORD-002274,2026-08-26 09:06:34.442,ETHUSDT,BUY,MARKET,2996.58,1.185,FILLED
ORD-002275,2026-08-26 09:06:34.734,SOLUSDT,SELL,MARKET,139.91,2.202,FILLED
ORD-002276,2026-08-26 09:06:35.004,ETHUSDT,BUY,MARKET,3003.78,1.508,FILLED
ORD-002277,2026-08-26 09:06:35.304,BTCUSDT,BUY,MARKET,60047.0,0.387,FILLED
ORD-002278,2026-08-26 09:06:35.417,BTCUSDT,BUY,MARKET,60138.56,1.858,FILLED
ORD-002279,2026-08-26 09:06:35.653,SOLUSDT,BUY,MARKET,139.89,2.329,FILLED
ORD-002280,2026-08-26 09:06:35.945,BTCUSDT,SELL,MARKET,59957.06,1.478,FILLED
ORD-002281,2026-08-26 09:06:36.211,SOLUSDT,SELL,MARKET,140.05,1.239,FILLED
ORD-002282,2026-08-26 09:06:36.486,ETHUSDT,BUY,MARKET,2999.17,1.797,FILLED
ORD-002283,2026-08-26 09:06:36.625,ETHUSDT,SELL,MARKET,3002.31,0.581,FILLED
ORD-002284,2026-08-26 09:06:36.680,SOLUSDT,BUY,MARKET,139.76,1.357,FILLED
ORD-002285,2026-08-26 09:06:36.773,SOLUSDT,BUY,MARKET,139.99,0.996,FILLED
ORD-002286,2026-08-26 09:06:37.054,BTCUSDT,BUY,MARKET,59890.65,0.166,FILLED
ORD-002287,2026-08-26 09:06:37.262,SOLUSDT,SELL,MARKET,139.81,0.552,FILLED
ORD-002288,2026-08-26 09:06:37.486,ETHUSDT,BUY,MARKET,2997.48,0.333,FILLED
ORD-002289,2026-08-26 09:06:37.761,BTCUSDT,SELL,MARKET,59975.67,1.795,FILLED
ORD-002290,2026-08-26 09:06:38.050,BTCUSDT,BUY,MARKET,59999.9,1.593,FILLED
ORD-002291,2026-08-26 09:06:38.189,SOLUSDT,BUY,MARKET,140.17,0.799,FILLED
ORD-002292,2026-08-26 09:06:38.288,SOLUSDT,BUY,MARKET,140.01,0.339,FILLED
ORD-002293,2026-08-26 09:06:38.575,SOLUSDT,BUY,MARKET,139.86,2.351,FILLED
ORD-002294,2026-08-26 09:06:38.641,SOLUSDT,SELL,MARKET,139.73,1.705,FILLED
ORD-002295,2026-08-26 09:06:38.739,ETHUSDT,BUY,MARKET,2998.87,2.062,FILLED
ORD-002296,2026-08-26 09:06:38.996,ETHUSDT,BUY,MARKET,3003.37,2.311,FILLED
ORD-002297,2026-08-26 09:06:39.279,SOLUSDT,BUY,MARKET,139.86,1.672,FILLED
ORD-002298,2026-08-26 09:06:39.363,SOLUSDT,SELL,MARKET,140.13,0.778,FILLED
ORD-002299,2026-08-26 09:06:39.509,ETHUSDT,BUY,MARKET,3005.05,1.07,FILLED
ORD-002300,2026-08-26 09:06:39.715,BTCUSDT,SELL,MARKET,59882.32,1.447,FILLED
ORD-002301,2026-08-26 09:06:39.940,ETHUSDT,SELL,MARKET,2995.79,0.789,FILLED
ORD-002302,2026-08-26 09:06:40.068,SOLUSDT,BUY,MARKET,139.97,2.372,FILLED
ORD-002303,2026-08-26 09:06:40.130,SOLUSDT,BUY,MARKET,140.2,1.382,FILLED
ORD-002304,2026-08-26 09:06:40.391,ETHUSDT,SELL,MARKET,3002.07,0.226,FILLED
ORD-002305,2026-08-26 09:06:40.535,SOLUSDT,SELL,MARKET,139.94,0.528,FILLED
ORD-002306,2026-08-26 09:06:40.813,SOLUSDT,BUY,MARKET,139.89,2.38,FILLED
ORD-002307,2026-08-26 09:06:41.026,BTCUSDT,SELL,MARKET,59972.19,0.596,FILLED
ORD-002308,2026-08-26 09:06:41.105,SOLUSDT,BUY,MARKET,140.01,2.261,FILLED
ORD-002309,2026-08-26 09:06:41.239,ETHUSDT,BUY,MARKET,3000.46,2.297,FILLED
ORD-002310,2026-08-26 09:06:41.300,BTCUSDT,SELL,MARKET,59926.88,2.111,FILLED
ORD-002311,2026-08-26 09:06:41.586,BTCUSDT,BUY,MARKET,59949.64,0.72,FILLED
ORD-002312,2026-08-26 09:06:41.705,ETHUSDT,SELL,MARKET,3001.39,1.868,FILLED
ORD-002313,2026-08-26 09:06:41.985,ETHUSDT,BUY,MARKET,3001.79,0.767,FILLED
ORD-002314,2026-08-26 09:06:42.045,BTCUSDT,SELL,MARKET,60078.37,1.762,FILLED
ORD-002315,2026-08-26 09:06:42.124,SOLUSDT,SELL,MARKET,139.94,0.269,FILLED
ORD-002316,2026-08-26 09:06:42.257,BTCUSDT,BUY,MARKET,60071.6,0.54,FILLED
ORD-002317,2026-08-26 09:06:42.379,BTCUSDT,SELL,MARKET,59913.3,1.768,FILLED
ORD-002318,2026-08-26 09:06:42.459,SOLUSDT,SELL,MARKET,139.84,0.36,FILLED
ORD-002319,2026-08-26 09:06:42.541,ETHUSDT,BUY,MARKET,3002.62,1.295,FILLED
ORD-002320,2026-08-26 09:06:42.804,SOLUSDT,BUY,MARKET,139.92,0.649,FILLED
ORD-002321,2026-08-26 09:06:42.965,ETHUSDT,BUY,MARKET,3003.21,0.262,FILLED
ORD-002322,2026-08-26 09:06:43.025,SOLUSDT,SELL,MARKET,140.03,1.533,FILLED
ORD-002323,2026-08-26 09:06:43.078,SOLUSDT,BUY,MARKET,140.11,0.205,FILLED
ORD-002324,2026-08-26 09:06:43.246,BTCUSDT,SELL,MARKET,59947.96,0.521,FILLED
ORD-002325,2026-08-26 09:06:43.312,BTCUSDT,BUY,MARKET,59994.99,0.8,FILLED
ORD-002326,2026-08-26 09:06:43.368,BTCUSDT,BUY,MARKET,60031.27,1.831,FILLED
ORD-002327,2026-08-26 09:06:43.459,ETHUSDT,BUY,MARKET,3000.47,0.791,FILLED
ORD-002328,2026-08-26 09:06:43.645,BTCUSDT,SELL,MARKET,60048.03,1.084,FILLED
ORD-002329,2026-08-26 09:06:43.925,BTCUSDT,BUY,MARKET,59969.03,0.192,FILLED
ORD-002330,2026-08-26 09:06:44.074,BTCUSDT,BUY,MARKET,59918.62,0.24,FILLED
ORD-002331,2026-08-26 09:06:44.263,SOLUSDT,BUY,MARKET,140.22,0.184,FILLED
ORD-002332,2026-08-26 09:06:44.478,BTCUSDT,BUY,MARKET,60065.27,2.349,FILLED
ORD-002333,2026-08-26 09:06:44.588,ETHUSDT,SELL,MARKET,2996.3,2.285,FILLED
ORD-002334,2026-08-26 09:06:44.754,SOLUSDT,SELL,MARKET,139.89,2.471,FILLED
ORD-002335,2026-08-26 09:06:44.877,ETHUSDT,BUY,MARKET,3003.68,0.637,FILLED
ORD-002336,2026-08-26 09:06:44.968,SOLUSDT,BUY,MARKET,140.12,0.717,FILLED
ORD-002337,2026-08-26 09:06:45.123,ETHUSDT,BUY,MARKET,3002.87,0.202,FILLED
ORD-002338,2026-08-26 09:06:45.226,SOLUSDT,BUY,MARKET,139.9,1.604,FILLED
ORD-002339,2026-08-26 09:06:45.519,ETHUSDT,SELL,MARKET,3001.85,1.186,FILLED
ORD-002340,2026-08-26 09:06:45.754,ETHUSDT,SELL,MARKET,3006.31,1.057,FILLED
ORD-002341,2026-08-26 09:06:46.046,SOLUSDT,BUY,MARKET,140.01,1.464,FILLED
ORD-002342,2026-08-26 09:06:46.200,SOLUSDT,SELL,MARKET,139.92,1.934,FILLED
ORD-002343,2026-08-26 09:06:46.416,ETHUSDT,SELL,MARKET,3001.56,0.361,FILLED
ORD-002344,2026-08-26 09:06:46.571,ETHUSDT,SELL,MARKET,3003.07,2.188,FILLED
ORD-002345,2026-08-26 09:06:46.719,BTCUSDT,BUY,MARKET,59988.69,0.476,FILLED
ORD-002346,2026-08-26 09:06:46.867,SOLUSDT,SELL,MARKET,139.92,1.766,FILLED
ORD-002347,2026-08-26 09:06:46.956,SOLUSDT,BUY,MARKET,140.0,1.452,FILLED
ORD-002348,2026-08-26 09:06:47.087,SOLUSDT,SELL,MARKET,140.24,0.462,FILLED
ORD-002349,2026-08-26 09:06:47.217,ETHUSDT,BUY,MARKET,2999.8,2.335,FILLED
ORD-002350,2026-08-26 09:06:47.269,SOLUSDT,BUY,MARKET,140.1,0.306,FILLED
ORD-002351,2026-08-26 09:06:47.370,BTCUSDT,SELL,MARKET,59950.74,2.264,FILLED
ORD-002352,2026-08-26 09:06:47.579,SOLUSDT,BUY,MARKET,140.13,0.258,FILLED
ORD-002353,2026-08-26 09:06:47.654,ETHUSDT,SELL,MARKET,2998.99,0.795,FILLED
ORD-002354,2026-08-26 09:06:47.840,SOLUSDT,BUY,MARKET,140.28,1.096,FILLED
ORD-002355,2026-08-26 09:06:47.961,SOLUSDT,SELL,MARKET,140.15,1.227,FILLED
ORD-002356,2026-08-26 09:06:48.124,SOLUSDT,BUY,MARKET,139.81,0.452,FILLED
ORD-002357,2026-08-26 09:06:48.217,BTCUSDT,BUY,MARKET,59867.9,1.01,FILLED
ORD-002358,2026-08-26 09:06:48.495,BTCUSDT,SELL,MARKET,59966.39,0.536,FILLED
ORD-002359,2026-08-26 09:06:48.566,BTCUSDT,SELL,MARKET,60070.46,2.225,FILLED
ORD-002360,2026-08-26 09:06:48.850,ETHUSDT,BUY,MARKET,2996.14,1.726,FILLED
ORD-002361,2026-08-26 09:06:49.146,BTCUSDT,BUY,MARKET,60010.34,1.705,FILLED
ORD-002362,2026-08-26 09:06:49.286,SOLUSDT,SELL,MARKET,139.8,1.988,FILLED
ORD-002363,2026-08-26 09:06:49.379,SOLUSDT,SELL,MARKET,139.97,1.103,FILLED
ORD-002364,2026-08-26 09:06:49.663,ETHUSDT,SELL,MARKET,3001.02,1.349,FILLED
ORD-002365,2026-08-26 09:06:49.892,BTCUSDT,SELL,MARKET,60039.3,1.659,FILLED
ORD-002366,2026-08-26 09:06:50.133,ETHUSDT,SELL,MARKET,3004.88,0.197,FILLED
ORD-002367,2026-08-26 09:06:50.406,SOLUSDT,SELL,MARKET,140.1,0.175,FILLED
ORD-002368,2026-08-26 09:06:50.687,SOLUSDT,BUY,MARKET,140.05,1.014,FILLED
ORD-002369,2026-08-26 09:06:50.833,ETHUSDT,SELL,MARKET,2997.26,0.749,FILLED
ORD-002370,2026-08-26 09:06:50.987,ETHUSDT,SELL,MARKET,2997.58,1.982,FILLED
ORD-002371,2026-08-26 09:06:51.086,SOLUSDT,SELL,MARKET,140.03,0.728,FILLED
ORD-002372,2026-08-26 09:06:51.157,ETHUSDT,SELL,MARKET,2997.78,2.305,FILLED
ORD-002373,2026-08-26 09:06:51.239,SOLUSDT,SELL,MARKET,140.04,0.155,FILLED
ORD-002374,2026-08-26 09:06:51.494,BTCUSDT,BUY,MARKET,60087.45,0.47,FILLED
ORD-002375,2026-08-26 09:06:51.750,BTCUSDT,BUY,MARKET,59992.26,0.132,FILLED
ORD-002376,2026-08-26 09:06:51.917,ETHUSDT,BUY,MARKET,2995.35,2.191,FILLED
ORD-002377,2026-08-26 09:06:52.147,SOLUSDT,SELL,MARKET,140.06,0.393,FILLED
ORD-002378,2026-08-26 09:06:52.380,BTCUSDT,BUY,MARKET,59905.89,0.545,FILLED
ORD-002379,2026-08-26 09:06:52.613,BTCUSDT,BUY,MARKET,59848.89,0.605,FILLED
ORD-002380,2026-08-26 09:06:52.817,BTCUSDT,SELL,MARKET,59985.01,0.574,FILLED
ORD-002381,2026-08-26 09:06:52.996,SOLUSDT,BUY,MARKET,139.82,2.166,FILLED
ORD-002382,2026-08-26 09:06:53.225,BTCUSDT,BUY,MARKET,59989.13,1.401,FILLED
ORD-002383,2026-08-26 09:06:53.489,BTCUSDT,BUY,MARKET,59892.01,0.647,FILLED
ORD-002384,2026-08-26 09:06:53.727,SOLUSDT,SELL,MARKET,139.97,1.124,FILLED
ORD-002385,2026-08-26 09:06:53.793,BTCUSDT,BUY,MARKET,60053.05,1.91,REJECTED
ORD-002386,2026-08-26 09:06:54.073,ETHUSDT,SELL,MARKET,2997.01,1.132,FILLED
ORD-002387,2026-08-26 09:06:54.215,SOLUSDT,SELL,MARKET,139.88,1.512,FILLED
ORD-002388,2026-08-26 09:06:54.359,SOLUSDT,BUY,MARKET,139.95,0.959,FILLED
ORD-002389,2026-08-26 09:06:54.419,ETHUSDT,SELL,MARKET,2992.94,0.557,FILLED
ORD-002390,2026-08-26 09:06:54.572,SOLUSDT,SELL,MARKET,140.04,2.011,FILLED
ORD-002391,2026-08-26 09:06:54.729,ETHUSDT,SELL,MARKET,2996.4,1.901,FILLED
ORD-002392,2026-08-26 09:06:54.817,BTCUSDT,BUY,MARKET,60074.46,2.189,FILLED
ORD-002393,2026-08-26 09:06:54.911,ETHUSDT,SELL,MARKET,2997.61,1.688,FILLED
ORD-002394,2026-08-26 09:06:55.030,BTCUSDT,BUY,MARKET,60045.43,1.233,FILLED
ORD-002395,2026-08-26 09:06:55.324,ETHUSDT,BUY,MARKET,2996.68,0.828,FILLED
ORD-002396,2026-08-26 09:06:55.484,SOLUSDT,SELL,MARKET,139.97,1.837,FILLED
ORD-002397,2026-08-26 09:06:55.561,ETHUSDT,BUY,MARKET,3001.89,0.948,FILLED
ORD-002398,2026-08-26 09:06:55.743,BTCUSDT,SELL,MARKET,59869.74,0.44,FILLED
ORD-002399,2026-08-26 09:06:55.833,ETHUSDT,BUY,MARKET,2994.81,0.839,FILLED
ORD-002400,2026-08-26 09:06:55.916,ETHUSDT,SELL,MARKET,3001.54,0.392,FILLED
ORD-002401,2026-08-26 09:06:55.998,SOLUSDT,SELL,MARKET,140.09,1.752,FILLED
ORD-002402,2026-08-26 09:06:56.101,ETHUSDT,SELL,MARKET,3000.41,1.101,FILLED
ORD-002403,2026-08-26 09:06:56.381,ETHUSDT,BUY,MARKET,2999.62,1.621,FILLED
ORD-002404,2026-08-26 09:06:56.480,ETHUSDT,SELL,MARKET,2997.14,0.895,FILLED
ORD-002405,2026-08-26 09:06:56.711,BTCUSDT,SELL,MARKET,60051.47,2.287,FILLED
ORD-002406,2026-08-26 09:06:56.988,SOLUSDT,BUY,MARKET,140.08,1.452,FILLED
ORD-002407,2026-08-26 09:06:57.197,BTCUSDT,SELL,MARKET,59990.01,1.9,FILLED
ORD-002408,2026-08-26 09:06:57.489,ETHUSDT,BUY,MARKET,2996.99,2.261,FILLED
ORD-002409,2026-08-26 09:06:57.736,SOLUSDT,SELL,MARKET,140.14,0.564,FILLED
ORD-002410,2026-08-26 09:06:57.843,ETHUSDT,BUY,MARKET,3000.45,1.237,FILLED
ORD-002411,2026-08-26 09:06:57.930,SOLUSDT,BUY,MARKET,139.84,1.258,FILLED
ORD-002412,2026-08-26 09:06:58.031,ETHUSDT,SELL,MARKET,2996.58,2.22,FILLED
ORD-002413,2026-08-26 09:06:58.268,SOLUSDT,BUY,MARKET,140.03,0.389,FILLED
ORD-002414,2026-08-26 09:06:58.414,BTCUSDT,BUY,MARKET,60010.1,0.696,FILLED
ORD-002415,2026-08-26 09:06:58.471,ETHUSDT,BUY,MARKET,2999.26,0.811,FILLED
ORD-002416,2026-08-26 09:06:58.558,SOLUSDT,SELL,MARKET,140.12,2.284,FILLED
ORD-002417,2026-08-26 09:06:58.635,ETHUSDT,SELL,MARKET,2998.68,1.92,FILLED
ORD-002418,2026-08-26 09:06:58.726,ETHUSDT,SELL,MARKET,3001.2,1.188,FILLED
ORD-002419,2026-08-26 09:06:58.859,SOLUSDT,BUY,MARKET,140.09,0.226,FILLED
ORD-002420,2026-08-26 09:06:59.049,SOLUSDT,SELL,MARKET,139.96,1.829,FILLED
ORD-002421,2026-08-26 09:06:59.313,BTCUSDT,SELL,MARKET,59952.86,0.884,FILLED
ORD-002422,2026-08-26 09:06:59.493,BTCUSDT,SELL,MARKET,59962.26,0.195,FILLED
ORD-002423,2026-08-26 09:06:59.569,BTCUSDT,BUY,MARKET,60022.8,0.436,FILLED
ORD-002424,2026-08-26 09:06:59.867,SOLUSDT,BUY,MARKET,139.79,1.911,FILLED
ORD-002425,2026-08-26 09:07:00.019,ETHUSDT,SELL,MARKET,3000.87,0.267,FILLED
ORD-002426,2026-08-26 09:07:00.108,SOLUSDT,BUY,MARKET,139.86,1.05,FILLED
ORD-002427,2026-08-26 09:07:00.391,SOLUSDT,BUY,MARKET,139.97,0.377,FILLED
ORD-002428,2026-08-26 09:07:00.454,ETHUSDT,BUY,MARKET,2999.88,1.438,FILLED
ORD-002429,2026-08-26 09:07:00.747,SOLUSDT,BUY,MARKET,139.99,1.92,FILLED
ORD-002430,2026-08-26 09:07:00.968,BTCUSDT,BUY,MARKET,60079.09,1.914,FILLED
ORD-002431,2026-08-26 09:07:01.200,ETHUSDT,BUY,MARKET,2999.72,0.156,FILLED
ORD-002432,2026-08-26 09:07:01.303,SOLUSDT,SELL,MARKET,139.57,1.515,FILLED
ORD-002433,2026-08-26 09:07:01.447,BTCUSDT,SELL,MARKET,60007.1,1.496,FILLED
ORD-002434,2026-08-26 09:07:01.657,SOLUSDT,BUY,MARKET,140.08,0.118,FILLED
ORD-002435,2026-08-26 09:07:01.920,SOLUSDT,SELL,MARKET,140.29,1.032,FILLED
ORD-002436,2026-08-26 09:07:02.000,BTCUSDT,SELL,MARKET,59911.12,0.725,FILLED
ORD-002437,2026-08-26 09:07:02.221,SOLUSDT,SELL,MARKET,140.03,2.423,FILLED
ORD-002438,2026-08-26 09:07:02.298,SOLUSDT,SELL,MARKET,140.04,1.03,FILLED
ORD-002439,2026-08-26 09:07:02.561,SOLUSDT,BUY,MARKET,139.97,1.893,FILLED
ORD-002440,2026-08-26 09:07:02.624,SOLUSDT,BUY,MARKET,139.97,0.966,FILLED
ORD-002441,2026-08-26 09:07:02.804,SOLUSDT,BUY,MARKET,139.89,0.706,FILLED
ORD-002442,2026-08-26 09:07:02.906,BTCUSDT,SELL,MARKET,59871.96,2.165,FILLED
ORD-002443,2026-08-26 09:07:03.148,ETHUSDT,SELL,MARKET,2994.18,1.038,FILLED
ORD-002444,2026-08-26 09:07:03.368,BTCUSDT,SELL,MARKET,60018.09,2.008,FILLED
ORD-002445,2026-08-26 09:07:03.576,BTCUSDT,BUY,MARKET,59928.62,2.146,FILLED
ORD-002446,2026-08-26 09:07:03.723,BTCUSDT,BUY,MARKET,59979.14,0.828,FILLED
ORD-002447,2026-08-26 09:07:04.021,SOLUSDT,BUY,MARKET,139.9,1.65,FILLED
ORD-002448,2026-08-26 09:07:04.268,ETHUSDT,SELL,MARKET,3002.45,0.154,FILLED
ORD-002449,2026-08-26 09:07:04.545,BTCUSDT,BUY,MARKET,59932.42,2.332,FILLED
ORD-002450,2026-08-26 09:07:04.602,BTCUSDT,BUY,MARKET,60005.92,1.736,FILLED
ORD-002451,2026-08-26 09:07:04.874,ETHUSDT,BUY,MARKET,3003.57,0.664,FILLED
ORD-002452,2026-08-26 09:07:05.111,SOLUSDT,SELL,MARKET,140.0,1.251,FILLED
ORD-002453,2026-08-26 09:07:05.170,SOLUSDT,BUY,MARKET,140.06,1.006,FILLED
ORD-002454,2026-08-26 09:07:05.367,ETHUSDT,SELL,MARKET,2996.43,2.435,FILLED
ORD-002455,2026-08-26 09:07:05.601,BTCUSDT,BUY,MARKET,60028.41,1.804,FILLED
ORD-002456,2026-08-26 09:07:05.874,ETHUSDT,BUY,MARKET,3001.0,0.753,FILLED
ORD-002457,2026-08-26 09:07:05.935,BTCUSDT,BUY,MARKET,59982.4,2.49,FILLED
ORD-002458,2026-08-26 09:07:06.168,SOLUSDT,SELL,MARKET,139.95,2.001,FILLED
ORD-002459,2026-08-26 09:07:06.428,SOLUSDT,BUY,MARKET,139.95,0.982,FILLED
ORD-002460,2026-08-26 09:07:06.616,ETHUSDT,BUY,MARKET,2995.56,1.843,FILLED
ORD-002461,2026-08-26 09:07:06.768,BTCUSDT,SELL,MARKET,59935.31,0.518,FILLED
ORD-002462,2026-08-26 09:07:06.990,ETHUSDT,SELL,MARKET,3001.57,0.454,FILLED
ORD-002463,2026-08-26 09:07:07.266,ETHUSDT,SELL,MARKET,3000.47,1.545,FILLED
ORD-002464,2026-08-26 09:07:07.454,BTCUSDT,SELL,MARKET,60014.8,1.182,FILLED
ORD-002465,2026-08-26 09:07:07.664,SOLUSDT,BUY,MARKET,139.83,2.304,FILLED
ORD-002466,2026-08-26 09:07:07.918,BTCUSDT,SELL,MARKET,60007.88,0.483,FILLED
ORD-002467,2026-08-26 09:07:08.069,SOLUSDT,BUY,MARKET,140.13,2.079,FILLED
ORD-002468,2026-08-26 09:07:08.252,BTCUSDT,SELL,MARKET,59969.63,1.406,FILLED
ORD-002469,2026-08-26 09:07:08.491,BTCUSDT,BUY,MARKET,59962.8,2.361,FILLED
ORD-002470,2026-08-26 09:07:08.636,BTCUSDT,SELL,MARKET,60000.39,2.108,FILLED
ORD-002471,2026-08-26 09:07:08.775,SOLUSDT,SELL,MARKET,140.02,0.626,FILLED
ORD-002472,2026-08-26 09:07:08.989,SOLUSDT,SELL,MARKET,140.01,0.642,FILLED
ORD-002473,2026-08-26 09:07:09.039,ETHUSDT,BUY,MARKET,3003.11,0.552,FILLED
ORD-002474,2026-08-26 09:07:09.167,SOLUSDT,BUY,MARKET,139.79,1.768,FILLED
ORD-002475,2026-08-26 09:07:09.460,BTCUSDT,SELL,MARKET,59975.08,1.632,FILLED
ORD-002476,2026-08-26 09:07:09.721,BTCUSDT,BUY,MARKET,59930.97,0.597,FILLED
ORD-002477,2026-08-26 09:07:10.012,SOLUSDT,BUY,MARKET,139.76,0.385,FILLED
ORD-002478,2026-08-26 09:07:10.157,ETHUSDT,SELL,MARKET,3002.02,0.924,FILLED
ORD-002479,2026-08-26 09:07:10.364,BTCUSDT,SELL,MARKET,60025.24,1.248,FILLED
ORD-002480,2026-08-26 09:07:10.503,SOLUSDT,BUY,MARKET,139.85,1.3,FILLED
ORD-002481,2026-08-26 09:07:10.690,BTCUSDT,SELL,MARKET,60065.46,1.021,FILLED
ORD-002482,2026-08-26 09:07:10.988,BTCUSDT,SELL,MARKET,59924.43,0.943,FILLED
ORD-002483,2026-08-26 09:07:11.232,SOLUSDT,SELL,MARKET,139.93,2.411,FILLED
ORD-002484,2026-08-26 09:07:11.494,BTCUSDT,SELL,MARKET,60035.08,0.689,FILLED
ORD-002485,2026-08-26 09:07:11.664,SOLUSDT,BUY,MARKET,140.21,0.679,FILLED
ORD-002486,2026-08-26 09:07:11.769,BTCUSDT,SELL,MARKET,59944.17,2.151,FILLED
ORD-002487,2026-08-26 09:07:11.991,SOLUSDT,SELL,MARKET,140.14,1.524,FILLED
ORD-002488,2026-08-26 09:07:12.185,BTCUSDT,SELL,MARKET,60056.04,0.759,FILLED
ORD-002489,2026-08-26 09:07:12.279,ETHUSDT,BUY,MARKET,3001.3,1.34,FILLED
ORD-002490,2026-08-26 09:07:12.438,ETHUSDT,SELL,MARKET,2995.55,1.543,FILLED
ORD-002491,2026-08-26 09:07:12.551,BTCUSDT,BUY,MARKET,59943.3,1.257,FILLED
ORD-002492,2026-08-26 09:07:12.798,BTCUSDT,SELL,MARKET,59965.8,2.273,FILLED
ORD-002493,2026-08-26 09:07:12.997,ETHUSDT,BUY,MARKET,3002.14,2.177,FILLED
ORD-002494,2026-08-26 09:07:13.076,ETHUSDT,BUY,MARKET,3001.17,2.375,FILLED
ORD-002495,2026-08-26 09:07:13.270,BTCUSDT,BUY,MARKET,60182.14,2.372,FILLED
ORD-002496,2026-08-26 09:07:13.501,BTCUSDT,SELL,MARKET,59986.85,1.132,FILLED
ORD-002497,2026-08-26 09:07:13.622,SOLUSDT,SELL,MARKET,139.77,1.237,FILLED
ORD-002498,2026-08-26 09:07:13.842,ETHUSDT,SELL,MARKET,3001.68,2.207,FILLED
ORD-002499,2026-08-26 09:07:14.116,ETHUSDT,SELL,MARKET,2996.84,2.276,FILLED
ORD-002500,2026-08-26 09:07:14.305,BTCUSDT,BUY,MARKET,60000.49,0.572,FILLED
ORD-002501,2026-08-26 09:07:14.365,ETHUSDT,SELL,MARKET,2999.17,1.497,REJECTED
ORD-002502,2026-08-26 09:07:14.616,BTCUSDT,BUY,MARKET,59994.17,0.127,REJECTED
ORD-002503,2026-08-26 09:07:14.747,BTCUSDT,BUY,MARKET,59915.62,0.828,FILLED
ORD-002504,2026-08-26 09:07:14.896,BTCUSDT,SELL,MARKET,59998.78,1.249,REJECTED
ORD-002505,2026-08-26 09:07:15.077,SOLUSDT,BUY,MARKET,140.23,2.167,REJECTED
ORD-002506,2026-08-26 09:07:15.194,BTCUSDT,BUY,MARKET,60005.86,0.968,REJECTED
ORD-002507,2026-08-26 09:07:15.429,ETHUSDT,BUY,MARKET,3000.27,1.047,REJECTED
ORD-002508,2026-08-26 09:07:15.722,ETHUSDT,SELL,MARKET,3004.83,2.278,FILLED
ORD-002509,2026-08-26 09:07:15.969,SOLUSDT,SELL,MARKET,140.34,1.538,FILLED
ORD-002510,2026-08-26 09:07:16.216,BTCUSDT,SELL,MARKET,59936.91,1.791,FILLED
ORD-002511,2026-08-26 09:07:16.472,SOLUSDT,BUY,MARKET,140.26,1.215,FILLED
ORD-002512,2026-08-26 09:07:16.740,ETHUSDT,SELL,MARKET,2996.13,2.306,FILLED
ORD-002513,2026-08-26 09:07:16.967,ETHUSDT,SELL,MARKET,3002.17,1.752,FILLED
ORD-002514,2026-08-26 09:07:17.104,SOLUSDT,BUY,MARKET,140.15,1.275,FILLED
ORD-002515,2026-08-26 09:07:17.227,SOLUSDT,BUY,MARKET,140.01,0.751,FILLED
ORD-002516,2026-08-26 09:07:17.421,SOLUSDT,BUY,MARKET,140.11,2.277,FILLED
ORD-002517,2026-08-26 09:07:17.644,BTCUSDT,SELL,MARKET,59926.08,0.904,FILLED
ORD-002518,2026-08-26 09:07:17.890,ETHUSDT,SELL,MARKET,2997.61,1.682,FILLED
ORD-002519,2026-08-26 09:07:18.115,SOLUSDT,BUY,MARKET,140.21,0.556,FILLED
ORD-002520,2026-08-26 09:07:18.195,ETHUSDT,SELL,MARKET,3000.82,1.348,FILLED
ORD-002521,2026-08-26 09:07:18.457,SOLUSDT,SELL,MARKET,139.86,1.996,FILLED
ORD-002522,2026-08-26 09:07:18.607,ETHUSDT,BUY,MARKET,2995.02,1.0,FILLED
ORD-002523,2026-08-26 09:07:18.722,ETHUSDT,SELL,MARKET,3001.79,0.919,FILLED
ORD-002524,2026-08-26 09:07:18.872,SOLUSDT,BUY,MARKET,139.95,2.051,FILLED
ORD-002525,2026-08-26 09:07:19.038,BTCUSDT,BUY,MARKET,59879.58,2.327,FILLED
ORD-002526,2026-08-26 09:07:19.197,SOLUSDT,SELL,MARKET,139.93,0.738,FILLED
ORD-002527,2026-08-26 09:07:19.277,SOLUSDT,SELL,MARKET,139.78,1.029,FILLED
ORD-002528,2026-08-26 09:07:19.337,BTCUSDT,BUY,MARKET,59999.32,2.486,FILLED
ORD-002529,2026-08-26 09:07:19.411,BTCUSDT,SELL,MARKET,60027.43,0.406,FILLED
ORD-002530,2026-08-26 09:07:19.463,SOLUSDT,SELL,MARKET,139.83,1.46,FILLED
ORD-002531,2026-08-26 09:07:19.574,BTCUSDT,SELL,MARKET,59967.85,0.782,FILLED
ORD-002532,2026-08-26 09:07:19.765,BTCUSDT,BUY,MARKET,60115.57,0.74,FILLED
ORD-002533,2026-08-26 09:07:19.871,ETHUSDT,BUY,MARKET,2996.77,0.86,FILLED
ORD-002534,2026-08-26 09:07:19.944,BTCUSDT,SELL,MARKET,60041.9,2.391,FILLED
ORD-002535,2026-08-26 09:07:20.098,SOLUSDT,SELL,MARKET,139.91,0.691,FILLED
ORD-002536,2026-08-26 09:07:20.204,BTCUSDT,BUY,MARKET,60056.2,0.517,FILLED
ORD-002537,2026-08-26 09:07:20.474,ETHUSDT,BUY,MARKET,3001.61,1.144,FILLED
ORD-002538,2026-08-26 09:07:20.628,SOLUSDT,SELL,MARKET,140.33,2.133,FILLED
ORD-002539,2026-08-26 09:07:20.835,SOLUSDT,SELL,MARKET,139.88,1.023,FILLED
ORD-002540,2026-08-26 09:07:21.010,ETHUSDT,BUY,MARKET,3000.39,2.216,FILLED
ORD-002541,2026-08-26 09:07:21.274,ETHUSDT,SELL,MARKET,2998.82,1.578,FILLED
ORD-002542,2026-08-26 09:07:21.502,ETHUSDT,BUY,MARKET,2996.55,1.542,FILLED
ORD-002543,2026-08-26 09:07:21.642,SOLUSDT,SELL,MARKET,140.03,0.623,FILLED
ORD-002544,2026-08-26 09:07:21.845,ETHUSDT,SELL,MARKET,2999.56,0.654,FILLED
ORD-002545,2026-08-26 09:07:21.911,ETHUSDT,BUY,MARKET,2996.33,1.649,FILLED
ORD-002546,2026-08-26 09:07:22.086,ETHUSDT,BUY,MARKET,3004.97,1.014,FILLED
ORD-002547,2026-08-26 09:07:22.194,ETHUSDT,SELL,MARKET,2997.0,0.712,FILLED
ORD-002548,2026-08-26 09:07:22.300,ETHUSDT,SELL,MARKET,3002.24,0.479,FILLED
ORD-002549,2026-08-26 09:07:22.544,SOLUSDT,BUY,MARKET,140.0,0.975,FILLED
ORD-002550,2026-08-26 09:07:22.735,BTCUSDT,BUY,MARKET,60098.72,1.577,FILLED
ORD-002551,2026-08-26 09:07:22.860,BTCUSDT,SELL,MARKET,59988.19,1.187,FILLED
ORD-002552,2026-08-26 09:07:22.989,BTCUSDT,SELL,MARKET,59994.97,0.65,FILLED
ORD-002553,2026-08-26 09:07:23.206,BTCUSDT,BUY,MARKET,60032.99,0.225,FILLED
ORD-002554,2026-08-26 09:07:23.298,SOLUSDT,BUY,MARKET,140.09,1.116,FILLED
ORD-002555,2026-08-26 09:07:23.365,BTCUSDT,BUY,MARKET,59917.52,1.81,FILLED
ORD-002556,2026-08-26 09:07:23.533,BTCUSDT,SELL,MARKET,60116.53,0.398,FILLED
ORD-002557,2026-08-26 09:07:23.645,SOLUSDT,SELL,MARKET,139.92,2.337,FILLED
ORD-002558,2026-08-26 09:07:23.700,BTCUSDT,SELL,MARKET,59935.22,1.332,FILLED
ORD-002559,2026-08-26 09:07:23.966,SOLUSDT,BUY,MARKET,139.89,1.226,FILLED
ORD-002560,2026-08-26 09:07:24.087,BTCUSDT,BUY,MARKET,59998.97,1.477,FILLED
ORD-002561,2026-08-26 09:07:24.178,ETHUSDT,BUY,MARKET,3003.79,1.812,FILLED
ORD-002562,2026-08-26 09:07:24.345,SOLUSDT,BUY,MARKET,140.12,0.101,FILLED
ORD-002563,2026-08-26 09:07:24.498,SOLUSDT,SELL,MARKET,140.35,1.4,FILLED
ORD-002564,2026-08-26 09:07:24.703,SOLUSDT,SELL,MARKET,140.02,0.949,FILLED
ORD-002565,2026-08-26 09:07:24.881,SOLUSDT,SELL,MARKET,139.89,1.078,FILLED
ORD-002566,2026-08-26 09:07:25.025,ETHUSDT,BUY,MARKET,2999.48,1.54,FILLED
ORD-002567,2026-08-26 09:07:25.170,ETHUSDT,BUY,MARKET,2997.08,1.002,FILLED
ORD-002568,2026-08-26 09:07:25.418,BTCUSDT,SELL,MARKET,59892.25,0.617,FILLED
ORD-002569,2026-08-26 09:07:25.503,SOLUSDT,BUY,MARKET,140.08,1.921,FILLED
ORD-002570,2026-08-26 09:07:25.784,SOLUSDT,SELL,MARKET,139.95,2.261,FILLED
ORD-002571,2026-08-26 09:07:26.059,ETHUSDT,SELL,MARKET,3002.59,1.216,FILLED
ORD-002572,2026-08-26 09:07:26.146,BTCUSDT,SELL,MARKET,60092.77,0.689,FILLED
ORD-002573,2026-08-26 09:07:26.294,SOLUSDT,BUY,MARKET,140.14,1.216,FILLED
ORD-002574,2026-08-26 09:07:26.485,SOLUSDT,SELL,MARKET,139.8,2.071,FILLED
ORD-002575,2026-08-26 09:07:26.625,ETHUSDT,BUY,MARKET,2998.29,1.251,FILLED
ORD-002576,2026-08-26 09:07:26.700,ETHUSDT,BUY,MARKET,2998.36,0.127,FILLED
ORD-002577,2026-08-26 09:07:26.845,BTCUSDT,SELL,MARKET,59999.83,1.614,FILLED
ORD-002578,2026-08-26 09:07:27.054,BTCUSDT,SELL,MARKET,59958.39,1.205,FILLED
ORD-002579,2026-08-26 09:07:27.330,ETHUSDT,SELL,MARKET,2998.67,1.505,FILLED
ORD-002580,2026-08-26 09:07:27.520,ETHUSDT,SELL,MARKET,3000.07,1.699,FILLED
ORD-002581,2026-08-26 09:07:27.654,SOLUSDT,BUY,MARKET,140.0,2.079,FILLED
ORD-002582,2026-08-26 09:07:27.899,SOLUSDT,SELL,MARKET,139.99,0.445,FILLED
ORD-002583,2026-08-26 09:07:27.960,BTCUSDT,BUY,MARKET,60002.91,0.629,FILLED
ORD-002584,2026-08-26 09:07:28.116,ETHUSDT,BUY,MARKET,2998.22,1.466,FILLED
ORD-002585,2026-08-26 09:07:28.166,BTCUSDT,SELL,MARKET,59995.47,2.299,FILLED
ORD-002586,2026-08-26 09:07:28.232,BTCUSDT,BUY,MARKET,60108.56,1.258,FILLED
ORD-002587,2026-08-26 09:07:28.311,BTCUSDT,SELL,MARKET,60072.56,1.714,FILLED
ORD-002588,2026-08-26 09:07:28.456,BTCUSDT,SELL,MARKET,59943.9,1.847,FILLED
ORD-002589,2026-08-26 09:07:28.695,ETHUSDT,SELL,MARKET,2997.68,2.263,FILLED
ORD-002590,2026-08-26 09:07:28.895,ETHUSDT,SELL,MARKET,2995.56,2.105,FILLED
ORD-002591,2026-08-26 09:07:29.153,SOLUSDT,SELL,MARKET,139.98,0.689,FILLED
ORD-002592,2026-08-26 09:07:29.330,BTCUSDT,SELL,MARKET,60050.34,1.321,FILLED
ORD-002593,2026-08-26 09:07:29.445,SOLUSDT,SELL,MARKET,139.95,2.024,FILLED
ORD-002594,2026-08-26 09:07:29.739,BTCUSDT,BUY,MARKET,60005.79,0.625,FILLED
ORD-002595,2026-08-26 09:07:29.918,BTCUSDT,SELL,MARKET,59887.35,1.774,FILLED
ORD-002596,2026-08-26 09:07:29.988,ETHUSDT,SELL,MARKET,3001.28,0.895,FILLED
ORD-002597,2026-08-26 09:07:30.236,BTCUSDT,BUY,MARKET,60052.62,1.691,FILLED
ORD-002598,2026-08-26 09:07:30.407,ETHUSDT,BUY,MARKET,3004.32,0.47,FILLED
ORD-002599,2026-08-26 09:07:30.682,BTCUSDT,SELL,MARKET,59995.93,0.666,FILLED
ORD-002600,2026-08-26 09:07:30.805,ETHUSDT,SELL,MARKET,3000.68,2.139,FILLED
ORD-002601,2026-08-26 09:07:31.073,BTCUSDT,BUY,MARKET,59954.75,1.524,FILLED
ORD-002602,2026-08-26 09:07:31.261,BTCUSDT,BUY,MARKET,60081.16,0.12,FILLED
ORD-002603,2026-08-26 09:07:31.489,ETHUSDT,SELL,MARKET,2999.8,2.005,FILLED
ORD-002604,2026-08-26 09:07:31.573,SOLUSDT,BUY,MARKET,140.05,0.526,FILLED
ORD-002605,2026-08-26 09:07:31.793,ETHUSDT,SELL,MARKET,3000.67,1.78,FILLED
ORD-002606,2026-08-26 09:07:31.852,SOLUSDT,BUY,MARKET,140.05,0.892,FILLED
ORD-002607,2026-08-26 09:07:31.951,SOLUSDT,BUY,MARKET,139.87,2.071,FILLED
ORD-002608,2026-08-26 09:07:32.075,BTCUSDT,SELL,MARKET,60008.58,0.742,FILLED
ORD-002609,2026-08-26 09:07:32.280,SOLUSDT,BUY,MARKET,139.88,0.256,FILLED
ORD-002610,2026-08-26 09:07:32.485,ETHUSDT,BUY,MARKET,2999.39,0.331,FILLED
ORD-002611,2026-08-26 09:07:32.712,BTCUSDT,SELL,MARKET,59969.17,1.696,FILLED
ORD-002612,2026-08-26 09:07:32.942,ETHUSDT,SELL,MARKET,3001.37,0.805,FILLED
ORD-002613,2026-08-26 09:07:33.071,ETHUSDT,SELL,MARKET,2999.42,2.463,FILLED
ORD-002614,2026-08-26 09:07:33.130,SOLUSDT,SELL,MARKET,139.8,1.788,FILLED
ORD-002615,2026-08-26 09:07:33.294,BTCUSDT,BUY,MARKET,60025.48,0.358,FILLED
ORD-002616,2026-08-26 09:07:33.425,BTCUSDT,BUY,MARKET,60071.9,0.899,FILLED
ORD-002617,2026-08-26 09:07:33.639,SOLUSDT,BUY,MARKET,140.11,0.394,FILLED
ORD-002618,2026-08-26 09:07:33.697,SOLUSDT,SELL,MARKET,140.22,1.236,FILLED
ORD-002619,2026-08-26 09:07:33.962,ETHUSDT,BUY,MARKET,2997.48,0.217,FILLED
ORD-002620,2026-08-26 09:07:34.094,ETHUSDT,SELL,MARKET,2997.34,1.054,FILLED
ORD-002621,2026-08-26 09:07:34.336,ETHUSDT,BUY,MARKET,3003.92,1.68,FILLED
ORD-002622,2026-08-26 09:07:34.471,SOLUSDT,BUY,MARKET,139.88,1.098,FILLED
ORD-002623,2026-08-26 09:07:34.705,BTCUSDT,BUY,MARKET,60049.91,2.397,FILLED
ORD-002624,2026-08-26 09:07:34.841,BTCUSDT,SELL,MARKET,60069.26,0.923,FILLED
ORD-002625,2026-08-26 09:07:35.059,BTCUSDT,BUY,MARKET,60039.52,0.607,FILLED
ORD-002626,2026-08-26 09:07:35.220,SOLUSDT,SELL,MARKET,139.97,1.57,FILLED
ORD-002627,2026-08-26 09:07:35.281,SOLUSDT,BUY,MARKET,139.9,1.393,FILLED
ORD-002628,2026-08-26 09:07:35.437,ETHUSDT,SELL,MARKET,2997.74,0.251,FILLED
ORD-002629,2026-08-26 09:07:35.705,ETHUSDT,BUY,MARKET,3000.71,0.735,FILLED
ORD-002630,2026-08-26 09:07:35.811,BTCUSDT,BUY,MARKET,59892.82,0.11,REJECTED
ORD-002631,2026-08-26 09:07:36.066,ETHUSDT,BUY,MARKET,3000.46,2.401,FILLED
ORD-002632,2026-08-26 09:07:36.312,ETHUSDT,SELL,MARKET,3005.69,1.859,FILLED
ORD-002633,2026-08-26 09:07:36.510,SOLUSDT,SELL,MARKET,140.08,1.292,FILLED
ORD-002634,2026-08-26 09:07:36.659,BTCUSDT,SELL,MARKET,59894.28,2.322,FILLED
ORD-002635,2026-08-26 09:07:36.818,SOLUSDT,SELL,MARKET,139.96,0.134,FILLED
ORD-002636,2026-08-26 09:07:36.901,BTCUSDT,SELL,MARKET,59918.53,0.15,FILLED
ORD-002637,2026-08-26 09:07:36.992,SOLUSDT,SELL,MARKET,139.72,0.717,FILLED
ORD-002638,2026-08-26 09:07:37.115,ETHUSDT,BUY,MARKET,3003.59,1.936,FILLED
ORD-002639,2026-08-26 09:07:37.404,ETHUSDT,BUY,MARKET,3004.24,0.391,FILLED
ORD-002640,2026-08-26 09:07:37.523,BTCUSDT,BUY,MARKET,59995.73,1.92,FILLED
ORD-002641,2026-08-26 09:07:37.786,BTCUSDT,BUY,MARKET,59955.56,1.301,FILLED
ORD-002642,2026-08-26 09:07:38.037,SOLUSDT,SELL,MARKET,139.95,1.574,FILLED
ORD-002643,2026-08-26 09:07:38.135,BTCUSDT,SELL,MARKET,60074.52,1.031,FILLED
ORD-002644,2026-08-26 09:07:38.433,SOLUSDT,SELL,MARKET,140.18,1.589,FILLED
ORD-002645,2026-08-26 09:07:38.659,BTCUSDT,BUY,MARKET,60001.54,1.353,FILLED
ORD-002646,2026-08-26 09:07:38.716,SOLUSDT,BUY,MARKET,139.91,1.616,FILLED
ORD-002647,2026-08-26 09:07:38.964,ETHUSDT,SELL,MARKET,2998.12,2.037,FILLED
ORD-002648,2026-08-26 09:07:39.164,ETHUSDT,BUY,MARKET,2995.34,1.26,FILLED
ORD-002649,2026-08-26 09:07:39.453,SOLUSDT,BUY,MARKET,140.05,2.103,FILLED
ORD-002650,2026-08-26 09:07:39.513,ETHUSDT,SELL,MARKET,2992.82,0.578,FILLED
ORD-002651,2026-08-26 09:07:39.733,BTCUSDT,SELL,MARKET,60035.19,0.141,FILLED
ORD-002652,2026-08-26 09:07:40.003,ETHUSDT,SELL,MARKET,2997.89,2.427,FILLED
ORD-002653,2026-08-26 09:07:40.249,ETHUSDT,BUY,MARKET,3003.8,1.349,FILLED
ORD-002654,2026-08-26 09:07:40.493,BTCUSDT,BUY,MARKET,59988.75,1.424,FILLED
ORD-002655,2026-08-26 09:07:40.624,ETHUSDT,BUY,MARKET,3001.94,2.105,FILLED
ORD-002656,2026-08-26 09:07:40.701,BTCUSDT,SELL,MARKET,59992.67,0.193,FILLED
ORD-002657,2026-08-26 09:07:40.959,BTCUSDT,SELL,MARKET,60059.1,1.77,FILLED
ORD-002658,2026-08-26 09:07:41.258,ETHUSDT,BUY,MARKET,3003.86,2.455,FILLED
ORD-002659,2026-08-26 09:07:41.313,SOLUSDT,SELL,MARKET,140.16,0.82,FILLED
ORD-002660,2026-08-26 09:07:41.601,BTCUSDT,SELL,MARKET,59948.49,2.187,FILLED
ORD-002661,2026-08-26 09:07:41.736,SOLUSDT,BUY,MARKET,140.11,0.734,FILLED
ORD-002662,2026-08-26 09:07:41.845,ETHUSDT,BUY,MARKET,3007.82,2.021,FILLED
ORD-002663,2026-08-26 09:07:42.128,BTCUSDT,SELL,MARKET,59977.01,1.912,FILLED
ORD-002664,2026-08-26 09:07:42.281,BTCUSDT,SELL,MARKET,60119.25,0.341,FILLED
ORD-002665,2026-08-26 09:07:42.399,BTCUSDT,SELL,MARKET,60021.01,1.679,FILLED
ORD-002666,2026-08-26 09:07:42.450,SOLUSDT,BUY,MARKET,140.23,2.367,FILLED
ORD-002667,2026-08-26 09:07:42.527,BTCUSDT,SELL,MARKET,60042.8,1.074,FILLED
ORD-002668,2026-08-26 09:07:42.597,ETHUSDT,BUY,MARKET,3002.93,2.006,FILLED
ORD-002669,2026-08-26 09:07:42.673,ETHUSDT,BUY,MARKET,2996.49,1.782,FILLED
ORD-002670,2026-08-26 09:07:42.911,SOLUSDT,BUY,MARKET,139.82,0.404,FILLED
ORD-002671,2026-08-26 09:07:43.030,SOLUSDT,BUY,MARKET,140.01,1.355,FILLED
ORD-002672,2026-08-26 09:07:43.236,SOLUSDT,BUY,MARKET,139.76,1.131,FILLED
ORD-002673,2026-08-26 09:07:43.389,SOLUSDT,SELL,MARKET,140.14,0.926,FILLED
ORD-002674,2026-08-26 09:07:43.658,SOLUSDT,SELL,MARKET,139.83,0.698,FILLED
ORD-002675,2026-08-26 09:07:43.737,BTCUSDT,SELL,MARKET,59990.56,0.103,FILLED
ORD-002676,2026-08-26 09:07:43.995,ETHUSDT,BUY,MARKET,3005.22,1.484,FILLED
ORD-002677,2026-08-26 09:07:44.104,SOLUSDT,BUY,MARKET,140.04,1.807,FILLED
ORD-002678,2026-08-26 09:07:44.209,BTCUSDT,BUY,MARKET,60030.23,0.419,FILLED
ORD-002679,2026-08-26 09:07:44.471,ETHUSDT,BUY,MARKET,2999.53,1.821,FILLED
ORD-002680,2026-08-26 09:07:44.558,SOLUSDT,BUY,MARKET,139.87,1.173,FILLED
ORD-002681,2026-08-26 09:07:44.776,SOLUSDT,BUY,MARKET,139.89,1.087,FILLED
ORD-002682,2026-08-26 09:07:44.878,SOLUSDT,SELL,MARKET,140.03,1.624,FILLED
ORD-002683,2026-08-26 09:07:44.990,ETHUSDT,SELL,MARKET,2993.95,2.372,FILLED
ORD-002684,2026-08-26 09:07:45.150,ETHUSDT,SELL,MARKET,3003.27,0.705,FILLED
ORD-002685,2026-08-26 09:07:45.317,ETHUSDT,BUY,MARKET,3002.46,0.243,FILLED
ORD-002686,2026-08-26 09:07:45.439,SOLUSDT,SELL,MARKET,140.28,0.789,FILLED
ORD-002687,2026-08-26 09:07:45.624,ETHUSDT,BUY,MARKET,3006.25,1.986,FILLED
ORD-002688,2026-08-26 09:07:45.850,BTCUSDT,SELL,MARKET,60044.01,1.178,FILLED
ORD-002689,2026-08-26 09:07:46.012,ETHUSDT,SELL,MARKET,2999.26,1.253,FILLED
ORD-002690,2026-08-26 09:07:46.304,BTCUSDT,BUY,MARKET,60032.01,1.023,FILLED
ORD-002691,2026-08-26 09:07:46.530,SOLUSDT,BUY,MARKET,140.04,1.353,FILLED
ORD-002692,2026-08-26 09:07:46.683,BTCUSDT,SELL,MARKET,60022.82,0.845,FILLED
ORD-002693,2026-08-26 09:07:46.805,BTCUSDT,BUY,MARKET,60060.31,0.679,FILLED
ORD-002694,2026-08-26 09:07:47.012,ETHUSDT,BUY,MARKET,2999.78,1.434,FILLED
ORD-002695,2026-08-26 09:07:47.307,SOLUSDT,BUY,MARKET,140.0,0.108,FILLED
ORD-002696,2026-08-26 09:07:47.444,BTCUSDT,SELL,MARKET,59989.14,1.107,FILLED
ORD-002697,2026-08-26 09:07:47.689,BTCUSDT,SELL,MARKET,60112.01,0.835,FILLED
ORD-002698,2026-08-26 09:07:47.841,ETHUSDT,SELL,MARKET,3002.97,0.579,FILLED
ORD-002699,2026-08-26 09:07:47.953,SOLUSDT,SELL,MARKET,140.11,0.571,FILLED
ORD-002700,2026-08-26 09:07:48.139,ETHUSDT,BUY,MARKET,2996.13,1.921,FILLED
ORD-002701,2026-08-26 09:07:48.208,ETHUSDT,SELL,MARKET,3000.07,0.139,FILLED
ORD-002702,2026-08-26 09:07:48.363,BTCUSDT,BUY,MARKET,60067.73,0.592,FILLED
ORD-002703,2026-08-26 09:07:48.596,SOLUSDT,BUY,MARKET,139.92,1.417,FILLED
ORD-002704,2026-08-26 09:07:48.711,BTCUSDT,BUY,MARKET,59997.96,0.332,FILLED
ORD-002705,2026-08-26 09:07:48.876,BTCUSDT,SELL,MARKET,60055.29,1.513,FILLED
ORD-002706,2026-08-26 09:07:49.132,BTCUSDT,BUY,MARKET,60003.49,0.385,FILLED
ORD-002707,2026-08-26 09:07:49.350,ETHUSDT,BUY,MARKET,2998.95,1.399,FILLED
ORD-002708,2026-08-26 09:07:49.603,SOLUSDT,BUY,MARKET,140.3,2.481,FILLED
ORD-002709,2026-08-26 09:07:49.800,ETHUSDT,SELL,MARKET,2996.92,0.65,FILLED
ORD-002710,2026-08-26 09:07:49.965,ETHUSDT,BUY,MARKET,2999.03,0.957,FILLED
ORD-002711,2026-08-26 09:07:50.020,SOLUSDT,BUY,MARKET,140.1,1.605,FILLED
ORD-002712,2026-08-26 09:07:50.081,SOLUSDT,SELL,MARKET,140.09,0.662,FILLED
ORD-002713,2026-08-26 09:07:50.248,SOLUSDT,BUY,MARKET,139.82,0.418,FILLED
ORD-002714,2026-08-26 09:07:50.531,BTCUSDT,SELL,MARKET,60100.99,0.383,FILLED
ORD-002715,2026-08-26 09:07:50.794,SOLUSDT,BUY,MARKET,140.04,1.927,FILLED
ORD-002716,2026-08-26 09:07:50.965,SOLUSDT,SELL,MARKET,139.95,2.263,FILLED
ORD-002717,2026-08-26 09:07:51.230,ETHUSDT,BUY,MARKET,3000.35,0.52,FILLED
ORD-002718,2026-08-26 09:07:51.386,ETHUSDT,BUY,MARKET,2999.06,0.276,FILLED
ORD-002719,2026-08-26 09:07:51.569,BTCUSDT,SELL,MARKET,59966.92,0.739,FILLED
ORD-002720,2026-08-26 09:07:51.755,SOLUSDT,SELL,MARKET,140.18,2.493,FILLED
ORD-002721,2026-08-26 09:07:52.008,SOLUSDT,BUY,MARKET,139.88,1.566,FILLED
ORD-002722,2026-08-26 09:07:52.262,ETHUSDT,SELL,MARKET,3004.05,2.323,FILLED
ORD-002723,2026-08-26 09:07:52.549,BTCUSDT,BUY,MARKET,60024.37,1.385,FILLED
ORD-002724,2026-08-26 09:07:52.787,BTCUSDT,BUY,MARKET,59929.29,0.229,FILLED
ORD-002725,2026-08-26 09:07:53.019,SOLUSDT,BUY,MARKET,139.9,1.659,FILLED
ORD-002726,2026-08-26 09:07:53.273,SOLUSDT,BUY,MARKET,140.09,2.202,FILLED
ORD-002727,2026-08-26 09:07:53.549,BTCUSDT,BUY,MARKET,60109.69,1.557,FILLED
ORD-002728,2026-08-26 09:07:53.622,BTCUSDT,BUY,MARKET,60039.73,1.36,FILLED
ORD-002729,2026-08-26 09:07:53.781,ETHUSDT,SELL,MARKET,2998.52,0.528,FILLED
ORD-002730,2026-08-26 09:07:53.853,ETHUSDT,BUY,MARKET,3003.92,1.777,FILLED
ORD-002731,2026-08-26 09:07:54.042,SOLUSDT,BUY,MARKET,140.09,1.83,FILLED
ORD-002732,2026-08-26 09:07:54.178,BTCUSDT,SELL,MARKET,60044.74,2.483,FILLED
ORD-002733,2026-08-26 09:07:54.404,BTCUSDT,BUY,MARKET,59987.04,1.961,FILLED
ORD-002734,2026-08-26 09:07:54.617,BTCUSDT,BUY,MARKET,60018.69,1.881,FILLED
ORD-002735,2026-08-26 09:07:54.692,SOLUSDT,BUY,MARKET,139.83,2.387,FILLED
ORD-002736,2026-08-26 09:07:54.748,ETHUSDT,SELL,MARKET,3009.53,2.425,FILLED
ORD-002737,2026-08-26 09:07:55.001,SOLUSDT,BUY,MARKET,140.06,1.713,FILLED
ORD-002738,2026-08-26 09:07:55.259,SOLUSDT,SELL,MARKET,140.1,0.304,FILLED
ORD-002739,2026-08-26 09:07:55.347,BTCUSDT,SELL,MARKET,59971.47,1.943,FILLED
ORD-002740,2026-08-26 09:07:55.516,BTCUSDT,SELL,MARKET,60034.3,1.225,FILLED
ORD-002741,2026-08-26 09:07:55.653,BTCUSDT,BUY,MARKET,59903.08,0.689,FILLED
ORD-002742,2026-08-26 09:07:55.808,BTCUSDT,SELL,MARKET,59977.45,1.007,REJECTED
ORD-002743,2026-08-26 09:07:55.901,BTCUSDT,SELL,MARKET,59891.68,0.218,FILLED
ORD-002744,2026-08-26 09:07:56.012,SOLUSDT,SELL,MARKET,139.88,1.227,FILLED
ORD-002745,2026-08-26 09:07:56.302,ETHUSDT,SELL,MARKET,3004.0,1.599,FILLED
ORD-002746,2026-08-26 09:07:56.416,SOLUSDT,BUY,MARKET,139.88,2.328,FILLED
ORD-002747,2026-08-26 09:07:56.712,SOLUSDT,BUY,MARKET,139.59,0.728,FILLED
ORD-002748,2026-08-26 09:07:56.945,SOLUSDT,BUY,MARKET,140.08,0.698,REJECTED
ORD-002749,2026-08-26 09:07:57.168,BTCUSDT,BUY,MARKET,59899.99,0.44,FILLED
ORD-002750,2026-08-26 09:07:57.223,ETHUSDT,BUY,MARKET,2996.03,0.838,FILLED
ORD-002751,2026-08-26 09:07:57.489,BTCUSDT,SELL,MARKET,59964.38,1.833,FILLED
ORD-002752,2026-08-26 09:07:57.560,SOLUSDT,SELL,MARKET,139.99,1.968,FILLED
ORD-002753,2026-08-26 09:07:57.709,ETHUSDT,BUY,MARKET,3001.18,2.457,FILLED
ORD-002754,2026-08-26 09:07:57.982,BTCUSDT,SELL,MARKET,59952.26,0.797,FILLED
ORD-002755,2026-08-26 09:07:58.119,BTCUSDT,BUY,MARKET,60173.55,1.722,FILLED
ORD-002756,2026-08-26 09:07:58.174,SOLUSDT,BUY,MARKET,140.19,2.287,FILLED
ORD-002757,2026-08-26 09:07:58.444,SOLUSDT,BUY,MARKET,139.94,2.001,FILLED
ORD-002758,2026-08-26 09:07:58.636,ETHUSDT,BUY,MARKET,3001.52,0.984,FILLED
ORD-002759,2026-08-26 09:07:58.720,SOLUSDT,BUY,MARKET,140.15,1.841,FILLED
ORD-002760,2026-08-26 09:07:58.933,ETHUSDT,BUY,MARKET,2997.46,0.795,FILLED
ORD-002761,2026-08-26 09:07:59.178,BTCUSDT,SELL,MARKET,59913.13,0.601,FILLED
ORD-002762,2026-08-26 09:07:59.409,ETHUSDT,BUY,MARKET,3003.84,0.856,FILLED
ORD-002763,2026-08-26 09:07:59.482,BTCUSDT,SELL,MARKET,59942.38,2.034,FILLED
ORD-002764,2026-08-26 09:07:59.671,BTCUSDT,SELL,MARKET,59976.34,1.99,FILLED
ORD-002765,2026-08-26 09:07:59.847,BTCUSDT,BUY,MARKET,59987.64,1.729,FILLED
ORD-002766,2026-08-26 09:08:00.122,BTCUSDT,BUY,MARKET,59939.35,0.642,FILLED
ORD-002767,2026-08-26 09:08:00.328,ETHUSDT,BUY,MARKET,3005.49,2.304,FILLED
ORD-002768,2026-08-26 09:08:00.496,SOLUSDT,SELL,MARKET,140.12,1.034,FILLED
ORD-002769,2026-08-26 09:08:00.548,SOLUSDT,SELL,MARKET,139.94,1.359,FILLED
ORD-002770,2026-08-26 09:08:00.748,BTCUSDT,BUY,MARKET,60043.35,2.046,FILLED
ORD-002771,2026-08-26 09:08:00.950,BTCUSDT,SELL,MARKET,59956.35,0.407,FILLED
ORD-002772,2026-08-26 09:08:01.179,SOLUSDT,BUY,MARKET,139.69,1.233,FILLED
ORD-002773,2026-08-26 09:08:01.474,ETHUSDT,SELL,MARKET,2998.2,1.531,FILLED
ORD-002774,2026-08-26 09:08:01.624,SOLUSDT,SELL,MARKET,139.54,1.732,FILLED
ORD-002775,2026-08-26 09:08:01.692,ETHUSDT,SELL,MARKET,3000.07,0.847,FILLED
ORD-002776,2026-08-26 09:08:01.877,BTCUSDT,SELL,MARKET,60033.01,0.655,FILLED
ORD-002777,2026-08-26 09:08:02.031,ETHUSDT,SELL,MARKET,2997.37,1.916,FILLED
ORD-002778,2026-08-26 09:08:02.235,BTCUSDT,BUY,MARKET,59932.83,0.617,FILLED
ORD-002779,2026-08-26 09:08:02.392,SOLUSDT,BUY,MARKET,139.94,0.904,FILLED
ORD-002780,2026-08-26 09:08:02.629,BTCUSDT,BUY,MARKET,59924.11,1.89,FILLED
ORD-002781,2026-08-26 09:08:02.891,ETHUSDT,BUY,MARKET,3002.31,1.893,FILLED
ORD-002782,2026-08-26 09:08:03.042,ETHUSDT,BUY,MARKET,3000.76,1.282,FILLED
ORD-002783,2026-08-26 09:08:03.116,ETHUSDT,SELL,MARKET,2997.33,1.346,FILLED
ORD-002784,2026-08-26 09:08:03.407,BTCUSDT,BUY,MARKET,60041.34,2.353,FILLED
ORD-002785,2026-08-26 09:08:03.683,BTCUSDT,BUY,MARKET,59883.02,1.037,FILLED
ORD-002786,2026-08-26 09:08:03.908,SOLUSDT,BUY,MARKET,140.06,1.027,FILLED
ORD-002787,2026-08-26 09:08:04.002,ETHUSDT,BUY,MARKET,2993.94,0.34,FILLED
ORD-002788,2026-08-26 09:08:04.182,BTCUSDT,SELL,MARKET,59962.96,2.062,FILLED
ORD-002789,2026-08-26 09:08:04.356,SOLUSDT,BUY,MARKET,140.2,1.603,FILLED
ORD-002790,2026-08-26 09:08:04.480,ETHUSDT,BUY,MARKET,3000.44,2.095,FILLED
ORD-002791,2026-08-26 09:08:04.733,SOLUSDT,BUY,MARKET,140.28,1.431,FILLED
ORD-002792,2026-08-26 09:08:05.003,SOLUSDT,SELL,MARKET,139.78,0.67,FILLED
ORD-002793,2026-08-26 09:08:05.210,SOLUSDT,BUY,MARKET,140.01,1.648,FILLED
ORD-002794,2026-08-26 09:08:05.437,SOLUSDT,BUY,MARKET,139.94,1.184,FILLED
ORD-002795,2026-08-26 09:08:05.503,BTCUSDT,BUY,MARKET,60058.38,1.494,FILLED
ORD-002796,2026-08-26 09:08:05.668,ETHUSDT,SELL,MARKET,2997.01,1.815,FILLED
ORD-002797,2026-08-26 09:08:05.959,ETHUSDT,BUY,MARKET,2996.63,1.475,FILLED
ORD-002798,2026-08-26 09:08:06.208,SOLUSDT,SELL,MARKET,140.2,1.002,FILLED
ORD-002799,2026-08-26 09:08:06.448,SOLUSDT,SELL,MARKET,140.2,1.923,FILLED
ORD-002800,2026-08-26 09:08:06.698,SOLUSDT,SELL,MARKET,139.66,0.448,FILLED
ORD-002801,2026-08-26 09:08:06.892,ETHUSDT,SELL,MARKET,2995.41,0.453,FILLED
ORD-002802,2026-08-26 09:08:07.100,BTCUSDT,SELL,MARKET,60024.35,0.843,FILLED
ORD-002803,2026-08-26 09:08:07.356,BTCUSDT,BUY,MARKET,60046.03,2.114,FILLED
ORD-002804,2026-08-26 09:08:07.550,BTCUSDT,SELL,MARKET,59992.08,1.132,FILLED
ORD-002805,2026-08-26 09:08:07.721,SOLUSDT,BUY,MARKET,140.12,2.476,FILLED
ORD-002806,2026-08-26 09:08:07.999,BTCUSDT,SELL,MARKET,60042.47,1.102,FILLED
ORD-002807,2026-08-26 09:08:08.234,BTCUSDT,SELL,MARKET,60030.48,1.448,FILLED
ORD-002808,2026-08-26 09:08:08.450,BTCUSDT,BUY,MARKET,59965.37,2.279,FILLED
ORD-002809,2026-08-26 09:08:08.709,BTCUSDT,BUY,MARKET,59942.84,0.142,FILLED
ORD-002810,2026-08-26 09:08:08.789,ETHUSDT,BUY,MARKET,2999.21,2.229,FILLED
ORD-002811,2026-08-26 09:08:08.876,BTCUSDT,SELL,MARKET,59950.12,2.138,FILLED
ORD-002812,2026-08-26 09:08:08.949,ETHUSDT,SELL,MARKET,2998.68,1.686,FILLED
ORD-002813,2026-08-26 09:08:09.235,SOLUSDT,SELL,MARKET,139.47,1.613,FILLED
ORD-002814,2026-08-26 09:08:09.497,BTCUSDT,BUY,MARKET,59948.72,0.336,FILLED
ORD-002815,2026-08-26 09:08:09.633,SOLUSDT,BUY,MARKET,140.22,0.853,FILLED
ORD-002816,2026-08-26 09:08:09.721,BTCUSDT,SELL,MARKET,59939.66,1.057,FILLED
ORD-002817,2026-08-26 09:08:09.989,BTCUSDT,SELL,MARKET,59950.09,2.258,FILLED
ORD-002818,2026-08-26 09:08:10.257,BTCUSDT,BUY,MARKET,60011.47,0.116,FILLED
ORD-002819,2026-08-26 09:08:10.321,SOLUSDT,SELL,MARKET,140.06,1.034,FILLED
ORD-002820,2026-08-26 09:08:10.579,BTCUSDT,SELL,MARKET,59940.74,1.704,FILLED
ORD-002821,2026-08-26 09:08:10.871,SOLUSDT,SELL,MARKET,139.87,0.161,FILLED
ORD-002822,2026-08-26 09:08:10.996,BTCUSDT,SELL,MARKET,59935.87,0.77,FILLED
ORD-002823,2026-08-26 09:08:11.244,SOLUSDT,BUY,MARKET,139.95,1.188,FILLED
ORD-002824,2026-08-26 09:08:11.454,BTCUSDT,BUY,MARKET,59938.72,1.641,FILLED
ORD-002825,2026-08-26 09:08:11.508,BTCUSDT,BUY,MARKET,60011.36,0.772,FILLED
ORD-002826,2026-08-26 09:08:11.740,ETHUSDT,SELL,MARKET,3003.59,0.49,FILLED
ORD-002827,2026-08-26 09:08:11.823,ETHUSDT,BUY,MARKET,2997.12,1.088,FILLED
ORD-002828,2026-08-26 09:08:12.096,SOLUSDT,BUY,MARKET,139.84,0.321,FILLED
ORD-002829,2026-08-26 09:08:12.290,ETHUSDT,SELL,MARKET,2993.29,2.457,FILLED
ORD-002830,2026-08-26 09:08:12.474,SOLUSDT,BUY,MARKET,140.24,1.053,FILLED
ORD-002831,2026-08-26 09:08:12.583,SOLUSDT,SELL,MARKET,140.08,0.586,FILLED
ORD-002832,2026-08-26 09:08:12.676,BTCUSDT,BUY,MARKET,60073.02,1.816,FILLED
ORD-002833,2026-08-26 09:08:12.963,BTCUSDT,SELL,MARKET,59991.52,1.221,FILLED
ORD-002834,2026-08-26 09:08:13.055,BTCUSDT,SELL,MARKET,60008.05,2.258,FILLED
ORD-002835,2026-08-26 09:08:13.161,SOLUSDT,BUY,MARKET,139.91,1.012,FILLED
ORD-002836,2026-08-26 09:08:13.330,ETHUSDT,BUY,MARKET,3000.28,0.863,FILLED
ORD-002837,2026-08-26 09:08:13.608,ETHUSDT,SELL,MARKET,2997.28,1.174,FILLED
ORD-002838,2026-08-26 09:08:13.701,SOLUSDT,SELL,MARKET,139.95,1.842,FILLED
ORD-002839,2026-08-26 09:08:13.762,SOLUSDT,SELL,MARKET,140.07,0.806,FILLED
ORD-002840,2026-08-26 09:08:13.864,BTCUSDT,SELL,MARKET,60093.15,0.668,FILLED
ORD-002841,2026-08-26 09:08:14.151,SOLUSDT,SELL,MARKET,140.19,1.382,FILLED
ORD-002842,2026-08-26 09:08:14.435,BTCUSDT,SELL,MARKET,60047.23,1.332,FILLED
ORD-002843,2026-08-26 09:08:14.610,BTCUSDT,BUY,MARKET,60065.68,0.321,FILLED
ORD-002844,2026-08-26 09:08:14.909,SOLUSDT,BUY,MARKET,140.09,1.347,FILLED
ORD-002845,2026-08-26 09:08:15.159,ETHUSDT,BUY,MARKET,3000.16,2.091,FILLED
ORD-002846,2026-08-26 09:08:15.432,SOLUSDT,SELL,MARKET,139.88,2.083,FILLED
ORD-002847,2026-08-26 09:08:15.656,SOLUSDT,BUY,MARKET,139.82,0.525,FILLED
ORD-002848,2026-08-26 09:08:15.951,ETHUSDT,SELL,MARKET,2996.01,1.901,FILLED
ORD-002849,2026-08-26 09:08:16.163,SOLUSDT,BUY,MARKET,140.17,1.407,FILLED
ORD-002850,2026-08-26 09:08:16.392,ETHUSDT,SELL,MARKET,2998.61,1.189,FILLED
ORD-002851,2026-08-26 09:08:16.574,BTCUSDT,SELL,MARKET,59994.75,2.261,FILLED
ORD-002852,2026-08-26 09:08:16.645,BTCUSDT,BUY,MARKET,60085.46,1.397,FILLED
ORD-002853,2026-08-26 09:08:16.735,SOLUSDT,BUY,MARKET,140.03,0.887,FILLED
ORD-002854,2026-08-26 09:08:16.870,BTCUSDT,SELL,MARKET,60002.99,0.136,FILLED
ORD-002855,2026-08-26 09:08:16.958,SOLUSDT,SELL,MARKET,139.99,1.072,FILLED
ORD-002856,2026-08-26 09:08:17.154,SOLUSDT,BUY,MARKET,140.01,0.518,FILLED
ORD-002857,2026-08-26 09:08:17.448,BTCUSDT,SELL,MARKET,60025.19,1.912,FILLED
ORD-002858,2026-08-26 09:08:17.698,BTCUSDT,SELL,MARKET,60101.93,1.4,FILLED
ORD-002859,2026-08-26 09:08:17.965,SOLUSDT,BUY,MARKET,140.09,2.305,FILLED
ORD-002860,2026-08-26 09:08:18.199,ETHUSDT,BUY,MARKET,3005.95,2.12,FILLED
ORD-002861,2026-08-26 09:08:18.437,SOLUSDT,SELL,MARKET,140.09,2.218,FILLED
ORD-002862,2026-08-26 09:08:18.694,SOLUSDT,BUY,MARKET,140.2,1.41,FILLED
ORD-002863,2026-08-26 09:08:18.866,BTCUSDT,SELL,MARKET,60042.6,1.406,FILLED
ORD-002864,2026-08-26 09:08:18.932,BTCUSDT,BUY,MARKET,59962.51,1.973,FILLED
ORD-002865,2026-08-26 09:08:19.216,SOLUSDT,SELL,MARKET,139.86,0.46,FILLED
ORD-002866,2026-08-26 09:08:19.392,ETHUSDT,SELL,MARKET,3006.65,0.868,FILLED
ORD-002867,2026-08-26 09:08:19.616,SOLUSDT,BUY,MARKET,140.19,0.102,FILLED
ORD-002868,2026-08-26 09:08:19.859,SOLUSDT,BUY,MARKET,140.11,1.693,FILLED
ORD-002869,2026-08-26 09:08:19.951,ETHUSDT,SELL,MARKET,3004.1,0.192,FILLED
ORD-002870,2026-08-26 09:08:20.101,ETHUSDT,BUY,MARKET,3000.21,0.703,FILLED
ORD-002871,2026-08-26 09:08:20.226,ETHUSDT,SELL,MARKET,3001.78,2.057,FILLED
ORD-002872,2026-08-26 09:08:20.423,BTCUSDT,BUY,MARKET,60055.26,1.378,FILLED
ORD-002873,2026-08-26 09:08:20.612,ETHUSDT,SELL,MARKET,3002.82,2.357,FILLED
ORD-002874,2026-08-26 09:08:20.836,SOLUSDT,BUY,MARKET,140.16,0.291,FILLED
ORD-002875,2026-08-26 09:08:21.009,ETHUSDT,BUY,MARKET,3000.62,2.475,FILLED
ORD-002876,2026-08-26 09:08:21.301,BTCUSDT,SELL,MARKET,60058.37,0.512,FILLED
ORD-002877,2026-08-26 09:08:21.551,SOLUSDT,BUY,MARKET,140.03,1.371,FILLED
ORD-002878,2026-08-26 09:08:21.628,SOLUSDT,SELL,MARKET,140.02,2.355,FILLED
ORD-002879,2026-08-26 09:08:21.810,SOLUSDT,SELL,MARKET,139.8,1.65,FILLED
ORD-002880,2026-08-26 09:08:21.942,ETHUSDT,SELL,MARKET,2998.05,0.138,FILLED
ORD-002881,2026-08-26 09:08:22.152,ETHUSDT,SELL,MARKET,2997.2,0.566,FILLED
ORD-002882,2026-08-26 09:08:22.221,SOLUSDT,BUY,MARKET,140.21,2.078,FILLED
ORD-002883,2026-08-26 09:08:22.484,BTCUSDT,SELL,MARKET,60092.35,0.578,FILLED
ORD-002884,2026-08-26 09:08:22.748,SOLUSDT,SELL,MARKET,140.09,0.19,FILLED
ORD-002885,2026-08-26 09:08:22.825,ETHUSDT,BUY,MARKET,2998.56,0.805,FILLED
ORD-002886,2026-08-26 09:08:23.033,ETHUSDT,SELL,MARKET,3002.63,0.516,FILLED
ORD-002887,2026-08-26 09:08:23.143,BTCUSDT,SELL,MARKET,60051.74,1.359,FILLED
ORD-002888,2026-08-26 09:08:23.261,ETHUSDT,SELL,MARKET,2996.65,2.404,FILLED
ORD-002889,2026-08-26 09:08:23.509,BTCUSDT,BUY,MARKET,59994.38,0.309,FILLED
ORD-002890,2026-08-26 09:08:23.590,ETHUSDT,BUY,MARKET,2997.3,2.375,FILLED
ORD-002891,2026-08-26 09:08:23.833,SOLUSDT,SELL,MARKET,139.95,2.104,FILLED
ORD-002892,2026-08-26 09:08:24.017,ETHUSDT,BUY,MARKET,2995.26,2.127,FILLED
ORD-002893,2026-08-26 09:08:24.209,SOLUSDT,SELL,MARKET,140.21,2.344,FILLED
ORD-002894,2026-08-26 09:08:24.388,ETHUSDT,SELL,MARKET,2999.35,1.955,FILLED
ORD-002895,2026-08-26 09:08:24.473,ETHUSDT,SELL,MARKET,2997.75,2.17,FILLED
ORD-002896,2026-08-26 09:08:24.594,ETHUSDT,SELL,MARKET,3002.05,2.244,FILLED
ORD-002897,2026-08-26 09:08:24.865,SOLUSDT,SELL,MARKET,139.85,0.973,FILLED
ORD-002898,2026-08-26 09:08:25.148,ETHUSDT,SELL,MARKET,2999.96,2.399,FILLED
ORD-002899,2026-08-26 09:08:25.232,BTCUSDT,BUY,MARKET,60129.26,0.898,FILLED
ORD-002900,2026-08-26 09:08:25.340,BTCUSDT,BUY,MARKET,59964.8,0.994,FILLED
ORD-002901,2026-08-26 09:08:25.601,SOLUSDT,BUY,MARKET,140.13,1.642,FILLED
ORD-002902,2026-08-26 09:08:25.738,BTCUSDT,SELL,MARKET,60022.71,0.113,FILLED
ORD-002903,2026-08-26 09:08:25.976,ETHUSDT,BUY,MARKET,3008.9,1.122,FILLED
ORD-002904,2026-08-26 09:08:26.183,BTCUSDT,BUY,MARKET,60108.55,1.348,FILLED
ORD-002905,2026-08-26 09:08:26.360,ETHUSDT,SELL,MARKET,2997.95,1.278,FILLED
ORD-002906,2026-08-26 09:08:26.594,SOLUSDT,BUY,MARKET,140.0,1.993,FILLED
ORD-002907,2026-08-26 09:08:26.775,ETHUSDT,SELL,MARKET,3003.56,0.979,FILLED
ORD-002908,2026-08-26 09:08:26.842,SOLUSDT,BUY,MARKET,139.81,2.379,FILLED
ORD-002909,2026-08-26 09:08:27.100,SOLUSDT,BUY,MARKET,140.09,1.404,FILLED
ORD-002910,2026-08-26 09:08:27.186,BTCUSDT,BUY,MARKET,59892.33,0.58,FILLED
ORD-002911,2026-08-26 09:08:27.425,SOLUSDT,BUY,MARKET,139.74,0.242,FILLED
ORD-002912,2026-08-26 09:08:27.527,BTCUSDT,BUY,MARKET,59994.72,1.275,FILLED
ORD-002913,2026-08-26 09:08:27.680,SOLUSDT,SELL,MARKET,139.8,1.941,FILLED
ORD-002914,2026-08-26 09:08:27.819,SOLUSDT,BUY,MARKET,139.87,0.534,FILLED
ORD-002915,2026-08-26 09:08:28.029,ETHUSDT,SELL,MARKET,3003.04,0.972,FILLED
ORD-002916,2026-08-26 09:08:28.087,ETHUSDT,SELL,MARKET,3003.47,1.471,FILLED
ORD-002917,2026-08-26 09:08:28.308,ETHUSDT,BUY,MARKET,3001.31,1.961,FILLED
ORD-002918,2026-08-26 09:08:28.384,SOLUSDT,SELL,MARKET,140.0,0.679,FILLED
ORD-002919,2026-08-26 09:08:28.464,ETHUSDT,BUY,MARKET,2999.48,1.155,FILLED
ORD-002920,2026-08-26 09:08:28.627,SOLUSDT,SELL,MARKET,140.03,0.616,FILLED
ORD-002921,2026-08-26 09:08:28.921,SOLUSDT,BUY,MARKET,139.83,2.42,FILLED
ORD-002922,2026-08-26 09:08:29.203,BTCUSDT,SELL,MARKET,60025.52,2.392,FILLED
ORD-002923,2026-08-26 09:08:29.440,SOLUSDT,BUY,MARKET,140.05,2.393,FILLED
ORD-002924,2026-08-26 09:08:29.550,ETHUSDT,SELL,MARKET,2995.7,1.637,FILLED
ORD-002925,2026-08-26 09:08:29.779,SOLUSDT,BUY,MARKET,139.99,1.668,FILLED
ORD-002926,2026-08-26 09:08:29.860,BTCUSDT,BUY,MARKET,60047.42,0.74,FILLED
ORD-002927,2026-08-26 09:08:30.116,ETHUSDT,SELL,MARKET,3004.19,0.625,FILLED
ORD-002928,2026-08-26 09:08:30.387,ETHUSDT,SELL,MARKET,2996.32,0.898,FILLED
ORD-002929,2026-08-26 09:08:30.551,ETHUSDT,SELL,MARKET,2995.37,0.533,FILLED
ORD-002930,2026-08-26 09:08:30.642,SOLUSDT,SELL,MARKET,140.17,1.156,FILLED
ORD-002931,2026-08-26 09:08:30.826,BTCUSDT,SELL,MARKET,60052.54,1.224,FILLED
ORD-002932,2026-08-26 09:08:30.911,ETHUSDT,BUY,MARKET,3001.83,2.062,FILLED
ORD-002933,2026-08-26 09:08:31.209,SOLUSDT,BUY,MARKET,139.97,1.721,FILLED
ORD-002934,2026-08-26 09:08:31.479,BTCUSDT,BUY,MARKET,60009.59,1.997,FILLED
ORD-002935,2026-08-26 09:08:31.670,BTCUSDT,BUY,MARKET,60003.53,0.737,FILLED
ORD-002936,2026-08-26 09:08:31.809,ETHUSDT,SELL,MARKET,3004.21,1.465,FILLED
ORD-002937,2026-08-26 09:08:32.029,SOLUSDT,BUY,MARKET,139.9,2.208,FILLED
ORD-002938,2026-08-26 09:08:32.094,SOLUSDT,SELL,MARKET,139.93,1.046,FILLED
ORD-002939,2026-08-26 09:08:32.243,BTCUSDT,BUY,MARKET,59981.71,0.667,FILLED
ORD-002940,2026-08-26 09:08:32.321,SOLUSDT,BUY,MARKET,139.88,1.477,FILLED
ORD-002941,2026-08-26 09:08:32.594,ETHUSDT,BUY,MARKET,3000.54,2.39,FILLED
ORD-002942,2026-08-26 09:08:32.843,SOLUSDT,BUY,MARKET,140.19,1.485,FILLED
ORD-002943,2026-08-26 09:08:32.963,SOLUSDT,SELL,MARKET,140.0,0.577,FILLED
ORD-002944,2026-08-26 09:08:33.160,SOLUSDT,BUY,MARKET,139.94,2.288,FILLED
ORD-002945,2026-08-26 09:08:33.365,ETHUSDT,SELL,MARKET,2999.48,1.3,FILLED
ORD-002946,2026-08-26 09:08:33.444,BTCUSDT,BUY,MARKET,59958.09,1.856,FILLED
ORD-002947,2026-08-26 09:08:33.611,BTCUSDT,BUY,MARKET,60025.49,1.781,FILLED
ORD-002948,2026-08-26 09:08:33.858,ETHUSDT,SELL,MARKET,2999.61,0.376,FILLED
ORD-002949,2026-08-26 09:08:34.141,SOLUSDT,BUY,MARKET,140.24,0.351,FILLED
ORD-002950,2026-08-26 09:08:34.376,BTCUSDT,BUY,MARKET,60042.63,1.172,FILLED
ORD-002951,2026-08-26 09:08:34.612,ETHUSDT,SELL,MARKET,3000.68,1.595,FILLED
ORD-002952,2026-08-26 09:08:34.715,BTCUSDT,BUY,MARKET,59976.95,1.013,FILLED
ORD-002953,2026-08-26 09:08:34.972,SOLUSDT,BUY,MARKET,139.99,2.204,FILLED
ORD-002954,2026-08-26 09:08:35.045,ETHUSDT,BUY,MARKET,3002.33,0.523,FILLED
ORD-002955,2026-08-26 09:08:35.130,ETHUSDT,BUY,MARKET,2999.36,1.601,FILLED
ORD-002956,2026-08-26 09:08:35.332,ETHUSDT,BUY,MARKET,2997.9,0.423,FILLED
ORD-002957,2026-08-26 09:08:35.561,ETHUSDT,SELL,MARKET,2998.57,1.519,FILLED
ORD-002958,2026-08-26 09:08:35.800,ETHUSDT,SELL,MARKET,3000.63,0.258,FILLED
ORD-002959,2026-08-26 09:08:36.002,SOLUSDT,BUY,MARKET,140.31,1.701,FILLED
ORD-002960,2026-08-26 09:08:36.250,ETHUSDT,BUY,MARKET,3002.57,2.076,FILLED
ORD-002961,2026-08-26 09:08:36.408,BTCUSDT,BUY,MARKET,59897.27,0.761,FILLED
ORD-002962,2026-08-26 09:08:36.491,ETHUSDT,SELL,MARKET,3003.47,1.93,FILLED
ORD-002963,2026-08-26 09:08:36.580,BTCUSDT,BUY,MARKET,59908.48,1.882,FILLED
ORD-002964,2026-08-26 09:08:36.722,BTCUSDT,BUY,MARKET,60121.55,1.114,FILLED
ORD-002965,2026-08-26 09:08:36.814,SOLUSDT,BUY,MARKET,139.96,0.767,FILLED
ORD-002966,2026-08-26 09:08:36.973,SOLUSDT,BUY,MARKET,140.22,0.305,FILLED
ORD-002967,2026-08-26 09:08:37.158,SOLUSDT,BUY,MARKET,139.98,2.164,FILLED
ORD-002968,2026-08-26 09:08:37.419,SOLUSDT,BUY,MARKET,139.97,2.174,FILLED
ORD-002969,2026-08-26 09:08:37.532,SOLUSDT,BUY,MARKET,140.14,0.785,FILLED
ORD-002970,2026-08-26 09:08:37.826,BTCUSDT,BUY,MARKET,60013.59,2.272,FILLED
ORD-002971,2026-08-26 09:08:37.892,ETHUSDT,SELL,MARKET,2996.46,0.84,FILLED
ORD-002972,2026-08-26 09:08:38.014,ETHUSDT,SELL,MARKET,3001.54,0.935,FILLED
ORD-002973,2026-08-26 09:08:38.099,ETHUSDT,BUY,MARKET,3000.54,2.12,FILLED
ORD-002974,2026-08-26 09:08:38.345,ETHUSDT,SELL,MARKET,2997.36,1.432,FILLED
ORD-002975,2026-08-26 09:08:38.597,BTCUSDT,BUY,MARKET,60012.32,2.288,FILLED
ORD-002976,2026-08-26 09:08:38.670,ETHUSDT,BUY,MARKET,3001.6,1.932,FILLED
ORD-002977,2026-08-26 09:08:38.744,ETHUSDT,BUY,MARKET,3003.79,0.132,FILLED
ORD-002978,2026-08-26 09:08:38.978,SOLUSDT,SELL,MARKET,140.24,0.173,FILLED
ORD-002979,2026-08-26 09:08:39.038,BTCUSDT,SELL,MARKET,59956.9,0.569,FILLED
ORD-002980,2026-08-26 09:08:39.296,ETHUSDT,SELL,MARKET,3002.29,0.897,FILLED
ORD-002981,2026-08-26 09:08:39.375,ETHUSDT,SELL,MARKET,2998.48,0.579,FILLED
ORD-002982,2026-08-26 09:08:39.515,SOLUSDT,BUY,MARKET,140.21,1.376,FILLED
ORD-002983,2026-08-26 09:08:39.650,ETHUSDT,SELL,MARKET,3000.97,0.591,FILLED
ORD-002984,2026-08-26 09:08:39.914,BTCUSDT,BUY,MARKET,60027.18,2.353,FILLED
ORD-002985,2026-08-26 09:08:39.999,ETHUSDT,SELL,MARKET,2994.52,0.254,REJECTED
ORD-002986,2026-08-26 09:08:40.296,SOLUSDT,SELL,MARKET,139.83,1.096,REJECTED
ORD-002987,2026-08-26 09:08:40.377,ETHUSDT,BUY,MARKET,2997.63,1.512,FILLED
ORD-002988,2026-08-26 09:08:40.444,ETHUSDT,BUY,MARKET,3002.28,1.405,FILLED
ORD-002989,2026-08-26 09:08:40.538,SOLUSDT,SELL,MARKET,139.97,1.799,FILLED
ORD-002990,2026-08-26 09:08:40.798,BTCUSDT,SELL,MARKET,60058.83,0.814,FILLED
ORD-002991,2026-08-26 09:08:40.905,ETHUSDT,SELL,MARKET,2999.71,1.283,FILLED
ORD-002992,2026-08-26 09:08:41.163,SOLUSDT,BUY,MARKET,140.18,1.744,FILLED
ORD-002993,2026-08-26 09:08:41.445,ETHUSDT,SELL,MARKET,2997.66,0.345,FILLED
ORD-002994,2026-08-26 09:08:41.619,ETHUSDT,BUY,MARKET,2997.57,2.386,FILLED
ORD-002995,2026-08-26 09:08:41.780,ETHUSDT,SELL,MARKET,3002.16,1.929,FILLED
ORD-002996,2026-08-26 09:08:41.982,BTCUSDT,BUY,MARKET,60069.78,1.707,FILLED
ORD-002997,2026-08-26 09:08:42.214,ETHUSDT,BUY,MARKET,2996.49,0.135,FILLED
ORD-002998,2026-08-26 09:08:42.299,ETHUSDT,BUY,MARKET,2997.49,2.394,FILLED
ORD-002999,2026-08-26 09:08:42.487,BTCUSDT,BUY,MARKET,60026.34,2.068,FILLED
ORD-003000,2026-08-26 09:08:42.707,BTCUSDT,BUY,MARKET,60127.5,0.48,FILLED
ORD-003001,2026-08-26 09:08:42.974,SOLUSDT,BUY,MARKET,140.13,0.723,FILLED
ORD-003002,2026-08-26 09:08:43.170,SOLUSDT,BUY,MARKET,140.03,1.902,FILLED
ORD-003003,2026-08-26 09:08:43.333,SOLUSDT,SELL,MARKET,139.86,0.3,FILLED
ORD-003004,2026-08-26 09:08:43.600,BTCUSDT,SELL,MARKET,59983.15,2.057,FILLED
ORD-003005,2026-08-26 09:08:43.844,BTCUSDT,SELL,MARKET,60103.94,0.432,FILLED
ORD-003006,2026-08-26 09:08:44.082,BTCUSDT,SELL,MARKET,59935.25,1.353,FILLED
ORD-003007,2026-08-26 09:08:44.270,BTCUSDT,SELL,MARKET,60014.78,2.338,FILLED
ORD-003008,2026-08-26 09:08:44.441,BTCUSDT,BUY,MARKET,59917.07,0.212,FILLED
ORD-003009,2026-08-26 09:08:44.539,ETHUSDT,SELL,MARKET,2999.62,0.532,FILLED
ORD-003010,2026-08-26 09:08:44.760,ETHUSDT,BUY,MARKET,3000.78,1.935,FILLED
ORD-003011,2026-08-26 09:08:44.879,BTCUSDT,BUY,MARKET,59973.34,2.061,FILLED
ORD-003012,2026-08-26 09:08:45.121,BTCUSDT,SELL,MARKET,59933.71,1.212,FILLED
ORD-003013,2026-08-26 09:08:45.261,ETHUSDT,SELL,MARKET,2996.59,0.204,FILLED
ORD-003014,2026-08-26 09:08:45.419,BTCUSDT,BUY,MARKET,60022.84,1.996,FILLED
ORD-003015,2026-08-26 09:08:45.532,BTCUSDT,SELL,MARKET,59992.68,1.424,FILLED
ORD-003016,2026-08-26 09:08:45.724,BTCUSDT,SELL,MARKET,59968.54,1.758,FILLED
ORD-003017,2026-08-26 09:08:45.891,BTCUSDT,SELL,MARKET,59987.18,1.97,FILLED
ORD-003018,2026-08-26 09:08:46.178,SOLUSDT,SELL,MARKET,139.96,2.223,FILLED
ORD-003019,2026-08-26 09:08:46.412,ETHUSDT,SELL,MARKET,3003.06,1.412,FILLED
ORD-003020,2026-08-26 09:08:46.478,ETHUSDT,SELL,MARKET,3003.54,0.85,FILLED
ORD-003021,2026-08-26 09:08:46.568,ETHUSDT,BUY,MARKET,3001.19,1.026,FILLED
ORD-003022,2026-08-26 09:08:46.650,ETHUSDT,BUY,MARKET,3000.22,1.402,FILLED
ORD-003023,2026-08-26 09:08:46.758,BTCUSDT,BUY,MARKET,60043.93,1.772,FILLED
ORD-003024,2026-08-26 09:08:46.930,SOLUSDT,BUY,MARKET,140.13,0.72,FILLED
ORD-003025,2026-08-26 09:08:47.193,BTCUSDT,SELL,MARKET,59999.47,0.153,FILLED
ORD-003026,2026-08-26 09:08:47.393,BTCUSDT,BUY,MARKET,60041.84,2.091,FILLED
ORD-003027,2026-08-26 09:08:47.651,SOLUSDT,BUY,MARKET,140.02,1.539,FILLED
ORD-003028,2026-08-26 09:08:47.885,BTCUSDT,BUY,MARKET,60004.06,0.612,FILLED
ORD-003029,2026-08-26 09:08:48.000,ETHUSDT,BUY,MARKET,2998.96,0.205,FILLED
ORD-003030,2026-08-26 09:08:48.282,ETHUSDT,BUY,MARKET,2998.17,1.781,FILLED
ORD-003031,2026-08-26 09:08:48.369,BTCUSDT,SELL,MARKET,60014.59,0.825,FILLED
ORD-003032,2026-08-26 09:08:48.642,ETHUSDT,BUY,MARKET,3002.53,1.661,FILLED
ORD-003033,2026-08-26 09:08:48.908,BTCUSDT,SELL,MARKET,60008.39,1.099,FILLED
ORD-003034,2026-08-26 09:08:49.149,BTCUSDT,SELL,MARKET,60009.04,2.288,FILLED
ORD-003035,2026-08-26 09:08:49.338,BTCUSDT,BUY,MARKET,60064.03,1.476,FILLED
ORD-003036,2026-08-26 09:08:49.609,SOLUSDT,BUY,MARKET,140.14,1.851,FILLED
ORD-003037,2026-08-26 09:08:49.772,ETHUSDT,SELL,MARKET,3006.26,0.752,FILLED
ORD-003038,2026-08-26 09:08:50.036,ETHUSDT,SELL,MARKET,2997.02,1.989,FILLED
ORD-003039,2026-08-26 09:08:50.225,ETHUSDT,BUY,MARKET,2998.56,2.373,FILLED
ORD-003040,2026-08-26 09:08:50.415,ETHUSDT,BUY,MARKET,3001.59,1.772,FILLED
ORD-003041,2026-08-26 09:08:50.693,ETHUSDT,SELL,MARKET,2996.74,0.85,FILLED
ORD-003042,2026-08-26 09:08:50.911,BTCUSDT,SELL,MARKET,60114.61,0.853,FILLED
ORD-003043,2026-08-26 09:08:51.007,BTCUSDT,BUY,MARKET,60086.33,1.538,FILLED
ORD-003044,2026-08-26 09:08:51.284,BTCUSDT,SELL,MARKET,59991.56,2.329,FILLED
ORD-003045,2026-08-26 09:08:51.508,SOLUSDT,BUY,MARKET,140.1,0.289,FILLED
ORD-003046,2026-08-26 09:08:51.700,SOLUSDT,BUY,MARKET,139.75,1.906,FILLED
ORD-003047,2026-08-26 09:08:51.915,ETHUSDT,BUY,MARKET,3004.58,2.442,FILLED
ORD-003048,2026-08-26 09:08:51.979,BTCUSDT,BUY,MARKET,60029.65,0.994,FILLED
ORD-003049,2026-08-26 09:08:52.175,ETHUSDT,SELL,MARKET,3004.86,1.675,FILLED
ORD-003050,2026-08-26 09:08:52.237,ETHUSDT,BUY,MARKET,2998.36,0.701,FILLED
ORD-003051,2026-08-26 09:08:52.518,ETHUSDT,SELL,MARKET,2996.5,0.758,FILLED
ORD-003052,2026-08-26 09:08:52.679,SOLUSDT,SELL,MARKET,140.07,0.884,FILLED
ORD-003053,2026-08-26 09:08:52.837,ETHUSDT,BUY,MARKET,2999.13,0.846,FILLED
ORD-003054,2026-08-26 09:08:53.033,ETHUSDT,SELL,MARKET,2995.91,2.242,FILLED
ORD-003055,2026-08-26 09:08:53.212,ETHUSDT,SELL,MARKET,3003.11,0.561,FILLED
ORD-003056,2026-08-26 09:08:53.328,SOLUSDT,BUY,MARKET,139.7,1.977,FILLED
ORD-003057,2026-08-26 09:08:53.485,ETHUSDT,SELL,MARKET,3002.53,0.542,FILLED
ORD-003058,2026-08-26 09:08:53.690,ETHUSDT,SELL,MARKET,3001.56,0.902,FILLED
ORD-003059,2026-08-26 09:08:53.848,ETHUSDT,BUY,MARKET,3006.93,2.337,FILLED
ORD-003060,2026-08-26 09:08:54.093,BTCUSDT,BUY,MARKET,60024.43,0.535,FILLED
ORD-003061,2026-08-26 09:08:54.222,ETHUSDT,SELL,MARKET,3000.83,1.676,FILLED
ORD-003062,2026-08-26 09:08:54.298,ETHUSDT,BUY,MARKET,2995.78,1.036,FILLED
ORD-003063,2026-08-26 09:08:54.581,BTCUSDT,BUY,MARKET,60014.33,0.322,FILLED
ORD-003064,2026-08-26 09:08:54.646,SOLUSDT,SELL,MARKET,139.91,1.032,FILLED
ORD-003065,2026-08-26 09:08:54.819,BTCUSDT,BUY,MARKET,59990.1,2.457,FILLED
ORD-003066,2026-08-26 09:08:54.913,SOLUSDT,SELL,MARKET,139.98,2.199,FILLED
ORD-003067,2026-08-26 09:08:55.168,SOLUSDT,SELL,MARKET,140.1,0.133,FILLED
ORD-003068,2026-08-26 09:08:55.436,ETHUSDT,SELL,MARKET,2999.37,2.002,FILLED
ORD-003069,2026-08-26 09:08:55.499,BTCUSDT,SELL,MARKET,59964.42,2.307,FILLED
ORD-003070,2026-08-26 09:08:55.607,BTCUSDT,SELL,MARKET,59881.81,1.249,FILLED
ORD-003071,2026-08-26 09:08:55.793,ETHUSDT,SELL,MARKET,3004.69,2.179,FILLED
ORD-003072,2026-08-26 09:08:55.937,BTCUSDT,SELL,MARKET,60042.46,1.625,FILLED
ORD-003073,2026-08-26 09:08:56.179,ETHUSDT,BUY,MARKET,2999.57,1.438,FILLED
ORD-003074,2026-08-26 09:08:56.472,BTCUSDT,SELL,MARKET,60021.68,1.906,FILLED
ORD-003075,2026-08-26 09:08:56.689,ETHUSDT,BUY,MARKET,3002.44,0.711,FILLED
ORD-003076,2026-08-26 09:08:56.789,ETHUSDT,SELL,MARKET,3002.13,0.45,FILLED
ORD-003077,2026-08-26 09:08:56.953,BTCUSDT,BUY,MARKET,59995.72,2.343,FILLED
ORD-003078,2026-08-26 09:08:57.024,ETHUSDT,SELL,MARKET,3000.48,2.057,FILLED
ORD-003079,2026-08-26 09:08:57.244,ETHUSDT,SELL,MARKET,3000.7,0.595,FILLED
ORD-003080,2026-08-26 09:08:57.436,ETHUSDT,BUY,MARKET,3000.59,2.182,FILLED
ORD-003081,2026-08-26 09:08:57.576,SOLUSDT,SELL,MARKET,140.17,2.255,FILLED
ORD-003082,2026-08-26 09:08:57.781,SOLUSDT,BUY,MARKET,139.95,2.132,FILLED
ORD-003083,2026-08-26 09:08:57.880,ETHUSDT,BUY,MARKET,3003.17,1.815,FILLED
ORD-003084,2026-08-26 09:08:58.114,BTCUSDT,SELL,MARKET,59986.9,0.651,FILLED
ORD-003085,2026-08-26 09:08:58.222,SOLUSDT,BUY,MARKET,140.05,0.894,FILLED
ORD-003086,2026-08-26 09:08:58.434,ETHUSDT,BUY,MARKET,2996.83,1.78,FILLED
ORD-003087,2026-08-26 09:08:58.605,SOLUSDT,BUY,MARKET,140.06,1.051,FILLED
ORD-003088,2026-08-26 09:08:58.699,SOLUSDT,SELL,MARKET,140.05,1.12,FILLED
ORD-003089,2026-08-26 09:08:58.816,ETHUSDT,SELL,MARKET,2992.38,0.963,FILLED
ORD-003090,2026-08-26 09:08:58.958,ETHUSDT,BUY,MARKET,2997.1,1.384,FILLED
ORD-003091,2026-08-26 09:08:59.208,SOLUSDT,BUY,MARKET,140.04,1.181,FILLED
ORD-003092,2026-08-26 09:08:59.462,SOLUSDT,BUY,MARKET,140.07,1.914,FILLED
ORD-003093,2026-08-26 09:08:59.628,SOLUSDT,SELL,MARKET,139.79,0.453,FILLED
ORD-003094,2026-08-26 09:08:59.823,SOLUSDT,SELL,MARKET,140.09,2.029,FILLED
ORD-003095,2026-08-26 09:09:00.099,SOLUSDT,SELL,MARKET,139.97,1.963,FILLED
ORD-003096,2026-08-26 09:09:00.328,SOLUSDT,BUY,MARKET,140.13,1.255,FILLED
ORD-003097,2026-08-26 09:09:00.442,BTCUSDT,SELL,MARKET,60004.12,1.734,FILLED
ORD-003098,2026-08-26 09:09:00.645,ETHUSDT,BUY,MARKET,3000.85,1.849,FILLED
ORD-003099,2026-08-26 09:09:00.747,SOLUSDT,SELL,MARKET,140.15,0.417,FILLED
ORD-003100,2026-08-26 09:09:01.046,SOLUSDT,BUY,MARKET,140.11,1.463,REJECTED
ORD-003101,2026-08-26 09:09:01.140,BTCUSDT,SELL,MARKET,60117.11,2.216,REJECTED
ORD-003102,2026-08-26 09:09:01.219,SOLUSDT,BUY,MARKET,139.77,0.45,REJECTED
ORD-003103,2026-08-26 09:09:01.380,BTCUSDT,BUY,MARKET,59997.21,1.76,FILLED
ORD-003104,2026-08-26 09:09:01.665,ETHUSDT,BUY,MARKET,3003.32,1.532,FILLED
ORD-003105,2026-08-26 09:09:01.813,SOLUSDT,SELL,MARKET,139.91,2.063,REJECTED
ORD-003106,2026-08-26 09:09:01.925,BTCUSDT,SELL,MARKET,60011.71,0.794,FILLED
ORD-003107,2026-08-26 09:09:02.171,SOLUSDT,BUY,MARKET,139.93,0.763,FILLED
ORD-003108,2026-08-26 09:09:02.423,SOLUSDT,BUY,MARKET,139.94,1.513,FILLED
ORD-003109,2026-08-26 09:09:02.707,BTCUSDT,BUY,MARKET,60023.24,1.197,FILLED
ORD-003110,2026-08-26 09:09:02.869,BTCUSDT,BUY,MARKET,60062.63,2.386,FILLED
ORD-003111,2026-08-26 09:09:03.167,BTCUSDT,SELL,MARKET,60030.81,1.146,FILLED
ORD-003112,2026-08-26 09:09:03.382,SOLUSDT,SELL,MARKET,139.93,0.131,FILLED
ORD-003113,2026-08-26 09:09:03.647,ETHUSDT,SELL,MARKET,2997.4,0.317,FILLED
ORD-003114,2026-08-26 09:09:03.799,BTCUSDT,SELL,MARKET,60042.87,0.877,FILLED
ORD-003115,2026-08-26 09:09:03.852,SOLUSDT,SELL,MARKET,140.01,1.355,FILLED
ORD-003116,2026-08-26 09:09:03.938,ETHUSDT,BUY,MARKET,3005.59,0.806,FILLED
ORD-003117,2026-08-26 09:09:04.123,ETHUSDT,SELL,MARKET,2998.99,1.984,FILLED
ORD-003118,2026-08-26 09:09:04.203,BTCUSDT,SELL,MARKET,60100.18,1.625,FILLED
ORD-003119,2026-08-26 09:09:04.458,ETHUSDT,SELL,MARKET,2997.34,0.174,FILLED
ORD-003120,2026-08-26 09:09:04.624,SOLUSDT,SELL,MARKET,140.03,0.286,FILLED
ORD-003121,2026-08-26 09:09:04.696,ETHUSDT,BUY,MARKET,2997.64,0.153,FILLED
ORD-003122,2026-08-26 09:09:04.963,BTCUSDT,SELL,MARKET,60040.72,0.96,FILLED
ORD-003123,2026-08-26 09:09:05.231,SOLUSDT,BUY,MARKET,140.15,0.289,FILLED
ORD-003124,2026-08-26 09:09:05.373,BTCUSDT,SELL,MARKET,59896.72,1.982,FILLED
ORD-003125,2026-08-26 09:09:05.497,ETHUSDT,SELL,MARKET,3001.08,1.268,FILLED
ORD-003126,2026-08-26 09:09:05.701,SOLUSDT,BUY,MARKET,140.07,0.812,FILLED
ORD-003127,2026-08-26 09:09:05.892,BTCUSDT,BUY,MARKET,59933.46,2.103,FILLED
ORD-003128,2026-08-26 09:09:05.977,BTCUSDT,SELL,MARKET,59901.5,1.067,FILLED
ORD-003129,2026-08-26 09:09:06.112,ETHUSDT,SELL,MARKET,3001.13,2.363,FILLED
ORD-003130,2026-08-26 09:09:06.395,SOLUSDT,BUY,MARKET,139.65,2.216,FILLED
ORD-003131,2026-08-26 09:09:06.533,ETHUSDT,SELL,MARKET,2998.73,2.076,FILLED
ORD-003132,2026-08-26 09:09:06.694,SOLUSDT,SELL,MARKET,140.15,0.209,FILLED
ORD-003133,2026-08-26 09:09:06.966,SOLUSDT,BUY,MARKET,140.07,0.403,FILLED
ORD-003134,2026-08-26 09:09:07.203,ETHUSDT,SELL,MARKET,2997.37,0.143,FILLED
ORD-003135,2026-08-26 09:09:07.340,BTCUSDT,BUY,MARKET,59999.21,1.79,FILLED
ORD-003136,2026-08-26 09:09:07.424,ETHUSDT,SELL,MARKET,3001.75,0.607,FILLED
ORD-003137,2026-08-26 09:09:07.630,ETHUSDT,SELL,MARKET,2994.36,2.307,FILLED
ORD-003138,2026-08-26 09:09:07.922,ETHUSDT,SELL,MARKET,2997.64,1.348,FILLED
ORD-003139,2026-08-26 09:09:07.995,SOLUSDT,BUY,MARKET,139.82,1.186,FILLED
ORD-003140,2026-08-26 09:09:08.283,BTCUSDT,SELL,MARKET,60040.75,1.401,FILLED
ORD-003141,2026-08-26 09:09:08.476,ETHUSDT,BUY,MARKET,3000.31,0.943,FILLED
ORD-003142,2026-08-26 09:09:08.682,SOLUSDT,BUY,MARKET,140.15,2.439,FILLED
ORD-003143,2026-08-26 09:09:08.754,BTCUSDT,SELL,MARKET,59938.37,2.059,FILLED
ORD-003144,2026-08-26 09:09:08.896,ETHUSDT,BUY,MARKET,3003.4,0.205,FILLED
ORD-003145,2026-08-26 09:09:08.954,BTCUSDT,SELL,MARKET,59964.3,0.579,FILLED
ORD-003146,2026-08-26 09:09:09.005,ETHUSDT,BUY,MARKET,3003.97,1.733,FILLED
ORD-003147,2026-08-26 09:09:09.279,ETHUSDT,SELL,MARKET,3002.73,1.669,FILLED
ORD-003148,2026-08-26 09:09:09.536,SOLUSDT,SELL,MARKET,139.95,0.803,FILLED
ORD-003149,2026-08-26 09:09:09.728,SOLUSDT,BUY,MARKET,140.08,1.092,FILLED
ORD-003150,2026-08-26 09:09:09.843,SOLUSDT,BUY,MARKET,139.94,0.416,FILLED
ORD-003151,2026-08-26 09:09:10.138,ETHUSDT,SELL,MARKET,3001.62,1.858,FILLED
ORD-003152,2026-08-26 09:09:10.325,SOLUSDT,BUY,MARKET,139.88,0.846,FILLED
ORD-003153,2026-08-26 09:09:10.441,BTCUSDT,BUY,MARKET,59964.97,0.27,FILLED
ORD-003154,2026-08-26 09:09:10.594,ETHUSDT,BUY,MARKET,3001.47,1.694,FILLED
ORD-003155,2026-08-26 09:09:10.869,BTCUSDT,BUY,MARKET,60010.88,0.612,FILLED
ORD-003156,2026-08-26 09:09:10.980,SOLUSDT,SELL,MARKET,139.95,2.215,FILLED
ORD-003157,2026-08-26 09:09:11.280,ETHUSDT,BUY,MARKET,3001.88,2.169,FILLED
ORD-003158,2026-08-26 09:09:11.470,SOLUSDT,SELL,MARKET,140.03,0.565,FILLED
ORD-003159,2026-08-26 09:09:11.660,BTCUSDT,SELL,MARKET,59988.37,1.308,FILLED
ORD-003160,2026-08-26 09:09:11.914,ETHUSDT,BUY,MARKET,2998.2,2.311,FILLED
ORD-003161,2026-08-26 09:09:12.049,SOLUSDT,SELL,MARKET,140.12,0.214,FILLED
ORD-003162,2026-08-26 09:09:12.199,BTCUSDT,SELL,MARKET,59994.09,1.791,FILLED
ORD-003163,2026-08-26 09:09:12.350,ETHUSDT,SELL,MARKET,3003.39,0.974,FILLED
ORD-003164,2026-08-26 09:09:12.408,BTCUSDT,BUY,MARKET,60112.0,0.123,FILLED
ORD-003165,2026-08-26 09:09:12.619,SOLUSDT,SELL,MARKET,140.05,0.202,FILLED
ORD-003166,2026-08-26 09:09:12.896,SOLUSDT,SELL,MARKET,139.88,1.54,FILLED
ORD-003167,2026-08-26 09:09:13.075,BTCUSDT,BUY,MARKET,59870.64,1.21,FILLED
ORD-003168,2026-08-26 09:09:13.331,ETHUSDT,BUY,MARKET,3004.08,0.442,FILLED
ORD-003169,2026-08-26 09:09:13.424,ETHUSDT,SELL,MARKET,2998.9,1.786,FILLED
ORD-003170,2026-08-26 09:09:13.554,SOLUSDT,BUY,MARKET,139.88,2.307,FILLED
ORD-003171,2026-08-26 09:09:13.774,ETHUSDT,BUY,MARKET,2998.2,2.243,FILLED
ORD-003172,2026-08-26 09:09:13.968,BTCUSDT,BUY,MARKET,60026.48,2.005,FILLED
ORD-003173,2026-08-26 09:09:14.197,ETHUSDT,BUY,MARKET,3000.01,1.923,FILLED
ORD-003174,2026-08-26 09:09:14.485,BTCUSDT,BUY,MARKET,60082.38,2.171,FILLED
ORD-003175,2026-08-26 09:09:14.601,BTCUSDT,SELL,MARKET,59970.95,1.747,FILLED
ORD-003176,2026-08-26 09:09:14.777,ETHUSDT,SELL,MARKET,3003.76,2.394,FILLED
ORD-003177,2026-08-26 09:09:14.967,BTCUSDT,SELL,MARKET,59908.73,1.213,FILLED
ORD-003178,2026-08-26 09:09:15.024,BTCUSDT,SELL,MARKET,60062.77,0.979,FILLED
ORD-003179,2026-08-26 09:09:15.247,BTCUSDT,BUY,MARKET,60019.12,0.791,FILLED
ORD-003180,2026-08-26 09:09:15.473,SOLUSDT,BUY,MARKET,140.35,0.129,FILLED
ORD-003181,2026-08-26 09:09:15.747,SOLUSDT,BUY,MARKET,140.11,2.35,FILLED
ORD-003182,2026-08-26 09:09:15.869,BTCUSDT,SELL,MARKET,60026.76,2.434,FILLED
ORD-003183,2026-08-26 09:09:16.163,BTCUSDT,BUY,MARKET,60067.33,2.284,FILLED
ORD-003184,2026-08-26 09:09:16.352,BTCUSDT,SELL,MARKET,59920.21,0.518,FILLED
ORD-003185,2026-08-26 09:09:16.547,ETHUSDT,SELL,MARKET,2995.72,0.997,FILLED
ORD-003186,2026-08-26 09:09:16.701,ETHUSDT,BUY,MARKET,3000.45,0.18,FILLED
ORD-003187,2026-08-26 09:09:16.984,ETHUSDT,BUY,MARKET,2996.96,1.128,FILLED
ORD-003188,2026-08-26 09:09:17.101,SOLUSDT,BUY,MARKET,139.95,1.154,FILLED
ORD-003189,2026-08-26 09:09:17.183,BTCUSDT,BUY,MARKET,60036.56,1.767,FILLED
ORD-003190,2026-08-26 09:09:17.381,SOLUSDT,BUY,MARKET,139.97,0.794,FILLED
ORD-003191,2026-08-26 09:09:17.548,SOLUSDT,SELL,MARKET,140.15,1.042,FILLED
ORD-003192,2026-08-26 09:09:17.687,ETHUSDT,BUY,MARKET,2994.94,0.486,FILLED
ORD-003193,2026-08-26 09:09:17.770,BTCUSDT,BUY,MARKET,60020.81,0.851,FILLED
ORD-003194,2026-08-26 09:09:17.969,ETHUSDT,BUY,MARKET,2998.97,0.711,FILLED
ORD-003195,2026-08-26 09:09:18.075,BTCUSDT,BUY,MARKET,60052.81,1.97,FILLED
ORD-003196,2026-08-26 09:09:18.326,BTCUSDT,SELL,MARKET,60036.38,0.137,FILLED
ORD-003197,2026-08-26 09:09:18.387,BTCUSDT,BUY,MARKET,60144.37,2.113,FILLED
ORD-003198,2026-08-26 09:09:18.670,ETHUSDT,BUY,MARKET,3003.21,1.398,FILLED
ORD-003199,2026-08-26 09:09:18.742,ETHUSDT,SELL,MARKET,2996.75,2.267,FILLED
ORD-003200,2026-08-26 09:09:18.793,ETHUSDT,SELL,MARKET,3003.14,1.579,FILLED
ORD-003201,2026-08-26 09:09:19.036,ETHUSDT,SELL,MARKET,2999.5,1.196,FILLED
ORD-003202,2026-08-26 09:09:19.129,SOLUSDT,SELL,MARKET,140.08,0.547,FILLED
ORD-003203,2026-08-26 09:09:19.394,SOLUSDT,SELL,MARKET,140.05,0.654,FILLED
ORD-003204,2026-08-26 09:09:19.670,BTCUSDT,SELL,MARKET,60009.84,2.014,FILLED
ORD-003205,2026-08-26 09:09:19.785,SOLUSDT,BUY,MARKET,140.13,0.548,FILLED
ORD-003206,2026-08-26 09:09:20.067,ETHUSDT,SELL,MARKET,3000.29,0.403,FILLED
ORD-003207,2026-08-26 09:09:20.299,ETHUSDT,BUY,MARKET,3001.83,0.489,FILLED
ORD-003208,2026-08-26 09:09:20.374,SOLUSDT,BUY,MARKET,140.02,2.398,FILLED
ORD-003209,2026-08-26 09:09:20.455,SOLUSDT,BUY,MARKET,140.01,1.359,FILLED
ORD-003210,2026-08-26 09:09:20.616,SOLUSDT,SELL,MARKET,139.83,1.457,FILLED
ORD-003211,2026-08-26 09:09:20.806,BTCUSDT,BUY,MARKET,60101.53,0.991,FILLED
ORD-003212,2026-08-26 09:09:20.974,SOLUSDT,BUY,MARKET,140.03,1.466,FILLED
ORD-003213,2026-08-26 09:09:21.156,SOLUSDT,SELL,MARKET,140.23,1.016,FILLED
ORD-003214,2026-08-26 09:09:21.328,BTCUSDT,BUY,MARKET,59953.34,2.301,FILLED
ORD-003215,2026-08-26 09:09:21.417,SOLUSDT,BUY,MARKET,139.99,1.561,FILLED
ORD-003216,2026-08-26 09:09:21.713,SOLUSDT,SELL,MARKET,140.04,0.763,FILLED
ORD-003217,2026-08-26 09:09:21.947,ETHUSDT,BUY,MARKET,3002.23,0.431,FILLED
ORD-003218,2026-08-26 09:09:22.072,ETHUSDT,BUY,MARKET,3003.19,0.613,FILLED
ORD-003219,2026-08-26 09:09:22.291,SOLUSDT,BUY,MARKET,140.05,0.649,FILLED
ORD-003220,2026-08-26 09:09:22.374,BTCUSDT,BUY,MARKET,60013.08,0.769,REJECTED
ORD-003221,2026-08-26 09:09:22.603,SOLUSDT,BUY,MARKET,139.72,1.485,FILLED
ORD-003222,2026-08-26 09:09:22.723,BTCUSDT,BUY,MARKET,59992.03,1.622,FILLED
ORD-003223,2026-08-26 09:09:22.805,SOLUSDT,BUY,MARKET,140.11,1.295,FILLED
ORD-003224,2026-08-26 09:09:22.878,SOLUSDT,BUY,MARKET,139.67,1.964,REJECTED
ORD-003225,2026-08-26 09:09:22.942,ETHUSDT,SELL,MARKET,3002.17,0.107,FILLED
ORD-003226,2026-08-26 09:09:23.148,ETHUSDT,BUY,MARKET,2997.09,1.055,FILLED
ORD-003227,2026-08-26 09:09:23.304,SOLUSDT,BUY,MARKET,139.79,0.489,FILLED
ORD-003228,2026-08-26 09:09:23.545,SOLUSDT,BUY,MARKET,140.12,2.165,REJECTED
ORD-003229,2026-08-26 09:09:23.805,SOLUSDT,BUY,MARKET,139.98,2.121,FILLED
ORD-003230,2026-08-26 09:09:24.095,ETHUSDT,BUY,MARKET,3001.57,0.295,FILLED
ORD-003231,2026-08-26 09:09:24.287,BTCUSDT,SELL,MARKET,60002.21,0.981,FILLED
ORD-003232,2026-08-26 09:09:24.529,ETHUSDT,SELL,MARKET,2993.57,1.205,FILLED
ORD-003233,2026-08-26 09:09:24.725,BTCUSDT,SELL,MARKET,60026.44,0.467,FILLED
ORD-003234,2026-08-26 09:09:24.974,SOLUSDT,SELL,MARKET,140.06,1.495,FILLED
ORD-003235,2026-08-26 09:09:25.274,ETHUSDT,SELL,MARKET,3000.58,1.136,FILLED
ORD-003236,2026-08-26 09:09:25.430,BTCUSDT,SELL,MARKET,60011.18,0.639,FILLED
ORD-003237,2026-08-26 09:09:25.528,ETHUSDT,BUY,MARKET,3002.04,0.501,FILLED
ORD-003238,2026-08-26 09:09:25.600,BTCUSDT,BUY,MARKET,59899.57,2.102,FILLED
ORD-003239,2026-08-26 09:09:25.885,ETHUSDT,BUY,MARKET,3002.64,1.697,FILLED
ORD-003240,2026-08-26 09:09:26.107,SOLUSDT,SELL,MARKET,139.93,0.869,FILLED
ORD-003241,2026-08-26 09:09:26.401,BTCUSDT,BUY,MARKET,59923.35,1.627,FILLED
ORD-003242,2026-08-26 09:09:26.476,BTCUSDT,SELL,MARKET,60024.87,1.749,FILLED
ORD-003243,2026-08-26 09:09:26.736,SOLUSDT,SELL,MARKET,139.97,0.847,FILLED
ORD-003244,2026-08-26 09:09:26.842,SOLUSDT,BUY,MARKET,139.84,1.013,FILLED
ORD-003245,2026-08-26 09:09:27.138,BTCUSDT,SELL,MARKET,60007.52,1.828,FILLED
ORD-003246,2026-08-26 09:09:27.202,ETHUSDT,SELL,MARKET,3001.61,0.978,FILLED
ORD-003247,2026-08-26 09:09:27.460,ETHUSDT,BUY,MARKET,2998.17,0.586,FILLED
ORD-003248,2026-08-26 09:09:27.681,BTCUSDT,BUY,MARKET,60127.52,0.978,FILLED
ORD-003249,2026-08-26 09:09:27.825,SOLUSDT,SELL,MARKET,139.95,1.825,FILLED
ORD-003250,2026-08-26 09:09:27.959,ETHUSDT,SELL,MARKET,2998.79,0.745,FILLED
ORD-003251,2026-08-26 09:09:28.077,ETHUSDT,SELL,MARKET,3003.26,2.014,FILLED
ORD-003252,2026-08-26 09:09:28.221,SOLUSDT,SELL,MARKET,139.92,0.676,FILLED
ORD-003253,2026-08-26 09:09:28.457,SOLUSDT,SELL,MARKET,139.71,1.028,FILLED
ORD-003254,2026-08-26 09:09:28.578,SOLUSDT,SELL,MARKET,139.78,0.601,FILLED
ORD-003255,2026-08-26 09:09:28.806,BTCUSDT,BUY,MARKET,60052.04,0.153,FILLED
ORD-003256,2026-08-26 09:09:28.934,BTCUSDT,SELL,MARKET,60003.49,2.301,FILLED
ORD-003257,2026-08-26 09:09:29.020,SOLUSDT,BUY,MARKET,140.02,1.058,FILLED
ORD-003258,2026-08-26 09:09:29.116,ETHUSDT,SELL,MARKET,3002.29,2.126,FILLED
ORD-003259,2026-08-26 09:09:29.227,BTCUSDT,BUY,MARKET,59967.06,0.763,FILLED
ORD-003260,2026-08-26 09:09:29.350,ETHUSDT,BUY,MARKET,3005.15,2.34,FILLED
ORD-003261,2026-08-26 09:09:29.629,BTCUSDT,SELL,MARKET,59919.31,0.695,FILLED
ORD-003262,2026-08-26 09:09:29.758,BTCUSDT,SELL,MARKET,59963.2,0.86,FILLED
ORD-003263,2026-08-26 09:09:29.925,BTCUSDT,BUY,MARKET,60004.85,1.679,FILLED
ORD-003264,2026-08-26 09:09:30.111,BTCUSDT,BUY,MARKET,59912.09,0.143,FILLED
ORD-003265,2026-08-26 09:09:30.203,SOLUSDT,BUY,MARKET,140.11,0.955,FILLED
ORD-003266,2026-08-26 09:09:30.487,BTCUSDT,BUY,MARKET,59986.32,1.172,FILLED
ORD-003267,2026-08-26 09:09:30.705,SOLUSDT,SELL,MARKET,140.01,2.058,FILLED
ORD-003268,2026-08-26 09:09:30.821,ETHUSDT,BUY,MARKET,2995.62,2.014,FILLED
ORD-003269,2026-08-26 09:09:30.912,ETHUSDT,SELL,MARKET,2993.69,1.643,FILLED
ORD-003270,2026-08-26 09:09:31.151,SOLUSDT,BUY,MARKET,139.94,0.919,FILLED
ORD-003271,2026-08-26 09:09:31.311,BTCUSDT,BUY,MARKET,59897.1,0.417,FILLED
ORD-003272,2026-08-26 09:09:31.432,ETHUSDT,SELL,MARKET,2998.86,0.108,FILLED
ORD-003273,2026-08-26 09:09:31.521,BTCUSDT,BUY,MARKET,59955.14,0.957,FILLED
ORD-003274,2026-08-26 09:09:31.703,ETHUSDT,BUY,MARKET,3003.62,0.881,FILLED
ORD-003275,2026-08-26 09:09:31.927,SOLUSDT,BUY,MARKET,139.97,1.261,FILLED
ORD-003276,2026-08-26 09:09:32.193,BTCUSDT,BUY,MARKET,60011.27,1.211,FILLED
ORD-003277,2026-08-26 09:09:32.389,BTCUSDT,BUY,MARKET,59967.09,0.644,FILLED
ORD-003278,2026-08-26 09:09:32.645,SOLUSDT,BUY,MARKET,139.82,1.055,FILLED
ORD-003279,2026-08-26 09:09:32.726,SOLUSDT,BUY,MARKET,140.07,0.184,FILLED
ORD-003280,2026-08-26 09:09:32.974,BTCUSDT,SELL,MARKET,60034.57,0.47,FILLED
ORD-003281,2026-08-26 09:09:33.171,ETHUSDT,BUY,MARKET,2999.51,1.648,FILLED
ORD-003282,2026-08-26 09:09:33.468,SOLUSDT,SELL,MARKET,139.86,1.826,FILLED
ORD-003283,2026-08-26 09:09:33.750,SOLUSDT,SELL,MARKET,140.28,1.739,FILLED
ORD-003284,2026-08-26 09:09:33.913,BTCUSDT,BUY,MARKET,60048.1,1.95,FILLED
ORD-003285,2026-08-26 09:09:34.036,BTCUSDT,BUY,MARKET,60018.85,0.518,FILLED
ORD-003286,2026-08-26 09:09:34.142,ETHUSDT,SELL,MARKET,2997.14,1.976,FILLED
ORD-003287,2026-08-26 09:09:34.281,ETHUSDT,BUY,MARKET,2998.0,0.309,FILLED
ORD-003288,2026-08-26 09:09:34.448,BTCUSDT,SELL,MARKET,60017.88,1.423,FILLED
ORD-003289,2026-08-26 09:09:34.693,BTCUSDT,BUY,MARKET,59956.78,2.403,FILLED
ORD-003290,2026-08-26 09:09:34.746,SOLUSDT,BUY,MARKET,139.74,0.193,FILLED
ORD-003291,2026-08-26 09:09:35.039,ETHUSDT,BUY,MARKET,3002.78,1.648,FILLED
ORD-003292,2026-08-26 09:09:35.335,SOLUSDT,BUY,MARKET,139.97,1.445,FILLED
ORD-003293,2026-08-26 09:09:35.546,BTCUSDT,BUY,MARKET,60044.57,2.005,FILLED
ORD-003294,2026-08-26 09:09:35.647,ETHUSDT,SELL,MARKET,2995.55,1.066,FILLED
ORD-003295,2026-08-26 09:09:35.945,ETHUSDT,SELL,MARKET,3000.23,0.604,FILLED
ORD-003296,2026-08-26 09:09:35.999,BTCUSDT,BUY,MARKET,60053.63,1.809,FILLED
ORD-003297,2026-08-26 09:09:36.137,SOLUSDT,BUY,MARKET,140.32,2.493,FILLED
ORD-003298,2026-08-26 09:09:36.407,SOLUSDT,BUY,MARKET,140.09,1.745,FILLED
ORD-003299,2026-08-26 09:09:36.503,BTCUSDT,BUY,MARKET,60026.84,0.237,FILLED
ORD-003300,2026-08-26 09:09:36.615,SOLUSDT,SELL,MARKET,140.06,2.261,FILLED
ORD-003301,2026-08-26 09:09:36.694,SOLUSDT,SELL,MARKET,139.91,2.152,FILLED
ORD-003302,2026-08-26 09:09:36.770,SOLUSDT,BUY,MARKET,139.79,1.28,FILLED
ORD-003303,2026-08-26 09:09:37.063,BTCUSDT,BUY,MARKET,59988.01,2.156,FILLED
ORD-003304,2026-08-26 09:09:37.281,ETHUSDT,BUY,MARKET,2999.4,0.133,FILLED
ORD-003305,2026-08-26 09:09:37.461,BTCUSDT,BUY,MARKET,59913.29,1.687,FILLED
ORD-003306,2026-08-26 09:09:37.604,ETHUSDT,SELL,MARKET,3000.39,1.236,FILLED
ORD-003307,2026-08-26 09:09:37.746,ETHUSDT,BUY,MARKET,3004.74,1.243,FILLED
ORD-003308,2026-08-26 09:09:37.964,ETHUSDT,SELL,MARKET,2997.69,2.348,FILLED
ORD-003309,2026-08-26 09:09:38.033,BTCUSDT,SELL,MARKET,59990.93,0.742,FILLED
ORD-003310,2026-08-26 09:09:38.254,SOLUSDT,SELL,MARKET,139.9,1.467,FILLED
ORD-003311,2026-08-26 09:09:38.444,BTCUSDT,SELL,MARKET,60043.59,0.87,FILLED
ORD-003312,2026-08-26 09:09:38.701,ETHUSDT,SELL,MARKET,2999.14,2.028,FILLED
ORD-003313,2026-08-26 09:09:38.754,BTCUSDT,BUY,MARKET,59979.3,0.48,FILLED
ORD-003314,2026-08-26 09:09:38.882,BTCUSDT,SELL,MARKET,60052.35,0.316,FILLED
ORD-003315,2026-08-26 09:09:39.174,BTCUSDT,BUY,MARKET,60012.1,1.132,FILLED
ORD-003316,2026-08-26 09:09:39.233,SOLUSDT,SELL,MARKET,139.85,1.189,FILLED
ORD-003317,2026-08-26 09:09:39.406,SOLUSDT,SELL,MARKET,140.1,1.277,FILLED
ORD-003318,2026-08-26 09:09:39.568,BTCUSDT,BUY,MARKET,60076.97,0.545,FILLED
ORD-003319,2026-08-26 09:09:39.796,SOLUSDT,SELL,MARKET,139.83,2.402,FILLED
ORD-003320,2026-08-26 09:09:40.009,SOLUSDT,SELL,MARKET,139.95,0.669,FILLED
ORD-003321,2026-08-26 09:09:40.156,BTCUSDT,SELL,MARKET,59916.11,1.612,FILLED
ORD-003322,2026-08-26 09:09:40.407,ETHUSDT,SELL,MARKET,2998.94,1.713,FILLED
ORD-003323,2026-08-26 09:09:40.487,SOLUSDT,SELL,MARKET,139.89,0.21,FILLED
ORD-003324,2026-08-26 09:09:40.743,SOLUSDT,BUY,MARKET,139.92,0.938,FILLED
ORD-003325,2026-08-26 09:09:41.028,ETHUSDT,SELL,MARKET,3002.34,1.195,FILLED
ORD-003326,2026-08-26 09:09:41.325,ETHUSDT,SELL,MARKET,3000.05,0.437,FILLED
ORD-003327,2026-08-26 09:09:41.486,SOLUSDT,SELL,MARKET,139.89,1.697,FILLED
ORD-003328,2026-08-26 09:09:41.615,ETHUSDT,SELL,MARKET,2999.37,1.18,FILLED
ORD-003329,2026-08-26 09:09:41.841,BTCUSDT,SELL,MARKET,60017.72,0.934,FILLED
ORD-003330,2026-08-26 09:09:41.981,BTCUSDT,SELL,MARKET,60206.62,1.076,FILLED
ORD-003331,2026-08-26 09:09:42.280,ETHUSDT,BUY,MARKET,3001.19,1.874,FILLED
ORD-003332,2026-08-26 09:09:42.358,ETHUSDT,SELL,MARKET,3000.44,1.159,FILLED
ORD-003333,2026-08-26 09:09:42.460,SOLUSDT,SELL,MARKET,139.98,0.635,FILLED
ORD-003334,2026-08-26 09:09:42.599,BTCUSDT,SELL,MARKET,59991.0,0.53,FILLED
ORD-003335,2026-08-26 09:09:42.758,BTCUSDT,BUY,MARKET,59938.27,1.719,FILLED
ORD-003336,2026-08-26 09:09:43.042,ETHUSDT,BUY,MARKET,3000.19,1.574,FILLED
ORD-003337,2026-08-26 09:09:43.260,SOLUSDT,SELL,MARKET,139.89,0.776,FILLED
ORD-003338,2026-08-26 09:09:43.540,ETHUSDT,BUY,MARKET,3001.84,0.728,FILLED
ORD-003339,2026-08-26 09:09:43.819,ETHUSDT,BUY,MARKET,3003.75,0.275,FILLED
ORD-003340,2026-08-26 09:09:44.049,ETHUSDT,BUY,MARKET,3002.31,1.907,REJECTED
ORD-003341,2026-08-26 09:09:44.103,ETHUSDT,SELL,MARKET,2997.01,0.747,FILLED
ORD-003342,2026-08-26 09:09:44.275,SOLUSDT,BUY,MARKET,140.09,1.108,FILLED
ORD-003343,2026-08-26 09:09:44.544,SOLUSDT,BUY,MARKET,140.14,1.949,FILLED
ORD-003344,2026-08-26 09:09:44.627,ETHUSDT,BUY,MARKET,2998.74,2.246,FILLED
ORD-003345,2026-08-26 09:09:44.809,BTCUSDT,BUY,MARKET,60129.28,0.884,FILLED
ORD-003346,2026-08-26 09:09:44.892,ETHUSDT,BUY,MARKET,3004.93,0.908,FILLED
ORD-003347,2026-08-26 09:09:45.179,BTCUSDT,BUY,MARKET,59942.05,1.139,FILLED
ORD-003348,2026-08-26 09:09:45.452,BTCUSDT,BUY,MARKET,59904.97,0.166,FILLED
ORD-003349,2026-08-26 09:09:45.723,ETHUSDT,BUY,MARKET,2999.88,1.208,FILLED
ORD-003350,2026-08-26 09:09:45.915,ETHUSDT,SELL,MARKET,3000.61,2.115,FILLED
ORD-003351,2026-08-26 09:09:46.031,ETHUSDT,BUY,MARKET,3006.41,2.367,FILLED
ORD-003352,2026-08-26 09:09:46.182,SOLUSDT,SELL,MARKET,139.78,1.77,FILLED
ORD-003353,2026-08-26 09:09:46.326,ETHUSDT,BUY,MARKET,3002.39,1.401,FILLED
ORD-003354,2026-08-26 09:09:46.416,BTCUSDT,BUY,MARKET,60039.36,2.089,FILLED
ORD-003355,2026-08-26 09:09:46.540,SOLUSDT,BUY,MARKET,139.83,0.844,FILLED
ORD-003356,2026-08-26 09:09:46.649,BTCUSDT,SELL,MARKET,60057.97,0.145,FILLED
ORD-003357,2026-08-26 09:09:46.871,SOLUSDT,SELL,MARKET,140.09,1.879,FILLED
ORD-003358,2026-08-26 09:09:47.062,SOLUSDT,SELL,MARKET,140.05,0.167,FILLED
ORD-003359,2026-08-26 09:09:47.183,SOLUSDT,SELL,MARKET,140.2,1.466,FILLED
ORD-003360,2026-08-26 09:09:47.402,ETHUSDT,BUY,MARKET,3000.9,0.315,FILLED
ORD-003361,2026-08-26 09:09:47.461,ETHUSDT,SELL,MARKET,3002.89,0.732,FILLED
ORD-003362,2026-08-26 09:09:47.714,ETHUSDT,BUY,MARKET,3008.03,0.648,FILLED
ORD-003363,2026-08-26 09:09:47.835,ETHUSDT,BUY,MARKET,3000.05,1.563,FILLED
ORD-003364,2026-08-26 09:09:48.108,ETHUSDT,SELL,MARKET,3000.69,0.908,FILLED
ORD-003365,2026-08-26 09:09:48.361,BTCUSDT,BUY,MARKET,60042.33,0.468,FILLED
ORD-003366,2026-08-26 09:09:48.438,BTCUSDT,BUY,MARKET,60056.0,1.063,FILLED
ORD-003367,2026-08-26 09:09:48.552,BTCUSDT,BUY,MARKET,60079.24,0.627,FILLED
ORD-003368,2026-08-26 09:09:48.832,ETHUSDT,SELL,MARKET,2999.3,0.395,FILLED
ORD-003369,2026-08-26 09:09:48.991,ETHUSDT,SELL,MARKET,2995.13,1.15,FILLED
ORD-003370,2026-08-26 09:09:49.104,BTCUSDT,SELL,MARKET,60073.44,2.053,FILLED
ORD-003371,2026-08-26 09:09:49.174,SOLUSDT,BUY,MARKET,140.01,0.605,FILLED
ORD-003372,2026-08-26 09:09:49.348,BTCUSDT,BUY,MARKET,59956.55,0.72,FILLED
ORD-003373,2026-08-26 09:09:49.600,BTCUSDT,BUY,MARKET,59991.12,2.303,FILLED
ORD-003374,2026-08-26 09:09:49.898,BTCUSDT,BUY,MARKET,60030.67,0.263,FILLED
ORD-003375,2026-08-26 09:09:50.117,SOLUSDT,BUY,MARKET,140.15,2.398,FILLED
ORD-003376,2026-08-26 09:09:50.391,BTCUSDT,SELL,MARKET,60020.64,1.154,FILLED
ORD-003377,2026-08-26 09:09:50.559,SOLUSDT,SELL,MARKET,140.19,2.219,FILLED
ORD-003378,2026-08-26 09:09:50.735,SOLUSDT,BUY,MARKET,139.97,1.627,FILLED
ORD-003379,2026-08-26 09:09:51.024,ETHUSDT,SELL,MARKET,2995.94,2.098,FILLED
ORD-003380,2026-08-26 09:09:51.211,BTCUSDT,SELL,MARKET,59998.36,1.4,FILLED
ORD-003381,2026-08-26 09:09:51.390,ETHUSDT,BUY,MARKET,3002.19,0.456,FILLED
ORD-003382,2026-08-26 09:09:51.589,BTCUSDT,BUY,MARKET,59977.15,2.026,FILLED
ORD-003383,2026-08-26 09:09:51.704,SOLUSDT,SELL,MARKET,139.85,0.776,FILLED
ORD-003384,2026-08-26 09:09:51.869,SOLUSDT,BUY,MARKET,140.12,1.605,FILLED
ORD-003385,2026-08-26 09:09:52.169,SOLUSDT,BUY,MARKET,139.99,0.303,FILLED
ORD-003386,2026-08-26 09:09:52.397,BTCUSDT,BUY,MARKET,60015.61,0.201,FILLED
ORD-003387,2026-08-26 09:09:52.681,ETHUSDT,SELL,MARKET,2999.43,0.22,FILLED
ORD-003388,2026-08-26 09:09:52.908,BTCUSDT,SELL,MARKET,60037.39,1.263,FILLED
ORD-003389,2026-08-26 09:09:53.116,BTCUSDT,BUY,MARKET,60043.08,1.511,FILLED
ORD-003390,2026-08-26 09:09:53.392,SOLUSDT,SELL,MARKET,140.19,0.864,FILLED
ORD-003391,2026-08-26 09:09:53.684,BTCUSDT,SELL,MARKET,59844.76,2.273,FILLED
ORD-003392,2026-08-26 09:09:53.739,ETHUSDT,SELL,MARKET,2998.93,0.536,FILLED
ORD-003393,2026-08-26 09:09:53.962,ETHUSDT,SELL,MARKET,2998.23,0.523,FILLED
ORD-003394,2026-08-26 09:09:54.061,ETHUSDT,SELL,MARKET,2999.01,2.14,FILLED
ORD-003395,2026-08-26 09:09:54.185,BTCUSDT,BUY,MARKET,60069.16,0.586,FILLED
ORD-003396,2026-08-26 09:09:54.363,ETHUSDT,SELL,MARKET,3001.31,0.144,FILLED
ORD-003397,2026-08-26 09:09:54.482,SOLUSDT,SELL,MARKET,139.79,0.893,FILLED
ORD-003398,2026-08-26 09:09:54.706,ETHUSDT,BUY,MARKET,3002.17,0.998,FILLED
ORD-003399,2026-08-26 09:09:54.957,ETHUSDT,SELL,MARKET,3003.32,0.852,FILLED
ORD-003400,2026-08-26 09:09:55.108,SOLUSDT,SELL,MARKET,139.93,2.269,FILLED
ORD-003401,2026-08-26 09:09:55.264,ETHUSDT,BUY,MARKET,3003.12,1.879,FILLED
ORD-003402,2026-08-26 09:09:55.517,BTCUSDT,SELL,MARKET,59960.64,1.238,FILLED
ORD-003403,2026-08-26 09:09:55.587,BTCUSDT,BUY,MARKET,59899.91,0.142,FILLED
ORD-003404,2026-08-26 09:09:55.644,ETHUSDT,SELL,MARKET,2997.61,1.551,FILLED
ORD-003405,2026-08-26 09:09:55.767,SOLUSDT,SELL,MARKET,140.15,0.462,FILLED
ORD-003406,2026-08-26 09:09:55.922,BTCUSDT,BUY,MARKET,60094.12,2.329,FILLED
ORD-003407,2026-08-26 09:09:56.151,BTCUSDT,BUY,MARKET,59955.69,1.918,FILLED
ORD-003408,2026-08-26 09:09:56.408,SOLUSDT,SELL,MARKET,139.85,1.704,FILLED
ORD-003409,2026-08-26 09:09:56.653,BTCUSDT,SELL,MARKET,60017.01,0.812,FILLED
ORD-003410,2026-08-26 09:09:56.862,BTCUSDT,BUY,MARKET,60069.52,1.692,FILLED
ORD-003411,2026-08-26 09:09:56.964,SOLUSDT,BUY,MARKET,139.9,0.333,FILLED
ORD-003412,2026-08-26 09:09:57.025,SOLUSDT,BUY,MARKET,139.91,2.143,FILLED
ORD-003413,2026-08-26 09:09:57.096,ETHUSDT,BUY,MARKET,2997.79,2.065,FILLED
ORD-003414,2026-08-26 09:09:57.241,BTCUSDT,BUY,MARKET,60004.79,1.977,FILLED
ORD-003415,2026-08-26 09:09:57.386,SOLUSDT,SELL,MARKET,139.72,0.37,FILLED
ORD-003416,2026-08-26 09:09:57.538,SOLUSDT,BUY,MARKET,139.93,1.386,FILLED
ORD-003417,2026-08-26 09:09:57.655,ETHUSDT,BUY,MARKET,2997.5,1.374,FILLED
ORD-003418,2026-08-26 09:09:57.919,SOLUSDT,BUY,MARKET,139.64,1.9,FILLED
ORD-003419,2026-08-26 09:09:58.097,SOLUSDT,BUY,MARKET,140.22,1.468,FILLED
ORD-003420,2026-08-26 09:09:58.280,ETHUSDT,SELL,MARKET,2996.66,2.097,FILLED
ORD-003421,2026-08-26 09:09:58.521,ETHUSDT,SELL,MARKET,2998.43,2.189,FILLED
ORD-003422,2026-08-26 09:09:58.739,ETHUSDT,BUY,MARKET,3000.56,0.623,FILLED
ORD-003423,2026-08-26 09:09:58.826,BTCUSDT,BUY,MARKET,59955.39,1.147,FILLED
ORD-003424,2026-08-26 09:09:58.887,BTCUSDT,BUY,MARKET,60088.87,1.756,FILLED
ORD-003425,2026-08-26 09:09:58.965,ETHUSDT,BUY,MARKET,3000.36,2.01,FILLED
ORD-003426,2026-08-26 09:09:59.235,ETHUSDT,SELL,MARKET,3000.19,1.464,FILLED
ORD-003427,2026-08-26 09:09:59.496,SOLUSDT,BUY,MARKET,140.28,1.172,FILLED
ORD-003428,2026-08-26 09:09:59.677,ETHUSDT,SELL,MARKET,2998.85,1.664,FILLED
ORD-003429,2026-08-26 09:09:59.951,SOLUSDT,BUY,MARKET,140.03,0.237,FILLED
ORD-003430,2026-08-26 09:10:00.181,ETHUSDT,SELL,MARKET,2996.16,1.888,FILLED
ORD-003431,2026-08-26 09:10:00.369,BTCUSDT,BUY,MARKET,60065.72,1.895,FILLED
ORD-003432,2026-08-26 09:10:00.501,ETHUSDT,BUY,MARKET,2995.33,0.331,FILLED
ORD-003433,2026-08-26 09:10:00.686,SOLUSDT,BUY,MARKET,140.16,0.686,FILLED
ORD-003434,2026-08-26 09:10:00.842,BTCUSDT,BUY,MARKET,59939.73,0.488,FILLED
ORD-003435,2026-08-26 09:10:00.907,SOLUSDT,BUY,MARKET,139.95,1.568,FILLED
ORD-003436,2026-08-26 09:10:01.150,ETHUSDT,SELL,MARKET,3000.72,2.074,FILLED
ORD-003437,2026-08-26 09:10:01.427,ETHUSDT,BUY,MARKET,2998.95,1.434,FILLED
ORD-003438,2026-08-26 09:10:01.685,BTCUSDT,SELL,MARKET,60157.37,0.589,FILLED
ORD-003439,2026-08-26 09:10:01.764,ETHUSDT,SELL,MARKET,2997.31,0.907,FILLED
ORD-003440,2026-08-26 09:10:01.955,SOLUSDT,SELL,MARKET,139.88,0.695,FILLED
ORD-003441,2026-08-26 09:10:02.134,ETHUSDT,BUY,MARKET,2998.58,0.472,FILLED
ORD-003442,2026-08-26 09:10:02.356,BTCUSDT,BUY,MARKET,60002.55,0.466,FILLED
ORD-003443,2026-08-26 09:10:02.592,SOLUSDT,BUY,MARKET,140.01,1.869,FILLED
ORD-003444,2026-08-26 09:10:02.821,BTCUSDT,SELL,MARKET,60005.6,1.867,FILLED
ORD-003445,2026-08-26 09:10:03.037,BTCUSDT,SELL,MARKET,59995.86,1.026,FILLED
ORD-003446,2026-08-26 09:10:03.129,BTCUSDT,SELL,MARKET,59959.71,2.081,FILLED
ORD-003447,2026-08-26 09:10:03.198,BTCUSDT,BUY,MARKET,60042.55,0.694,FILLED
ORD-003448,2026-08-26 09:10:03.365,SOLUSDT,BUY,MARKET,140.06,1.083,FILLED
ORD-003449,2026-08-26 09:10:03.551,SOLUSDT,BUY,MARKET,139.71,1.491,FILLED
ORD-003450,2026-08-26 09:10:03.646,SOLUSDT,BUY,MARKET,140.05,1.686,FILLED
ORD-003451,2026-08-26 09:10:03.796,SOLUSDT,BUY,MARKET,139.95,0.462,FILLED
ORD-003452,2026-08-26 09:10:04.041,ETHUSDT,SELL,MARKET,2999.84,1.381,FILLED
ORD-003453,2026-08-26 09:10:04.143,BTCUSDT,SELL,MARKET,59992.25,0.877,FILLED
ORD-003454,2026-08-26 09:10:04.304,ETHUSDT,BUY,MARKET,3003.67,0.755,FILLED
ORD-003455,2026-08-26 09:10:04.502,SOLUSDT,BUY,MARKET,139.96,2.228,FILLED
ORD-003456,2026-08-26 09:10:04.710,SOLUSDT,BUY,MARKET,140.01,0.443,FILLED
ORD-003457,2026-08-26 09:10:04.872,ETHUSDT,SELL,MARKET,2997.93,0.251,FILLED
ORD-003458,2026-08-26 09:10:05.074,SOLUSDT,SELL,MARKET,140.06,1.428,FILLED
ORD-003459,2026-08-26 09:10:05.299,ETHUSDT,SELL,MARKET,2998.5,1.442,FILLED
ORD-003460,2026-08-26 09:10:05.565,SOLUSDT,SELL,MARKET,139.69,2.027,FILLED
ORD-003461,2026-08-26 09:10:05.667,ETHUSDT,BUY,MARKET,3000.27,1.346,FILLED
ORD-003462,2026-08-26 09:10:05.719,ETHUSDT,BUY,MARKET,3001.24,0.167,FILLED
ORD-003463,2026-08-26 09:10:05.799,SOLUSDT,BUY,MARKET,140.1,0.124,FILLED
ORD-003464,2026-08-26 09:10:06.079,BTCUSDT,BUY,MARKET,60107.21,1.061,FILLED
ORD-003465,2026-08-26 09:10:06.326,BTCUSDT,BUY,MARKET,59964.59,0.706,FILLED
ORD-003466,2026-08-26 09:10:06.460,BTCUSDT,BUY,MARKET,59847.53,2.2,FILLED
ORD-003467,2026-08-26 09:10:06.723,ETHUSDT,SELL,MARKET,2997.2,1.528,FILLED
ORD-003468,2026-08-26 09:10:06.887,SOLUSDT,BUY,MARKET,139.83,0.135,FILLED
ORD-003469,2026-08-26 09:10:07.040,ETHUSDT,BUY,MARKET,3001.64,1.828,FILLED
ORD-003470,2026-08-26 09:10:07.232,BTCUSDT,SELL,MARKET,60014.27,0.958,FILLED
ORD-003471,2026-08-26 09:10:07.511,ETHUSDT,BUY,MARKET,3001.37,1.696,FILLED
ORD-003472,2026-08-26 09:10:07.794,ETHUSDT,SELL,MARKET,2998.5,1.927,FILLED
ORD-003473,2026-08-26 09:10:08.068,SOLUSDT,BUY,MARKET,140.26,0.489,FILLED
ORD-003474,2026-08-26 09:10:08.213,SOLUSDT,BUY,MARKET,139.85,0.59,FILLED
ORD-003475,2026-08-26 09:10:08.506,SOLUSDT,BUY,MARKET,140.2,0.81,FILLED
ORD-003476,2026-08-26 09:10:08.626,ETHUSDT,BUY,MARKET,3000.2,1.044,FILLED
ORD-003477,2026-08-26 09:10:08.885,SOLUSDT,SELL,MARKET,139.93,2.33,FILLED
ORD-003478,2026-08-26 09:10:09.134,ETHUSDT,BUY,MARKET,3003.29,0.44,FILLED
ORD-003479,2026-08-26 09:10:09.407,BTCUSDT,BUY,MARKET,60029.05,1.534,FILLED
ORD-003480,2026-08-26 09:10:09.697,ETHUSDT,BUY,MARKET,3001.85,0.528,FILLED
ORD-003481,2026-08-26 09:10:09.909,BTCUSDT,BUY,MARKET,60012.89,0.617,FILLED
ORD-003482,2026-08-26 09:10:10.081,SOLUSDT,SELL,MARKET,140.11,1.297,FILLED
ORD-003483,2026-08-26 09:10:10.283,ETHUSDT,SELL,MARKET,3005.78,0.882,FILLED
ORD-003484,2026-08-26 09:10:10.392,BTCUSDT,SELL,MARKET,59967.44,2.078,FILLED
ORD-003485,2026-08-26 09:10:10.477,SOLUSDT,BUY,MARKET,139.92,0.296,FILLED
ORD-003486,2026-08-26 09:10:10.739,ETHUSDT,SELL,MARKET,3000.85,0.499,FILLED
ORD-003487,2026-08-26 09:10:10.836,SOLUSDT,BUY,MARKET,140.0,0.407,FILLED
ORD-003488,2026-08-26 09:10:11.085,BTCUSDT,BUY,MARKET,59979.89,0.668,FILLED
ORD-003489,2026-08-26 09:10:11.332,SOLUSDT,BUY,MARKET,140.02,0.477,FILLED
ORD-003490,2026-08-26 09:10:11.464,ETHUSDT,BUY,MARKET,3002.19,1.81,FILLED
ORD-003491,2026-08-26 09:10:11.688,SOLUSDT,SELL,MARKET,140.09,0.833,FILLED
ORD-003492,2026-08-26 09:10:11.988,ETHUSDT,BUY,MARKET,2996.36,1.075,FILLED
ORD-003493,2026-08-26 09:10:12.052,SOLUSDT,SELL,MARKET,139.89,1.177,FILLED
ORD-003494,2026-08-26 09:10:12.255,ETHUSDT,BUY,MARKET,3002.53,0.972,FILLED
ORD-003495,2026-08-26 09:10:12.500,BTCUSDT,SELL,MARKET,59991.56,1.232,FILLED
ORD-003496,2026-08-26 09:10:12.685,ETHUSDT,BUY,MARKET,2999.3,1.152,FILLED
ORD-003497,2026-08-26 09:10:12.826,SOLUSDT,SELL,MARKET,139.82,1.207,FILLED
ORD-003498,2026-08-26 09:10:12.942,SOLUSDT,SELL,MARKET,140.04,1.203,FILLED
ORD-003499,2026-08-26 09:10:12.999,ETHUSDT,BUY,MARKET,2994.72,1.325,FILLED
ORD-003500,2026-08-26 09:10:13.250,BTCUSDT,BUY,MARKET,60031.2,0.3,FILLED
ORD-003501,2026-08-26 09:10:13.550,BTCUSDT,BUY,MARKET,60100.58,2.304,FILLED
ORD-003502,2026-08-26 09:10:13.827,BTCUSDT,SELL,MARKET,59876.22,1.314,FILLED
ORD-003503,2026-08-26 09:10:13.927,BTCUSDT,BUY,MARKET,60101.46,1.404,FILLED
ORD-003504,2026-08-26 09:10:13.993,BTCUSDT,SELL,MARKET,60009.68,0.858,FILLED
ORD-003505,2026-08-26 09:10:14.255,ETHUSDT,BUY,MARKET,3001.13,1.081,FILLED
ORD-003506,2026-08-26 09:10:14.511,SOLUSDT,BUY,MARKET,139.95,1.258,FILLED
ORD-003507,2026-08-26 09:10:14.669,SOLUSDT,BUY,MARKET,140.05,0.358,FILLED
ORD-003508,2026-08-26 09:10:14.741,SOLUSDT,SELL,MARKET,139.88,1.016,FILLED
ORD-003509,2026-08-26 09:10:14.998,SOLUSDT,SELL,MARKET,140.09,0.49,FILLED
ORD-003510,2026-08-26 09:10:15.082,ETHUSDT,BUY,MARKET,3000.43,2.053,FILLED
ORD-003511,2026-08-26 09:10:15.380,SOLUSDT,SELL,MARKET,139.85,1.132,FILLED
ORD-003512,2026-08-26 09:10:15.606,ETHUSDT,BUY,MARKET,3004.4,1.997,FILLED
ORD-003513,2026-08-26 09:10:15.714,BTCUSDT,BUY,MARKET,60049.63,0.917,FILLED
ORD-003514,2026-08-26 09:10:15.945,SOLUSDT,BUY,MARKET,139.73,2.335,FILLED
ORD-003515,2026-08-26 09:10:16.164,ETHUSDT,BUY,MARKET,2999.55,1.527,FILLED
ORD-003516,2026-08-26 09:10:16.284,SOLUSDT,SELL,MARKET,140.0,0.808,FILLED
ORD-003517,2026-08-26 09:10:16.491,SOLUSDT,SELL,MARKET,140.16,2.114,FILLED
ORD-003518,2026-08-26 09:10:16.765,SOLUSDT,SELL,MARKET,139.79,1.446,FILLED
ORD-003519,2026-08-26 09:10:16.948,ETHUSDT,SELL,MARKET,3006.22,0.936,FILLED
ORD-003520,2026-08-26 09:10:17.110,BTCUSDT,BUY,MARKET,59982.16,0.444,FILLED
ORD-003521,2026-08-26 09:10:17.376,SOLUSDT,SELL,MARKET,140.05,2.253,FILLED
ORD-003522,2026-08-26 09:10:17.589,SOLUSDT,BUY,MARKET,140.09,1.397,FILLED
ORD-003523,2026-08-26 09:10:17.831,SOLUSDT,SELL,MARKET,139.91,2.323,FILLED
ORD-003524,2026-08-26 09:10:17.906,SOLUSDT,SELL,MARKET,140.13,0.889,FILLED
ORD-003525,2026-08-26 09:10:18.056,ETHUSDT,BUY,MARKET,3003.36,0.484,FILLED
ORD-003526,2026-08-26 09:10:18.159,SOLUSDT,BUY,MARKET,140.01,1.632,FILLED
ORD-003527,2026-08-26 09:10:18.229,SOLUSDT,SELL,MARKET,139.91,0.374,FILLED
ORD-003528,2026-08-26 09:10:18.299,SOLUSDT,BUY,MARKET,139.9,2.102,FILLED
ORD-003529,2026-08-26 09:10:18.552,ETHUSDT,SELL,MARKET,3001.94,0.154,FILLED
ORD-003530,2026-08-26 09:10:18.696,SOLUSDT,BUY,MARKET,139.86,1.485,FILLED
ORD-003531,2026-08-26 09:10:18.799,ETHUSDT,BUY,MARKET,2999.62,1.115,FILLED
ORD-003532,2026-08-26 09:10:18.978,BTCUSDT,SELL,MARKET,59949.97,0.851,FILLED
ORD-003533,2026-08-26 09:10:19.224,SOLUSDT,BUY,MARKET,139.96,1.898,FILLED
ORD-003534,2026-08-26 09:10:19.464,SOLUSDT,SELL,MARKET,139.89,0.148,FILLED
ORD-003535,2026-08-26 09:10:19.577,BTCUSDT,BUY,MARKET,60012.2,0.292,FILLED
ORD-003536,2026-08-26 09:10:19.792,SOLUSDT,BUY,MARKET,139.83,0.838,FILLED
ORD-003537,2026-08-26 09:10:19.857,ETHUSDT,SELL,MARKET,2998.02,0.201,FILLED
ORD-003538,2026-08-26 09:10:20.090,SOLUSDT,SELL,MARKET,139.98,2.153,FILLED
ORD-003539,2026-08-26 09:10:20.194,BTCUSDT,BUY,MARKET,60051.19,0.426,FILLED
ORD-003540,2026-08-26 09:10:20.422,SOLUSDT,SELL,MARKET,139.89,0.924,FILLED
ORD-003541,2026-08-26 09:10:20.584,SOLUSDT,SELL,MARKET,139.79,0.436,FILLED
ORD-003542,2026-08-26 09:10:20.779,BTCUSDT,BUY,MARKET,59934.47,1.539,FILLED
ORD-003543,2026-08-26 09:10:20.830,BTCUSDT,BUY,MARKET,60040.86,0.245,FILLED
ORD-003544,2026-08-26 09:10:21.095,SOLUSDT,SELL,MARKET,139.79,2.444,FILLED
ORD-003545,2026-08-26 09:10:21.208,ETHUSDT,BUY,MARKET,3003.71,1.181,FILLED
ORD-003546,2026-08-26 09:10:21.382,BTCUSDT,SELL,MARKET,60141.64,0.675,FILLED
ORD-003547,2026-08-26 09:10:21.529,SOLUSDT,BUY,MARKET,139.96,0.378,FILLED
ORD-003548,2026-08-26 09:10:21.613,ETHUSDT,BUY,MARKET,2999.86,0.202,FILLED
ORD-003549,2026-08-26 09:10:21.703,SOLUSDT,BUY,MARKET,140.22,0.168,FILLED
ORD-003550,2026-08-26 09:10:21.840,SOLUSDT,SELL,MARKET,139.79,1.084,FILLED
ORD-003551,2026-08-26 09:10:21.955,BTCUSDT,SELL,MARKET,60032.14,2.037,FILLED
ORD-003552,2026-08-26 09:10:22.183,BTCUSDT,SELL,MARKET,59980.51,1.596,FILLED
ORD-003553,2026-08-26 09:10:22.442,ETHUSDT,SELL,MARKET,2996.18,1.385,FILLED
ORD-003554,2026-08-26 09:10:22.738,SOLUSDT,SELL,MARKET,140.03,2.441,FILLED
ORD-003555,2026-08-26 09:10:22.913,BTCUSDT,BUY,MARKET,60059.52,0.103,FILLED
ORD-003556,2026-08-26 09:10:22.997,BTCUSDT,BUY,MARKET,59925.31,0.6,FILLED
ORD-003557,2026-08-26 09:10:23.076,SOLUSDT,BUY,MARKET,140.3,0.749,FILLED
ORD-003558,2026-08-26 09:10:23.273,SOLUSDT,BUY,MARKET,140.05,2.324,FILLED
ORD-003559,2026-08-26 09:10:23.543,ETHUSDT,BUY,MARKET,2996.08,1.768,FILLED
ORD-003560,2026-08-26 09:10:23.812,SOLUSDT,BUY,MARKET,139.98,1.388,FILLED
ORD-003561,2026-08-26 09:10:23.951,ETHUSDT,SELL,MARKET,3000.82,1.911,FILLED
ORD-003562,2026-08-26 09:10:24.229,BTCUSDT,BUY,MARKET,59917.56,1.39,FILLED
ORD-003563,2026-08-26 09:10:24.329,ETHUSDT,BUY,MARKET,3000.94,0.738,FILLED
ORD-003564,2026-08-26 09:10:24.580,BTCUSDT,SELL,MARKET,59980.8,2.464,FILLED
ORD-003565,2026-08-26 09:10:24.826,BTCUSDT,SELL,MARKET,60034.62,1.962,FILLED
ORD-003566,2026-08-26 09:10:25.009,BTCUSDT,BUY,MARKET,60016.06,1.309,FILLED
ORD-003567,2026-08-26 09:10:25.150,BTCUSDT,SELL,MARKET,59883.49,1.665,FILLED
ORD-003568,2026-08-26 09:10:25.321,SOLUSDT,BUY,MARKET,139.94,0.782,FILLED
ORD-003569,2026-08-26 09:10:25.525,ETHUSDT,BUY,MARKET,3004.12,1.822,FILLED
ORD-003570,2026-08-26 09:10:25.738,BTCUSDT,BUY,MARKET,59910.64,1.33,FILLED
ORD-003571,2026-08-26 09:10:25.855,ETHUSDT,BUY,MARKET,3001.47,0.42,FILLED
ORD-003572,2026-08-26 09:10:26.125,BTCUSDT,BUY,MARKET,59966.43,2.134,FILLED
ORD-003573,2026-08-26 09:10:26.293,BTCUSDT,BUY,MARKET,60101.38,0.955,FILLED
ORD-003574,2026-08-26 09:10:26.524,BTCUSDT,BUY,MARKET,59966.51,0.147,FILLED
ORD-003575,2026-08-26 09:10:26.718,SOLUSDT,SELL,MARKET,140.13,0.753,FILLED
ORD-003576,2026-08-26 09:10:26.909,BTCUSDT,BUY,MARKET,59992.88,0.676,FILLED
ORD-003577,2026-08-26 09:10:26.984,SOLUSDT,BUY,MARKET,140.05,1.579,FILLED
ORD-003578,2026-08-26 09:10:27.041,SOLUSDT,BUY,MARKET,140.15,2.385,FILLED
ORD-003579,2026-08-26 09:10:27.329,SOLUSDT,SELL,MARKET,139.88,0.714,FILLED
ORD-003580,2026-08-26 09:10:27.415,SOLUSDT,SELL,MARKET,140.13,1.29,FILLED
ORD-003581,2026-08-26 09:10:27.490,BTCUSDT,SELL,MARKET,59979.24,1.716,REJECTED
ORD-003582,2026-08-26 09:10:27.552,BTCUSDT,BUY,MARKET,60032.8,0.338,FILLED
ORD-003583,2026-08-26 09:10:27.640,ETHUSDT,BUY,MARKET,3001.93,0.508,FILLED
ORD-003584,2026-08-26 09:10:27.724,BTCUSDT,BUY,MARKET,59957.46,2.244,FILLED
ORD-003585,2026-08-26 09:10:27.928,BTCUSDT,SELL,MARKET,59913.31,0.124,FILLED
ORD-003586,2026-08-26 09:10:27.981,ETHUSDT,BUY,MARKET,2997.07,2.393,FILLED
ORD-003587,2026-08-26 09:10:28.074,BTCUSDT,SELL,MARKET,59916.93,1.969,FILLED
ORD-003588,2026-08-26 09:10:28.350,BTCUSDT,BUY,MARKET,59986.14,0.199,FILLED
ORD-003589,2026-08-26 09:10:28.636,BTCUSDT,SELL,MARKET,60021.28,2.077,FILLED
ORD-003590,2026-08-26 09:10:28.892,SOLUSDT,SELL,MARKET,139.98,0.366,REJECTED
ORD-003591,2026-08-26 09:10:29.046,BTCUSDT,SELL,MARKET,60029.69,0.835,FILLED
ORD-003592,2026-08-26 09:10:29.297,BTCUSDT,BUY,MARKET,60033.27,0.804,FILLED
ORD-003593,2026-08-26 09:10:29.383,BTCUSDT,BUY,MARKET,59960.96,1.054,FILLED
ORD-003594,2026-08-26 09:10:29.469,ETHUSDT,BUY,MARKET,3004.68,1.913,FILLED
ORD-003595,2026-08-26 09:10:29.723,SOLUSDT,BUY,MARKET,139.83,2.076,FILLED
ORD-003596,2026-08-26 09:10:29.880,ETHUSDT,BUY,MARKET,2999.04,1.719,FILLED
ORD-003597,2026-08-26 09:10:30.034,SOLUSDT,SELL,MARKET,140.05,0.413,FILLED
ORD-003598,2026-08-26 09:10:30.332,BTCUSDT,SELL,MARKET,60027.43,1.437,FILLED
ORD-003599,2026-08-26 09:10:30.531,SOLUSDT,BUY,MARKET,139.9,1.761,FILLED
ORD-003600,2026-08-26 09:10:30.728,SOLUSDT,SELL,MARKET,140.07,0.354,FILLED
ORD-003601,2026-08-26 09:10:30.993,SOLUSDT,BUY,MARKET,139.99,1.495,FILLED
ORD-003602,2026-08-26 09:10:31.236,BTCUSDT,BUY,MARKET,60076.75,1.071,FILLED
ORD-003603,2026-08-26 09:10:31.351,SOLUSDT,SELL,MARKET,139.84,2.224,FILLED
ORD-003604,2026-08-26 09:10:31.508,ETHUSDT,SELL,MARKET,2995.68,1.333,FILLED
ORD-003605,2026-08-26 09:10:31.686,BTCUSDT,BUY,MARKET,59998.4,2.279,FILLED
ORD-003606,2026-08-26 09:10:31.795,SOLUSDT,SELL,MARKET,140.06,1.327,FILLED
ORD-003607,2026-08-26 09:10:31.919,ETHUSDT,BUY,MARKET,3000.75,0.178,FILLED
ORD-003608,2026-08-26 09:10:32.115,SOLUSDT,BUY,MARKET,139.97,0.221,FILLED
ORD-003609,2026-08-26 09:10:32.378,SOLUSDT,BUY,MARKET,139.46,1.601,FILLED
ORD-003610,2026-08-26 09:10:32.539,BTCUSDT,SELL,MARKET,60033.24,0.746,FILLED
ORD-003611,2026-08-26 09:10:32.646,ETHUSDT,SELL,MARKET,3000.9,0.479,FILLED
ORD-003612,2026-08-26 09:10:32.915,SOLUSDT,SELL,MARKET,140.01,0.455,FILLED
ORD-003613,2026-08-26 09:10:33.090,BTCUSDT,BUY,MARKET,59939.4,1.884,FILLED
ORD-003614,2026-08-26 09:10:33.364,SOLUSDT,BUY,MARKET,140.12,0.889,FILLED
ORD-003615,2026-08-26 09:10:33.510,BTCUSDT,BUY,MARKET,59912.09,1.417,FILLED
ORD-003616,2026-08-26 09:10:33.711,BTCUSDT,SELL,MARKET,59977.9,1.188,FILLED
ORD-003617,2026-08-26 09:10:33.906,BTCUSDT,BUY,MARKET,60016.82,1.943,FILLED
ORD-003618,2026-08-26 09:10:34.104,BTCUSDT,BUY,MARKET,60016.17,0.106,FILLED
ORD-003619,2026-08-26 09:10:34.214,BTCUSDT,SELL,MARKET,59987.09,0.465,FILLED
ORD-003620,2026-08-26 09:10:34.436,BTCUSDT,SELL,MARKET,59984.64,2.096,FILLED
ORD-003621,2026-08-26 09:10:34.624,SOLUSDT,SELL,MARKET,140.11,1.032,FILLED
ORD-003622,2026-08-26 09:10:34.915,SOLUSDT,SELL,MARKET,139.77,2.382,FILLED
ORD-003623,2026-08-26 09:10:34.977,SOLUSDT,SELL,MARKET,139.7,0.688,FILLED
ORD-003624,2026-08-26 09:10:35.051,BTCUSDT,SELL,MARKET,60033.84,0.385,FILLED
ORD-003625,2026-08-26 09:10:35.326,SOLUSDT,BUY,MARKET,139.99,0.331,FILLED
ORD-003626,2026-08-26 09:10:35.553,BTCUSDT,SELL,MARKET,59994.21,1.65,FILLED
ORD-003627,2026-08-26 09:10:35.682,ETHUSDT,SELL,MARKET,2996.43,2.411,FILLED
ORD-003628,2026-08-26 09:10:35.735,BTCUSDT,BUY,MARKET,59971.62,2.135,FILLED
ORD-003629,2026-08-26 09:10:35.890,BTCUSDT,SELL,MARKET,59983.43,0.767,FILLED
ORD-003630,2026-08-26 09:10:36.004,BTCUSDT,SELL,MARKET,59943.69,1.557,FILLED
ORD-003631,2026-08-26 09:10:36.067,ETHUSDT,SELL,MARKET,2996.64,0.456,FILLED
ORD-003632,2026-08-26 09:10:36.121,BTCUSDT,BUY,MARKET,60015.34,1.646,FILLED
ORD-003633,2026-08-26 09:10:36.227,BTCUSDT,BUY,MARKET,60067.5,0.431,FILLED
ORD-003634,2026-08-26 09:10:36.315,SOLUSDT,SELL,MARKET,140.16,2.424,FILLED
ORD-003635,2026-08-26 09:10:36.492,ETHUSDT,BUY,MARKET,2998.66,2.229,FILLED
ORD-003636,2026-08-26 09:10:36.633,ETHUSDT,SELL,MARKET,2998.5,1.995,FILLED
ORD-003637,2026-08-26 09:10:36.771,SOLUSDT,BUY,MARKET,139.89,2.333,FILLED
ORD-003638,2026-08-26 09:10:37.018,ETHUSDT,BUY,MARKET,3002.08,1.587,FILLED
ORD-003639,2026-08-26 09:10:37.243,SOLUSDT,BUY,MARKET,139.89,1.417,FILLED
ORD-003640,2026-08-26 09:10:37.381,ETHUSDT,BUY,MARKET,3004.97,2.439,FILLED
ORD-003641,2026-08-26 09:10:37.657,SOLUSDT,BUY,MARKET,140.08,1.054,FILLED
ORD-003642,2026-08-26 09:10:37.816,BTCUSDT,BUY,MARKET,59981.79,0.233,FILLED
ORD-003643,2026-08-26 09:10:37.902,ETHUSDT,BUY,MARKET,3000.48,0.682,FILLED
ORD-003644,2026-08-26 09:10:37.996,ETHUSDT,BUY,MARKET,2996.76,1.89,FILLED
ORD-003645,2026-08-26 09:10:38.063,BTCUSDT,BUY,MARKET,60119.78,1.605,FILLED
ORD-003646,2026-08-26 09:10:38.249,ETHUSDT,BUY,MARKET,3001.59,0.735,FILLED
ORD-003647,2026-08-26 09:10:38.382,SOLUSDT,SELL,MARKET,140.0,1.145,FILLED
ORD-003648,2026-08-26 09:10:38.510,BTCUSDT,SELL,MARKET,59963.21,2.43,FILLED
ORD-003649,2026-08-26 09:10:38.616,SOLUSDT,BUY,MARKET,139.99,1.106,FILLED
ORD-003650,2026-08-26 09:10:38.688,SOLUSDT,SELL,MARKET,140.24,0.357,FILLED
ORD-003651,2026-08-26 09:10:38.898,ETHUSDT,BUY,MARKET,2999.21,1.884,FILLED
ORD-003652,2026-08-26 09:10:39.090,BTCUSDT,SELL,MARKET,60031.64,0.664,FILLED
ORD-003653,2026-08-26 09:10:39.380,ETHUSDT,BUY,MARKET,2998.97,0.506,FILLED
ORD-003654,2026-08-26 09:10:39.673,ETHUSDT,BUY,MARKET,3003.59,1.201,FILLED
ORD-003655,2026-08-26 09:10:39.830,BTCUSDT,SELL,MARKET,59926.97,1.041,FILLED
ORD-003656,2026-08-26 09:10:40.123,SOLUSDT,SELL,MARKET,140.14,1.98,FILLED
ORD-003657,2026-08-26 09:10:40.398,BTCUSDT,BUY,MARKET,60069.72,2.324,FILLED
ORD-003658,2026-08-26 09:10:40.517,ETHUSDT,SELL,MARKET,3003.91,2.155,FILLED
ORD-003659,2026-08-26 09:10:40.715,SOLUSDT,SELL,MARKET,140.08,1.69,FILLED
ORD-003660,2026-08-26 09:10:40.792,BTCUSDT,BUY,MARKET,60049.44,2.44,FILLED
ORD-003661,2026-08-26 09:10:40.879,SOLUSDT,SELL,MARKET,139.85,0.823,FILLED
ORD-003662,2026-08-26 09:10:40.942,BTCUSDT,BUY,MARKET,60002.46,0.603,FILLED
ORD-003663,2026-08-26 09:10:41.234,ETHUSDT,SELL,MARKET,2994.54,1.414,FILLED
ORD-003664,2026-08-26 09:10:41.348,BTCUSDT,BUY,MARKET,59871.46,1.139,FILLED
ORD-003665,2026-08-26 09:10:41.402,SOLUSDT,SELL,MARKET,140.09,1.986,FILLED
ORD-003666,2026-08-26 09:10:41.483,ETHUSDT,SELL,MARKET,2997.2,0.311,FILLED
ORD-003667,2026-08-26 09:10:41.570,BTCUSDT,SELL,MARKET,59997.59,0.293,FILLED
ORD-003668,2026-08-26 09:10:41.677,ETHUSDT,BUY,MARKET,2996.47,0.66,FILLED
ORD-003669,2026-08-26 09:10:41.912,ETHUSDT,SELL,MARKET,2998.0,2.035,FILLED
ORD-003670,2026-08-26 09:10:42.065,BTCUSDT,SELL,MARKET,59891.63,0.156,FILLED
ORD-003671,2026-08-26 09:10:42.324,ETHUSDT,SELL,MARKET,2992.67,2.132,FILLED
ORD-003672,2026-08-26 09:10:42.453,BTCUSDT,BUY,MARKET,60137.78,2.208,FILLED
ORD-003673,2026-08-26 09:10:42.510,BTCUSDT,SELL,MARKET,59940.62,0.693,FILLED
ORD-003674,2026-08-26 09:10:42.668,BTCUSDT,SELL,MARKET,59955.09,2.383,FILLED
ORD-003675,2026-08-26 09:10:42.941,BTCUSDT,BUY,MARKET,60029.51,1.852,FILLED
ORD-003676,2026-08-26 09:10:43.169,SOLUSDT,SELL,MARKET,139.9,0.492,FILLED
ORD-003677,2026-08-26 09:10:43.373,BTCUSDT,BUY,MARKET,60047.31,1.521,FILLED
ORD-003678,2026-08-26 09:10:43.476,BTCUSDT,BUY,MARKET,60001.72,2.352,FILLED
ORD-003679,2026-08-26 09:10:43.653,ETHUSDT,SELL,MARKET,2999.89,1.901,FILLED
ORD-003680,2026-08-26 09:10:43.809,SOLUSDT,BUY,MARKET,140.11,1.665,FILLED
ORD-003681,2026-08-26 09:10:43.898,BTCUSDT,BUY,MARKET,60096.93,2.222,FILLED
ORD-003682,2026-08-26 09:10:44.020,ETHUSDT,BUY,MARKET,3003.64,1.496,FILLED
ORD-003683,2026-08-26 09:10:44.072,SOLUSDT,SELL,MARKET,139.85,0.975,FILLED
ORD-003684,2026-08-26 09:10:44.208,SOLUSDT,BUY,MARKET,140.1,0.918,FILLED
ORD-003685,2026-08-26 09:10:44.400,SOLUSDT,BUY,MARKET,139.84,2.314,FILLED
ORD-003686,2026-08-26 09:10:44.569,SOLUSDT,SELL,MARKET,139.74,0.43,FILLED
ORD-003687,2026-08-26 09:10:44.646,SOLUSDT,BUY,MARKET,140.21,2.369,FILLED
ORD-003688,2026-08-26 09:10:44.816,ETHUSDT,BUY,MARKET,3005.23,1.97,FILLED
ORD-003689,2026-08-26 09:10:45.016,BTCUSDT,BUY,MARKET,59886.09,2.21,FILLED
ORD-003690,2026-08-26 09:10:45.116,SOLUSDT,SELL,MARKET,139.88,0.389,FILLED
ORD-003691,2026-08-26 09:10:45.309,ETHUSDT,SELL,MARKET,2997.91,2.208,FILLED
ORD-003692,2026-08-26 09:10:45.544,BTCUSDT,BUY,MARKET,59956.56,0.136,FILLED
ORD-003693,2026-08-26 09:10:45.602,SOLUSDT,SELL,MARKET,139.87,2.429,FILLED
ORD-003694,2026-08-26 09:10:45.856,BTCUSDT,BUY,MARKET,59969.78,0.804,FILLED
ORD-003695,2026-08-26 09:10:46.117,BTCUSDT,BUY,MARKET,60055.38,0.489,FILLED
ORD-003696,2026-08-26 09:10:46.338,BTCUSDT,SELL,MARKET,60025.44,1.023,FILLED
ORD-003697,2026-08-26 09:10:46.393,ETHUSDT,SELL,MARKET,3004.33,1.699,FILLED
ORD-003698,2026-08-26 09:10:46.619,ETHUSDT,SELL,MARKET,3001.47,1.149,FILLED
ORD-003699,2026-08-26 09:10:46.847,BTCUSDT,BUY,MARKET,60020.73,2.336,FILLED
ORD-003700,2026-08-26 09:10:46.934,SOLUSDT,BUY,MARKET,140.0,1.076,FILLED
ORD-003701,2026-08-26 09:10:47.228,ETHUSDT,BUY,MARKET,2996.91,0.974,FILLED
ORD-003702,2026-08-26 09:10:47.436,SOLUSDT,SELL,MARKET,139.89,1.787,FILLED
ORD-003703,2026-08-26 09:10:47.488,SOLUSDT,BUY,MARKET,140.07,1.308,REJECTED
ORD-003704,2026-08-26 09:10:47.596,ETHUSDT,BUY,MARKET,2999.69,2.054,FILLED
ORD-003705,2026-08-26 09:10:47.828,BTCUSDT,BUY,MARKET,60090.79,1.827,FILLED
ORD-003706,2026-08-26 09:10:48.035,SOLUSDT,SELL,MARKET,140.06,0.655,FILLED
ORD-003707,2026-08-26 09:10:48.279,ETHUSDT,BUY,MARKET,2997.34,0.141,REJECTED
ORD-003708,2026-08-26 09:10:48.530,ETHUSDT,SELL,MARKET,3002.3,1.313,FILLED
ORD-003709,2026-08-26 09:10:48.608,ETHUSDT,BUY,MARKET,3003.29,1.887,FILLED
ORD-003710,2026-08-26 09:10:48.753,BTCUSDT,BUY,MARKET,60022.54,0.336,REJECTED
ORD-003711,2026-08-26 09:10:48.899,SOLUSDT,SELL,MARKET,140.07,0.723,FILLED
ORD-003712,2026-08-26 09:10:49.007,SOLUSDT,BUY,MARKET,140.18,1.208,FILLED
ORD-003713,2026-08-26 09:10:49.251,SOLUSDT,SELL,MARKET,139.84,0.803,FILLED
ORD-003714,2026-08-26 09:10:49.337,SOLUSDT,SELL,MARKET,139.89,1.21,FILLED
ORD-003715,2026-08-26 09:10:49.402,BTCUSDT,SELL,MARKET,59907.63,1.206,FILLED
ORD-003716,2026-08-26 09:10:49.618,SOLUSDT,SELL,MARKET,140.16,0.733,FILLED
ORD-003717,2026-08-26 09:10:49.792,ETHUSDT,BUY,MARKET,3000.14,0.62,FILLED
ORD-003718,2026-08-26 09:10:50.069,ETHUSDT,SELL,MARKET,2999.06,1.963,FILLED
ORD-003719,2026-08-26 09:10:50.202,ETHUSDT,SELL,MARKET,2996.35,1.308,FILLED
ORD-003720,2026-08-26 09:10:50.296,SOLUSDT,SELL,MARKET,139.96,0.489,FILLED
ORD-003721,2026-08-26 09:10:50.383,ETHUSDT,SELL,MARKET,3001.08,1.367,FILLED
ORD-003722,2026-08-26 09:10:50.547,ETHUSDT,BUY,MARKET,3001.45,2.493,FILLED
ORD-003723,2026-08-26 09:10:50.693,ETHUSDT,SELL,MARKET,2996.58,1.666,FILLED
ORD-003724,2026-08-26 09:10:50.923,SOLUSDT,BUY,MARKET,140.09,2.163,FILLED
ORD-003725,2026-08-26 09:10:51.094,BTCUSDT,SELL,MARKET,60004.54,2.31,FILLED
ORD-003726,2026-08-26 09:10:51.254,ETHUSDT,BUY,MARKET,2997.66,2.243,FILLED
ORD-003727,2026-08-26 09:10:51.311,SOLUSDT,SELL,MARKET,139.83,1.712,FILLED
ORD-003728,2026-08-26 09:10:51.446,ETHUSDT,SELL,MARKET,2998.77,0.238,FILLED
ORD-003729,2026-08-26 09:10:51.630,ETHUSDT,BUY,MARKET,3005.1,0.161,FILLED
ORD-003730,2026-08-26 09:10:51.924,SOLUSDT,BUY,MARKET,139.78,1.881,FILLED
ORD-003731,2026-08-26 09:10:52.023,ETHUSDT,SELL,MARKET,2997.68,0.121,FILLED
ORD-003732,2026-08-26 09:10:52.225,SOLUSDT,SELL,MARKET,139.91,1.237,FILLED
ORD-003733,2026-08-26 09:10:52.492,ETHUSDT,SELL,MARKET,2999.38,0.481,FILLED
ORD-003734,2026-08-26 09:10:52.758,BTCUSDT,BUY,MARKET,59992.69,0.723,FILLED
ORD-003735,2026-08-26 09:10:52.924,BTCUSDT,SELL,MARKET,59999.35,2.11,FILLED
ORD-003736,2026-08-26 09:10:53.138,SOLUSDT,BUY,MARKET,140.1,0.521,FILLED
ORD-003737,2026-08-26 09:10:53.400,BTCUSDT,SELL,MARKET,59964.96,2.106,FILLED
ORD-003738,2026-08-26 09:10:53.558,ETHUSDT,SELL,MARKET,3001.95,1.28,FILLED
ORD-003739,2026-08-26 09:10:53.703,BTCUSDT,BUY,MARKET,59842.63,2.219,FILLED
ORD-003740,2026-08-26 09:10:53.812,BTCUSDT,SELL,MARKET,60003.82,1.485,FILLED
ORD-003741,2026-08-26 09:10:54.010,BTCUSDT,SELL,MARKET,59977.58,1.12,FILLED
ORD-003742,2026-08-26 09:10:54.290,BTCUSDT,BUY,MARKET,59939.23,0.549,FILLED
ORD-003743,2026-08-26 09:10:54.343,BTCUSDT,SELL,MARKET,59916.25,2.007,FILLED
ORD-003744,2026-08-26 09:10:54.412,BTCUSDT,SELL,MARKET,59969.64,1.289,FILLED
ORD-003745,2026-08-26 09:10:54.688,BTCUSDT,SELL,MARKET,60061.07,1.181,FILLED
ORD-003746,2026-08-26 09:10:54.852,BTCUSDT,BUY,MARKET,59936.18,2.317,FILLED
ORD-003747,2026-08-26 09:10:54.952,BTCUSDT,SELL,MARKET,59942.73,0.799,FILLED
ORD-003748,2026-08-26 09:10:55.073,BTCUSDT,BUY,MARKET,59992.03,0.709,FILLED
ORD-003749,2026-08-26 09:10:55.267,ETHUSDT,BUY,MARKET,2998.43,1.157,FILLED
ORD-003750,2026-08-26 09:10:55.455,ETHUSDT,SELL,MARKET,3006.47,1.432,FILLED
ORD-003751,2026-08-26 09:10:55.520,BTCUSDT,BUY,MARKET,59999.88,0.88,FILLED
ORD-003752,2026-08-26 09:10:55.653,BTCUSDT,SELL,MARKET,59845.93,2.468,FILLED
ORD-003753,2026-08-26 09:10:55.743,BTCUSDT,BUY,MARKET,59975.21,1.209,FILLED
ORD-003754,2026-08-26 09:10:55.823,ETHUSDT,BUY,MARKET,3003.19,2.248,FILLED
ORD-003755,2026-08-26 09:10:56.017,ETHUSDT,BUY,MARKET,2999.7,2.44,FILLED
ORD-003756,2026-08-26 09:10:56.168,ETHUSDT,BUY,MARKET,2997.14,1.107,FILLED
ORD-003757,2026-08-26 09:10:56.382,SOLUSDT,SELL,MARKET,140.02,0.499,FILLED
ORD-003758,2026-08-26 09:10:56.623,ETHUSDT,SELL,MARKET,3003.81,0.735,FILLED
ORD-003759,2026-08-26 09:10:56.812,SOLUSDT,SELL,MARKET,139.84,1.314,FILLED
ORD-003760,2026-08-26 09:10:56.955,ETHUSDT,SELL,MARKET,3003.12,1.288,FILLED
ORD-003761,2026-08-26 09:10:57.241,ETHUSDT,BUY,MARKET,2999.5,1.696,FILLED
ORD-003762,2026-08-26 09:10:57.522,BTCUSDT,BUY,MARKET,60118.86,1.952,FILLED
ORD-003763,2026-08-26 09:10:57.638,ETHUSDT,SELL,MARKET,3000.34,0.178,FILLED
ORD-003764,2026-08-26 09:10:57.933,SOLUSDT,BUY,MARKET,140.01,0.477,FILLED
ORD-003765,2026-08-26 09:10:58.074,BTCUSDT,BUY,MARKET,59964.68,0.503,FILLED
ORD-003766,2026-08-26 09:10:58.208,BTCUSDT,BUY,MARKET,59921.79,1.665,FILLED
ORD-003767,2026-08-26 09:10:58.344,ETHUSDT,BUY,MARKET,2997.4,0.643,FILLED
ORD-003768,2026-08-26 09:10:58.612,ETHUSDT,SELL,MARKET,3000.71,0.18,FILLED
ORD-003769,2026-08-26 09:10:58.860,ETHUSDT,SELL,MARKET,2999.1,0.565,FILLED
ORD-003770,2026-08-26 09:10:59.145,BTCUSDT,BUY,MARKET,59929.52,0.691,FILLED
ORD-003771,2026-08-26 09:10:59.339,BTCUSDT,SELL,MARKET,59999.21,0.164,FILLED
ORD-003772,2026-08-26 09:10:59.581,SOLUSDT,BUY,MARKET,139.87,1.993,FILLED
ORD-003773,2026-08-26 09:10:59.716,ETHUSDT,BUY,MARKET,2996.99,1.166,FILLED
ORD-003774,2026-08-26 09:10:59.800,SOLUSDT,SELL,MARKET,139.95,1.543,FILLED
ORD-003775,2026-08-26 09:10:59.869,BTCUSDT,BUY,MARKET,59994.91,1.064,FILLED
ORD-003776,2026-08-26 09:11:00.151,ETHUSDT,SELL,MARKET,2994.65,0.484,FILLED
ORD-003777,2026-08-26 09:11:00.224,BTCUSDT,SELL,MARKET,60024.94,0.744,FILLED
ORD-003778,2026-08-26 09:11:00.299,SOLUSDT,BUY,MARKET,139.8,2.466,FILLED
ORD-003779,2026-08-26 09:11:00.374,SOLUSDT,BUY,MARKET,140.1,1.787,FILLED
ORD-003780,2026-08-26 09:11:00.642,ETHUSDT,SELL,MARKET,3000.15,2.366,FILLED
ORD-003781,2026-08-26 09:11:00.926,ETHUSDT,SELL,MARKET,2997.39,1.321,FILLED
ORD-003782,2026-08-26 09:11:00.982,ETHUSDT,SELL,MARKET,2999.78,0.44,FILLED
ORD-003783,2026-08-26 09:11:01.033,SOLUSDT,SELL,MARKET,139.95,0.649,FILLED
ORD-003784,2026-08-26 09:11:01.163,SOLUSDT,BUY,MARKET,139.98,2.266,FILLED
ORD-003785,2026-08-26 09:11:01.303,BTCUSDT,SELL,MARKET,60047.69,0.354,FILLED
ORD-003786,2026-08-26 09:11:01.422,SOLUSDT,BUY,MARKET,139.89,0.863,FILLED
ORD-003787,2026-08-26 09:11:01.642,BTCUSDT,BUY,MARKET,60030.04,0.819,FILLED
ORD-003788,2026-08-26 09:11:01.758,BTCUSDT,SELL,MARKET,59916.98,1.631,FILLED
ORD-003789,2026-08-26 09:11:01.847,ETHUSDT,BUY,MARKET,3002.01,2.164,FILLED
ORD-003790,2026-08-26 09:11:01.979,BTCUSDT,BUY,MARKET,60030.03,2.015,FILLED
ORD-003791,2026-08-26 09:11:02.106,SOLUSDT,BUY,MARKET,140.0,2.426,FILLED
ORD-003792,2026-08-26 09:11:02.368,SOLUSDT,SELL,MARKET,140.26,1.622,FILLED
ORD-003793,2026-08-26 09:11:02.568,SOLUSDT,BUY,MARKET,139.9,1.918,FILLED
ORD-003794,2026-08-26 09:11:02.632,SOLUSDT,SELL,MARKET,139.73,1.582,FILLED
ORD-003795,2026-08-26 09:11:02.792,BTCUSDT,SELL,MARKET,59977.72,0.796,FILLED
ORD-003796,2026-08-26 09:11:03.042,ETHUSDT,BUY,MARKET,2997.74,1.308,FILLED
ORD-003797,2026-08-26 09:11:03.174,ETHUSDT,BUY,MARKET,2997.37,2.434,FILLED
ORD-003798,2026-08-26 09:11:03.268,SOLUSDT,SELL,MARKET,140.15,1.071,FILLED
ORD-003799,2026-08-26 09:11:03.361,BTCUSDT,SELL,MARKET,59917.58,1.503,FILLED
ORD-003800,2026-08-26 09:11:03.492,ETHUSDT,SELL,MARKET,2999.8,1.63,FILLED
ORD-003801,2026-08-26 09:11:03.582,SOLUSDT,SELL,MARKET,139.92,0.505,FILLED
ORD-003802,2026-08-26 09:11:03.678,BTCUSDT,BUY,MARKET,59966.6,0.355,FILLED
ORD-003803,2026-08-26 09:11:03.772,ETHUSDT,SELL,MARKET,2994.69,0.82,FILLED
ORD-003804,2026-08-26 09:11:03.987,SOLUSDT,SELL,MARKET,140.01,2.214,FILLED
ORD-003805,2026-08-26 09:11:04.273,BTCUSDT,BUY,MARKET,59989.47,0.49,FILLED
ORD-003806,2026-08-26 09:11:04.524,ETHUSDT,BUY,MARKET,3000.48,1.526,FILLED
ORD-003807,2026-08-26 09:11:04.608,BTCUSDT,SELL,MARKET,60057.92,1.164,FILLED
ORD-003808,2026-08-26 09:11:04.869,ETHUSDT,SELL,MARKET,2999.92,2.24,FILLED
ORD-003809,2026-08-26 09:11:04.991,BTCUSDT,SELL,MARKET,59984.98,1.245,FILLED
ORD-003810,2026-08-26 09:11:05.229,SOLUSDT,BUY,MARKET,139.95,0.28,FILLED
ORD-003811,2026-08-26 09:11:05.324,BTCUSDT,BUY,MARKET,59885.89,1.393,FILLED
ORD-003812,2026-08-26 09:11:05.525,BTCUSDT,BUY,MARKET,59967.81,0.308,FILLED
ORD-003813,2026-08-26 09:11:05.580,BTCUSDT,SELL,MARKET,60077.9,1.108,FILLED
ORD-003814,2026-08-26 09:11:05.701,SOLUSDT,BUY,MARKET,139.93,0.869,FILLED
ORD-003815,2026-08-26 09:11:05.765,ETHUSDT,BUY,MARKET,2997.72,2.094,FILLED
ORD-003816,2026-08-26 09:11:05.949,ETHUSDT,SELL,MARKET,3000.51,0.624,FILLED
ORD-003817,2026-08-26 09:11:06.043,SOLUSDT,SELL,MARKET,140.01,0.648,FILLED
ORD-003818,2026-08-26 09:11:06.130,BTCUSDT,SELL,MARKET,60001.44,1.121,FILLED
ORD-003819,2026-08-26 09:11:06.285,BTCUSDT,BUY,MARKET,59931.44,0.576,FILLED
ORD-003820,2026-08-26 09:11:06.411,BTCUSDT,BUY,MARKET,59941.57,1.81,FILLED
ORD-003821,2026-08-26 09:11:06.652,BTCUSDT,BUY,MARKET,59923.82,2.061,REJECTED
ORD-003822,2026-08-26 09:11:06.809,BTCUSDT,SELL,MARKET,60099.88,1.356,FILLED
ORD-003823,2026-08-26 09:11:06.870,BTCUSDT,SELL,MARKET,59947.54,0.802,FILLED
ORD-003824,2026-08-26 09:11:06.925,ETHUSDT,SELL,MARKET,2999.03,0.34,FILLED
ORD-003825,2026-08-26 09:11:07.018,BTCUSDT,SELL,MARKET,60002.6,1.774,REJECTED
ORD-003826,2026-08-26 09:11:07.136,ETHUSDT,BUY,MARKET,3002.03,1.945,REJECTED
ORD-003827,2026-08-26 09:11:07.331,ETHUSDT,SELL,MARKET,2999.18,1.033,FILLED
ORD-003828,2026-08-26 09:11:07.575,BTCUSDT,BUY,MARKET,59997.2,1.889,FILLED
ORD-003829,2026-08-26 09:11:07.812,BTCUSDT,SELL,MARKET,60134.94,0.515,FILLED
ORD-003830,2026-08-26 09:11:08.085,SOLUSDT,SELL,MARKET,140.12,1.529,REJECTED
ORD-003831,2026-08-26 09:11:08.235,ETHUSDT,SELL,MARKET,2998.69,0.519,FILLED
ORD-003832,2026-08-26 09:11:08.498,SOLUSDT,SELL,MARKET,140.03,1.548,FILLED
ORD-003833,2026-08-26 09:11:08.560,BTCUSDT,BUY,MARKET,59856.52,1.713,FILLED
ORD-003834,2026-08-26 09:11:08.685,ETHUSDT,SELL,MARKET,2998.36,1.869,FILLED
ORD-003835,2026-08-26 09:11:08.789,BTCUSDT,SELL,MARKET,59965.78,0.729,FILLED
ORD-003836,2026-08-26 09:11:08.954,ETHUSDT,BUY,MARKET,2997.6,1.401,FILLED
ORD-003837,2026-08-26 09:11:09.123,SOLUSDT,SELL,MARKET,139.98,1.094,FILLED
ORD-003838,2026-08-26 09:11:09.403,BTCUSDT,SELL,MARKET,59967.63,2.319,FILLED
ORD-003839,2026-08-26 09:11:09.548,BTCUSDT,SELL,MARKET,59968.71,0.309,FILLED
ORD-003840,2026-08-26 09:11:09.776,SOLUSDT,BUY,MARKET,140.25,1.241,FILLED
ORD-003841,2026-08-26 09:11:10.004,BTCUSDT,BUY,MARKET,60006.18,0.903,FILLED
ORD-003842,2026-08-26 09:11:10.246,ETHUSDT,SELL,MARKET,3008.45,0.972,FILLED
ORD-003843,2026-08-26 09:11:10.409,ETHUSDT,BUY,MARKET,3002.86,1.794,FILLED
ORD-003844,2026-08-26 09:11:10.582,ETHUSDT,SELL,MARKET,2999.07,0.165,FILLED
ORD-003845,2026-08-26 09:11:10.811,SOLUSDT,SELL,MARKET,139.86,1.071,FILLED
ORD-003846,2026-08-26 09:11:11.080,BTCUSDT,BUY,MARKET,59890.34,1.085,FILLED
ORD-003847,2026-08-26 09:11:11.245,ETHUSDT,SELL,MARKET,2998.43,1.951,FILLED
ORD-003848,2026-08-26 09:11:11.448,SOLUSDT,SELL,MARKET,139.97,0.891,FILLED
ORD-003849,2026-08-26 09:11:11.575,BTCUSDT,SELL,MARKET,60090.98,1.095,FILLED
ORD-003850,2026-08-26 09:11:11.753,SOLUSDT,BUY,MARKET,140.18,2.184,FILLED
ORD-003851,2026-08-26 09:11:11.966,ETHUSDT,SELL,MARKET,3001.16,2.017,FILLED
ORD-003852,2026-08-26 09:11:12.051,ETHUSDT,BUY,MARKET,3003.46,1.47,FILLED
ORD-003853,2026-08-26 09:11:12.296,BTCUSDT,SELL,MARKET,59934.68,1.446,FILLED
ORD-003854,2026-08-26 09:11:12.353,SOLUSDT,BUY,MARKET,140.26,1.836,FILLED
ORD-003855,2026-08-26 09:11:12.505,ETHUSDT,SELL,MARKET,2995.9,1.93,FILLED
ORD-003856,2026-08-26 09:11:12.600,BTCUSDT,BUY,MARKET,59979.29,1.493,FILLED
ORD-003857,2026-08-26 09:11:12.690,SOLUSDT,BUY,MARKET,139.9,1.388,FILLED
ORD-003858,2026-08-26 09:11:12.966,ETHUSDT,BUY,MARKET,3002.15,0.875,FILLED
ORD-003859,2026-08-26 09:11:13.017,BTCUSDT,BUY,MARKET,59976.18,2.295,FILLED
ORD-003860,2026-08-26 09:11:13.170,SOLUSDT,SELL,MARKET,140.21,0.73,FILLED
ORD-003861,2026-08-26 09:11:13.357,SOLUSDT,SELL,MARKET,140.26,1.769,FILLED
ORD-003862,2026-08-26 09:11:13.652,SOLUSDT,BUY,MARKET,140.07,1.951,FILLED
ORD-003863,2026-08-26 09:11:13.730,ETHUSDT,SELL,MARKET,2995.69,1.762,FILLED
ORD-003864,2026-08-26 09:11:13.786,ETHUSDT,SELL,MARKET,2994.88,1.105,FILLED
ORD-003865,2026-08-26 09:11:13.884,ETHUSDT,BUY,MARKET,2997.28,1.393,FILLED
ORD-003866,2026-08-26 09:11:14.003,BTCUSDT,SELL,MARKET,59942.42,0.49,FILLED
ORD-003867,2026-08-26 09:11:14.090,BTCUSDT,SELL,MARKET,59904.77,0.23,FILLED
ORD-003868,2026-08-26 09:11:14.268,SOLUSDT,BUY,MARKET,140.06,1.094,FILLED
ORD-003869,2026-08-26 09:11:14.374,BTCUSDT,SELL,MARKET,60040.66,0.751,FILLED
ORD-003870,2026-08-26 09:11:14.617,SOLUSDT,BUY,MARKET,139.74,1.492,FILLED
ORD-003871,2026-08-26 09:11:14.815,BTCUSDT,BUY,MARKET,60035.52,2.218,FILLED
ORD-003872,2026-08-26 09:11:14.865,SOLUSDT,BUY,MARKET,140.0,0.324,FILLED
ORD-003873,2026-08-26 09:11:15.068,BTCUSDT,SELL,MARKET,60003.93,0.231,FILLED
ORD-003874,2026-08-26 09:11:15.170,BTCUSDT,SELL,MARKET,60043.71,2.212,FILLED
ORD-003875,2026-08-26 09:11:15.236,BTCUSDT,BUY,MARKET,59981.32,2.406,FILLED
ORD-003876,2026-08-26 09:11:15.392,ETHUSDT,BUY,MARKET,2997.23,1.542,FILLED
ORD-003877,2026-08-26 09:11:15.657,SOLUSDT,BUY,MARKET,139.93,2.099,FILLED
ORD-003878,2026-08-26 09:11:15.824,SOLUSDT,SELL,MARKET,139.96,2.142,FILLED
ORD-003879,2026-08-26 09:11:16.035,BTCUSDT,SELL,MARKET,59967.91,1.652,FILLED
ORD-003880,2026-08-26 09:11:16.236,ETHUSDT,BUY,MARKET,3003.43,1.115,FILLED
ORD-003881,2026-08-26 09:11:16.314,SOLUSDT,BUY,MARKET,140.16,1.024,FILLED
ORD-003882,2026-08-26 09:11:16.499,BTCUSDT,SELL,MARKET,60081.73,1.438,FILLED
ORD-003883,2026-08-26 09:11:16.742,BTCUSDT,BUY,MARKET,60010.15,0.236,FILLED
ORD-003884,2026-08-26 09:11:16.860,BTCUSDT,SELL,MARKET,60030.37,0.735,FILLED
ORD-003885,2026-08-26 09:11:17.074,BTCUSDT,SELL,MARKET,59970.75,1.662,FILLED
ORD-003886,2026-08-26 09:11:17.354,ETHUSDT,SELL,MARKET,2995.1,2.2,FILLED
ORD-003887,2026-08-26 09:11:17.573,BTCUSDT,BUY,MARKET,60066.59,0.809,FILLED
ORD-003888,2026-08-26 09:11:17.727,SOLUSDT,BUY,MARKET,140.06,0.997,FILLED
ORD-003889,2026-08-26 09:11:17.834,SOLUSDT,BUY,MARKET,139.95,0.475,FILLED
ORD-003890,2026-08-26 09:11:18.029,ETHUSDT,SELL,MARKET,2997.36,2.283,FILLED
ORD-003891,2026-08-26 09:11:18.235,ETHUSDT,SELL,MARKET,3003.57,0.241,FILLED
ORD-003892,2026-08-26 09:11:18.381,ETHUSDT,SELL,MARKET,3001.2,0.805,FILLED
ORD-003893,2026-08-26 09:11:18.521,ETHUSDT,BUY,MARKET,2994.76,0.84,FILLED
ORD-003894,2026-08-26 09:11:18.591,ETHUSDT,BUY,MARKET,3001.7,1.303,FILLED
ORD-003895,2026-08-26 09:11:18.645,SOLUSDT,SELL,MARKET,139.96,0.768,FILLED
ORD-003896,2026-08-26 09:11:18.825,BTCUSDT,SELL,MARKET,60005.65,2.205,FILLED
ORD-003897,2026-08-26 09:11:19.002,SOLUSDT,BUY,MARKET,139.94,1.468,FILLED
ORD-003898,2026-08-26 09:11:19.102,BTCUSDT,SELL,MARKET,60070.34,1.087,FILLED
ORD-003899,2026-08-26 09:11:19.306,BTCUSDT,BUY,MARKET,60029.92,2.036,FILLED
ORD-003900,2026-08-26 09:11:19.435,SOLUSDT,SELL,MARKET,139.88,0.995,FILLED
ORD-003901,2026-08-26 09:11:19.529,SOLUSDT,SELL,MARKET,140.04,1.7,FILLED
ORD-003902,2026-08-26 09:11:19.626,BTCUSDT,BUY,MARKET,60039.69,1.359,FILLED
ORD-003903,2026-08-26 09:11:19.777,BTCUSDT,SELL,MARKET,60011.29,1.021,FILLED
ORD-003904,2026-08-26 09:11:19.875,BTCUSDT,SELL,MARKET,59949.54,1.08,FILLED
ORD-003905,2026-08-26 09:11:20.078,ETHUSDT,SELL,MARKET,3000.25,2.235,FILLED
ORD-003906,2026-08-26 09:11:20.315,SOLUSDT,BUY,MARKET,140.0,1.999,FILLED
ORD-003907,2026-08-26 09:11:20.586,SOLUSDT,BUY,MARKET,139.98,1.864,FILLED
ORD-003908,2026-08-26 09:11:20.870,ETHUSDT,SELL,MARKET,3000.7,0.549,FILLED
ORD-003909,2026-08-26 09:11:20.932,ETHUSDT,BUY,MARKET,3001.42,1.36,FILLED
ORD-003910,2026-08-26 09:11:21.033,SOLUSDT,SELL,MARKET,140.16,0.33,FILLED
ORD-003911,2026-08-26 09:11:21.115,SOLUSDT,BUY,MARKET,140.07,0.471,FILLED
ORD-003912,2026-08-26 09:11:21.177,ETHUSDT,BUY,MARKET,2999.42,0.795,FILLED
ORD-003913,2026-08-26 09:11:21.418,SOLUSDT,SELL,MARKET,140.17,1.581,FILLED
ORD-003914,2026-08-26 09:11:21.690,BTCUSDT,SELL,MARKET,60048.97,2.147,FILLED
ORD-003915,2026-08-26 09:11:21.947,ETHUSDT,BUY,MARKET,2999.3,0.59,FILLED
ORD-003916,2026-08-26 09:11:22.117,SOLUSDT,SELL,MARKET,139.78,2.125,FILLED
ORD-003917,2026-08-26 09:11:22.380,BTCUSDT,BUY,MARKET,59978.38,1.647,FILLED
ORD-003918,2026-08-26 09:11:22.608,SOLUSDT,SELL,MARKET,139.89,1.701,FILLED
ORD-003919,2026-08-26 09:11:22.824,BTCUSDT,SELL,MARKET,59946.74,2.427,FILLED
ORD-003920,2026-08-26 09:11:22.881,BTCUSDT,BUY,MARKET,60006.93,2.096,FILLED
ORD-003921,2026-08-26 09:11:22.957,SOLUSDT,SELL,MARKET,139.94,2.362,FILLED
ORD-003922,2026-08-26 09:11:23.247,SOLUSDT,SELL,MARKET,139.92,0.4,FILLED
ORD-003923,2026-08-26 09:11:23.330,SOLUSDT,BUY,MARKET,139.89,1.066,FILLED
ORD-003924,2026-08-26 09:11:23.380,BTCUSDT,BUY,MARKET,59991.38,1.607,FILLED
ORD-003925,2026-08-26 09:11:23.515,ETHUSDT,SELL,MARKET,3001.72,1.133,FILLED
ORD-003926,2026-08-26 09:11:23.811,ETHUSDT,BUY,MARKET,3000.57,1.858,FILLED
ORD-003927,2026-08-26 09:11:23.926,ETHUSDT,BUY,MARKET,3003.15,0.838,FILLED
ORD-003928,2026-08-26 09:11:24.099,BTCUSDT,BUY,MARKET,59909.14,1.676,FILLED
ORD-003929,2026-08-26 09:11:24.274,SOLUSDT,SELL,MARKET,139.87,0.224,FILLED
ORD-003930,2026-08-26 09:11:24.413,ETHUSDT,BUY,MARKET,2998.71,2.477,FILLED
ORD-003931,2026-08-26 09:11:24.508,BTCUSDT,BUY,MARKET,60072.17,1.928,FILLED
ORD-003932,2026-08-26 09:11:24.707,BTCUSDT,BUY,MARKET,60029.06,1.886,FILLED
ORD-003933,2026-08-26 09:11:24.874,SOLUSDT,BUY,MARKET,139.98,0.564,FILLED
ORD-003934,2026-08-26 09:11:25.003,BTCUSDT,BUY,MARKET,59983.6,0.805,FILLED
ORD-003935,2026-08-26 09:11:25.179,ETHUSDT,SELL,MARKET,3003.33,1.971,FILLED
ORD-003936,2026-08-26 09:11:25.261,ETHUSDT,BUY,MARKET,2999.4,1.098,FILLED
ORD-003937,2026-08-26 09:11:25.488,BTCUSDT,SELL,MARKET,60035.08,2.224,FILLED
ORD-003938,2026-08-26 09:11:25.739,ETHUSDT,SELL,MARKET,3003.06,1.56,FILLED
ORD-003939,2026-08-26 09:11:26.038,ETHUSDT,BUY,MARKET,3001.86,2.148,FILLED
ORD-003940,2026-08-26 09:11:26.108,ETHUSDT,BUY,MARKET,3002.19,2.173,FILLED
ORD-003941,2026-08-26 09:11:26.248,ETHUSDT,SELL,MARKET,2997.93,2.053,FILLED
ORD-003942,2026-08-26 09:11:26.527,SOLUSDT,BUY,MARKET,139.97,1.868,REJECTED
ORD-003943,2026-08-26 09:11:26.606,ETHUSDT,SELL,MARKET,3000.28,0.978,FILLED
ORD-003944,2026-08-26 09:11:26.884,ETHUSDT,BUY,MARKET,3003.83,0.784,FILLED
ORD-003945,2026-08-26 09:11:26.997,BTCUSDT,SELL,MARKET,59893.63,2.463,FILLED
ORD-003946,2026-08-26 09:11:27.243,SOLUSDT,BUY,MARKET,139.81,0.602,FILLED
ORD-003947,2026-08-26 09:11:27.364,BTCUSDT,BUY,MARKET,59983.2,1.431,FILLED
ORD-003948,2026-08-26 09:11:27.592,SOLUSDT,BUY,MARKET,140.0,1.04,REJECTED
ORD-003949,2026-08-26 09:11:27.694,ETHUSDT,BUY,MARKET,3000.52,1.802,REJECTED
ORD-003950,2026-08-26 09:11:27.863,SOLUSDT,BUY,MARKET,140.36,2.338,FILLED
ORD-003951,2026-08-26 09:11:27.926,ETHUSDT,SELL,MARKET,3005.04,1.317,FILLED
ORD-003952,2026-08-26 09:11:28.099,ETHUSDT,SELL,MARKET,2999.64,1.552,FILLED
ORD-003953,2026-08-26 09:11:28.328,BTCUSDT,BUY,MARKET,59963.49,0.382,FILLED
ORD-003954,2026-08-26 09:11:28.604,SOLUSDT,BUY,MARKET,139.9,1.763,FILLED
ORD-003955,2026-08-26 09:11:28.691,ETHUSDT,BUY,MARKET,2996.97,2.155,FILLED
ORD-003956,2026-08-26 09:11:28.827,ETHUSDT,SELL,MARKET,2995.47,0.762,FILLED
ORD-003957,2026-08-26 09:11:29.045,SOLUSDT,BUY,MARKET,139.87,0.678,FILLED
ORD-003958,2026-08-26 09:11:29.211,BTCUSDT,BUY,MARKET,59882.36,0.809,FILLED
ORD-003959,2026-08-26 09:11:29.381,SOLUSDT,BUY,MARKET,139.96,1.541,FILLED
ORD-003960,2026-08-26 09:11:29.502,SOLUSDT,BUY,MARKET,140.05,0.972,FILLED
ORD-003961,2026-08-26 09:11:29.688,ETHUSDT,SELL,MARKET,2999.22,0.236,FILLED
ORD-003962,2026-08-26 09:11:29.930,SOLUSDT,BUY,MARKET,140.32,0.292,FILLED
ORD-003963,2026-08-26 09:11:30.066,BTCUSDT,SELL,MARKET,59993.79,1.582,FILLED
ORD-003964,2026-08-26 09:11:30.321,SOLUSDT,BUY,MARKET,140.19,2.002,FILLED
ORD-003965,2026-08-26 09:11:30.550,ETHUSDT,SELL,MARKET,3004.5,0.696,FILLED
ORD-003966,2026-08-26 09:11:30.635,SOLUSDT,SELL,MARKET,140.27,2.443,FILLED
ORD-003967,2026-08-26 09:11:30.780,SOLUSDT,SELL,MARKET,140.27,0.139,FILLED
ORD-003968,2026-08-26 09:11:30.842,ETHUSDT,SELL,MARKET,3002.01,1.341,FILLED
ORD-003969,2026-08-26 09:11:31.003,ETHUSDT,BUY,MARKET,3000.95,1.05,FILLED
ORD-003970,2026-08-26 09:11:31.075,BTCUSDT,SELL,MARKET,60075.77,2.229,FILLED
ORD-003971,2026-08-26 09:11:31.155,SOLUSDT,SELL,MARKET,139.76,1.408,FILLED
ORD-003972,2026-08-26 09:11:31.220,BTCUSDT,BUY,MARKET,59920.39,2.472,FILLED
ORD-003973,2026-08-26 09:11:31.425,SOLUSDT,BUY,MARKET,140.0,0.425,FILLED
ORD-003974,2026-08-26 09:11:31.668,ETHUSDT,SELL,MARKET,2998.78,2.363,FILLED
ORD-003975,2026-08-26 09:11:31.865,ETHUSDT,SELL,MARKET,2998.21,2.158,FILLED
ORD-003976,2026-08-26 09:11:32.051,SOLUSDT,BUY,MARKET,140.14,1.596,FILLED
ORD-003977,2026-08-26 09:11:32.309,ETHUSDT,BUY,MARKET,2998.85,0.937,FILLED
ORD-003978,2026-08-26 09:11:32.520,ETHUSDT,SELL,MARKET,3000.3,0.756,FILLED
ORD-003979,2026-08-26 09:11:32.724,SOLUSDT,BUY,MARKET,140.08,1.436,FILLED
ORD-003980,2026-08-26 09:11:32.916,ETHUSDT,SELL,MARKET,3004.06,0.317,FILLED
ORD-003981,2026-08-26 09:11:33.055,BTCUSDT,BUY,MARKET,60036.48,0.935,FILLED
ORD-003982,2026-08-26 09:11:33.189,SOLUSDT,BUY,MARKET,139.91,0.779,FILLED
ORD-003983,2026-08-26 09:11:33.333,ETHUSDT,SELL,MARKET,3000.31,2.006,FILLED
ORD-003984,2026-08-26 09:11:33.487,BTCUSDT,BUY,MARKET,60001.12,0.856,FILLED
ORD-003985,2026-08-26 09:11:33.644,ETHUSDT,BUY,MARKET,3001.42,0.346,FILLED
ORD-003986,2026-08-26 09:11:33.808,BTCUSDT,SELL,MARKET,60073.85,0.125,FILLED
ORD-003987,2026-08-26 09:11:33.891,SOLUSDT,BUY,MARKET,140.05,1.075,FILLED
ORD-003988,2026-08-26 09:11:33.947,BTCUSDT,SELL,MARKET,59908.23,1.31,FILLED
ORD-003989,2026-08-26 09:11:34.055,BTCUSDT,SELL,MARKET,59978.95,0.263,FILLED
ORD-003990,2026-08-26 09:11:34.118,SOLUSDT,BUY,MARKET,140.11,0.858,FILLED
ORD-003991,2026-08-26 09:11:34.245,ETHUSDT,SELL,MARKET,2997.92,0.53,FILLED
ORD-003992,2026-08-26 09:11:34.362,BTCUSDT,BUY,MARKET,60000.16,1.162,FILLED
ORD-003993,2026-08-26 09:11:34.436,BTCUSDT,SELL,MARKET,60029.49,0.977,FILLED
ORD-003994,2026-08-26 09:11:34.499,SOLUSDT,SELL,MARKET,140.04,1.222,FILLED
ORD-003995,2026-08-26 09:11:34.713,ETHUSDT,SELL,MARKET,2999.08,0.292,FILLED
ORD-003996,2026-08-26 09:11:34.946,SOLUSDT,SELL,MARKET,140.03,0.821,FILLED
ORD-003997,2026-08-26 09:11:35.056,ETHUSDT,BUY,MARKET,3002.38,0.395,FILLED
ORD-003998,2026-08-26 09:11:35.249,BTCUSDT,SELL,MARKET,59943.74,1.605,FILLED
ORD-003999,2026-08-26 09:11:35.311,ETHUSDT,SELL,MARKET,2995.75,1.748,FILLED
ORD-004000,2026-08-26 09:11:35.566,BTCUSDT,BUY,MARKET,60033.72,2.134,FILLED
ORD-004001,2026-08-26 09:11:35.780,SOLUSDT,BUY,MARKET,139.96,0.114,FILLED
ORD-004002,2026-08-26 09:11:35.891,BTCUSDT,BUY,MARKET,60004.75,1.138,FILLED
ORD-004003,2026-08-26 09:11:36.119,BTCUSDT,BUY,MARKET,60041.71,1.796,FILLED
ORD-004004,2026-08-26 09:11:36.389,ETHUSDT,BUY,MARKET,3002.29,1.457,FILLED
ORD-004005,2026-08-26 09:11:36.473,ETHUSDT,SELL,MARKET,2993.85,1.446,FILLED
ORD-004006,2026-08-26 09:11:36.752,ETHUSDT,BUY,MARKET,2997.61,2.343,FILLED
ORD-004007,2026-08-26 09:11:36.844,ETHUSDT,SELL,MARKET,3000.43,0.548,FILLED
ORD-004008,2026-08-26 09:11:36.951,ETHUSDT,SELL,MARKET,3002.2,1.802,FILLED
ORD-004009,2026-08-26 09:11:37.047,SOLUSDT,SELL,MARKET,140.08,0.672,FILLED
ORD-004010,2026-08-26 09:11:37.254,BTCUSDT,BUY,MARKET,60016.01,0.257,FILLED
ORD-004011,2026-08-26 09:11:37.339,BTCUSDT,BUY,MARKET,60037.48,0.769,FILLED
ORD-004012,2026-08-26 09:11:37.427,BTCUSDT,SELL,MARKET,59935.52,1.518,FILLED
ORD-004013,2026-08-26 09:11:37.697,SOLUSDT,BUY,MARKET,139.96,2.068,FILLED
ORD-004014,2026-08-26 09:11:37.846,BTCUSDT,SELL,MARKET,59921.46,0.404,FILLED
ORD-004015,2026-08-26 09:11:37.913,BTCUSDT,SELL,MARKET,59891.7,1.562,FILLED
ORD-004016,2026-08-26 09:11:38.164,BTCUSDT,BUY,MARKET,60001.35,2.098,FILLED
ORD-004017,2026-08-26 09:11:38.324,ETHUSDT,BUY,MARKET,3001.33,1.956,FILLED
ORD-004018,2026-08-26 09:11:38.429,SOLUSDT,BUY,MARKET,139.78,1.222,FILLED
ORD-004019,2026-08-26 09:11:38.487,BTCUSDT,BUY,MARKET,59974.38,1.78,FILLED
ORD-004020,2026-08-26 09:11:38.742,ETHUSDT,SELL,MARKET,2997.31,0.168,FILLED
ORD-004021,2026-08-26 09:11:38.996,ETHUSDT,BUY,MARKET,2996.21,0.671,FILLED
ORD-004022,2026-08-26 09:11:39.123,BTCUSDT,SELL,MARKET,60069.89,1.308,FILLED
ORD-004023,2026-08-26 09:11:39.375,BTCUSDT,SELL,MARKET,59928.81,1.637,FILLED
ORD-004024,2026-08-26 09:11:39.429,SOLUSDT,SELL,MARKET,139.82,1.291,FILLED
ORD-004025,2026-08-26 09:11:39.588,SOLUSDT,SELL,MARKET,140.25,1.315,FILLED
ORD-004026,2026-08-26 09:11:39.875,ETHUSDT,SELL,MARKET,2999.83,0.106,FILLED
ORD-004027,2026-08-26 09:11:39.973,ETHUSDT,BUY,MARKET,2999.11,1.796,FILLED
ORD-004028,2026-08-26 09:11:40.249,SOLUSDT,SELL,MARKET,140.14,2.365,FILLED
ORD-004029,2026-08-26 09:11:40.379,ETHUSDT,SELL,MARKET,2996.56,1.175,FILLED
ORD-004030,2026-08-26 09:11:40.484,SOLUSDT,SELL,MARKET,140.07,1.355,FILLED
ORD-004031,2026-08-26 09:11:40.749,SOLUSDT,SELL,MARKET,140.1,1.799,FILLED
ORD-004032,2026-08-26 09:11:40.807,SOLUSDT,BUY,MARKET,139.98,1.315,FILLED
ORD-004033,2026-08-26 09:11:41.036,SOLUSDT,SELL,MARKET,140.03,0.777,FILLED
ORD-004034,2026-08-26 09:11:41.161,SOLUSDT,BUY,MARKET,139.9,2.194,FILLED
ORD-004035,2026-08-26 09:11:41.439,BTCUSDT,BUY,MARKET,60014.01,1.517,FILLED
ORD-004036,2026-08-26 09:11:41.669,ETHUSDT,BUY,MARKET,2998.92,1.415,FILLED
ORD-004037,2026-08-26 09:11:41.792,SOLUSDT,BUY,MARKET,139.99,0.891,FILLED
ORD-004038,2026-08-26 09:11:41.888,SOLUSDT,SELL,MARKET,140.1,1.78,FILLED
ORD-004039,2026-08-26 09:11:41.979,SOLUSDT,SELL,MARKET,139.96,2.306,FILLED
ORD-004040,2026-08-26 09:11:42.106,BTCUSDT,BUY,MARKET,60103.82,1.788,FILLED
ORD-004041,2026-08-26 09:11:42.243,ETHUSDT,SELL,MARKET,2997.94,1.629,FILLED
ORD-004042,2026-08-26 09:11:42.424,ETHUSDT,SELL,MARKET,3003.44,0.254,FILLED
ORD-004043,2026-08-26 09:11:42.638,SOLUSDT,BUY,MARKET,140.09,1.181,FILLED
ORD-004044,2026-08-26 09:11:42.762,SOLUSDT,SELL,MARKET,139.84,2.434,FILLED
ORD-004045,2026-08-26 09:11:42.999,BTCUSDT,SELL,MARKET,59983.28,0.285,FILLED
ORD-004046,2026-08-26 09:11:43.240,BTCUSDT,SELL,MARKET,60003.59,0.834,FILLED
ORD-004047,2026-08-26 09:11:43.399,SOLUSDT,SELL,MARKET,139.93,0.879,FILLED
ORD-004048,2026-08-26 09:11:43.498,SOLUSDT,SELL,MARKET,140.15,2.012,FILLED
ORD-004049,2026-08-26 09:11:43.661,SOLUSDT,BUY,MARKET,140.07,2.159,FILLED
ORD-004050,2026-08-26 09:11:43.726,BTCUSDT,BUY,MARKET,60096.25,2.115,FILLED
ORD-004051,2026-08-26 09:11:43.801,SOLUSDT,BUY,MARKET,139.91,0.418,FILLED
ORD-004052,2026-08-26 09:11:43.980,ETHUSDT,SELL,MARKET,2997.48,1.179,FILLED
ORD-004053,2026-08-26 09:11:44.132,ETHUSDT,SELL,MARKET,2997.37,1.355,FILLED
ORD-004054,2026-08-26 09:11:44.207,ETHUSDT,SELL,MARKET,3000.38,1.284,FILLED
ORD-004055,2026-08-26 09:11:44.355,BTCUSDT,SELL,MARKET,60072.47,0.116,FILLED
ORD-004056,2026-08-26 09:11:44.540,SOLUSDT,SELL,MARKET,140.01,1.096,FILLED
ORD-004057,2026-08-26 09:11:44.680,BTCUSDT,SELL,MARKET,60049.34,1.095,FILLED
ORD-004058,2026-08-26 09:11:44.807,ETHUSDT,SELL,MARKET,3000.0,0.716,FILLED
ORD-004059,2026-08-26 09:11:44.932,ETHUSDT,BUY,MARKET,3001.03,1.234,FILLED
ORD-004060,2026-08-26 09:11:45.091,BTCUSDT,BUY,MARKET,59929.96,1.076,FILLED
ORD-004061,2026-08-26 09:11:45.386,BTCUSDT,BUY,MARKET,59953.3,1.852,FILLED
ORD-004062,2026-08-26 09:11:45.490,BTCUSDT,SELL,MARKET,59934.91,2.348,REJECTED
ORD-004063,2026-08-26 09:11:45.728,SOLUSDT,SELL,MARKET,140.01,1.855,FILLED
ORD-004064,2026-08-26 09:11:45.949,SOLUSDT,BUY,MARKET,139.91,1.892,REJECTED
ORD-004065,2026-08-26 09:11:46.221,SOLUSDT,BUY,MARKET,139.98,1.558,FILLED
ORD-004066,2026-08-26 09:11:46.363,SOLUSDT,SELL,MARKET,140.14,1.433,REJECTED
ORD-004067,2026-08-26 09:11:46.610,ETHUSDT,SELL,MARKET,3004.07,1.214,FILLED
ORD-004068,2026-08-26 09:11:46.823,ETHUSDT,SELL,MARKET,2997.94,1.475,FILLED
ORD-004069,2026-08-26 09:11:46.908,BTCUSDT,SELL,MARKET,59982.81,1.607,FILLED
ORD-004070,2026-08-26 09:11:47.177,SOLUSDT,SELL,MARKET,140.29,0.453,FILLED
ORD-004071,2026-08-26 09:11:47.476,BTCUSDT,BUY,MARKET,60092.67,1.373,FILLED
ORD-004072,2026-08-26 09:11:47.645,BTCUSDT,SELL,MARKET,59981.41,2.19,FILLED
ORD-004073,2026-08-26 09:11:47.807,BTCUSDT,SELL,MARKET,59943.63,1.452,FILLED
ORD-004074,2026-08-26 09:11:48.013,SOLUSDT,SELL,MARKET,140.03,1.205,FILLED
ORD-004075,2026-08-26 09:11:48.251,ETHUSDT,BUY,MARKET,2996.76,2.258,FILLED
ORD-004076,2026-08-26 09:11:48.334,ETHUSDT,BUY,MARKET,3004.23,1.911,FILLED
ORD-004077,2026-08-26 09:11:48.515,SOLUSDT,SELL,MARKET,140.17,1.051,FILLED
ORD-004078,2026-08-26 09:11:48.621,ETHUSDT,BUY,MARKET,3001.63,1.652,FILLED
ORD-004079,2026-08-26 09:11:48.767,BTCUSDT,SELL,MARKET,59952.15,1.834,FILLED
ORD-004080,2026-08-26 09:11:49.054,SOLUSDT,SELL,MARKET,140.04,1.253,FILLED
ORD-004081,2026-08-26 09:11:49.104,SOLUSDT,BUY,MARKET,139.93,0.562,FILLED
ORD-004082,2026-08-26 09:11:49.318,ETHUSDT,SELL,MARKET,3004.37,1.677,FILLED
ORD-004083,2026-08-26 09:11:49.596,SOLUSDT,BUY,MARKET,140.09,1.371,FILLED
ORD-004084,2026-08-26 09:11:49.872,BTCUSDT,SELL,MARKET,59972.83,1.969,FILLED
ORD-004085,2026-08-26 09:11:50.062,ETHUSDT,SELL,MARKET,2990.86,1.094,FILLED
ORD-004086,2026-08-26 09:11:50.229,SOLUSDT,BUY,MARKET,140.16,0.665,FILLED
ORD-004087,2026-08-26 09:11:50.407,SOLUSDT,BUY,MARKET,139.83,1.181,FILLED
ORD-004088,2026-08-26 09:11:50.630,SOLUSDT,BUY,MARKET,140.18,0.647,FILLED
ORD-004089,2026-08-26 09:11:50.789,SOLUSDT,BUY,MARKET,140.1,1.931,FILLED
ORD-004090,2026-08-26 09:11:50.953,ETHUSDT,SELL,MARKET,2997.89,1.606,FILLED
ORD-004091,2026-08-26 09:11:51.183,BTCUSDT,SELL,MARKET,59942.91,1.494,FILLED
ORD-004092,2026-08-26 09:11:51.313,ETHUSDT,BUY,MARKET,3002.06,1.291,FILLED
ORD-004093,2026-08-26 09:11:51.522,BTCUSDT,BUY,MARKET,60032.43,1.407,FILLED
ORD-004094,2026-08-26 09:11:51.588,SOLUSDT,BUY,MARKET,140.08,1.211,FILLED
ORD-004095,2026-08-26 09:11:51.715,ETHUSDT,BUY,MARKET,3002.27,1.439,FILLED
ORD-004096,2026-08-26 09:11:51.832,ETHUSDT,SELL,MARKET,2996.99,0.604,FILLED
ORD-004097,2026-08-26 09:11:52.127,SOLUSDT,SELL,MARKET,139.89,2.167,FILLED
ORD-004098,2026-08-26 09:11:52.351,BTCUSDT,SELL,MARKET,60037.43,1.525,FILLED
ORD-004099,2026-08-26 09:11:52.408,BTCUSDT,BUY,MARKET,60027.75,1.703,FILLED
ORD-004100,2026-08-26 09:11:52.483,SOLUSDT,SELL,MARKET,139.74,2.037,FILLED
ORD-004101,2026-08-26 09:11:52.729,BTCUSDT,SELL,MARKET,59961.72,0.336,FILLED
ORD-004102,2026-08-26 09:11:52.878,BTCUSDT,BUY,MARKET,60009.59,2.297,FILLED
ORD-004103,2026-08-26 09:11:52.984,SOLUSDT,BUY,MARKET,139.82,1.507,FILLED
ORD-004104,2026-08-26 09:11:53.262,ETHUSDT,BUY,MARKET,3003.06,1.428,FILLED
ORD-004105,2026-08-26 09:11:53.529,BTCUSDT,BUY,MARKET,59929.35,1.691,FILLED
ORD-004106,2026-08-26 09:11:53.761,ETHUSDT,SELL,MARKET,2995.13,0.211,FILLED
ORD-004107,2026-08-26 09:11:53.916,ETHUSDT,BUY,MARKET,2997.18,1.326,FILLED
ORD-004108,2026-08-26 09:11:54.080,SOLUSDT,BUY,MARKET,140.03,0.95,FILLED
ORD-004109,2026-08-26 09:11:54.345,BTCUSDT,SELL,MARKET,60073.49,1.938,FILLED
ORD-004110,2026-08-26 09:11:54.569,SOLUSDT,BUY,MARKET,140.17,1.617,FILLED
ORD-004111,2026-08-26 09:11:54.642,ETHUSDT,SELL,MARKET,2995.89,0.405,FILLED
ORD-004112,2026-08-26 09:11:54.824,SOLUSDT,SELL,MARKET,140.05,1.874,FILLED
ORD-004113,2026-08-26 09:11:55.011,ETHUSDT,SELL,MARKET,2996.14,2.456,FILLED
ORD-004114,2026-08-26 09:11:55.184,BTCUSDT,BUY,MARKET,60067.38,0.841,FILLED
ORD-004115,2026-08-26 09:11:55.437,BTCUSDT,BUY,MARKET,59984.3,2.447,FILLED
ORD-004116,2026-08-26 09:11:55.570,ETHUSDT,BUY,MARKET,2994.48,1.166,FILLED
ORD-004117,2026-08-26 09:11:55.810,SOLUSDT,SELL,MARKET,139.92,1.544,FILLED
ORD-004118,2026-08-26 09:11:55.873,BTCUSDT,SELL,MARKET,59971.93,1.171,FILLED
ORD-004119,2026-08-26 09:11:55.991,BTCUSDT,BUY,MARKET,59996.37,1.967,FILLED
ORD-004120,2026-08-26 09:11:56.188,ETHUSDT,SELL,MARKET,3001.97,2.443,FILLED
ORD-004121,2026-08-26 09:11:56.346,ETHUSDT,BUY,MARKET,2994.56,2.067,FILLED
ORD-004122,2026-08-26 09:11:56.451,SOLUSDT,SELL,MARKET,139.83,0.259,FILLED
ORD-004123,2026-08-26 09:11:56.554,BTCUSDT,SELL,MARKET,60075.92,1.314,FILLED
ORD-004124,2026-08-26 09:11:56.838,BTCUSDT,SELL,MARKET,60040.97,1.187,FILLED
ORD-004125,2026-08-26 09:11:57.134,BTCUSDT,BUY,MARKET,60065.74,1.322,FILLED
ORD-004126,2026-08-26 09:11:57.268,SOLUSDT,BUY,MARKET,140.08,2.092,FILLED
ORD-004127,2026-08-26 09:11:57.528,SOLUSDT,SELL,MARKET,140.14,1.642,FILLED
ORD-004128,2026-08-26 09:11:57.766,BTCUSDT,BUY,MARKET,59988.89,2.151,FILLED
ORD-004129,2026-08-26 09:11:57.879,ETHUSDT,BUY,MARKET,3000.07,0.71,FILLED
ORD-004130,2026-08-26 09:11:57.982,SOLUSDT,SELL,MARKET,139.99,1.22,FILLED
ORD-004131,2026-08-26 09:11:58.131,ETHUSDT,SELL,MARKET,3007.84,1.802,FILLED
ORD-004132,2026-08-26 09:11:58.253,BTCUSDT,BUY,MARKET,59949.32,0.956,FILLED
ORD-004133,2026-08-26 09:11:58.539,SOLUSDT,BUY,MARKET,140.0,1.878,FILLED
ORD-004134,2026-08-26 09:11:58.831,SOLUSDT,BUY,MARKET,140.07,0.908,FILLED
ORD-004135,2026-08-26 09:11:59.022,BTCUSDT,BUY,MARKET,59993.05,1.071,FILLED
ORD-004136,2026-08-26 09:11:59.148,BTCUSDT,SELL,MARKET,59966.89,1.991,FILLED
ORD-004137,2026-08-26 09:11:59.263,ETHUSDT,SELL,MARKET,3003.59,1.793,FILLED
ORD-004138,2026-08-26 09:11:59.501,SOLUSDT,BUY,MARKET,139.98,0.791,FILLED
ORD-004139,2026-08-26 09:11:59.612,BTCUSDT,BUY,MARKET,60080.25,1.629,FILLED
ORD-004140,2026-08-26 09:11:59.751,BTCUSDT,BUY,MARKET,60038.16,2.147,FILLED
ORD-004141,2026-08-26 09:12:00.010,SOLUSDT,BUY,MARKET,139.97,1.023,FILLED
ORD-004142,2026-08-26 09:12:00.177,BTCUSDT,BUY,MARKET,59932.7,1.005,FILLED
ORD-004143,2026-08-26 09:12:00.227,BTCUSDT,SELL,MARKET,59960.81,2.386,FILLED
ORD-004144,2026-08-26 09:12:00.484,BTCUSDT,SELL,MARKET,60080.22,0.767,FILLED
ORD-004145,2026-08-26 09:12:00.712,BTCUSDT,BUY,MARKET,60022.86,0.421,FILLED
ORD-004146,2026-08-26 09:12:00.815,BTCUSDT,SELL,MARKET,59958.51,0.274,FILLED
ORD-004147,2026-08-26 09:12:00.989,SOLUSDT,SELL,MARKET,139.89,2.239,FILLED
ORD-004148,2026-08-26 09:12:01.122,ETHUSDT,BUY,MARKET,3002.44,1.574,FILLED
ORD-004149,2026-08-26 09:12:01.178,BTCUSDT,SELL,MARKET,60107.35,0.758,FILLED
ORD-004150,2026-08-26 09:12:01.345,SOLUSDT,BUY,MARKET,139.92,0.941,FILLED
ORD-004151,2026-08-26 09:12:01.617,ETHUSDT,SELL,MARKET,3006.11,0.837,FILLED
ORD-004152,2026-08-26 09:12:01.699,ETHUSDT,BUY,MARKET,2998.73,1.275,FILLED
ORD-004153,2026-08-26 09:12:01.937,ETHUSDT,BUY,MARKET,2998.73,1.901,FILLED
ORD-004154,2026-08-26 09:12:02.181,SOLUSDT,SELL,MARKET,140.2,0.954,FILLED
ORD-004155,2026-08-26 09:12:02.298,BTCUSDT,BUY,MARKET,60076.64,2.142,FILLED
ORD-004156,2026-08-26 09:12:02.595,BTCUSDT,SELL,MARKET,59981.06,2.326,FILLED
ORD-004157,2026-08-26 09:12:02.732,SOLUSDT,SELL,MARKET,139.88,2.024,FILLED
ORD-004158,2026-08-26 09:12:02.855,BTCUSDT,BUY,MARKET,59958.71,0.751,FILLED
ORD-004159,2026-08-26 09:12:03.041,SOLUSDT,SELL,MARKET,140.02,0.438,FILLED
ORD-004160,2026-08-26 09:12:03.335,SOLUSDT,BUY,MARKET,139.74,1.912,FILLED
ORD-004161,2026-08-26 09:12:03.574,BTCUSDT,BUY,MARKET,59991.18,1.007,FILLED
ORD-004162,2026-08-26 09:12:03.674,SOLUSDT,BUY,MARKET,139.88,1.493,FILLED
ORD-004163,2026-08-26 09:12:03.841,BTCUSDT,SELL,MARKET,59943.08,1.976,FILLED
ORD-004164,2026-08-26 09:12:04.114,SOLUSDT,SELL,MARKET,140.03,0.252,FILLED
ORD-004165,2026-08-26 09:12:04.276,SOLUSDT,BUY,MARKET,140.14,0.785,FILLED
ORD-004166,2026-08-26 09:12:04.461,ETHUSDT,SELL,MARKET,3000.52,0.224,FILLED
ORD-004167,2026-08-26 09:12:04.758,ETHUSDT,BUY,MARKET,3001.44,1.386,FILLED
ORD-004168,2026-08-26 09:12:05.048,BTCUSDT,BUY,MARKET,60054.35,0.879,FILLED
ORD-004169,2026-08-26 09:12:05.259,BTCUSDT,SELL,MARKET,60021.58,1.09,FILLED
ORD-004170,2026-08-26 09:12:05.333,BTCUSDT,BUY,MARKET,59905.83,1.417,FILLED
ORD-004171,2026-08-26 09:12:05.467,BTCUSDT,SELL,MARKET,60014.96,0.823,FILLED
ORD-004172,2026-08-26 09:12:05.553,ETHUSDT,BUY,MARKET,2996.38,2.111,FILLED
ORD-004173,2026-08-26 09:12:05.844,ETHUSDT,BUY,MARKET,3000.99,0.273,FILLED
ORD-004174,2026-08-26 09:12:05.907,ETHUSDT,BUY,MARKET,3002.67,1.07,FILLED
ORD-004175,2026-08-26 09:12:06.042,BTCUSDT,BUY,MARKET,60001.3,1.136,FILLED
ORD-004176,2026-08-26 09:12:06.304,SOLUSDT,SELL,MARKET,140.01,0.883,FILLED
ORD-004177,2026-08-26 09:12:06.393,BTCUSDT,BUY,MARKET,60012.72,0.794,FILLED
ORD-004178,2026-08-26 09:12:06.508,BTCUSDT,SELL,MARKET,60100.14,0.856,FILLED
ORD-004179,2026-08-26 09:12:06.786,ETHUSDT,BUY,MARKET,2996.28,1.064,FILLED
ORD-004180,2026-08-26 09:12:06.844,BTCUSDT,BUY,MARKET,60089.38,2.147,FILLED
ORD-004181,2026-08-26 09:12:06.929,ETHUSDT,BUY,MARKET,3002.58,0.523,FILLED
ORD-004182,2026-08-26 09:12:07.173,SOLUSDT,BUY,MARKET,140.29,0.211,REJECTED
ORD-004183,2026-08-26 09:12:07.316,BTCUSDT,SELL,MARKET,60020.67,0.562,FILLED
ORD-004184,2026-08-26 09:12:07.451,BTCUSDT,SELL,MARKET,60039.45,0.684,FILLED
ORD-004185,2026-08-26 09:12:07.577,ETHUSDT,SELL,MARKET,3002.66,1.059,FILLED
ORD-004186,2026-08-26 09:12:07.695,SOLUSDT,SELL,MARKET,140.18,1.329,FILLED
ORD-004187,2026-08-26 09:12:07.916,BTCUSDT,BUY,MARKET,59952.75,1.149,FILLED
ORD-004188,2026-08-26 09:12:08.178,ETHUSDT,BUY,MARKET,2996.47,0.965,FILLED
ORD-004189,2026-08-26 09:12:08.473,BTCUSDT,SELL,MARKET,59924.99,0.526,FILLED
ORD-004190,2026-08-26 09:12:08.768,ETHUSDT,SELL,MARKET,2998.3,1.271,FILLED
ORD-004191,2026-08-26 09:12:08.976,BTCUSDT,SELL,MARKET,60055.47,1.326,FILLED
ORD-004192,2026-08-26 09:12:09.120,ETHUSDT,SELL,MARKET,2998.99,1.979,FILLED
ORD-004193,2026-08-26 09:12:09.243,BTCUSDT,BUY,MARKET,60004.37,0.99,FILLED
ORD-004194,2026-08-26 09:12:09.463,ETHUSDT,SELL,MARKET,2998.2,1.827,FILLED
ORD-004195,2026-08-26 09:12:09.750,BTCUSDT,SELL,MARKET,60039.44,1.755,FILLED
ORD-004196,2026-08-26 09:12:10.027,ETHUSDT,BUY,MARKET,3002.65,1.484,FILLED
ORD-004197,2026-08-26 09:12:10.270,ETHUSDT,BUY,MARKET,2999.46,2.286,FILLED
ORD-004198,2026-08-26 09:12:10.441,ETHUSDT,SELL,MARKET,2999.03,0.348,FILLED
ORD-004199,2026-08-26 09:12:10.598,BTCUSDT,BUY,MARKET,59862.68,1.775,FILLED
ORD-004200,2026-08-26 09:12:10.753,BTCUSDT,BUY,MARKET,60008.12,1.682,FILLED
ORD-004201,2026-08-26 09:12:10.809,SOLUSDT,SELL,MARKET,139.89,1.705,FILLED
ORD-004202,2026-08-26 09:12:10.979,ETHUSDT,BUY,MARKET,3001.87,0.81,FILLED
ORD-004203,2026-08-26 09:12:11.230,SOLUSDT,BUY,MARKET,140.09,1.921,FILLED
ORD-004204,2026-08-26 09:12:11.522,SOLUSDT,BUY,MARKET,139.96,0.639,FILLED
ORD-004205,2026-08-26 09:12:11.622,SOLUSDT,BUY,MARKET,140.22,1.337,FILLED
ORD-004206,2026-08-26 09:12:11.725,SOLUSDT,SELL,MARKET,139.95,1.293,FILLED
ORD-004207,2026-08-26 09:12:11.987,ETHUSDT,BUY,MARKET,2998.37,0.499,FILLED
ORD-004208,2026-08-26 09:12:12.282,BTCUSDT,BUY,MARKET,60001.03,2.055,FILLED
ORD-004209,2026-08-26 09:12:12.478,SOLUSDT,BUY,MARKET,140.1,1.857,FILLED
ORD-004210,2026-08-26 09:12:12.728,BTCUSDT,BUY,MARKET,60021.49,0.785,FILLED
ORD-004211,2026-08-26 09:12:12.942,BTCUSDT,SELL,MARKET,59971.8,0.541,FILLED
ORD-004212,2026-08-26 09:12:13.091,ETHUSDT,BUY,MARKET,3000.19,1.619,FILLED
ORD-004213,2026-08-26 09:12:13.189,SOLUSDT,SELL,MARKET,140.04,2.301,FILLED
ORD-004214,2026-08-26 09:12:13.445,SOLUSDT,BUY,MARKET,139.77,1.504,FILLED
ORD-004215,2026-08-26 09:12:13.624,SOLUSDT,SELL,MARKET,140.17,1.474,FILLED
ORD-004216,2026-08-26 09:12:13.853,SOLUSDT,BUY,MARKET,140.0,1.641,FILLED
ORD-004217,2026-08-26 09:12:14.075,ETHUSDT,SELL,MARKET,3001.48,1.084,FILLED
ORD-004218,2026-08-26 09:12:14.181,BTCUSDT,SELL,MARKET,59921.55,0.624,FILLED
ORD-004219,2026-08-26 09:12:14.320,SOLUSDT,BUY,MARKET,139.89,0.358,FILLED
ORD-004220,2026-08-26 09:12:14.524,SOLUSDT,BUY,MARKET,139.71,0.693,FILLED
ORD-004221,2026-08-26 09:12:14.643,ETHUSDT,BUY,MARKET,3002.79,0.643,FILLED
ORD-004222,2026-08-26 09:12:14.861,ETHUSDT,BUY,MARKET,2998.8,2.1,FILLED
ORD-004223,2026-08-26 09:12:15.055,BTCUSDT,SELL,MARKET,59903.41,0.209,FILLED
ORD-004224,2026-08-26 09:12:15.216,SOLUSDT,SELL,MARKET,140.05,0.271,FILLED
ORD-004225,2026-08-26 09:12:15.289,ETHUSDT,BUY,MARKET,3000.67,2.281,FILLED
ORD-004226,2026-08-26 09:12:15.490,BTCUSDT,SELL,MARKET,60070.14,1.671,FILLED
ORD-004227,2026-08-26 09:12:15.770,SOLUSDT,BUY,MARKET,140.21,0.848,FILLED
ORD-004228,2026-08-26 09:12:16.038,BTCUSDT,BUY,MARKET,60047.79,2.216,FILLED
ORD-004229,2026-08-26 09:12:16.334,ETHUSDT,BUY,MARKET,2996.62,0.179,FILLED
ORD-004230,2026-08-26 09:12:16.581,BTCUSDT,BUY,MARKET,60010.17,2.391,FILLED
ORD-004231,2026-08-26 09:12:16.772,BTCUSDT,SELL,MARKET,59992.6,0.89,FILLED
ORD-004232,2026-08-26 09:12:16.930,ETHUSDT,BUY,MARKET,2999.07,0.574,FILLED
ORD-004233,2026-08-26 09:12:17.220,BTCUSDT,SELL,MARKET,60004.83,1.266,FILLED
ORD-004234,2026-08-26 09:12:17.352,SOLUSDT,BUY,MARKET,140.41,0.241,FILLED
ORD-004235,2026-08-26 09:12:17.431,ETHUSDT,BUY,MARKET,2998.31,1.998,FILLED
ORD-004236,2026-08-26 09:12:17.718,BTCUSDT,BUY,MARKET,59959.89,1.736,FILLED
ORD-004237,2026-08-26 09:12:17.809,BTCUSDT,BUY,MARKET,60081.57,2.182,FILLED
ORD-004238,2026-08-26 09:12:17.976,SOLUSDT,BUY,MARKET,140.23,2.117,FILLED
ORD-004239,2026-08-26 09:12:18.045,SOLUSDT,SELL,MARKET,140.14,2.341,FILLED
ORD-004240,2026-08-26 09:12:18.220,SOLUSDT,BUY,MARKET,140.08,1.324,FILLED
ORD-004241,2026-08-26 09:12:18.411,ETHUSDT,SELL,MARKET,3004.3,0.272,FILLED
ORD-004242,2026-08-26 09:12:18.489,BTCUSDT,BUY,MARKET,59918.89,1.575,FILLED
ORD-004243,2026-08-26 09:12:18.602,SOLUSDT,SELL,MARKET,139.58,0.787,FILLED
ORD-004244,2026-08-26 09:12:18.833,SOLUSDT,BUY,MARKET,139.83,0.215,FILLED
ORD-004245,2026-08-26 09:12:19.035,BTCUSDT,BUY,MARKET,60029.64,0.223,FILLED
ORD-004246,2026-08-26 09:12:19.225,SOLUSDT,SELL,MARKET,140.21,0.259,FILLED
ORD-004247,2026-08-26 09:12:19.442,ETHUSDT,SELL,MARKET,2994.99,0.521,FILLED
ORD-004248,2026-08-26 09:12:19.564,ETHUSDT,SELL,MARKET,3006.25,1.619,FILLED
ORD-004249,2026-08-26 09:12:19.794,ETHUSDT,BUY,MARKET,3004.41,1.403,FILLED
ORD-004250,2026-08-26 09:12:19.943,SOLUSDT,SELL,MARKET,139.94,0.961,FILLED
ORD-004251,2026-08-26 09:12:20.007,SOLUSDT,SELL,MARKET,140.17,1.535,FILLED
ORD-004252,2026-08-26 09:12:20.144,BTCUSDT,SELL,MARKET,60036.83,1.782,FILLED
ORD-004253,2026-08-26 09:12:20.287,ETHUSDT,SELL,MARKET,2999.43,1.065,FILLED
ORD-004254,2026-08-26 09:12:20.500,ETHUSDT,SELL,MARKET,3001.75,0.542,FILLED
ORD-004255,2026-08-26 09:12:20.717,SOLUSDT,BUY,MARKET,140.08,0.42,FILLED
ORD-004256,2026-08-26 09:12:20.888,ETHUSDT,SELL,MARKET,3000.03,2.198,FILLED
ORD-004257,2026-08-26 09:12:21.008,BTCUSDT,BUY,MARKET,59937.41,1.669,FILLED
ORD-004258,2026-08-26 09:12:21.302,BTCUSDT,BUY,MARKET,59858.26,1.322,FILLED
ORD-004259,2026-08-26 09:12:21.551,ETHUSDT,BUY,MARKET,2999.56,1.329,FILLED
ORD-004260,2026-08-26 09:12:21.705,BTCUSDT,BUY,MARKET,60091.64,2.051,FILLED
ORD-004261,2026-08-26 09:12:21.780,SOLUSDT,BUY,MARKET,140.01,2.03,FILLED
ORD-004262,2026-08-26 09:12:21.879,ETHUSDT,BUY,MARKET,2999.47,1.078,FILLED
ORD-004263,2026-08-26 09:12:21.964,SOLUSDT,BUY,MARKET,139.91,1.683,FILLED
ORD-004264,2026-08-26 09:12:22.086,BTCUSDT,BUY,MARKET,59980.32,1.435,FILLED
ORD-004265,2026-08-26 09:12:22.227,BTCUSDT,SELL,MARKET,60058.99,1.362,FILLED
ORD-004266,2026-08-26 09:12:22.469,SOLUSDT,SELL,MARKET,139.93,0.194,FILLED
ORD-004267,2026-08-26 09:12:22.746,SOLUSDT,SELL,MARKET,139.83,0.648,FILLED
ORD-004268,2026-08-26 09:12:23.014,BTCUSDT,BUY,MARKET,59988.75,0.171,FILLED
ORD-004269,2026-08-26 09:12:23.101,ETHUSDT,BUY,MARKET,3002.9,1.163,FILLED
ORD-004270,2026-08-26 09:12:23.225,BTCUSDT,BUY,MARKET,59993.23,2.331,FILLED
ORD-004271,2026-08-26 09:12:23.469,BTCUSDT,SELL,MARKET,59986.77,0.198,FILLED
ORD-004272,2026-08-26 09:12:23.537,ETHUSDT,BUY,MARKET,2994.57,0.141,FILLED
ORD-004273,2026-08-26 09:12:23.828,BTCUSDT,SELL,MARKET,59929.35,2.18,FILLED
ORD-004274,2026-08-26 09:12:23.910,ETHUSDT,BUY,MARKET,2998.1,2.192,FILLED
ORD-004275,2026-08-26 09:12:24.064,SOLUSDT,BUY,MARKET,140.37,1.227,FILLED
ORD-004276,2026-08-26 09:12:24.158,ETHUSDT,SELL,MARKET,3005.58,1.421,FILLED
ORD-004277,2026-08-26 09:12:24.441,BTCUSDT,BUY,MARKET,60060.19,0.926,FILLED
ORD-004278,2026-08-26 09:12:24.688,SOLUSDT,BUY,MARKET,140.06,1.44,FILLED
ORD-004279,2026-08-26 09:12:24.969,BTCUSDT,BUY,MARKET,59947.72,1.589,FILLED
ORD-004280,2026-08-26 09:12:25.203,SOLUSDT,SELL,MARKET,140.01,0.675,FILLED
ORD-004281,2026-08-26 09:12:25.341,ETHUSDT,BUY,MARKET,2998.42,0.876,FILLED
ORD-004282,2026-08-26 09:12:25.530,ETHUSDT,SELL,MARKET,3004.11,1.944,FILLED
ORD-004283,2026-08-26 09:12:25.734,ETHUSDT,BUY,MARKET,3001.41,2.102,FILLED
ORD-004284,2026-08-26 09:12:25.939,ETHUSDT,BUY,MARKET,2999.11,0.468,FILLED
ORD-004285,2026-08-26 09:12:26.073,SOLUSDT,SELL,MARKET,139.95,0.216,FILLED
ORD-004286,2026-08-26 09:12:26.236,ETHUSDT,SELL,MARKET,2993.41,0.756,FILLED
ORD-004287,2026-08-26 09:12:26.523,BTCUSDT,BUY,MARKET,59827.97,1.094,FILLED
ORD-004288,2026-08-26 09:12:26.714,BTCUSDT,SELL,MARKET,60048.15,1.511,FILLED
ORD-004289,2026-08-26 09:12:26.813,BTCUSDT,BUY,MARKET,60002.11,1.329,FILLED
ORD-004290,2026-08-26 09:12:26.964,ETHUSDT,SELL,MARKET,3006.01,1.571,FILLED
ORD-004291,2026-08-26 09:12:27.246,ETHUSDT,SELL,MARKET,3004.74,1.297,FILLED
ORD-004292,2026-08-26 09:12:27.468,BTCUSDT,SELL,MARKET,60040.93,1.376,FILLED
ORD-004293,2026-08-26 09:12:27.595,BTCUSDT,BUY,MARKET,60071.56,0.518,FILLED
ORD-004294,2026-08-26 09:12:27.677,SOLUSDT,BUY,MARKET,140.12,1.19,FILLED
ORD-004295,2026-08-26 09:12:27.828,ETHUSDT,BUY,MARKET,2998.41,2.362,FILLED
ORD-004296,2026-08-26 09:12:28.094,SOLUSDT,BUY,MARKET,140.08,1.2,FILLED
ORD-004297,2026-08-26 09:12:28.240,SOLUSDT,BUY,MARKET,139.77,1.451,FILLED
ORD-004298,2026-08-26 09:12:28.485,BTCUSDT,BUY,MARKET,59918.54,0.247,FILLED
ORD-004299,2026-08-26 09:12:28.688,BTCUSDT,BUY,MARKET,59957.99,0.911,FILLED
ORD-004300,2026-08-26 09:12:28.773,ETHUSDT,SELL,MARKET,3000.54,1.636,FILLED
ORD-004301,2026-08-26 09:12:28.870,SOLUSDT,SELL,MARKET,139.84,0.436,FILLED
ORD-004302,2026-08-26 09:12:28.953,SOLUSDT,BUY,MARKET,139.88,0.477,REJECTED
ORD-004303,2026-08-26 09:12:29.178,BTCUSDT,SELL,MARKET,60111.11,0.524,REJECTED
ORD-004304,2026-08-26 09:12:29.329,BTCUSDT,BUY,MARKET,60010.68,2.16,FILLED
ORD-004305,2026-08-26 09:12:29.419,BTCUSDT,BUY,MARKET,60072.84,0.391,REJECTED
ORD-004306,2026-08-26 09:12:29.576,SOLUSDT,BUY,MARKET,139.62,0.118,REJECTED
ORD-004307,2026-08-26 09:12:29.780,BTCUSDT,BUY,MARKET,59971.7,0.997,REJECTED
ORD-004308,2026-08-26 09:12:29.917,ETHUSDT,BUY,MARKET,3005.59,0.541,FILLED
ORD-004309,2026-08-26 09:12:30.146,ETHUSDT,BUY,MARKET,2998.79,1.817,FILLED
ORD-004310,2026-08-26 09:12:30.344,ETHUSDT,BUY,MARKET,2997.26,0.842,FILLED
ORD-004311,2026-08-26 09:12:30.580,SOLUSDT,BUY,MARKET,140.07,1.971,FILLED
ORD-004312,2026-08-26 09:12:30.790,BTCUSDT,BUY,MARKET,59971.38,1.024,FILLED
ORD-004313,2026-08-26 09:12:30.924,ETHUSDT,SELL,MARKET,2994.72,0.281,FILLED
ORD-004314,2026-08-26 09:12:30.977,ETHUSDT,SELL,MARKET,3002.45,0.688,FILLED
ORD-004315,2026-08-26 09:12:31.200,SOLUSDT,BUY,MARKET,140.17,0.947,FILLED
ORD-004316,2026-08-26 09:12:31.359,SOLUSDT,BUY,MARKET,140.12,2.438,FILLED
ORD-004317,2026-08-26 09:12:31.574,ETHUSDT,SELL,MARKET,3001.46,1.681,FILLED
ORD-004318,2026-08-26 09:12:31.646,ETHUSDT,BUY,MARKET,3003.62,0.484,FILLED
ORD-004319,2026-08-26 09:12:31.900,SOLUSDT,SELL,MARKET,139.87,1.689,FILLED
ORD-004320,2026-08-26 09:12:32.050,SOLUSDT,BUY,MARKET,139.83,1.72,FILLED
ORD-004321,2026-08-26 09:12:32.209,ETHUSDT,SELL,MARKET,3004.0,1.247,FILLED
ORD-004322,2026-08-26 09:12:32.290,BTCUSDT,SELL,MARKET,59976.67,1.741,FILLED
ORD-004323,2026-08-26 09:12:32.549,SOLUSDT,SELL,MARKET,139.92,0.431,FILLED
ORD-004324,2026-08-26 09:12:32.726,SOLUSDT,SELL,MARKET,139.65,0.63,FILLED
ORD-004325,2026-08-26 09:12:32.781,BTCUSDT,BUY,MARKET,59959.63,0.848,FILLED
ORD-004326,2026-08-26 09:12:33.028,BTCUSDT,BUY,MARKET,60020.06,2.092,FILLED
ORD-004327,2026-08-26 09:12:33.114,BTCUSDT,BUY,MARKET,59932.46,0.276,FILLED
ORD-004328,2026-08-26 09:12:33.261,ETHUSDT,SELL,MARKET,2996.49,1.305,FILLED
ORD-004329,2026-08-26 09:12:33.493,ETHUSDT,BUY,MARKET,3002.92,2.415,FILLED
ORD-004330,2026-08-26 09:12:33.670,ETHUSDT,BUY,MARKET,2998.74,2.023,FILLED
ORD-004331,2026-08-26 09:12:33.773,ETHUSDT,SELL,MARKET,3000.6,0.918,FILLED
ORD-004332,2026-08-26 09:12:34.045,SOLUSDT,BUY,MARKET,139.79,0.759,FILLED
ORD-004333,2026-08-26 09:12:34.169,BTCUSDT,SELL,MARKET,59958.04,1.127,FILLED
ORD-004334,2026-08-26 09:12:34.446,BTCUSDT,SELL,MARKET,60096.93,0.629,FILLED
ORD-004335,2026-08-26 09:12:34.576,ETHUSDT,BUY,MARKET,3000.5,2.484,FILLED
ORD-004336,2026-08-26 09:12:34.839,ETHUSDT,BUY,MARKET,3000.84,1.274,FILLED
ORD-004337,2026-08-26 09:12:35.139,ETHUSDT,SELL,MARKET,2999.14,1.573,FILLED
ORD-004338,2026-08-26 09:12:35.229,ETHUSDT,SELL,MARKET,3008.38,1.513,FILLED
ORD-004339,2026-08-26 09:12:35.491,BTCUSDT,SELL,MARKET,60028.74,1.8,FILLED
ORD-004340,2026-08-26 09:12:35.786,BTCUSDT,BUY,MARKET,60000.59,0.856,FILLED
ORD-004341,2026-08-26 09:12:36.073,ETHUSDT,BUY,MARKET,2999.26,1.019,FILLED
ORD-004342,2026-08-26 09:12:36.319,ETHUSDT,BUY,MARKET,2995.1,2.179,FILLED
ORD-004343,2026-08-26 09:12:36.610,BTCUSDT,SELL,MARKET,59925.83,0.53,FILLED
ORD-004344,2026-08-26 09:12:36.715,BTCUSDT,SELL,MARKET,60050.36,1.502,FILLED
ORD-004345,2026-08-26 09:12:36.842,ETHUSDT,SELL,MARKET,2995.05,1.481,FILLED
ORD-004346,2026-08-26 09:12:36.966,ETHUSDT,SELL,MARKET,3001.05,1.99,FILLED
ORD-004347,2026-08-26 09:12:37.195,ETHUSDT,SELL,MARKET,3003.67,2.344,FILLED
ORD-004348,2026-08-26 09:12:37.390,SOLUSDT,BUY,MARKET,139.88,1.283,FILLED
ORD-004349,2026-08-26 09:12:37.607,ETHUSDT,BUY,MARKET,3000.3,0.799,FILLED
ORD-004350,2026-08-26 09:12:37.691,BTCUSDT,SELL,MARKET,60094.24,1.566,FILLED
ORD-004351,2026-08-26 09:12:37.983,BTCUSDT,SELL,MARKET,60058.39,2.372,FILLED
ORD-004352,2026-08-26 09:12:38.210,BTCUSDT,BUY,MARKET,60085.91,2.214,FILLED
ORD-004353,2026-08-26 09:12:38.362,BTCUSDT,SELL,MARKET,60032.74,1.047,FILLED
ORD-004354,2026-08-26 09:12:38.583,SOLUSDT,SELL,MARKET,139.78,1.612,FILLED
ORD-004355,2026-08-26 09:12:38.859,BTCUSDT,SELL,MARKET,60037.38,2.472,FILLED
ORD-004356,2026-08-26 09:12:39.093,BTCUSDT,BUY,MARKET,60014.01,2.239,FILLED
ORD-004357,2026-08-26 09:12:39.207,SOLUSDT,SELL,MARKET,140.23,1.03,FILLED
ORD-004358,2026-08-26 09:12:39.372,SOLUSDT,BUY,MARKET,139.91,1.115,FILLED
ORD-004359,2026-08-26 09:12:39.672,SOLUSDT,SELL,MARKET,139.79,0.499,FILLED
ORD-004360,2026-08-26 09:12:39.774,SOLUSDT,SELL,MARKET,140.14,0.306,FILLED
ORD-004361,2026-08-26 09:12:40.058,ETHUSDT,BUY,MARKET,3005.93,0.708,FILLED
ORD-004362,2026-08-26 09:12:40.202,ETHUSDT,SELL,MARKET,2996.35,0.158,FILLED
ORD-004363,2026-08-26 09:12:40.300,ETHUSDT,SELL,MARKET,2999.91,0.373,FILLED
ORD-004364,2026-08-26 09:12:40.494,BTCUSDT,SELL,MARKET,59972.47,0.325,FILLED
ORD-004365,2026-08-26 09:12:40.544,BTCUSDT,SELL,MARKET,59857.02,2.236,FILLED
ORD-004366,2026-08-26 09:12:40.682,BTCUSDT,BUY,MARKET,60017.49,0.363,FILLED
ORD-004367,2026-08-26 09:12:40.919,SOLUSDT,BUY,MARKET,139.93,2.384,FILLED
ORD-004368,2026-08-26 09:12:40.984,SOLUSDT,BUY,MARKET,140.15,0.247,FILLED
ORD-004369,2026-08-26 09:12:41.121,ETHUSDT,BUY,MARKET,3001.56,2.245,FILLED
ORD-004370,2026-08-26 09:12:41.197,BTCUSDT,BUY,MARKET,59940.73,1.622,FILLED
ORD-004371,2026-08-26 09:12:41.259,ETHUSDT,BUY,MARKET,3000.1,0.945,FILLED
ORD-004372,2026-08-26 09:12:41.441,BTCUSDT,BUY,MARKET,60001.91,2.313,FILLED
ORD-004373,2026-08-26 09:12:41.606,ETHUSDT,SELL,MARKET,3004.73,2.118,FILLED
ORD-004374,2026-08-26 09:12:41.695,SOLUSDT,SELL,MARKET,139.83,1.56,FILLED
ORD-004375,2026-08-26 09:12:41.910,ETHUSDT,BUY,MARKET,2999.72,1.765,FILLED
ORD-004376,2026-08-26 09:12:42.053,SOLUSDT,BUY,MARKET,139.87,0.324,FILLED
ORD-004377,2026-08-26 09:12:42.131,SOLUSDT,SELL,MARKET,139.94,2.447,FILLED
ORD-004378,2026-08-26 09:12:42.369,BTCUSDT,SELL,MARKET,59958.22,0.955,FILLED
ORD-004379,2026-08-26 09:12:42.641,SOLUSDT,BUY,MARKET,139.98,0.258,FILLED
ORD-004380,2026-08-26 09:12:42.744,BTCUSDT,SELL,MARKET,59855.28,2.45,FILLED
ORD-004381,2026-08-26 09:12:42.883,ETHUSDT,BUY,MARKET,2999.14,0.261,FILLED
ORD-004382,2026-08-26 09:12:43.026,ETHUSDT,SELL,MARKET,3000.51,0.987,FILLED
ORD-004383,2026-08-26 09:12:43.117,BTCUSDT,BUY,MARKET,60043.95,1.927,FILLED
ORD-004384,2026-08-26 09:12:43.398,ETHUSDT,BUY,MARKET,3004.96,0.326,FILLED
ORD-004385,2026-08-26 09:12:43.586,SOLUSDT,SELL,MARKET,140.07,1.735,FILLED
ORD-004386,2026-08-26 09:12:43.637,ETHUSDT,SELL,MARKET,2999.6,2.186,FILLED
ORD-004387,2026-08-26 09:12:43.917,BTCUSDT,BUY,MARKET,60021.22,0.591,FILLED
ORD-004388,2026-08-26 09:12:44.174,ETHUSDT,BUY,MARKET,3005.5,1.522,FILLED
ORD-004389,2026-08-26 09:12:44.413,SOLUSDT,BUY,MARKET,140.12,0.99,FILLED
ORD-004390,2026-08-26 09:12:44.704,SOLUSDT,BUY,MARKET,140.08,1.343,FILLED
ORD-004391,2026-08-26 09:12:44.873,ETHUSDT,SELL,MARKET,3000.1,2.029,FILLED
ORD-004392,2026-08-26 09:12:45.149,BTCUSDT,BUY,MARKET,60006.95,1.233,FILLED
ORD-004393,2026-08-26 09:12:45.420,SOLUSDT,BUY,MARKET,139.92,0.637,FILLED
ORD-004394,2026-08-26 09:12:45.705,SOLUSDT,BUY,MARKET,140.17,1.226,FILLED
ORD-004395,2026-08-26 09:12:45.836,SOLUSDT,BUY,MARKET,139.96,0.802,FILLED
ORD-004396,2026-08-26 09:12:46.085,BTCUSDT,SELL,MARKET,59937.42,0.576,FILLED
ORD-004397,2026-08-26 09:12:46.147,SOLUSDT,BUY,MARKET,139.92,0.451,FILLED
ORD-004398,2026-08-26 09:12:46.252,BTCUSDT,SELL,MARKET,60014.58,0.797,FILLED
ORD-004399,2026-08-26 09:12:46.479,SOLUSDT,BUY,MARKET,140.29,2.137,FILLED
ORD-004400,2026-08-26 09:12:46.766,SOLUSDT,SELL,MARKET,139.78,1.586,FILLED
ORD-004401,2026-08-26 09:12:46.937,SOLUSDT,SELL,MARKET,140.17,1.498,FILLED
ORD-004402,2026-08-26 09:12:47.089,BTCUSDT,SELL,MARKET,59879.69,0.94,FILLED
ORD-004403,2026-08-26 09:12:47.313,ETHUSDT,SELL,MARKET,3003.85,1.563,FILLED
ORD-004404,2026-08-26 09:12:47.520,ETHUSDT,BUY,MARKET,3001.18,0.139,FILLED
ORD-004405,2026-08-26 09:12:47.811,SOLUSDT,SELL,MARKET,139.99,2.115,FILLED
ORD-004406,2026-08-26 09:12:48.020,BTCUSDT,SELL,MARKET,60006.45,1.973,FILLED
ORD-004407,2026-08-26 09:12:48.136,BTCUSDT,BUY,MARKET,60010.67,0.282,FILLED
ORD-004408,2026-08-26 09:12:48.357,BTCUSDT,BUY,MARKET,59958.42,0.783,FILLED
ORD-004409,2026-08-26 09:12:48.570,BTCUSDT,SELL,MARKET,60009.76,1.283,FILLED
ORD-004410,2026-08-26 09:12:48.799,SOLUSDT,BUY,MARKET,139.98,0.189,FILLED
ORD-004411,2026-08-26 09:12:48.956,BTCUSDT,BUY,MARKET,59966.2,2.283,FILLED
ORD-004412,2026-08-26 09:12:49.152,BTCUSDT,BUY,MARKET,60133.94,0.937,FILLED
ORD-004413,2026-08-26 09:12:49.355,SOLUSDT,BUY,MARKET,139.82,2.283,FILLED
ORD-004414,2026-08-26 09:12:49.457,ETHUSDT,BUY,MARKET,3004.21,1.301,FILLED
ORD-004415,2026-08-26 09:12:49.653,ETHUSDT,SELL,MARKET,2999.93,0.359,FILLED
ORD-004416,2026-08-26 09:12:49.951,ETHUSDT,SELL,MARKET,2999.83,1.023,FILLED
ORD-004417,2026-08-26 09:12:50.213,SOLUSDT,SELL,MARKET,139.92,0.781,FILLED
ORD-004418,2026-08-26 09:12:50.506,BTCUSDT,BUY,MARKET,60067.77,2.362,FILLED
ORD-004419,2026-08-26 09:12:50.755,ETHUSDT,BUY,MARKET,3001.65,0.976,FILLED
ORD-004420,2026-08-26 09:12:50.989,SOLUSDT,BUY,MARKET,139.88,2.234,FILLED
ORD-004421,2026-08-26 09:12:51.075,ETHUSDT,BUY,MARKET,3000.04,2.213,FILLED
ORD-004422,2026-08-26 09:12:51.147,BTCUSDT,SELL,MARKET,59899.34,1.005,REJECTED
ORD-004423,2026-08-26 09:12:51.299,SOLUSDT,BUY,MARKET,140.29,0.444,FILLED
ORD-004424,2026-08-26 09:12:51.579,SOLUSDT,BUY,MARKET,139.79,0.576,REJECTED
ORD-004425,2026-08-26 09:12:51.861,ETHUSDT,BUY,MARKET,3008.06,0.582,REJECTED
ORD-004426,2026-08-26 09:12:52.052,BTCUSDT,BUY,MARKET,60036.86,1.528,REJECTED
ORD-004427,2026-08-26 09:12:52.146,ETHUSDT,BUY,MARKET,2998.74,2.077,FILLED
ORD-004428,2026-08-26 09:12:52.389,SOLUSDT,BUY,MARKET,139.81,1.405,FILLED
ORD-004429,2026-08-26 09:12:52.545,BTCUSDT,BUY,MARKET,60010.74,1.795,FILLED
ORD-004430,2026-08-26 09:12:52.796,ETHUSDT,BUY,MARKET,3001.79,2.299,REJECTED
ORD-004431,2026-08-26 09:12:52.863,BTCUSDT,BUY,MARKET,59974.24,1.13,FILLED
ORD-004432,2026-08-26 09:12:53.109,ETHUSDT,SELL,MARKET,3003.33,2.455,FILLED
ORD-004433,2026-08-26 09:12:53.371,ETHUSDT,BUY,MARKET,3003.15,0.629,FILLED
ORD-004434,2026-08-26 09:12:53.593,BTCUSDT,BUY,MARKET,60041.47,2.373,FILLED
ORD-004435,2026-08-26 09:12:53.694,SOLUSDT,BUY,MARKET,139.91,1.293,FILLED
ORD-004436,2026-08-26 09:12:53.886,SOLUSDT,SELL,MARKET,139.94,0.435,FILLED
ORD-004437,2026-08-26 09:12:53.995,SOLUSDT,BUY,MARKET,140.0,1.113,FILLED
ORD-004438,2026-08-26 09:12:54.231,ETHUSDT,SELL,MARKET,2992.67,0.169,FILLED
ORD-004439,2026-08-26 09:12:54.306,BTCUSDT,SELL,MARKET,60013.73,1.756,FILLED
ORD-004440,2026-08-26 09:12:54.491,SOLUSDT,SELL,MARKET,140.11,0.401,FILLED
ORD-004441,2026-08-26 09:12:54.772,SOLUSDT,BUY,MARKET,139.92,1.407,FILLED
ORD-004442,2026-08-26 09:12:55.020,SOLUSDT,SELL,MARKET,139.81,1.052,FILLED
ORD-004443,2026-08-26 09:12:55.117,SOLUSDT,BUY,MARKET,140.05,1.521,FILLED
ORD-004444,2026-08-26 09:12:55.169,ETHUSDT,SELL,MARKET,2996.14,1.759,FILLED
ORD-004445,2026-08-26 09:12:55.428,SOLUSDT,BUY,MARKET,140.03,2.379,FILLED
ORD-004446,2026-08-26 09:12:55.706,ETHUSDT,BUY,MARKET,3001.8,1.545,FILLED
ORD-004447,2026-08-26 09:12:55.837,SOLUSDT,BUY,MARKET,139.96,0.68,FILLED
ORD-004448,2026-08-26 09:12:56.006,SOLUSDT,BUY,MARKET,139.9,1.244,FILLED
ORD-004449,2026-08-26 09:12:56.131,BTCUSDT,SELL,MARKET,60042.57,1.29,FILLED
ORD-004450,2026-08-26 09:12:56.187,BTCUSDT,BUY,MARKET,60026.85,1.881,FILLED
ORD-004451,2026-08-26 09:12:56.311,ETHUSDT,BUY,MARKET,3001.66,2.359,FILLED
ORD-004452,2026-08-26 09:12:56.484,BTCUSDT,SELL,MARKET,59992.88,1.03,FILLED
ORD-004453,2026-08-26 09:12:56.779,SOLUSDT,BUY,MARKET,140.11,0.434,FILLED
ORD-004454,2026-08-26 09:12:56.849,ETHUSDT,SELL,MARKET,2994.51,1.379,FILLED
ORD-004455,2026-08-26 09:12:56.913,SOLUSDT,BUY,MARKET,140.23,1.128,FILLED
ORD-004456,2026-08-26 09:12:57.030,SOLUSDT,SELL,MARKET,140.15,1.548,FILLED
ORD-004457,2026-08-26 09:12:57.205,ETHUSDT,BUY,MARKET,2996.37,2.105,FILLED
ORD-004458,2026-08-26 09:12:57.453,ETHUSDT,SELL,MARKET,2999.18,1.642,FILLED
ORD-004459,2026-08-26 09:12:57.590,BTCUSDT,BUY,MARKET,59969.89,2.205,FILLED
ORD-004460,2026-08-26 09:12:57.649,SOLUSDT,BUY,MARKET,140.11,2.105,FILLED
ORD-004461,2026-08-26 09:12:57.868,ETHUSDT,SELL,MARKET,3003.04,0.155,FILLED
ORD-004462,2026-08-26 09:12:57.966,SOLUSDT,SELL,MARKET,139.94,0.645,FILLED
ORD-004463,2026-08-26 09:12:58.059,ETHUSDT,BUY,MARKET,3006.35,0.138,FILLED
ORD-004464,2026-08-26 09:12:58.349,BTCUSDT,BUY,MARKET,60032.6,0.569,FILLED
ORD-004465,2026-08-26 09:12:58.507,BTCUSDT,SELL,MARKET,60024.15,1.663,FILLED
ORD-004466,2026-08-26 09:12:58.677,BTCUSDT,SELL,MARKET,60035.53,0.972,FILLED
ORD-004467,2026-08-26 09:12:58.953,SOLUSDT,SELL,MARKET,139.98,0.884,FILLED
ORD-004468,2026-08-26 09:12:59.245,SOLUSDT,BUY,MARKET,140.13,0.832,FILLED
ORD-004469,2026-08-26 09:12:59.360,SOLUSDT,SELL,MARKET,140.1,2.28,FILLED
ORD-004470,2026-08-26 09:12:59.575,BTCUSDT,SELL,MARKET,60078.33,0.6,FILLED
ORD-004471,2026-08-26 09:12:59.641,ETHUSDT,SELL,MARKET,3000.81,0.893,FILLED
ORD-004472,2026-08-26 09:12:59.860,ETHUSDT,SELL,MARKET,2997.0,2.44,FILLED
ORD-004473,2026-08-26 09:13:00.133,ETHUSDT,SELL,MARKET,2996.37,1.699,FILLED
ORD-004474,2026-08-26 09:13:00.352,ETHUSDT,BUY,MARKET,3000.75,2.155,FILLED
ORD-004475,2026-08-26 09:13:00.457,ETHUSDT,SELL,MARKET,3002.14,2.097,FILLED
ORD-004476,2026-08-26 09:13:00.514,ETHUSDT,SELL,MARKET,2992.22,0.677,FILLED
ORD-004477,2026-08-26 09:13:00.694,SOLUSDT,SELL,MARKET,139.83,0.111,FILLED
ORD-004478,2026-08-26 09:13:00.941,SOLUSDT,SELL,MARKET,140.01,1.661,FILLED
ORD-004479,2026-08-26 09:13:01.214,SOLUSDT,BUY,MARKET,140.03,0.822,FILLED
ORD-004480,2026-08-26 09:13:01.272,SOLUSDT,SELL,MARKET,139.78,2.18,FILLED
ORD-004481,2026-08-26 09:13:01.337,ETHUSDT,BUY,MARKET,3002.29,0.866,FILLED
ORD-004482,2026-08-26 09:13:01.429,ETHUSDT,BUY,MARKET,2996.61,1.062,FILLED
ORD-004483,2026-08-26 09:13:01.673,SOLUSDT,BUY,MARKET,139.93,0.513,FILLED
ORD-004484,2026-08-26 09:13:01.957,SOLUSDT,BUY,MARKET,139.75,1.172,FILLED
ORD-004485,2026-08-26 09:13:02.076,SOLUSDT,SELL,MARKET,140.04,1.517,FILLED
ORD-004486,2026-08-26 09:13:02.269,SOLUSDT,SELL,MARKET,139.99,0.111,FILLED
ORD-004487,2026-08-26 09:13:02.347,BTCUSDT,BUY,MARKET,60121.34,2.483,FILLED
ORD-004488,2026-08-26 09:13:02.473,ETHUSDT,BUY,MARKET,3003.7,1.626,FILLED
ORD-004489,2026-08-26 09:13:02.576,ETHUSDT,BUY,MARKET,3003.52,0.326,FILLED
ORD-004490,2026-08-26 09:13:02.693,ETHUSDT,BUY,MARKET,3002.51,1.214,FILLED
ORD-004491,2026-08-26 09:13:02.956,SOLUSDT,BUY,MARKET,140.03,1.589,FILLED
ORD-004492,2026-08-26 09:13:03.034,ETHUSDT,BUY,MARKET,2999.23,2.274,FILLED
ORD-004493,2026-08-26 09:13:03.306,BTCUSDT,BUY,MARKET,60034.89,0.759,FILLED
ORD-004494,2026-08-26 09:13:03.394,BTCUSDT,SELL,MARKET,60051.79,2.061,FILLED
ORD-004495,2026-08-26 09:13:03.614,SOLUSDT,SELL,MARKET,139.84,0.54,FILLED
ORD-004496,2026-08-26 09:13:03.799,ETHUSDT,BUY,MARKET,2996.26,1.29,FILLED
ORD-004497,2026-08-26 09:13:04.010,BTCUSDT,SELL,MARKET,59968.0,0.293,FILLED
ORD-004498,2026-08-26 09:13:04.209,ETHUSDT,BUY,MARKET,3004.57,1.602,FILLED
ORD-004499,2026-08-26 09:13:04.336,BTCUSDT,SELL,MARKET,60020.76,2.265,FILLED
ORD-004500,2026-08-26 09:13:04.564,ETHUSDT,SELL,MARKET,2992.7,1.753,FILLED
ORD-004501,2026-08-26 09:13:04.720,BTCUSDT,SELL,MARKET,59950.62,2.128,FILLED
ORD-004502,2026-08-26 09:13:04.985,ETHUSDT,BUY,MARKET,3005.57,0.329,FILLED
ORD-004503,2026-08-26 09:13:05.143,BTCUSDT,BUY,MARKET,59972.9,0.999,FILLED
ORD-004504,2026-08-26 09:13:05.385,SOLUSDT,BUY,MARKET,140.18,0.344,FILLED
ORD-004505,2026-08-26 09:13:05.635,ETHUSDT,BUY,MARKET,3003.06,1.327,FILLED
ORD-004506,2026-08-26 09:13:05.700,SOLUSDT,SELL,MARKET,139.99,1.591,FILLED
ORD-004507,2026-08-26 09:13:05.952,ETHUSDT,BUY,MARKET,2999.5,0.677,FILLED
ORD-004508,2026-08-26 09:13:06.017,BTCUSDT,SELL,MARKET,60119.67,1.286,FILLED
ORD-004509,2026-08-26 09:13:06.218,ETHUSDT,SELL,MARKET,2997.57,1.577,FILLED
ORD-004510,2026-08-26 09:13:06.453,SOLUSDT,BUY,MARKET,140.13,1.725,FILLED
ORD-004511,2026-08-26 09:13:06.746,ETHUSDT,SELL,MARKET,3001.84,2.374,FILLED
ORD-004512,2026-08-26 09:13:06.938,BTCUSDT,SELL,MARKET,60077.25,1.374,FILLED
ORD-004513,2026-08-26 09:13:07.156,SOLUSDT,BUY,MARKET,139.93,2.346,FILLED
ORD-004514,2026-08-26 09:13:07.308,ETHUSDT,BUY,MARKET,3002.99,2.058,FILLED
ORD-004515,2026-08-26 09:13:07.559,ETHUSDT,SELL,MARKET,3001.59,1.427,FILLED
ORD-004516,2026-08-26 09:13:07.805,SOLUSDT,BUY,MARKET,139.79,1.231,FILLED
ORD-004517,2026-08-26 09:13:07.883,ETHUSDT,SELL,MARKET,2996.13,1.563,FILLED
ORD-004518,2026-08-26 09:13:07.999,SOLUSDT,SELL,MARKET,140.02,0.785,FILLED
ORD-004519,2026-08-26 09:13:08.112,BTCUSDT,BUY,MARKET,59933.73,1.653,FILLED
ORD-004520,2026-08-26 09:13:08.337,ETHUSDT,SELL,MARKET,3001.51,2.228,FILLED
ORD-004521,2026-08-26 09:13:08.560,SOLUSDT,BUY,MARKET,140.09,1.261,FILLED
ORD-004522,2026-08-26 09:13:08.639,SOLUSDT,BUY,MARKET,140.03,1.74,FILLED
ORD-004523,2026-08-26 09:13:08.775,SOLUSDT,SELL,MARKET,139.81,1.977,FILLED
ORD-004524,2026-08-26 09:13:08.934,BTCUSDT,SELL,MARKET,59981.2,0.368,FILLED
ORD-004525,2026-08-26 09:13:09.193,BTCUSDT,BUY,MARKET,60082.24,1.274,FILLED
ORD-004526,2026-08-26 09:13:09.388,SOLUSDT,BUY,MARKET,139.95,0.691,FILLED
ORD-004527,2026-08-26 09:13:09.561,BTCUSDT,SELL,MARKET,60032.64,1.144,FILLED
ORD-004528,2026-08-26 09:13:09.735,BTCUSDT,BUY,MARKET,60032.08,1.738,FILLED
ORD-004529,2026-08-26 09:13:09.943,BTCUSDT,SELL,MARKET,59953.15,1.528,FILLED
ORD-004530,2026-08-26 09:13:10.074,SOLUSDT,BUY,MARKET,140.17,0.71,FILLED
ORD-004531,2026-08-26 09:13:10.289,BTCUSDT,BUY,MARKET,60032.46,0.414,FILLED
ORD-004532,2026-08-26 09:13:10.393,ETHUSDT,BUY,MARKET,2999.25,0.182,FILLED
ORD-004533,2026-08-26 09:13:10.523,SOLUSDT,SELL,MARKET,140.05,0.508,FILLED
ORD-004534,2026-08-26 09:13:10.772,SOLUSDT,SELL,MARKET,139.75,0.671,FILLED
ORD-004535,2026-08-26 09:13:10.891,BTCUSDT,SELL,MARKET,60043.4,1.993,FILLED
ORD-004536,2026-08-26 09:13:11.123,ETHUSDT,SELL,MARKET,2994.91,0.265,FILLED
ORD-004537,2026-08-26 09:13:11.184,SOLUSDT,BUY,MARKET,139.67,1.312,FILLED
ORD-004538,2026-08-26 09:13:11.252,BTCUSDT,BUY,MARKET,60107.68,1.171,FILLED
ORD-004539,2026-08-26 09:13:11.327,BTCUSDT,SELL,MARKET,60002.59,1.001,FILLED
ORD-004540,2026-08-26 09:13:11.580,SOLUSDT,SELL,MARKET,140.22,1.678,REJECTED
ORD-004541,2026-08-26 09:13:11.802,BTCUSDT,BUY,MARKET,59987.72,1.855,FILLED
ORD-004542,2026-08-26 09:13:11.996,ETHUSDT,BUY,MARKET,3002.02,2.119,REJECTED
ORD-004543,2026-08-26 09:13:12.165,SOLUSDT,BUY,MARKET,140.08,1.872,FILLED
ORD-004544,2026-08-26 09:13:12.235,SOLUSDT,SELL,MARKET,140.06,0.203,FILLED
ORD-004545,2026-08-26 09:13:12.353,ETHUSDT,BUY,MARKET,2998.12,1.196,FILLED
ORD-004546,2026-08-26 09:13:12.429,SOLUSDT,SELL,MARKET,140.1,1.38,FILLED
ORD-004547,2026-08-26 09:13:12.671,BTCUSDT,BUY,MARKET,60018.47,0.364,FILLED
ORD-004548,2026-08-26 09:13:12.757,BTCUSDT,SELL,MARKET,59991.3,0.972,FILLED
ORD-004549,2026-08-26 09:13:12.827,SOLUSDT,SELL,MARKET,139.9,0.547,FILLED
ORD-004550,2026-08-26 09:13:12.983,BTCUSDT,SELL,MARKET,59974.2,1.913,FILLED
ORD-004551,2026-08-26 09:13:13.222,BTCUSDT,SELL,MARKET,60049.45,0.356,FILLED
ORD-004552,2026-08-26 09:13:13.278,ETHUSDT,SELL,MARKET,2999.98,0.625,FILLED
ORD-004553,2026-08-26 09:13:13.544,ETHUSDT,SELL,MARKET,3004.32,0.569,FILLED
ORD-004554,2026-08-26 09:13:13.780,SOLUSDT,SELL,MARKET,139.91,0.212,FILLED
ORD-004555,2026-08-26 09:13:13.903,BTCUSDT,BUY,MARKET,59990.86,1.927,FILLED
ORD-004556,2026-08-26 09:13:14.179,SOLUSDT,SELL,MARKET,140.1,1.99,FILLED
ORD-004557,2026-08-26 09:13:14.304,ETHUSDT,BUY,MARKET,3001.18,0.624,FILLED
ORD-004558,2026-08-26 09:13:14.529,SOLUSDT,BUY,MARKET,140.06,1.97,FILLED
ORD-004559,2026-08-26 09:13:14.709,ETHUSDT,BUY,MARKET,3000.82,0.545,FILLED
ORD-004560,2026-08-26 09:13:14.812,BTCUSDT,BUY,MARKET,60057.97,1.869,FILLED
ORD-004561,2026-08-26 09:13:14.958,ETHUSDT,SELL,MARKET,2997.65,1.032,FILLED
ORD-004562,2026-08-26 09:13:15.063,SOLUSDT,SELL,MARKET,139.72,2.325,FILLED
ORD-004563,2026-08-26 09:13:15.287,ETHUSDT,BUY,MARKET,3003.99,0.628,FILLED
ORD-004564,2026-08-26 09:13:15.532,SOLUSDT,BUY,MARKET,139.91,2.123,FILLED
ORD-004565,2026-08-26 09:13:15.824,ETHUSDT,BUY,MARKET,2998.21,2.392,FILLED
ORD-004566,2026-08-26 09:13:15.972,SOLUSDT,BUY,MARKET,140.01,2.344,FILLED
ORD-004567,2026-08-26 09:13:16.118,ETHUSDT,BUY,MARKET,2996.32,0.734,FILLED
ORD-004568,2026-08-26 09:13:16.200,SOLUSDT,BUY,MARKET,140.03,1.184,FILLED
ORD-004569,2026-08-26 09:13:16.272,SOLUSDT,BUY,MARKET,140.13,0.562,FILLED
ORD-004570,2026-08-26 09:13:16.424,SOLUSDT,BUY,MARKET,139.74,2.473,FILLED
ORD-004571,2026-08-26 09:13:16.608,SOLUSDT,BUY,MARKET,140.04,1.725,FILLED
ORD-004572,2026-08-26 09:13:16.815,SOLUSDT,SELL,MARKET,140.08,0.784,FILLED
ORD-004573,2026-08-26 09:13:16.990,ETHUSDT,BUY,MARKET,3004.15,0.424,FILLED
ORD-004574,2026-08-26 09:13:17.146,BTCUSDT,BUY,MARKET,60052.36,1.997,FILLED
ORD-004575,2026-08-26 09:13:17.436,ETHUSDT,BUY,MARKET,2996.64,0.345,FILLED
ORD-004576,2026-08-26 09:13:17.704,BTCUSDT,SELL,MARKET,60020.8,2.022,FILLED
ORD-004577,2026-08-26 09:13:17.805,SOLUSDT,SELL,MARKET,139.96,2.484,FILLED
ORD-004578,2026-08-26 09:13:17.945,BTCUSDT,BUY,MARKET,60062.51,0.98,FILLED
ORD-004579,2026-08-26 09:13:18.147,ETHUSDT,BUY,MARKET,2997.97,0.348,FILLED
ORD-004580,2026-08-26 09:13:18.219,ETHUSDT,SELL,MARKET,3001.68,1.317,FILLED
ORD-004581,2026-08-26 09:13:18.417,SOLUSDT,BUY,MARKET,140.05,1.516,FILLED
ORD-004582,2026-08-26 09:13:18.479,SOLUSDT,BUY,MARKET,140.24,0.5,FILLED
ORD-004583,2026-08-26 09:13:18.655,BTCUSDT,BUY,MARKET,59958.48,0.284,FILLED
ORD-004584,2026-08-26 09:13:18.761,ETHUSDT,BUY,MARKET,2996.09,0.376,FILLED
ORD-004585,2026-08-26 09:13:18.830,SOLUSDT,BUY,MARKET,139.95,2.11,FILLED
ORD-004586,2026-08-26 09:13:18.959,ETHUSDT,SELL,MARKET,2999.65,2.135,FILLED
ORD-004587,2026-08-26 09:13:19.200,SOLUSDT,BUY,MARKET,139.79,1.543,FILLED
ORD-004588,2026-08-26 09:13:19.427,ETHUSDT,SELL,MARKET,2998.45,0.64,FILLED
ORD-004589,2026-08-26 09:13:19.689,ETHUSDT,BUY,MARKET,3004.88,1.416,FILLED
ORD-004590,2026-08-26 09:13:19.893,BTCUSDT,BUY,MARKET,60076.14,1.858,FILLED
ORD-004591,2026-08-26 09:13:20.030,SOLUSDT,BUY,MARKET,140.06,2.407,FILLED
ORD-004592,2026-08-26 09:13:20.269,BTCUSDT,SELL,MARKET,59937.62,1.54,FILLED
ORD-004593,2026-08-26 09:13:20.534,BTCUSDT,SELL,MARKET,59979.79,1.61,FILLED
ORD-004594,2026-08-26 09:13:20.611,ETHUSDT,SELL,MARKET,2998.4,2.271,FILLED
ORD-004595,2026-08-26 09:13:20.839,SOLUSDT,BUY,MARKET,140.05,0.19,FILLED
ORD-004596,2026-08-26 09:13:20.914,SOLUSDT,SELL,MARKET,140.09,0.959,FILLED
ORD-004597,2026-08-26 09:13:21.162,BTCUSDT,SELL,MARKET,60036.04,1.035,FILLED
ORD-004598,2026-08-26 09:13:21.314,BTCUSDT,BUY,MARKET,59979.39,1.229,FILLED
ORD-004599,2026-08-26 09:13:21.473,SOLUSDT,SELL,MARKET,140.12,1.661,FILLED
ORD-004600,2026-08-26 09:13:21.557,SOLUSDT,SELL,MARKET,139.81,1.392,FILLED
ORD-004601,2026-08-26 09:13:21.763,SOLUSDT,SELL,MARKET,139.88,2.465,FILLED
ORD-004602,2026-08-26 09:13:22.041,SOLUSDT,BUY,MARKET,139.95,1.627,FILLED
ORD-004603,2026-08-26 09:13:22.193,BTCUSDT,SELL,MARKET,59902.47,0.323,FILLED
ORD-004604,2026-08-26 09:13:22.363,SOLUSDT,BUY,MARKET,139.83,2.411,FILLED
ORD-004605,2026-08-26 09:13:22.535,BTCUSDT,SELL,MARKET,60023.14,0.427,FILLED
ORD-004606,2026-08-26 09:13:22.631,SOLUSDT,BUY,MARKET,139.73,1.795,FILLED
ORD-004607,2026-08-26 09:13:22.922,ETHUSDT,BUY,MARKET,2997.98,1.864,FILLED
ORD-004608,2026-08-26 09:13:23.156,ETHUSDT,BUY,MARKET,3000.81,2.001,FILLED
ORD-004609,2026-08-26 09:13:23.266,BTCUSDT,BUY,MARKET,60006.02,0.544,FILLED
ORD-004610,2026-08-26 09:13:23.341,ETHUSDT,SELL,MARKET,2994.92,2.24,FILLED
ORD-004611,2026-08-26 09:13:23.532,SOLUSDT,SELL,MARKET,140.09,1.926,FILLED
ORD-004612,2026-08-26 09:13:23.653,ETHUSDT,BUY,MARKET,2999.67,0.478,FILLED
ORD-004613,2026-08-26 09:13:23.792,BTCUSDT,SELL,MARKET,59942.46,1.154,FILLED
ORD-004614,2026-08-26 09:13:23.858,SOLUSDT,BUY,MARKET,139.96,1.122,FILLED
ORD-004615,2026-08-26 09:13:23.980,ETHUSDT,SELL,MARKET,2999.01,2.026,FILLED
ORD-004616,2026-08-26 09:13:24.210,BTCUSDT,SELL,MARKET,59902.0,1.394,FILLED
ORD-004617,2026-08-26 09:13:24.294,BTCUSDT,BUY,MARKET,60037.42,2.094,FILLED
ORD-004618,2026-08-26 09:13:24.474,ETHUSDT,SELL,MARKET,2998.92,1.597,FILLED
ORD-004619,2026-08-26 09:13:24.542,BTCUSDT,SELL,MARKET,59994.48,2.072,FILLED
ORD-004620,2026-08-26 09:13:24.783,BTCUSDT,BUY,MARKET,59982.31,0.741,FILLED
ORD-004621,2026-08-26 09:13:24.930,SOLUSDT,BUY,MARKET,139.95,0.68,FILLED
ORD-004622,2026-08-26 09:13:25.133,SOLUSDT,SELL,MARKET,139.91,2.498,FILLED
ORD-004623,2026-08-26 09:13:25.206,BTCUSDT,BUY,MARKET,59905.67,1.389,FILLED
ORD-004624,2026-08-26 09:13:25.456,SOLUSDT,SELL,MARKET,139.93,2.075,FILLED
ORD-004625,2026-08-26 09:13:25.584,BTCUSDT,BUY,MARKET,60051.54,1.98,FILLED
ORD-004626,2026-08-26 09:13:25.730,BTCUSDT,SELL,MARKET,59973.96,0.806,FILLED
ORD-004627,2026-08-26 09:13:25.831,ETHUSDT,BUY,MARKET,3001.34,1.084,FILLED
ORD-004628,2026-08-26 09:13:25.907,ETHUSDT,BUY,MARKET,3009.08,1.234,FILLED
ORD-004629,2026-08-26 09:13:26.086,SOLUSDT,SELL,MARKET,140.19,1.856,FILLED
ORD-004630,2026-08-26 09:13:26.279,ETHUSDT,SELL,MARKET,3002.29,0.698,FILLED
ORD-004631,2026-08-26 09:13:26.416,BTCUSDT,SELL,MARKET,59944.63,1.431,FILLED
ORD-004632,2026-08-26 09:13:26.613,BTCUSDT,SELL,MARKET,60030.64,2.099,FILLED
ORD-004633,2026-08-26 09:13:26.902,ETHUSDT,BUY,MARKET,3000.36,1.621,FILLED
ORD-004634,2026-08-26 09:13:27.167,SOLUSDT,SELL,MARKET,139.98,2.311,FILLED
ORD-004635,2026-08-26 09:13:27.440,SOLUSDT,BUY,MARKET,139.96,2.27,FILLED
ORD-004636,2026-08-26 09:13:27.710,ETHUSDT,SELL,MARKET,3000.86,0.331,FILLED
ORD-004637,2026-08-26 09:13:27.900,ETHUSDT,SELL,MARKET,3000.36,0.399,FILLED
ORD-004638,2026-08-26 09:13:28.037,SOLUSDT,BUY,MARKET,140.07,2.016,FILLED
ORD-004639,2026-08-26 09:13:28.157,ETHUSDT,BUY,MARKET,3005.33,0.609,FILLED
ORD-004640,2026-08-26 09:13:28.322,ETHUSDT,SELL,MARKET,2999.25,1.141,FILLED
ORD-004641,2026-08-26 09:13:28.551,SOLUSDT,SELL,MARKET,139.66,0.356,FILLED
ORD-004642,2026-08-26 09:13:28.614,SOLUSDT,BUY,MARKET,139.86,1.14,FILLED
ORD-004643,2026-08-26 09:13:28.910,BTCUSDT,SELL,MARKET,60007.19,0.294,FILLED
ORD-004644,2026-08-26 09:13:29.074,BTCUSDT,SELL,MARKET,59993.32,2.338,FILLED
ORD-004645,2026-08-26 09:13:29.310,BTCUSDT,SELL,MARKET,59985.25,1.105,FILLED
ORD-004646,2026-08-26 09:13:29.468,ETHUSDT,BUY,MARKET,3006.0,1.847,FILLED
ORD-004647,2026-08-26 09:13:29.745,BTCUSDT,BUY,MARKET,60038.78,0.726,FILLED
ORD-004648,2026-08-26 09:13:29.889,SOLUSDT,BUY,MARKET,140.07,2.427,FILLED
ORD-004649,2026-08-26 09:13:30.176,SOLUSDT,SELL,MARKET,140.03,2.219,FILLED
ORD-004650,2026-08-26 09:13:30.330,ETHUSDT,SELL,MARKET,3000.75,0.904,FILLED
ORD-004651,2026-08-26 09:13:30.562,ETHUSDT,BUY,MARKET,3004.38,0.426,FILLED
ORD-004652,2026-08-26 09:13:30.732,SOLUSDT,SELL,MARKET,140.02,1.143,FILLED
ORD-004653,2026-08-26 09:13:31.027,SOLUSDT,BUY,MARKET,140.03,0.398,FILLED
ORD-004654,2026-08-26 09:13:31.138,BTCUSDT,BUY,MARKET,60043.95,1.738,FILLED
ORD-004655,2026-08-26 09:13:31.232,SOLUSDT,SELL,MARKET,139.93,1.127,FILLED
ORD-004656,2026-08-26 09:13:31.476,ETHUSDT,SELL,MARKET,2999.3,1.61,FILLED
ORD-004657,2026-08-26 09:13:31.669,BTCUSDT,SELL,MARKET,60024.13,1.077,FILLED
ORD-004658,2026-08-26 09:13:31.903,BTCUSDT,SELL,MARKET,59960.75,0.63,FILLED
ORD-004659,2026-08-26 09:13:32.093,BTCUSDT,BUY,MARKET,59910.88,0.439,FILLED
ORD-004660,2026-08-26 09:13:32.218,SOLUSDT,SELL,MARKET,140.03,1.656,REJECTED
ORD-004661,2026-08-26 09:13:32.462,SOLUSDT,SELL,MARKET,140.16,1.203,FILLED
ORD-004662,2026-08-26 09:13:32.620,ETHUSDT,BUY,MARKET,3000.09,0.224,REJECTED
ORD-004663,2026-08-26 09:13:32.823,BTCUSDT,SELL,MARKET,60002.53,0.72,FILLED
ORD-004664,2026-08-26 09:13:32.985,ETHUSDT,BUY,MARKET,3003.11,0.461,REJECTED
ORD-004665,2026-08-26 09:13:33.249,SOLUSDT,SELL,MARKET,139.95,0.215,FILLED
ORD-004666,2026-08-26 09:13:33.404,BTCUSDT,SELL,MARKET,59957.62,2.227,REJECTED
ORD-004667,2026-08-26 09:13:33.684,BTCUSDT,SELL,MARKET,59852.22,1.772,FILLED
ORD-004668,2026-08-26 09:13:33.803,SOLUSDT,SELL,MARKET,140.0,1.956,FILLED
ORD-004669,2026-08-26 09:13:33.943,SOLUSDT,SELL,MARKET,139.91,1.811,REJECTED
ORD-004670,2026-08-26 09:13:34.193,BTCUSDT,SELL,MARKET,59974.16,2.186,FILLED
ORD-004671,2026-08-26 09:13:34.249,BTCUSDT,SELL,MARKET,59872.31,1.241,FILLED
ORD-004672,2026-08-26 09:13:34.389,ETHUSDT,BUY,MARKET,2996.95,1.111,FILLED
ORD-004673,2026-08-26 09:13:34.458,BTCUSDT,SELL,MARKET,60024.33,0.815,FILLED
ORD-004674,2026-08-26 09:13:34.667,ETHUSDT,SELL,MARKET,2998.17,0.599,FILLED
ORD-004675,2026-08-26 09:13:34.934,SOLUSDT,BUY,MARKET,139.82,0.212,FILLED
ORD-004676,2026-08-26 09:13:35.113,ETHUSDT,BUY,MARKET,3000.52,0.957,FILLED
ORD-004677,2026-08-26 09:13:35.297,BTCUSDT,BUY,MARKET,60058.04,0.924,FILLED
ORD-004678,2026-08-26 09:13:35.398,ETHUSDT,SELL,MARKET,2997.03,0.533,FILLED
ORD-004679,2026-08-26 09:13:35.622,SOLUSDT,BUY,MARKET,139.98,0.177,FILLED
ORD-004680,2026-08-26 09:13:35.890,SOLUSDT,BUY,MARKET,140.09,1.219,FILLED
ORD-004681,2026-08-26 09:13:36.089,SOLUSDT,BUY,MARKET,140.15,2.056,FILLED
ORD-004682,2026-08-26 09:13:36.334,SOLUSDT,SELL,MARKET,140.23,1.54,FILLED
ORD-004683,2026-08-26 09:13:36.410,SOLUSDT,SELL,MARKET,140.28,0.308,FILLED
ORD-004684,2026-08-26 09:13:36.697,SOLUSDT,SELL,MARKET,139.98,1.175,FILLED
ORD-004685,2026-08-26 09:13:36.861,ETHUSDT,SELL,MARKET,3002.52,0.835,FILLED
ORD-004686,2026-08-26 09:13:37.035,ETHUSDT,BUY,MARKET,2994.72,1.08,FILLED
ORD-004687,2026-08-26 09:13:37.187,SOLUSDT,BUY,MARKET,140.01,1.501,FILLED
ORD-004688,2026-08-26 09:13:37.426,SOLUSDT,SELL,MARKET,140.01,1.574,FILLED
ORD-004689,2026-08-26 09:13:37.571,ETHUSDT,BUY,MARKET,3006.87,1.541,FILLED
ORD-004690,2026-08-26 09:13:37.680,BTCUSDT,BUY,MARKET,59996.97,0.658,FILLED
ORD-004691,2026-08-26 09:13:37.803,BTCUSDT,BUY,MARKET,59982.06,1.115,FILLED
ORD-004692,2026-08-26 09:13:37.989,BTCUSDT,SELL,MARKET,60061.32,0.681,FILLED
ORD-004693,2026-08-26 09:13:38.056,ETHUSDT,BUY,MARKET,3004.39,0.232,FILLED
ORD-004694,2026-08-26 09:13:38.184,BTCUSDT,BUY,MARKET,60025.38,0.84,FILLED
ORD-004695,2026-08-26 09:13:38.350,ETHUSDT,BUY,MARKET,3002.24,0.317,FILLED
ORD-004696,2026-08-26 09:13:38.611,SOLUSDT,SELL,MARKET,140.09,2.175,FILLED
ORD-004697,2026-08-26 09:13:38.665,BTCUSDT,BUY,MARKET,60025.13,0.777,FILLED
ORD-004698,2026-08-26 09:13:38.880,SOLUSDT,BUY,MARKET,140.0,1.311,FILLED
ORD-004699,2026-08-26 09:13:39.109,BTCUSDT,SELL,MARKET,59988.77,1.895,FILLED
ORD-004700,2026-08-26 09:13:39.236,ETHUSDT,SELL,MARKET,3000.76,1.293,FILLED
ORD-004701,2026-08-26 09:13:39.415,BTCUSDT,BUY,MARKET,60062.77,0.98,FILLED
ORD-004702,2026-08-26 09:13:39.533,SOLUSDT,BUY,MARKET,140.01,0.997,FILLED
ORD-004703,2026-08-26 09:13:39.742,ETHUSDT,SELL,MARKET,3002.63,0.604,FILLED
ORD-004704,2026-08-26 09:13:39.946,SOLUSDT,SELL,MARKET,140.01,1.274,FILLED
ORD-004705,2026-08-26 09:13:40.143,ETHUSDT,SELL,MARKET,2998.67,0.239,FILLED
ORD-004706,2026-08-26 09:13:40.427,SOLUSDT,SELL,MARKET,140.11,2.436,FILLED
ORD-004707,2026-08-26 09:13:40.726,BTCUSDT,SELL,MARKET,60090.41,2.115,FILLED
ORD-004708,2026-08-26 09:13:40.913,BTCUSDT,SELL,MARKET,60059.7,0.527,FILLED
ORD-004709,2026-08-26 09:13:41.109,BTCUSDT,BUY,MARKET,59900.68,1.929,FILLED
ORD-004710,2026-08-26 09:13:41.175,BTCUSDT,BUY,MARKET,60108.61,2.405,FILLED
ORD-004711,2026-08-26 09:13:41.434,ETHUSDT,SELL,MARKET,3001.88,1.556,FILLED
ORD-004712,2026-08-26 09:13:41.578,BTCUSDT,SELL,MARKET,60040.47,1.56,FILLED
ORD-004713,2026-08-26 09:13:41.641,SOLUSDT,SELL,MARKET,139.89,1.932,FILLED
ORD-004714,2026-08-26 09:13:41.922,SOLUSDT,BUY,MARKET,140.09,0.471,FILLED
ORD-004715,2026-08-26 09:13:41.994,BTCUSDT,SELL,MARKET,59905.93,1.837,FILLED
ORD-004716,2026-08-26 09:13:42.094,BTCUSDT,BUY,MARKET,60060.61,0.955,FILLED
ORD-004717,2026-08-26 09:13:42.222,BTCUSDT,BUY,MARKET,60088.35,0.241,FILLED
ORD-004718,2026-08-26 09:13:42.297,ETHUSDT,BUY,MARKET,3000.61,1.712,FILLED
ORD-004719,2026-08-26 09:13:42.427,BTCUSDT,SELL,MARKET,59958.04,1.693,FILLED
ORD-004720,2026-08-26 09:13:42.668,ETHUSDT,SELL,MARKET,3001.74,1.137,FILLED
ORD-004721,2026-08-26 09:13:42.907,ETHUSDT,SELL,MARKET,2999.15,1.979,FILLED
ORD-004722,2026-08-26 09:13:43.110,BTCUSDT,BUY,MARKET,60113.39,2.158,FILLED
ORD-004723,2026-08-26 09:13:43.399,ETHUSDT,SELL,MARKET,2996.34,1.743,FILLED
ORD-004724,2026-08-26 09:13:43.640,SOLUSDT,BUY,MARKET,140.11,2.303,FILLED
ORD-004725,2026-08-26 09:13:43.882,ETHUSDT,SELL,MARKET,2994.27,0.241,FILLED
ORD-004726,2026-08-26 09:13:43.963,SOLUSDT,BUY,MARKET,139.92,2.02,FILLED
ORD-004727,2026-08-26 09:13:44.188,ETHUSDT,BUY,MARKET,2998.79,0.402,FILLED
ORD-004728,2026-08-26 09:13:44.438,BTCUSDT,SELL,MARKET,60007.9,0.509,FILLED
ORD-004729,2026-08-26 09:13:44.557,ETHUSDT,SELL,MARKET,3000.57,0.565,FILLED
ORD-004730,2026-08-26 09:13:44.642,ETHUSDT,BUY,MARKET,3002.51,1.465,FILLED
ORD-004731,2026-08-26 09:13:44.808,SOLUSDT,SELL,MARKET,140.0,1.423,FILLED
ORD-004732,2026-08-26 09:13:45.027,BTCUSDT,BUY,MARKET,59881.53,2.404,FILLED
ORD-004733,2026-08-26 09:13:45.142,ETHUSDT,SELL,MARKET,3002.23,1.864,FILLED
ORD-004734,2026-08-26 09:13:45.267,BTCUSDT,SELL,MARKET,60015.18,0.939,FILLED
ORD-004735,2026-08-26 09:13:45.448,ETHUSDT,BUY,MARKET,3000.81,0.895,FILLED
ORD-004736,2026-08-26 09:13:45.630,SOLUSDT,BUY,MARKET,140.09,1.616,FILLED
ORD-004737,2026-08-26 09:13:45.724,ETHUSDT,BUY,MARKET,2998.38,1.426,FILLED
ORD-004738,2026-08-26 09:13:46.000,BTCUSDT,SELL,MARKET,60054.92,2.133,FILLED
ORD-004739,2026-08-26 09:13:46.205,ETHUSDT,SELL,MARKET,3002.68,1.762,FILLED
ORD-004740,2026-08-26 09:13:46.417,ETHUSDT,BUY,MARKET,2996.88,2.189,FILLED
ORD-004741,2026-08-26 09:13:46.476,SOLUSDT,SELL,MARKET,139.98,0.723,FILLED
ORD-004742,2026-08-26 09:13:46.560,BTCUSDT,SELL,MARKET,60083.07,1.135,FILLED
ORD-004743,2026-08-26 09:13:46.835,BTCUSDT,SELL,MARKET,59921.25,1.163,FILLED
ORD-004744,2026-08-26 09:13:47.044,ETHUSDT,SELL,MARKET,3006.98,2.444,FILLED
ORD-004745,2026-08-26 09:13:47.259,BTCUSDT,BUY,MARKET,60027.18,0.226,FILLED
ORD-004746,2026-08-26 09:13:47.334,BTCUSDT,BUY,MARKET,60084.3,0.312,FILLED
ORD-004747,2026-08-26 09:13:47.596,SOLUSDT,BUY,MARKET,139.86,0.771,FILLED
ORD-004748,2026-08-26 09:13:47.838,SOLUSDT,SELL,MARKET,139.82,2.217,FILLED
ORD-004749,2026-08-26 09:13:48.082,SOLUSDT,BUY,MARKET,140.0,0.89,FILLED
ORD-004750,2026-08-26 09:13:48.327,SOLUSDT,SELL,MARKET,140.07,2.014,FILLED
ORD-004751,2026-08-26 09:13:48.455,ETHUSDT,BUY,MARKET,2993.61,1.467,FILLED
ORD-004752,2026-08-26 09:13:48.750,BTCUSDT,BUY,MARKET,60028.96,1.855,FILLED
ORD-004753,2026-08-26 09:13:48.891,ETHUSDT,BUY,MARKET,3000.27,0.674,FILLED
ORD-004754,2026-08-26 09:13:49.025,BTCUSDT,SELL,MARKET,60051.6,2.068,FILLED
ORD-004755,2026-08-26 09:13:49.281,SOLUSDT,BUY,MARKET,140.2,1.284,FILLED
ORD-004756,2026-08-26 09:13:49.491,SOLUSDT,SELL,MARKET,140.09,1.07,FILLED
ORD-004757,2026-08-26 09:13:49.579,SOLUSDT,SELL,MARKET,140.11,1.753,FILLED
ORD-004758,2026-08-26 09:13:49.798,SOLUSDT,BUY,MARKET,140.27,1.69,FILLED
ORD-004759,2026-08-26 09:13:49.848,BTCUSDT,BUY,MARKET,59914.36,1.388,FILLED
ORD-004760,2026-08-26 09:13:50.127,BTCUSDT,BUY,MARKET,60050.42,0.2,FILLED
ORD-004761,2026-08-26 09:13:50.389,SOLUSDT,SELL,MARKET,140.1,1.736,FILLED
ORD-004762,2026-08-26 09:13:50.595,ETHUSDT,SELL,MARKET,3002.85,1.306,FILLED
ORD-004763,2026-08-26 09:13:50.713,ETHUSDT,SELL,MARKET,3004.5,1.251,FILLED
ORD-004764,2026-08-26 09:13:50.800,SOLUSDT,SELL,MARKET,139.92,1.24,FILLED
ORD-004765,2026-08-26 09:13:50.932,BTCUSDT,BUY,MARKET,60020.46,2.35,FILLED
ORD-004766,2026-08-26 09:13:51.141,ETHUSDT,SELL,MARKET,2998.82,1.307,FILLED
ORD-004767,2026-08-26 09:13:51.438,ETHUSDT,SELL,MARKET,3002.07,0.763,FILLED
ORD-004768,2026-08-26 09:13:51.663,SOLUSDT,BUY,MARKET,140.03,1.364,FILLED
ORD-004769,2026-08-26 09:13:51.879,BTCUSDT,SELL,MARKET,59941.3,2.114,FILLED
ORD-004770,2026-08-26 09:13:52.033,BTCUSDT,SELL,MARKET,59948.14,0.744,FILLED
ORD-004771,2026-08-26 09:13:52.162,ETHUSDT,SELL,MARKET,3002.07,1.639,FILLED
ORD-004772,2026-08-26 09:13:52.396,BTCUSDT,SELL,MARKET,60026.06,0.67,FILLED
ORD-004773,2026-08-26 09:13:52.655,BTCUSDT,BUY,MARKET,60033.31,1.867,FILLED
ORD-004774,2026-08-26 09:13:52.714,BTCUSDT,BUY,MARKET,59897.25,0.56,FILLED
ORD-004775,2026-08-26 09:13:53.000,BTCUSDT,SELL,MARKET,59961.34,0.473,FILLED
ORD-004776,2026-08-26 09:13:53.240,ETHUSDT,BUY,MARKET,2996.87,1.399,FILLED
ORD-004777,2026-08-26 09:13:53.395,BTCUSDT,SELL,MARKET,60025.65,1.251,FILLED
ORD-004778,2026-08-26 09:13:53.612,SOLUSDT,BUY,MARKET,139.85,0.71,FILLED
ORD-004779,2026-08-26 09:13:53.910,SOLUSDT,BUY,MARKET,139.89,2.198,FILLED
ORD-004780,2026-08-26 09:13:54.178,BTCUSDT,SELL,MARKET,59952.66,1.429,REJECTED
ORD-004781,2026-08-26 09:13:54.419,ETHUSDT,BUY,MARKET,3003.54,1.365,FILLED
ORD-004782,2026-08-26 09:13:54.618,ETHUSDT,BUY,MARKET,2997.31,2.214,FILLED
ORD-004783,2026-08-26 09:13:54.771,BTCUSDT,SELL,MARKET,59954.52,0.742,FILLED
ORD-004784,2026-08-26 09:13:55.039,SOLUSDT,BUY,MARKET,139.83,0.595,FILLED
ORD-004785,2026-08-26 09:13:55.202,ETHUSDT,BUY,MARKET,2999.28,2.07,FILLED
ORD-004786,2026-08-26 09:13:55.495,SOLUSDT,BUY,MARKET,139.97,2.455,FILLED
ORD-004787,2026-08-26 09:13:55.765,ETHUSDT,SELL,MARKET,2999.16,1.675,FILLED
ORD-004788,2026-08-26 09:13:55.861,BTCUSDT,SELL,MARKET,60134.63,0.314,REJECTED
ORD-004789,2026-08-26 09:13:56.102,ETHUSDT,SELL,MARKET,3002.12,1.639,FILLED
ORD-004790,2026-08-26 09:13:56.173,ETHUSDT,BUY,MARKET,3000.19,2.095,FILLED
ORD-004791,2026-08-26 09:13:56.317,SOLUSDT,BUY,MARKET,140.08,1.26,FILLED
ORD-004792,2026-08-26 09:13:56.570,BTCUSDT,BUY,MARKET,60135.13,0.817,FILLED
ORD-004793,2026-08-26 09:13:56.690,ETHUSDT,BUY,MARKET,3005.89,1.131,FILLED
ORD-004794,2026-08-26 09:13:56.939,SOLUSDT,BUY,MARKET,139.81,0.687,FILLED
ORD-004795,2026-08-26 09:13:57.100,SOLUSDT,SELL,MARKET,140.23,1.156,FILLED
ORD-004796,2026-08-26 09:13:57.154,ETHUSDT,SELL,MARKET,3004.11,0.188,FILLED
ORD-004797,2026-08-26 09:13:57.385,ETHUSDT,SELL,MARKET,2999.56,1.657,FILLED
ORD-004798,2026-08-26 09:13:57.603,BTCUSDT,SELL,MARKET,60117.08,1.389,FILLED
ORD-004799,2026-08-26 09:13:57.896,ETHUSDT,BUY,MARKET,2997.61,1.453,FILLED
ORD-004800,2026-08-26 09:13:58.175,BTCUSDT,BUY,MARKET,59941.91,1.57,FILLED
ORD-004801,2026-08-26 09:13:58.446,BTCUSDT,SELL,MARKET,59984.81,0.678,FILLED
ORD-004802,2026-08-26 09:13:58.509,BTCUSDT,SELL,MARKET,60074.43,1.22,FILLED
ORD-004803,2026-08-26 09:13:58.677,SOLUSDT,BUY,MARKET,140.02,1.644,FILLED
ORD-004804,2026-08-26 09:13:58.896,ETHUSDT,BUY,MARKET,3000.46,0.731,FILLED
ORD-004805,2026-08-26 09:13:59.187,BTCUSDT,SELL,MARKET,59934.45,0.515,FILLED
ORD-004806,2026-08-26 09:13:59.294,ETHUSDT,SELL,MARKET,2998.31,0.711,FILLED
ORD-004807,2026-08-26 09:13:59.368,ETHUSDT,SELL,MARKET,3001.8,1.271,FILLED
ORD-004808,2026-08-26 09:13:59.588,ETHUSDT,SELL,MARKET,3005.46,0.614,FILLED
ORD-004809,2026-08-26 09:13:59.733,ETHUSDT,BUY,MARKET,3003.36,0.98,FILLED
ORD-004810,2026-08-26 09:14:00.030,ETHUSDT,BUY,MARKET,2999.57,1.497,FILLED
ORD-004811,2026-08-26 09:14:00.317,ETHUSDT,SELL,MARKET,2999.32,1.271,FILLED
ORD-004812,2026-08-26 09:14:00.596,SOLUSDT,BUY,MARKET,140.09,0.473,FILLED
ORD-004813,2026-08-26 09:14:00.688,SOLUSDT,SELL,MARKET,139.93,0.564,FILLED
ORD-004814,2026-08-26 09:14:00.815,BTCUSDT,BUY,MARKET,60093.83,2.41,FILLED
ORD-004815,2026-08-26 09:14:01.071,ETHUSDT,BUY,MARKET,3004.98,0.704,FILLED
ORD-004816,2026-08-26 09:14:01.247,SOLUSDT,SELL,MARKET,140.29,1.851,FILLED
ORD-004817,2026-08-26 09:14:01.546,SOLUSDT,SELL,MARKET,140.01,1.764,FILLED
ORD-004818,2026-08-26 09:14:01.606,ETHUSDT,BUY,MARKET,2995.6,1.473,FILLED
ORD-004819,2026-08-26 09:14:01.759,SOLUSDT,BUY,MARKET,139.75,1.813,FILLED
ORD-004820,2026-08-26 09:14:01.834,BTCUSDT,BUY,MARKET,59985.77,2.079,FILLED
ORD-004821,2026-08-26 09:14:02.100,BTCUSDT,BUY,MARKET,60082.26,0.175,FILLED
ORD-004822,2026-08-26 09:14:02.296,BTCUSDT,BUY,MARKET,60003.71,1.02,FILLED
ORD-004823,2026-08-26 09:14:02.498,SOLUSDT,SELL,MARKET,140.23,1.138,FILLED
ORD-004824,2026-08-26 09:14:02.587,BTCUSDT,SELL,MARKET,59952.36,2.269,FILLED
ORD-004825,2026-08-26 09:14:02.834,BTCUSDT,SELL,MARKET,59938.68,1.695,FILLED
ORD-004826,2026-08-26 09:14:02.934,SOLUSDT,SELL,MARKET,140.17,0.947,FILLED
ORD-004827,2026-08-26 09:14:03.075,ETHUSDT,SELL,MARKET,3002.86,1.717,FILLED
ORD-004828,2026-08-26 09:14:03.261,SOLUSDT,SELL,MARKET,140.1,0.407,FILLED
ORD-004829,2026-08-26 09:14:03.516,SOLUSDT,BUY,MARKET,140.07,0.613,FILLED
ORD-004830,2026-08-26 09:14:03.614,ETHUSDT,BUY,MARKET,2997.46,0.279,FILLED
ORD-004831,2026-08-26 09:14:03.743,BTCUSDT,SELL,MARKET,60030.59,1.282,FILLED
ORD-004832,2026-08-26 09:14:03.873,SOLUSDT,BUY,MARKET,140.4,2.315,FILLED
ORD-004833,2026-08-26 09:14:04.100,ETHUSDT,SELL,MARKET,2997.9,0.25,FILLED
ORD-004834,2026-08-26 09:14:04.320,ETHUSDT,BUY,MARKET,2996.59,2.436,FILLED
ORD-004835,2026-08-26 09:14:04.463,BTCUSDT,BUY,MARKET,60053.53,0.648,FILLED
ORD-004836,2026-08-26 09:14:04.724,SOLUSDT,SELL,MARKET,140.13,0.468,FILLED
ORD-004837,2026-08-26 09:14:04.945,BTCUSDT,BUY,MARKET,59930.08,2.377,FILLED
ORD-004838,2026-08-26 09:14:05.062,ETHUSDT,BUY,MARKET,2999.86,1.519,FILLED
ORD-004839,2026-08-26 09:14:05.211,SOLUSDT,BUY,MARKET,140.04,1.933,FILLED
ORD-004840,2026-08-26 09:14:05.311,ETHUSDT,BUY,MARKET,2999.29,0.408,FILLED
ORD-004841,2026-08-26 09:14:05.401,BTCUSDT,BUY,MARKET,60044.98,0.873,FILLED
ORD-004842,2026-08-26 09:14:05.590,ETHUSDT,BUY,MARKET,3005.77,1.995,FILLED
ORD-004843,2026-08-26 09:14:05.740,SOLUSDT,BUY,MARKET,139.93,2.176,FILLED
ORD-004844,2026-08-26 09:14:06.024,ETHUSDT,SELL,MARKET,3003.47,0.755,FILLED
ORD-004845,2026-08-26 09:14:06.147,ETHUSDT,BUY,MARKET,2998.53,0.861,FILLED
ORD-004846,2026-08-26 09:14:06.367,BTCUSDT,BUY,MARKET,60100.75,1.75,FILLED
ORD-004847,2026-08-26 09:14:06.547,SOLUSDT,SELL,MARKET,139.93,1.18,FILLED
ORD-004848,2026-08-26 09:14:06.761,BTCUSDT,SELL,MARKET,59989.14,2.081,FILLED
ORD-004849,2026-08-26 09:14:06.995,SOLUSDT,BUY,MARKET,139.89,2.11,FILLED
ORD-004850,2026-08-26 09:14:07.265,ETHUSDT,SELL,MARKET,2994.15,2.255,FILLED
ORD-004851,2026-08-26 09:14:07.557,ETHUSDT,BUY,MARKET,3004.34,0.498,FILLED
ORD-004852,2026-08-26 09:14:07.675,BTCUSDT,SELL,MARKET,60141.16,0.683,FILLED
ORD-004853,2026-08-26 09:14:07.958,BTCUSDT,BUY,MARKET,60050.82,1.4,FILLED
ORD-004854,2026-08-26 09:14:08.109,ETHUSDT,BUY,MARKET,3000.3,2.208,FILLED
ORD-004855,2026-08-26 09:14:08.266,ETHUSDT,SELL,MARKET,3000.13,1.475,FILLED
ORD-004856,2026-08-26 09:14:08.435,SOLUSDT,SELL,MARKET,140.0,0.669,FILLED
ORD-004857,2026-08-26 09:14:08.652,ETHUSDT,BUY,MARKET,3000.69,1.26,FILLED
ORD-004858,2026-08-26 09:14:08.739,ETHUSDT,BUY,MARKET,3000.87,0.325,FILLED
ORD-004859,2026-08-26 09:14:08.801,BTCUSDT,SELL,MARKET,60020.63,1.047,FILLED
ORD-004860,2026-08-26 09:14:08.862,SOLUSDT,SELL,MARKET,140.27,1.478,FILLED
ORD-004861,2026-08-26 09:14:09.014,BTCUSDT,BUY,MARKET,60059.9,0.888,FILLED
ORD-004862,2026-08-26 09:14:09.166,ETHUSDT,SELL,MARKET,2997.51,1.571,FILLED
ORD-004863,2026-08-26 09:14:09.390,BTCUSDT,SELL,MARKET,60000.91,0.654,FILLED
ORD-004864,2026-08-26 09:14:09.448,BTCUSDT,SELL,MARKET,60002.59,2.014,FILLED
ORD-004865,2026-08-26 09:14:09.706,SOLUSDT,SELL,MARKET,140.04,0.414,FILLED
ORD-004866,2026-08-26 09:14:09.787,SOLUSDT,BUY,MARKET,140.05,1.738,FILLED
ORD-004867,2026-08-26 09:14:09.885,SOLUSDT,BUY,MARKET,139.71,1.477,FILLED
ORD-004868,2026-08-26 09:14:10.005,ETHUSDT,BUY,MARKET,2999.79,0.126,FILLED
ORD-004869,2026-08-26 09:14:10.118,BTCUSDT,BUY,MARKET,59935.98,0.261,FILLED
ORD-004870,2026-08-26 09:14:10.211,SOLUSDT,SELL,MARKET,139.42,0.918,FILLED
ORD-004871,2026-08-26 09:14:10.498,ETHUSDT,BUY,MARKET,3004.18,1.471,FILLED
ORD-004872,2026-08-26 09:14:10.769,BTCUSDT,SELL,MARKET,60000.0,0.125,FILLED
ORD-004873,2026-08-26 09:14:11.012,SOLUSDT,BUY,MARKET,139.88,1.409,FILLED
ORD-004874,2026-08-26 09:14:11.063,SOLUSDT,SELL,MARKET,140.0,1.633,FILLED
ORD-004875,2026-08-26 09:14:11.134,ETHUSDT,SELL,MARKET,3001.14,0.883,FILLED
ORD-004876,2026-08-26 09:14:11.381,ETHUSDT,SELL,MARKET,2999.51,1.477,FILLED
ORD-004877,2026-08-26 09:14:11.508,SOLUSDT,SELL,MARKET,139.95,1.863,FILLED
ORD-004878,2026-08-26 09:14:11.704,BTCUSDT,BUY,MARKET,60042.58,0.555,FILLED
ORD-004879,2026-08-26 09:14:11.898,ETHUSDT,SELL,MARKET,2999.12,1.796,FILLED
ORD-004880,2026-08-26 09:14:12.102,SOLUSDT,BUY,MARKET,140.02,1.92,FILLED
ORD-004881,2026-08-26 09:14:12.331,ETHUSDT,BUY,MARKET,3000.71,2.157,FILLED
ORD-004882,2026-08-26 09:14:12.395,BTCUSDT,BUY,MARKET,60007.83,1.185,FILLED
ORD-004883,2026-08-26 09:14:12.542,SOLUSDT,SELL,MARKET,139.93,2.339,FILLED
ORD-004884,2026-08-26 09:14:12.651,BTCUSDT,SELL,MARKET,60125.84,1.398,FILLED
ORD-004885,2026-08-26 09:14:12.730,SOLUSDT,SELL,MARKET,140.16,1.441,FILLED
ORD-004886,2026-08-26 09:14:12.950,SOLUSDT,SELL,MARKET,140.03,1.215,FILLED
ORD-004887,2026-08-26 09:14:13.241,ETHUSDT,BUY,MARKET,3001.94,0.844,FILLED
ORD-004888,2026-08-26 09:14:13.311,SOLUSDT,SELL,MARKET,140.13,0.66,FILLED
ORD-004889,2026-08-26 09:14:13.428,SOLUSDT,SELL,MARKET,139.84,0.642,FILLED
ORD-004890,2026-08-26 09:14:13.711,SOLUSDT,SELL,MARKET,139.99,1.183,FILLED
ORD-004891,2026-08-26 09:14:13.838,ETHUSDT,SELL,MARKET,2998.07,1.971,FILLED
ORD-004892,2026-08-26 09:14:14.067,SOLUSDT,SELL,MARKET,139.83,1.508,FILLED
ORD-004893,2026-08-26 09:14:14.216,ETHUSDT,BUY,MARKET,3004.78,2.478,FILLED
ORD-004894,2026-08-26 09:14:14.418,BTCUSDT,SELL,MARKET,59935.75,0.224,FILLED
ORD-004895,2026-08-26 09:14:14.590,SOLUSDT,SELL,MARKET,140.09,0.817,FILLED
ORD-004896,2026-08-26 09:14:14.787,ETHUSDT,BUY,MARKET,3000.51,2.388,FILLED
ORD-004897,2026-08-26 09:14:15.027,ETHUSDT,SELL,MARKET,2999.28,0.796,FILLED
ORD-004898,2026-08-26 09:14:15.193,ETHUSDT,SELL,MARKET,2999.78,1.457,FILLED
ORD-004899,2026-08-26 09:14:15.329,BTCUSDT,BUY,MARKET,60039.91,0.811,FILLED
ORD-004900,2026-08-26 09:14:15.514,ETHUSDT,BUY,MARKET,3001.55,0.719,FILLED
ORD-004901,2026-08-26 09:14:15.785,ETHUSDT,SELL,MARKET,2999.51,1.849,REJECTED
ORD-004902,2026-08-26 09:14:15.994,SOLUSDT,SELL,MARKET,140.07,1.976,FILLED
ORD-004903,2026-08-26 09:14:16.189,ETHUSDT,SELL,MARKET,2995.63,0.198,FILLED
ORD-004904,2026-08-26 09:14:16.433,SOLUSDT,SELL,MARKET,140.06,0.541,FILLED
ORD-004905,2026-08-26 09:14:16.514,ETHUSDT,BUY,MARKET,3002.87,1.922,FILLED
ORD-004906,2026-08-26 09:14:16.798,BTCUSDT,SELL,MARKET,60028.42,1.395,FILLED
ORD-004907,2026-08-26 09:14:16.884,BTCUSDT,SELL,MARKET,59983.09,1.963,REJECTED
ORD-004908,2026-08-26 09:14:17.147,BTCUSDT,BUY,MARKET,59995.34,2.055,FILLED
ORD-004909,2026-08-26 09:14:17.245,ETHUSDT,SELL,MARKET,2996.11,1.569,FILLED
ORD-004910,2026-08-26 09:14:17.424,ETHUSDT,SELL,MARKET,2999.42,1.537,REJECTED
ORD-004911,2026-08-26 09:14:17.571,ETHUSDT,BUY,MARKET,3001.27,0.179,FILLED
ORD-004912,2026-08-26 09:14:17.757,ETHUSDT,SELL,MARKET,3000.21,0.907,FILLED
ORD-004913,2026-08-26 09:14:17.999,ETHUSDT,SELL,MARKET,2997.96,1.489,FILLED
ORD-004914,2026-08-26 09:14:18.280,SOLUSDT,BUY,MARKET,139.99,2.411,FILLED
ORD-004915,2026-08-26 09:14:18.407,BTCUSDT,BUY,MARKET,60033.96,1.084,FILLED
ORD-004916,2026-08-26 09:14:18.705,BTCUSDT,SELL,MARKET,60091.88,1.437,FILLED
ORD-004917,2026-08-26 09:14:18.813,ETHUSDT,SELL,MARKET,2997.46,0.533,FILLED
ORD-004918,2026-08-26 09:14:18.986,SOLUSDT,BUY,MARKET,140.18,0.28,FILLED
ORD-004919,2026-08-26 09:14:19.138,BTCUSDT,BUY,MARKET,59931.21,0.882,FILLED
ORD-004920,2026-08-26 09:14:19.326,ETHUSDT,BUY,MARKET,2999.21,1.688,FILLED
ORD-004921,2026-08-26 09:14:19.587,ETHUSDT,SELL,MARKET,2992.94,1.293,FILLED
ORD-004922,2026-08-26 09:14:19.729,SOLUSDT,BUY,MARKET,139.99,0.843,FILLED
ORD-004923,2026-08-26 09:14:19.926,ETHUSDT,BUY,MARKET,3000.5,2.298,FILLED
ORD-004924,2026-08-26 09:14:20.170,ETHUSDT,SELL,MARKET,2999.38,0.663,FILLED
ORD-004925,2026-08-26 09:14:20.230,BTCUSDT,BUY,MARKET,60039.56,0.289,FILLED
ORD-004926,2026-08-26 09:14:20.285,BTCUSDT,SELL,MARKET,60023.82,0.46,FILLED
ORD-004927,2026-08-26 09:14:20.520,BTCUSDT,BUY,MARKET,60018.25,0.109,FILLED
ORD-004928,2026-08-26 09:14:20.640,ETHUSDT,SELL,MARKET,2998.98,0.26,FILLED
ORD-004929,2026-08-26 09:14:20.704,SOLUSDT,SELL,MARKET,140.01,1.771,FILLED
ORD-004930,2026-08-26 09:14:20.943,ETHUSDT,SELL,MARKET,3001.89,0.867,FILLED
ORD-004931,2026-08-26 09:14:21.107,BTCUSDT,BUY,MARKET,59962.54,1.733,FILLED
ORD-004932,2026-08-26 09:14:21.258,ETHUSDT,SELL,MARKET,2999.3,2.183,FILLED
ORD-004933,2026-08-26 09:14:21.446,BTCUSDT,SELL,MARKET,59935.34,0.802,FILLED
ORD-004934,2026-08-26 09:14:21.622,BTCUSDT,BUY,MARKET,59915.4,1.318,FILLED
ORD-004935,2026-08-26 09:14:21.836,BTCUSDT,BUY,MARKET,59945.51,1.384,FILLED
ORD-004936,2026-08-26 09:14:22.000,BTCUSDT,SELL,MARKET,60054.32,0.723,FILLED
ORD-004937,2026-08-26 09:14:22.239,SOLUSDT,BUY,MARKET,140.15,0.281,FILLED
ORD-004938,2026-08-26 09:14:22.290,SOLUSDT,SELL,MARKET,139.97,1.622,FILLED
ORD-004939,2026-08-26 09:14:22.495,BTCUSDT,SELL,MARKET,59930.63,1.137,FILLED
ORD-004940,2026-08-26 09:14:22.578,ETHUSDT,BUY,MARKET,3000.85,0.277,FILLED
ORD-004941,2026-08-26 09:14:22.718,BTCUSDT,BUY,MARKET,60021.57,1.837,FILLED
ORD-004942,2026-08-26 09:14:22.983,BTCUSDT,BUY,MARKET,59973.81,1.456,FILLED
ORD-004943,2026-08-26 09:14:23.182,BTCUSDT,SELL,MARKET,59930.57,1.909,FILLED
ORD-004944,2026-08-26 09:14:23.472,ETHUSDT,BUY,MARKET,2998.99,1.385,FILLED
ORD-004945,2026-08-26 09:14:23.737,SOLUSDT,SELL,MARKET,140.15,0.286,FILLED
ORD-004946,2026-08-26 09:14:24.018,BTCUSDT,SELL,MARKET,59953.66,2.437,FILLED
ORD-004947,2026-08-26 09:14:24.096,ETHUSDT,SELL,MARKET,2999.51,1.77,FILLED
ORD-004948,2026-08-26 09:14:24.295,ETHUSDT,BUY,MARKET,3008.15,2.084,FILLED
ORD-004949,2026-08-26 09:14:24.581,ETHUSDT,BUY,MARKET,2997.56,0.291,FILLED
ORD-004950,2026-08-26 09:14:24.874,SOLUSDT,BUY,MARKET,140.26,1.668,FILLED
ORD-004951,2026-08-26 09:14:25.126,ETHUSDT,SELL,MARKET,2999.94,1.142,FILLED
ORD-004952,2026-08-26 09:14:25.338,ETHUSDT,SELL,MARKET,2998.18,0.813,FILLED
ORD-004953,2026-08-26 09:14:25.617,ETHUSDT,BUY,MARKET,3000.14,0.83,FILLED
ORD-004954,2026-08-26 09:14:25.788,ETHUSDT,SELL,MARKET,3000.63,1.003,FILLED
ORD-004955,2026-08-26 09:14:25.895,BTCUSDT,SELL,MARKET,60073.04,2.143,FILLED
ORD-004956,2026-08-26 09:14:26.140,SOLUSDT,BUY,MARKET,140.15,1.471,FILLED
ORD-004957,2026-08-26 09:14:26.222,BTCUSDT,SELL,MARKET,60054.28,1.638,FILLED
ORD-004958,2026-08-26 09:14:26.279,ETHUSDT,SELL,MARKET,2998.46,0.221,FILLED
ORD-004959,2026-08-26 09:14:26.507,SOLUSDT,BUY,MARKET,140.04,0.258,FILLED
ORD-004960,2026-08-26 09:14:26.599,ETHUSDT,SELL,MARKET,3000.54,0.791,FILLED
ORD-004961,2026-08-26 09:14:26.681,ETHUSDT,SELL,MARKET,3000.76,2.1,FILLED
ORD-004962,2026-08-26 09:14:26.931,ETHUSDT,SELL,MARKET,2994.67,0.63,FILLED
ORD-004963,2026-08-26 09:14:27.049,SOLUSDT,BUY,MARKET,139.93,1.823,FILLED
ORD-004964,2026-08-26 09:14:27.160,SOLUSDT,BUY,MARKET,139.95,0.456,FILLED
ORD-004965,2026-08-26 09:14:27.289,BTCUSDT,BUY,MARKET,60051.57,0.537,FILLED
ORD-004966,2026-08-26 09:14:27.587,BTCUSDT,SELL,MARKET,60054.46,1.111,FILLED
ORD-004967,2026-08-26 09:14:27.793,BTCUSDT,BUY,MARKET,59993.84,0.402,FILLED
ORD-004968,2026-08-26 09:14:27.912,BTCUSDT,BUY,MARKET,60030.85,2.464,FILLED
ORD-004969,2026-08-26 09:14:28.175,ETHUSDT,SELL,MARKET,3003.75,1.63,FILLED
ORD-004970,2026-08-26 09:14:28.348,SOLUSDT,SELL,MARKET,140.09,2.288,FILLED
ORD-004971,2026-08-26 09:14:28.600,ETHUSDT,BUY,MARKET,2998.88,1.528,FILLED
ORD-004972,2026-08-26 09:14:28.769,BTCUSDT,BUY,MARKET,59962.48,1.88,FILLED
ORD-004973,2026-08-26 09:14:28.855,SOLUSDT,BUY,MARKET,139.94,1.827,FILLED
ORD-004974,2026-08-26 09:14:29.015,SOLUSDT,BUY,MARKET,140.04,1.627,FILLED
ORD-004975,2026-08-26 09:14:29.142,ETHUSDT,SELL,MARKET,2998.58,1.648,FILLED
ORD-004976,2026-08-26 09:14:29.275,BTCUSDT,SELL,MARKET,59915.02,1.87,FILLED
ORD-004977,2026-08-26 09:14:29.370,ETHUSDT,SELL,MARKET,3001.4,2.311,FILLED
ORD-004978,2026-08-26 09:14:29.605,SOLUSDT,BUY,MARKET,140.16,1.537,FILLED
ORD-004979,2026-08-26 09:14:29.875,SOLUSDT,BUY,MARKET,140.18,0.973,FILLED
ORD-004980,2026-08-26 09:14:30.072,ETHUSDT,BUY,MARKET,3002.92,0.655,FILLED
ORD-004981,2026-08-26 09:14:30.293,ETHUSDT,BUY,MARKET,2999.2,1.874,FILLED
ORD-004982,2026-08-26 09:14:30.463,SOLUSDT,BUY,MARKET,140.01,0.519,FILLED
ORD-004983,2026-08-26 09:14:30.724,SOLUSDT,BUY,MARKET,140.17,2.085,FILLED
ORD-004984,2026-08-26 09:14:30.833,SOLUSDT,BUY,MARKET,140.14,2.342,FILLED
ORD-004985,2026-08-26 09:14:30.895,ETHUSDT,SELL,MARKET,3001.99,1.73,FILLED
ORD-004986,2026-08-26 09:14:31.020,BTCUSDT,BUY,MARKET,60007.9,0.529,FILLED
ORD-004987,2026-08-26 09:14:31.252,ETHUSDT,SELL,MARKET,3001.98,0.998,FILLED
ORD-004988,2026-08-26 09:14:31.536,ETHUSDT,BUY,MARKET,3005.28,0.208,FILLED
ORD-004989,2026-08-26 09:14:31.610,BTCUSDT,SELL,MARKET,60024.32,0.417,FILLED
ORD-004990,2026-08-26 09:14:31.796,BTCUSDT,SELL,MARKET,60122.09,0.956,FILLED
ORD-004991,2026-08-26 09:14:32.024,ETHUSDT,BUY,MARKET,2998.32,0.74,FILLED
ORD-004992,2026-08-26 09:14:32.246,BTCUSDT,SELL,MARKET,59962.66,2.063,FILLED
ORD-004993,2026-08-26 09:14:32.336,ETHUSDT,SELL,MARKET,2993.44,1.525,FILLED
ORD-004994,2026-08-26 09:14:32.591,ETHUSDT,SELL,MARKET,2999.07,0.658,FILLED
ORD-004995,2026-08-26 09:14:32.704,BTCUSDT,SELL,MARKET,59985.32,0.319,FILLED
ORD-004996,2026-08-26 09:14:32.940,SOLUSDT,SELL,MARKET,140.22,1.883,FILLED
ORD-004997,2026-08-26 09:14:33.007,SOLUSDT,SELL,MARKET,139.86,1.929,FILLED
ORD-004998,2026-08-26 09:14:33.137,SOLUSDT,SELL,MARKET,139.96,2.16,FILLED
ORD-004999,2026-08-26 09:14:33.391,ETHUSDT,SELL,MARKET,3000.98,1.042,FILLED
ORD-005000,2026-08-26 09:14:33.512,BTCUSDT,BUY,MARKET,59975.65,0.416,FILLED
